-1.661825180053710938e-01,9.060751646757125854e-02,8.472929000854492188e-01,2.638626657426357269e-02,-9.450934827327728271e-03,-7.307969778776168823e-02,9.969322085380554199e-01,-2.457135319709777832e-01,7.819564198143780231e-04,-2.727657370269298553e-02,5.500518158078193665e-02,4.031835496425628662e-02,2.430896274745464325e-03,-1.768470108509063721e-01,-1.008597239851951599e-01,9.592767804861068726e-02,1.325964480638504028e-01,1.989597380161285400e-01,9.779002517461776733e-02,-4.921072348952293396e-02,1.151720136404037476e-01,-2.895630300045013428e-01,3.707378208637237549e-01,8.810729533433914185e-02,-4.814457595348358154e-01,0.000000000000000000e+00,-1.672787368297576904e-01,-3.806623816490173340e-01,1.352526992559432983e-01,-4.183787703514099121e-01,0.000000000000000000e+00
-1.640819311141967773e-01,8.659709990024566650e-02,8.474023342132568359e-01,2.557711675763130188e-02,-1.688610017299652100e-02,-7.882764935493469238e-02,9.964170455932617188e-01,-2.150171697139739990e-01,1.365135889500379562e-02,3.616240341216325760e-03,4.734796658158302307e-02,4.271078854799270630e-02,-4.850438795983791351e-03,-1.406602710485458374e-01,-9.685625135898590088e-02,6.956439465284347534e-02,1.125000789761543274e-01,2.009465247392654419e-01,9.744187444448471069e-02,-4.479142650961875916e-02,1.210176125168800354e-01,-2.811152338981628418e-01,3.636805713176727295e-01,7.302536070346832275e-02,-4.706999957561492920e-01,0.000000000000000000e+00,-1.531974673271179199e-01,-3.717912733554840088e-01,1.415484994649887085e-01,-4.032054245471954346e-01,0.000000000000000000e+00
-1.635734140872955322e-01,8.292475342750549316e-02,8.474338054656982422e-01,2.541413530707359314e-02,-2.001745626330375671e-02,-8.379723131656646729e-02,9.959575533866882324e-01,-1.980938166379928589e-01,2.226230315864086151e-02,2.131333760917186737e-02,3.780866041779518127e-02,4.584192112088203430e-02,-9.241199120879173279e-03,-1.189575120806694031e-01,-9.048298001289367676e-02,6.565159559249877930e-02,9.335350245237350464e-02,2.002003043889999390e-01,9.708274900913238525e-02,-4.179981723427772522e-02,1.248545572161674500e-01,-2.764977514743804932e-01,3.600282967090606689e-01,6.065376847982406616e-02,-4.629240632057189941e-01,0.000000000000000000e+00,-1.472506076097488403e-01,-3.713326454162597656e-01,1.474869996309280396e-01,-3.953944742679595947e-01,0.000000000000000000e+00
-1.640084981918334961e-01,7.960759103298187256e-02,8.475305438041687012e-01,2.586334012448787689e-02,-2.110312506556510925e-02,-8.809313178062438965e-02,9.955527782440185547e-01,-1.904487907886505127e-01,2.865830250084400177e-02,3.423597663640975952e-02,3.153329342603683472e-02,4.994753375649452209e-02,-1.135694235563278198e-02,-1.072583720088005066e-01,-8.578397333621978760e-02,6.485612690448760986e-02,7.841796427965164185e-02,2.007005214691162109e-01,9.737212210893630981e-02,-3.974031284451484680e-02,1.259769499301910400e-01,-2.737675309181213379e-01,3.567514717578887939e-01,5.098118260502815247e-02,-4.574590623378753662e-01,0.000000000000000000e+00,-1.437840461730957031e-01,-3.748917281627655029e-01,1.542908996343612671e-01,-3.911448419094085693e-01,0.000000000000000000e+00
-1.651380509138107300e-01,7.650060951709747314e-02,8.476136922836303711e-01,2.641676366329193115e-02,-2.134742587804794312e-02,-9.124317765235900879e-02,9.952492713928222656e-01,-1.876608729362487793e-01,3.354644402861595154e-02,4.224038869142532349e-02,2.770092152059078217e-02,5.314964428544044495e-02,-1.222033519297838211e-02,-1.005140021443367004e-01,-8.144016563892364502e-02,6.801740080118179321e-02,6.635919213294982910e-02,2.006568610668182373e-01,9.887056052684783936e-02,-3.756088763475418091e-02,1.247189417481422424e-01,-2.735868096351623535e-01,3.545897901058197021e-01,4.146542027592658997e-02,-4.541273713111877441e-01,0.000000000000000000e+00,-1.400152891874313354e-01,-3.794130682945251465e-01,1.603948920965194702e-01,-3.887316584587097168e-01,0.000000000000000000e+00
-1.665830612182617188e-01,7.356052845716476440e-02,8.476438522338867188e-01,2.725807204842567444e-02,-2.158815599977970123e-02,-9.375713020563125610e-02,9.949877262115478516e-01,-1.871118694543838501e-01,3.736386820673942566e-02,4.820440709590911865e-02,2.604570798575878143e-02,5.678856372833251953e-02,-1.348728965967893600e-02,-9.555662423372268677e-02,-7.780470699071884155e-02,7.190571725368499756e-02,5.645668134093284607e-02,2.009415477514266968e-01,9.918440878391265869e-02,-3.554200008511543274e-02,1.241339519619941711e-01,-2.763130366802215576e-01,3.541284501552581787e-01,3.479015827178955078e-02,-4.528607130050659180e-01,0.000000000000000000e+00,-1.340866833925247192e-01,-3.833642005920410156e-01,1.649016737937927246e-01,-3.862689733505249023e-01,0.000000000000000000e+00
-1.681034266948699951e-01,7.052905857563018799e-02,8.476576805114746094e-01,2.796133980154991150e-02,-2.179489657282829285e-02,-9.599319845438003540e-02,9.947504401206970215e-01,-1.886805295944213867e-01,4.158013314008712769e-02,5.179122835397720337e-02,2.671047486364841461e-02,6.240766495466232300e-02,-1.672089844942092896e-02,-9.239777922630310059e-02,-7.426973432302474976e-02,7.477623969316482544e-02,4.817228019237518311e-02,2.052541673183441162e-01,1.019765436649322510e-01,-3.369271755218505859e-02,1.240582466125488281e-01,-2.797231674194335938e-01,3.523745536804199219e-01,2.987062744796276093e-02,-4.522859752178192139e-01,0.000000000000000000e+00,-1.259348392486572266e-01,-3.858259618282318115e-01,1.697723716497421265e-01,-3.841615617275238037e-01,0.000000000000000000e+00
-1.698929518461227417e-01,6.761041283607482910e-02,8.478035926818847656e-01,2.869123220443725586e-02,-2.183349803090095520e-02,-9.800420701503753662e-02,9.945327043533325195e-01,-1.915059238672256470e-01,4.598890617489814758e-02,5.275489017367362976e-02,2.819209359586238861e-02,6.466563045978546143e-02,-1.649351045489311218e-02,-8.923124521970748901e-02,-7.039830088615417480e-02,7.797377556562423706e-02,3.957708179950714111e-02,2.060494273900985718e-01,1.052757129073143005e-01,-3.215669840574264526e-02,1.240152120590209961e-01,-2.838068008422851562e-01,3.515699505805969238e-01,2.702068164944648743e-02,-4.527177512645721436e-01,0.000000000000000000e+00,-1.163049414753913879e-01,-3.887666463851928711e-01,1.736211925745010376e-01,-3.817318975925445557e-01,0.000000000000000000e+00
-1.718236505985260010e-01,6.483953446149826050e-02,8.479179739952087402e-01,2.937842905521392822e-02,-2.210509590804576874e-02,-9.965594112873077393e-02,9.943425059318542480e-01,-1.956764459609985352e-01,4.958699643611907959e-02,5.310407280921936035e-02,3.241470828652381897e-02,6.652522087097167969e-02,-1.792349480092525482e-02,-8.635410666465759277e-02,-6.712956726551055908e-02,7.995197176933288574e-02,3.194599226117134094e-02,2.076469212770462036e-01,1.088099926710128784e-01,-2.994003705680370331e-02,1.249230429530143738e-01,-2.872587144374847412e-01,3.509911000728607178e-01,2.434186078608036041e-02,-4.527516961097717285e-01,0.000000000000000000e+00,-1.062925755977630615e-01,-3.911173641681671143e-01,1.765226572751998901e-01,-3.799509108066558838e-01,0.000000000000000000e+00
-1.738307476043701172e-01,6.211841478943824768e-02,8.480584621429443359e-01,3.050639852881431580e-02,-2.218541316688060760e-02,-1.015064045786857605e-01,9.941195249557495117e-01,-2.005353569984436035e-01,5.231168866157531738e-02,5.275481939315795898e-02,3.717428073287010193e-02,6.667128950357437134e-02,-1.763905026018619537e-02,-8.384618908166885376e-02,-6.472590565681457520e-02,8.268225938081741333e-02,2.387610077857971191e-02,2.085961401462554932e-01,1.115861982107162476e-01,-2.870300039649009705e-02,1.265420466661453247e-01,-2.894415557384490967e-01,3.488959372043609619e-01,2.303850464522838593e-02,-4.519461691379547119e-01,0.000000000000000000e+00,-9.732199460268020630e-02,-3.938305974006652832e-01,1.783372908830642700e-01,-3.791398704051971436e-01,0.000000000000000000e+00
-1.760442256927490234e-01,5.915574356913566589e-02,8.480436801910400391e-01,3.180496767163276672e-02,-2.263108454644680023e-02,-1.030426174402236938e-01,9.939107298851013184e-01,-2.064090371131896973e-01,5.496410280466079712e-02,5.232891067862510681e-02,4.435187205672264099e-02,6.593188643455505371e-02,-1.729990355670452118e-02,-8.057251572608947754e-02,-6.312716752290725708e-02,9.013056755065917969e-02,1.453169155865907669e-02,2.044119983911514282e-01,1.144496276974678040e-01,-2.792820148169994354e-02,1.290925294160842896e-01,-2.924999892711639404e-01,3.466936051845550537e-01,2.149736881256103516e-02,-4.519658684730529785e-01,0.000000000000000000e+00,-8.894170820713043213e-02,-3.947255015373229980e-01,1.816270202398300171e-01,-3.791105747222900391e-01,0.000000000000000000e+00
-1.781428009271621704e-01,5.657010897994041443e-02,8.478547930717468262e-01,3.336529433727264404e-02,-2.323224395513534546e-02,-1.062635928392410278e-01,9.935064315795898438e-01,-2.134139984846115112e-01,5.786544457077980042e-02,5.286124348640441895e-02,5.504908412694931030e-02,6.606129556894302368e-02,-1.806292682886123657e-02,-7.896679639816284180e-02,-6.136181578040122986e-02,9.033994376659393311e-02,1.065700408071279526e-02,2.075441181659698486e-01,1.172904446721076965e-01,-2.686340920627117157e-02,1.358162611722946167e-01,-2.932947576045989990e-01,3.473676741123199463e-01,2.018376998603343964e-02,-4.511238932609558105e-01,0.000000000000000000e+00,-8.290773630142211914e-02,-3.966025114059448242e-01,1.843746006488800049e-01,-3.802055716514587402e-01,0.000000000000000000e+00
-1.801791489124298096e-01,5.374145880341529846e-02,8.475047945976257324e-01,3.498383238911628723e-02,-2.427311800420284271e-02,-1.096846833825111389e-01,9.930539727210998535e-01,-2.215526700019836426e-01,6.023138388991355896e-02,5.195183679461479187e-02,6.897608190774917603e-02,6.733758747577667236e-02,-1.650698110461235046e-02,-7.701903581619262695e-02,-5.975267663598060608e-02,9.485123306512832642e-02,6.313079968094825745e-03,2.077909111976623535e-01,1.173139587044715881e-01,-2.656319364905357361e-02,1.423590183258056641e-01,-2.908024191856384277e-01,3.435576260089874268e-01,1.974907331168651581e-02,-4.487067162990570068e-01,0.000000000000000000e+00,-7.867500931024551392e-02,-3.979024589061737061e-01,1.867433786392211914e-01,-3.817203938961029053e-01,0.000000000000000000e+00
-1.821018904447555542e-01,5.108876153826713562e-02,8.468377590179443359e-01,3.634179010987281799e-02,-2.560683153569698334e-02,-1.130169257521629333e-01,9.925979971885681152e-01,-2.319996953010559082e-01,6.314032524824142456e-02,5.088339000940322876e-02,8.769886940717697144e-02,7.108413428068161011e-02,-1.538129895925521851e-02,-7.468847930431365967e-02,-5.750104412436485291e-02,1.018363907933235168e-01,2.658759243786334991e-03,2.067027986049652100e-01,1.179399117827415466e-01,-2.491702325642108917e-02,1.488951146602630615e-01,-2.859644591808319092e-01,3.420330584049224854e-01,1.852038130164146423e-02,-4.460774660110473633e-01,0.000000000000000000e+00,-7.700537145137786865e-02,-4.015116989612579346e-01,1.880009323358535767e-01,-3.844634294509887695e-01,0.000000000000000000e+00
-1.840666830539703369e-01,4.887539148330688477e-02,8.458141088485717773e-01,3.699876368045806885e-02,-2.731825225055217743e-02,-1.162462309002876282e-01,9.921550154685974121e-01,-2.449138015508651733e-01,6.773466616868972778e-02,4.745391011238098145e-02,1.106394603848457336e-01,7.947161048650741577e-02,-1.439463440328836441e-02,-7.079507410526275635e-02,-5.467874184250831604e-02,1.124657019972801208e-01,-2.554350765421986580e-03,2.001695483922958374e-01,1.208443343639373779e-01,-2.172349020838737488e-02,1.538182049989700317e-01,-2.812118828296661377e-01,3.420178592205047607e-01,1.627019792795181274e-02,-4.451145827770233154e-01,0.000000000000000000e+00,-7.689699530601501465e-02,-4.065267145633697510e-01,1.895504295825958252e-01,-3.876370489597320557e-01,0.000000000000000000e+00
-1.862297654151916504e-01,4.716836288571357727e-02,8.443820476531982422e-01,3.745612502098083496e-02,-2.891177497804164886e-02,-1.204723119735717773e-01,9.915884137153625488e-01,-2.586632668972015381e-01,7.284229993820190430e-02,4.213675484061241150e-02,1.330690085887908936e-01,8.528149873018264771e-02,-1.409913040697574615e-02,-6.780585646629333496e-02,-5.143126845359802246e-02,1.168940514326095581e-01,-6.457514595240354538e-03,1.954586654901504517e-01,1.126664355397224426e-01,-1.904553733766078949e-02,1.592449992895126343e-01,-2.755354642868041992e-01,3.395951986312866211e-01,1.527957711368799210e-02,-4.450977742671966553e-01,0.000000000000000000e+00,-7.790924608707427979e-02,-4.132935702800750732e-01,1.903081536293029785e-01,-3.905187845230102539e-01,0.000000000000000000e+00
-1.886635720729827881e-01,4.532944411039352417e-02,8.425236344337463379e-01,3.738455474376678467e-02,-3.085755370557308197e-02,-1.222629472613334656e-01,9.913132786750793457e-01,-2.719037532806396484e-01,7.847070693969726562e-02,3.672618791460990906e-02,1.545761823654174805e-01,9.148530662059783936e-02,-1.756040751934051514e-02,-6.276332587003707886e-02,-4.765501618385314941e-02,1.257731169462203979e-01,-1.270220708101987839e-02,1.893705129623413086e-01,1.089038699865341187e-01,-1.596065796911716461e-02,1.587258279323577881e-01,-2.704018354415893555e-01,3.320253491401672363e-01,1.087205111980438232e-02,-4.449258744716644287e-01,0.000000000000000000e+00,-8.000201731920242310e-02,-4.175029695034027100e-01,1.909795403480529785e-01,-3.936577439308166504e-01,0.000000000000000000e+00
-1.914171129465103149e-01,4.413612186908721924e-02,8.407272696495056152e-01,3.681226447224617004e-02,-3.242691606283187866e-02,-1.231452971696853638e-01,9.911753535270690918e-01,-2.857381999492645264e-01,8.543504774570465088e-02,3.599141910672187805e-02,1.746472418308258057e-01,1.025815010070800781e-01,-2.598300389945507050e-02,-6.030261889100074768e-02,-4.330782964825630188e-02,1.275193840265274048e-01,-1.504849735647439957e-02,1.894040554761886597e-01,1.154861971735954285e-01,-1.101924292743206024e-02,1.559193581342697144e-01,-2.641656696796417236e-01,3.287914097309112549e-01,3.193251555785536766e-03,-4.460291862487792969e-01,0.000000000000000000e+00,-8.196087181568145752e-02,-4.224180579185485840e-01,1.902942508459091187e-01,-3.956642448902130127e-01,0.000000000000000000e+00
-1.945863962173461914e-01,4.205799847841262817e-02,8.392204046249389648e-01,3.608844801783561707e-02,-3.452853858470916748e-02,-1.236691698431968689e-01,9.910657405853271484e-01,-2.931859195232391357e-01,9.110906720161437988e-02,2.675966359674930573e-02,1.855545639991760254e-01,1.071088239550590515e-01,-2.773017250001430511e-02,-5.719074234366416931e-02,-3.768766298890113831e-02,1.298609972000122070e-01,-1.816487684845924377e-02,1.893052458763122559e-01,1.194760352373123169e-01,-7.960489019751548767e-03,1.541373282670974731e-01,-2.584943175315856934e-01,3.216343820095062256e-01,-1.834293361753225327e-03,-4.447968900203704834e-01,0.000000000000000000e+00,-8.142887055873870850e-02,-4.230763316154479980e-01,1.896424889564514160e-01,-3.955495357513427734e-01,0.000000000000000000e+00
-1.974000483751296997e-01,4.041555151343345642e-02,8.383966684341430664e-01,3.541430458426475525e-02,-3.639377281069755554e-02,-1.224408894777297974e-01,9.911758303642272949e-01,-2.999134361743927002e-01,9.603184461593627930e-02,2.286759205162525177e-02,1.940784156322479248e-01,1.120297610759735107e-01,-2.917243540287017822e-02,-5.549750104546546936e-02,-3.277365863323211670e-02,1.288261860609054565e-01,-1.857361942529678345e-02,1.877451837062835693e-01,1.191717013716697693e-01,-4.045932553708553314e-03,1.520522832870483398e-01,-2.546535134315490723e-01,3.285117745399475098e-01,3.846586449071764946e-03,-4.454978704452514648e-01,0.000000000000000000e+00,-7.704932242631912231e-02,-4.223234653472900391e-01,1.848851889371871948e-01,-3.936997354030609131e-01,0.000000000000000000e+00
-2.002894431352615356e-01,3.846325725317001343e-02,8.380878567695617676e-01,3.497751429677009583e-02,-3.840158507227897644e-02,-1.209775730967521667e-01,9.912952780723571777e-01,-3.018740415573120117e-01,9.983264654874801636e-02,2.006237581372261047e-02,1.971451938152313232e-01,1.155660375952720642e-01,-2.805977128446102142e-02,-5.490052700042724609e-02,-2.827271260321140289e-02,1.253368109464645386e-01,-1.633707620203495026e-02,1.912222206592559814e-01,1.118928417563438416e-01,-1.858795993030071259e-03,1.465195715427398682e-01,-2.490478754043579102e-01,3.291733264923095703e-01,1.988700823858380318e-03,-4.470069110393524170e-01,0.000000000000000000e+00,-7.083798944950103760e-02,-4.189481139183044434e-01,1.831613481044769287e-01,-3.926230669021606445e-01,0.000000000000000000e+00
-2.029975801706314087e-01,3.633146733045578003e-02,8.381277322769165039e-01,3.523398935794830322e-02,-4.068716987967491150e-02,-1.195242628455162048e-01,9.913713335990905762e-01,-2.988715767860412598e-01,1.005821973085403442e-01,1.513628475368022919e-02,1.951967775821685791e-01,1.138605475425720215e-01,-2.507387287914752960e-02,-5.348524451255798340e-02,-2.527921274304389954e-02,1.226924285292625427e-01,-1.395123172551393509e-02,1.927208155393600464e-01,1.074092909693717957e-01,-2.416503848508000374e-03,1.459950655698776245e-01,-2.463511079549789429e-01,3.327856063842773438e-01,5.364719312638044357e-03,-4.484712779521942139e-01,0.000000000000000000e+00,-6.051569059491157532e-02,-4.152988195419311523e-01,1.824400722980499268e-01,-3.908782899379730225e-01,0.000000000000000000e+00
-2.054643332958221436e-01,3.421364352107048035e-02,8.382950425148010254e-01,3.585292771458625793e-02,-4.300156980752944946e-02,-1.182281598448753357e-01,9.914068579673767090e-01,-2.924834191799163818e-01,9.945089370012283325e-02,8.982144296169281006e-03,1.902046799659729004e-01,1.099206507205963135e-01,-1.939491555094718933e-02,-5.201445519924163818e-02,-2.349415607750415802e-02,1.193585619330406189e-01,-1.140884123742580414e-02,1.950797587633132935e-01,1.037242263555526733e-01,-3.624588251113891602e-03,1.466819792985916138e-01,-2.441995441913604736e-01,3.343718349933624268e-01,9.426887147128582001e-03,-4.501080811023712158e-01,0.000000000000000000e+00,-4.799804836511611938e-02,-4.127766191959381104e-01,1.821114420890808105e-01,-3.897734582424163818e-01,0.000000000000000000e+00
-2.077232450246810913e-01,3.232605755329132080e-02,8.383150696754455566e-01,3.633991628885269165e-02,-4.490544274449348450e-02,-1.156672313809394836e-01,9.916067719459533691e-01,-2.876046895980834961e-01,9.907787293195724487e-02,8.846426382660865784e-03,1.854642331600189209e-01,1.080229282379150391e-01,-1.768609881401062012e-02,-5.043294653296470642e-02,-2.178805880248546600e-02,1.151569187641143799e-01,-1.022293511778116226e-02,1.953758746385574341e-01,1.012997552752494812e-01,-4.282573703676462173e-03,1.463268548250198364e-01,-2.438887804746627808e-01,3.336426913738250732e-01,1.374843530356884003e-02,-4.522494971752166748e-01,0.000000000000000000e+00,-3.385102376341819763e-02,-4.137329757213592529e-01,1.833308786153793335e-01,-3.901829123497009277e-01,0.000000000000000000e+00
-2.097123563289642334e-01,3.015782497823238373e-02,8.380557298660278320e-01,3.675166517496109009e-02,-4.674573615193367004e-02,-1.130960211157798767e-01,9.918031096458435059e-01,-2.821863591670989990e-01,9.890530258417129517e-02,4.770162981003522873e-03,1.795990765094757080e-01,1.028685569763183594e-01,-1.534677762538194656e-02,-4.764299467206001282e-02,-1.989671215415000916e-02,1.091711670160293579e-01,-1.016369462013244629e-02,1.956838369369506836e-01,1.007803529500961304e-01,-5.533546209335327148e-03,1.462414562702178955e-01,-2.460934966802597046e-01,3.287049829959869385e-01,1.827397197484970093e-02,-4.549757540225982666e-01,0.000000000000000000e+00,-1.961231604218482971e-02,-4.172647297382354736e-01,1.861381679773330688e-01,-3.922747671604156494e-01,0.000000000000000000e+00
-2.116296142339706421e-01,2.898789197206497192e-02,8.376360535621643066e-01,3.659599274396896362e-02,-4.871686547994613647e-02,-1.104598194360733032e-01,9.920111298561096191e-01,-2.797943949699401855e-01,9.952912479639053345e-02,2.163466764613986015e-03,1.776759922504425049e-01,1.047745123505592346e-01,-1.792348176240921021e-02,-4.436849057674407959e-02,-1.825634017586708069e-02,1.031097918748855591e-01,-1.032935827970504761e-02,1.967768371105194092e-01,1.029667630791664124e-01,-5.783622153103351593e-03,1.450224816799163818e-01,-2.476713508367538452e-01,3.164468407630920410e-01,1.937277056276798248e-02,-4.551244676113128662e-01,0.000000000000000000e+00,-5.783759523183107376e-03,-4.206660091876983643e-01,1.884593069553375244e-01,-3.942374289035797119e-01,0.000000000000000000e+00
-2.132776081562042236e-01,2.811477705836296082e-02,8.374268412590026855e-01,3.663806244730949402e-02,-5.034818127751350403e-02,-1.078222915530204773e-01,9.922182559967041016e-01,-2.798797786235809326e-01,1.001589372754096985e-01,1.448137390980264172e-05,1.780477166175842285e-01,1.085125505924224854e-01,-2.200064994394779205e-02,-4.174548387527465820e-02,-1.785092987120151520e-02,9.781114012002944946e-02,-1.072317920625209808e-02,1.975011676549911499e-01,1.045417264103889465e-01,-3.020029980689287186e-03,1.478105187416076660e-01,-2.481542676687240601e-01,3.163792192935943604e-01,1.945492066442966461e-02,-4.545611739158630371e-01,0.000000000000000000e+00,4.344765096902847290e-03,-4.278635978698730469e-01,1.890226453542709351e-01,-3.965350389480590820e-01,0.000000000000000000e+00
-2.144925594329833984e-01,2.679880335927009583e-02,8.370103836059570312e-01,3.661704063415527344e-02,-5.165710672736167908e-02,-1.066438779234886169e-01,9.922791123390197754e-01,-2.794221341609954834e-01,1.020991653203964233e-01,-1.375831081531941891e-03,1.787003576755523682e-01,1.117758229374885559e-01,-2.823116257786750793e-02,-3.941169008612632751e-02,-1.610123179852962494e-02,9.356402605772018433e-02,-1.131050661206245422e-02,1.964733302593231201e-01,1.081366017460823059e-01,-4.261956550180912018e-03,1.427760422229766846e-01,-2.577678561210632324e-01,2.857100963592529297e-01,5.156788509339094162e-03,-4.524908959865570068e-01,0.000000000000000000e+00,7.496847305446863174e-03,-4.277624189853668213e-01,1.954579800367355347e-01,-4.002845883369445801e-01,0.000000000000000000e+00
-2.159241884946823120e-01,2.660699374973773956e-02,8.369683623313903809e-01,3.624755516648292542e-02,-5.218914896249771118e-02,-1.042972505092620850e-01,9.925142526626586914e-01,-2.810472548007965088e-01,1.025547534227371216e-01,-4.269056487828493118e-03,1.779024899005889893e-01,1.150562539696693420e-01,-2.999018505215644836e-02,-3.908380493521690369e-02,-1.503361109644174576e-02,9.138274192810058594e-02,-1.209636218845844269e-02,1.959616541862487793e-01,1.095751971006393433e-01,2.433137735351920128e-03,1.486661583185195923e-01,-2.492531836032867432e-01,3.089005053043365479e-01,9.367819875478744507e-03,-4.496688246726989746e-01,0.000000000000000000e+00,7.934862747788429260e-03,-4.390302002429962158e-01,1.854662001132965088e-01,-4.012336432933807373e-01,0.000000000000000000e+00
-2.171545028686523438e-01,2.594754658639431000e-02,8.364989757537841797e-01,3.541960194706916809e-02,-5.291365459561347961e-02,-1.030245274305343628e-01,9.926386475563049316e-01,-2.821638584136962891e-01,1.060656383633613586e-01,-2.811489393934607506e-04,1.777700930833816528e-01,1.190293878316879272e-01,-3.272875770926475525e-02,-3.861392289400100708e-02,-1.209405343979597092e-02,8.928485214710235596e-02,-1.187728717923164368e-02,1.966576129198074341e-01,1.098084449768066406e-01,5.123726092278957367e-03,1.480763405561447144e-01,-2.443723082542419434e-01,3.216768503189086914e-01,1.339745055884122849e-02,-4.504672884941101074e-01,0.000000000000000000e+00,8.459404343739151955e-04,-4.426001906394958496e-01,1.773758828639984131e-01,-4.041349589824676514e-01,0.000000000000000000e+00
-2.183907628059387207e-01,2.529426291584968567e-02,8.363379836082458496e-01,3.516356274485588074e-02,-5.364774912595748901e-02,-1.021372079849243164e-01,9.927000999450683594e-01,-2.820594906806945801e-01,1.076435297727584839e-01,2.975967654492706060e-04,1.767840087413787842e-01,1.214237809181213379e-01,-3.377961367368698120e-02,-3.848263248801231384e-02,-1.060075964778661728e-02,8.682118356227874756e-02,-1.148832868784666061e-02,1.977552175521850586e-01,1.093081235885620117e-01,6.453504785895347595e-03,1.468502283096313477e-01,-2.396239638328552246e-01,3.271864354610443115e-01,1.580616645514965057e-02,-4.522463679313659668e-01,0.000000000000000000e+00,-8.341081440448760986e-03,-4.418785870075225830e-01,1.714375913143157959e-01,-4.073959887027740479e-01,0.000000000000000000e+00
-2.195214778184890747e-01,2.466228790581226349e-02,8.361746072769165039e-01,3.517050296068191528e-02,-5.462512001395225525e-02,-1.014504060149192810e-01,9.927169680595397949e-01,-2.808267474174499512e-01,1.076477542519569397e-01,-3.303847741335630417e-03,1.755538135766983032e-01,1.212122514843940735e-01,-3.127486631274223328e-02,-3.736745566129684448e-02,-9.896020404994487762e-03,8.485456556081771851e-02,-1.174919027835130692e-02,1.979494690895080566e-01,1.102039813995361328e-01,7.361435331404209137e-03,1.460352391004562378e-01,-2.353487610816955566e-01,3.285246491432189941e-01,1.684479601681232452e-02,-4.539500474929809570e-01,0.000000000000000000e+00,-1.853078044950962067e-02,-4.393296241760253906e-01,1.662627011537551880e-01,-4.107169806957244873e-01,0.000000000000000000e+00
-2.206855416297912598e-01,2.404191903769969940e-02,8.359280228614807129e-01,3.515052050352096558e-02,-5.545917898416519165e-02,-1.000810116529464722e-01,9.928104281425476074e-01,-2.808488607406616211e-01,1.076821759343147278e-01,-5.061670672148466110e-03,1.753877848386764526e-01,1.202200427651405334e-01,-3.056672774255275726e-02,-3.642435744404792786e-02,-8.828639984130859375e-03,8.406642079353332520e-02,-1.202121842652559280e-02,1.975525170564651489e-01,1.118186563253402710e-01,8.540483191609382629e-03,1.443144530057907104e-01,-2.315461337566375732e-01,3.281795084476470947e-01,1.817804016172885895e-02,-4.547422826290130615e-01,0.000000000000000000e+00,-2.866919152438640594e-02,-4.326789677143096924e-01,1.612985283136367798e-01,-4.133798480033874512e-01,0.000000000000000000e+00
-2.217615246772766113e-01,2.330104820430278778e-02,8.356039524078369141e-01,3.502966463565826416e-02,-5.640737339854240417e-02,-9.876779466867446899e-02,9.928927421569824219e-01,-2.810813784599304199e-01,1.084489449858665466e-01,-7.391849532723426819e-03,1.761910319328308105e-01,1.195885390043258667e-01,-3.018842823803424835e-02,-3.506127744913101196e-02,-7.634761743247509003e-03,8.287287503480911255e-02,-1.213607657700777054e-02,1.968148648738861084e-01,1.137734055519104004e-01,9.418617002665996552e-03,1.429088860750198364e-01,-2.289517670869827271e-01,3.274965584278106689e-01,2.050115168094635010e-02,-4.551143348217010498e-01,0.000000000000000000e+00,-3.777283802628517151e-02,-4.267716109752655029e-01,1.565867662429809570e-01,-4.153992533683776855e-01,0.000000000000000000e+00
-2.227661162614822388e-01,2.269597724080085754e-02,8.350986838340759277e-01,3.499546274542808533e-02,-5.742046982049942017e-02,-9.816756844520568848e-02,9.928954243659973145e-01,-2.806309461593627930e-01,1.084135845303535461e-01,-1.266398187726736069e-02,1.767347902059555054e-01,1.168770045042037964e-01,-2.768653631210327148e-02,-3.366515785455703735e-02,-6.903065368533134460e-03,8.154866844415664673e-02,-1.249331142753362656e-02,1.971839517354965210e-01,1.169193908572196960e-01,9.605219587683677673e-03,1.434119194746017456e-01,-2.296121865510940552e-01,3.260684609413146973e-01,2.160532213747501373e-02,-4.568229913711547852e-01,0.000000000000000000e+00,-4.468169063329696655e-02,-4.210367202758789062e-01,1.537101417779922485e-01,-4.165674746036529541e-01,0.000000000000000000e+00
-2.237631380558013916e-01,2.206461317837238312e-02,8.346986770629882812e-01,3.501569479703903198e-02,-5.807090550661087036e-02,-9.758882969617843628e-02,9.929139614105224609e-01,-2.810169756412506104e-01,1.081718131899833679e-01,-1.875754445791244507e-02,1.778536885976791382e-01,1.143718063831329346e-01,-2.578013762831687927e-02,-3.302413597702980042e-02,-5.778091028332710266e-03,8.072867989540100098e-02,-1.312253251671791077e-02,1.968866288661956787e-01,1.168715059757232666e-01,9.221795015037059784e-03,1.447664350271224976e-01,-2.298334538936614990e-01,3.230561316013336182e-01,2.216385118663311005e-02,-4.577709734439849854e-01,0.000000000000000000e+00,-4.859173670411109924e-02,-4.168007373809814453e-01,1.531575620174407959e-01,-4.165429770946502686e-01,0.000000000000000000e+00
-2.248048335313796997e-01,2.144350670278072357e-02,8.341779708862304688e-01,3.508495911955833435e-02,-5.900691822171211243e-02,-9.671743959188461304e-02,9.929415583610534668e-01,-2.819916009902954102e-01,1.078791916370391846e-01,-2.415739186108112335e-02,1.797884106636047363e-01,1.118520572781562805e-01,-2.379351109266281128e-02,-3.209720179438591003e-02,-5.136715248227119446e-03,7.950141280889511108e-02,-1.300624199211597443e-02,1.975715607404708862e-01,1.169509887695312500e-01,8.738230913877487183e-03,1.462784409523010254e-01,-2.303817123174667358e-01,3.214638233184814453e-01,2.234411798417568207e-02,-4.585327804088592529e-01,0.000000000000000000e+00,-4.979966580867767334e-02,-4.140906929969787598e-01,1.538987010717391968e-01,-4.158032834529876709e-01,0.000000000000000000e+00
-2.257466465234756470e-01,2.097676508128643036e-02,8.337286114692687988e-01,3.485546633601188660e-02,-5.988408997654914856e-02,-9.634355455636978149e-02,9.929335117340087891e-01,-2.837667167186737061e-01,1.082405820488929749e-01,-2.827934361994266510e-02,1.828401237726211548e-01,1.106920391321182251e-01,-2.210608869791030884e-02,-3.112191148102283478e-02,-3.543543163686990738e-03,7.959207892417907715e-02,-1.296904031187295914e-02,1.962322443723678589e-01,1.152759417891502380e-01,8.305440656840801239e-03,1.471284925937652588e-01,-2.302676141262054443e-01,3.182506859302520752e-01,2.199827320873737335e-02,-4.584057927131652832e-01,0.000000000000000000e+00,-4.915840923786163330e-02,-4.140587747097015381e-01,1.562049537897109985e-01,-4.143546819686889648e-01,0.000000000000000000e+00
-2.265551090240478516e-01,2.040962129831314087e-02,8.330904841423034668e-01,3.452173992991447449e-02,-6.083806976675987244e-02,-9.579144418239593506e-02,9.929405450820922852e-01,-2.852143943309783936e-01,1.088301762938499451e-01,-3.202688694000244141e-02,1.861247867345809937e-01,1.102751046419143677e-01,-2.129277214407920837e-02,-2.972089499235153198e-02,-2.112111775204539299e-03,7.909028232097625732e-02,-1.275447104126214981e-02,1.963428109884262085e-01,1.125555783510208130e-01,7.990340702235698700e-03,1.480447202920913696e-01,-2.290714085102081299e-01,3.144088089466094971e-01,2.164628356695175171e-02,-4.574196636676788330e-01,0.000000000000000000e+00,-4.581208527088165283e-02,-4.147984683513641357e-01,1.601690202951431274e-01,-4.131787419319152832e-01,0.000000000000000000e+00
-2.274091392755508423e-01,1.970071718096733093e-02,8.324208855628967285e-01,3.392025828361511230e-02,-6.217474117875099182e-02,-9.578087180852890015e-02,9.928795099258422852e-01,-2.859692275524139404e-01,1.115663424134254456e-01,-3.208753839135169983e-02,1.888652592897415161e-01,1.082384660840034485e-01,-2.180928178131580353e-02,-2.828813903033733368e-02,7.627435843460261822e-04,7.769972085952758789e-02,-1.140417251735925674e-02,1.959656178951263428e-01,1.118259355425834656e-01,6.968119647353887558e-03,1.478635221719741821e-01,-2.327519804239273071e-01,3.003187179565429688e-01,1.460585091263055801e-02,-4.554558098316192627e-01,0.000000000000000000e+00,-4.063542187213897705e-02,-4.130007624626159668e-01,1.665510982275009155e-01,-4.124526679515838623e-01,0.000000000000000000e+00
-2.282146215438842773e-01,1.941057108342647552e-02,8.320064544677734375e-01,3.340200334787368774e-02,-6.328417360782623291e-02,-9.607529640197753906e-02,9.927985668182373047e-01,-2.858359217643737793e-01,1.130147725343704224e-01,-3.438667953014373779e-02,1.914077252149581909e-01,1.062998920679092407e-01,-2.170603163540363312e-02,-2.725632302463054657e-02,2.605709247291088104e-03,7.818195223808288574e-02,-1.024656184017658234e-02,1.943619698286056519e-01,1.113494485616683960e-01,7.283121813088655472e-03,1.497343182563781738e-01,-2.357206940650939941e-01,2.867372930049896240e-01,7.203864865005016327e-03,-4.514201581478118896e-01,0.000000000000000000e+00,-3.329703956842422485e-02,-4.140182137489318848e-01,1.727033704519271851e-01,-4.116016924381256104e-01,0.000000000000000000e+00
-2.288923412561416626e-01,1.905833184719085693e-02,8.315969705581665039e-01,3.316352516412734985e-02,-6.431635469198226929e-02,-9.649721533060073853e-02,9.926992654800415039e-01,-2.857600748538970947e-01,1.142835468053817749e-01,-3.737194836139678955e-02,1.940788477659225464e-01,1.046942993998527527e-01,-2.017484791576862335e-02,-2.654505521059036255e-02,3.930597566068172455e-03,7.856147736310958862e-02,-8.681745268404483795e-03,1.942528933286666870e-01,1.102468073368072510e-01,8.294132538139820099e-03,1.519241482019424438e-01,-2.333682030439376831e-01,2.856938540935516357e-01,4.091299604624509811e-03,-4.470236003398895264e-01,0.000000000000000000e+00,-2.680692821741104126e-02,-4.173952639102935791e-01,1.750688105821609497e-01,-4.114182591438293457e-01,0.000000000000000000e+00
-2.297306358814239502e-01,1.869190298020839691e-02,8.313367366790771484e-01,3.283937275409698486e-02,-6.532149761915206909e-02,-9.688270092010498047e-02,9.926068782806396484e-01,-2.851716876029968262e-01,1.149795129895210266e-01,-4.032741487026214600e-02,1.956514865159988403e-01,1.030042693018913269e-01,-1.921912282705307007e-02,-2.567561157047748566e-02,5.612307228147983551e-03,7.924017310142517090e-02,-7.978126406669616699e-03,1.945319026708602905e-01,1.088140606880187988e-01,9.690778329968452454e-03,1.551848649978637695e-01,-2.298127710819244385e-01,2.960242629051208496e-01,5.704354960471391678e-03,-4.451038837432861328e-01,0.000000000000000000e+00,-1.917870901525020599e-02,-4.219924509525299072e-01,1.736378818750381470e-01,-4.102943837642669678e-01,0.000000000000000000e+00
-2.304820716381072998e-01,1.830902323126792908e-02,8.311427235603332520e-01,3.256881609559059143e-02,-6.633639335632324219e-02,-9.746889024972915649e-02,9.924910664558410645e-01,-2.845912873744964600e-01,1.161554679274559021e-01,-4.224104806780815125e-02,1.976395994424819946e-01,1.018683165311813354e-01,-1.853589899837970734e-02,-2.471075765788555145e-02,7.195014972239732742e-03,8.057533204555511475e-02,-7.201100233942270279e-03,1.948235929012298584e-01,1.087345629930496216e-01,1.031516306102275848e-02,1.566532105207443237e-01,-2.243706434965133667e-01,3.070892095565795898e-01,9.299745783209800720e-03,-4.448669850826263428e-01,0.000000000000000000e+00,-1.426220405846834183e-02,-4.259721636772155762e-01,1.709212809801101685e-01,-4.109158813953399658e-01,0.000000000000000000e+00
-2.312197983264923096e-01,1.787513308227062225e-02,8.310728669166564941e-01,3.288886323571205139e-02,-6.715157628059387207e-02,-9.830588102340698242e-02,9.923431277275085449e-01,-2.833693027496337891e-01,1.178045421838760376e-01,-4.470084607601165771e-02,2.004193216562271118e-01,1.006554290652275085e-01,-1.847930625081062317e-02,-2.406049147248268127e-02,7.382814772427082062e-03,8.090446889400482178e-02,-6.738808937370777130e-03,1.939457803964614868e-01,1.074125394225120544e-01,8.854318410158157349e-03,1.567834317684173584e-01,-2.200843244791030884e-01,3.100264966487884521e-01,1.262319926172494888e-02,-4.465211927890777588e-01,0.000000000000000000e+00,-9.328876622021198273e-03,-4.280049204826354980e-01,1.689769178628921509e-01,-4.122257828712463379e-01,0.000000000000000000e+00
-2.317879199981689453e-01,1.742036268115043640e-02,8.307336568832397461e-01,3.261679038405418396e-02,-6.820821762084960938e-02,-9.893554449081420898e-02,9.922174811363220215e-01,-2.829909026622772217e-01,1.185656264424324036e-01,-4.201929643750190735e-02,2.014107704162597656e-01,1.006312370300292969e-01,-1.860122010111808777e-02,-2.294260449707508087e-02,8.706961758434772491e-03,7.800418883562088013e-02,-5.591378547251224518e-03,1.958488970994949341e-01,1.047409623861312866e-01,9.026296436786651611e-03,1.563881337642669678e-01,-2.168165743350982666e-01,3.114008307456970215e-01,1.411158405244350433e-02,-4.484110772609710693e-01,0.000000000000000000e+00,-8.387884125113487244e-03,-4.290658533573150635e-01,1.686998158693313599e-01,-4.148889780044555664e-01,0.000000000000000000e+00
-2.323645353317260742e-01,1.689623296260833740e-02,8.305673003196716309e-01,3.274764865636825562e-02,-6.907996535301208496e-02,-9.919152408838272095e-02,9.921272993087768555e-01,-2.811651527881622314e-01,1.202761754393577576e-01,-4.358634352684020996e-02,2.033468186855316162e-01,9.915403276681900024e-02,-1.853258907794952393e-02,-2.122382633388042450e-02,9.231369942426681519e-03,7.970731705427169800e-02,-5.986154079437255859e-03,1.950743347406387329e-01,1.046490520238876343e-01,8.492982946336269379e-03,1.547214984893798828e-01,-2.146060615777969360e-01,3.124690055847167969e-01,1.552648842334747314e-02,-4.508139491081237793e-01,0.000000000000000000e+00,-8.558477275073528290e-03,-4.308742880821228027e-01,1.680340915918350220e-01,-4.172703623771667480e-01,0.000000000000000000e+00
-2.328515648841857910e-01,1.649079099297523499e-02,8.302884697914123535e-01,3.267179057002067566e-02,-6.986021250486373901e-02,-9.936890006065368652e-02,9.920574426651000977e-01,-2.812073826789855957e-01,1.217740923166275024e-01,-3.957070410251617432e-02,2.043945491313934326e-01,9.839897602796554565e-02,-1.875879801809787750e-02,-1.995101384818553925e-02,9.820186533033847809e-03,7.872922718524932861e-02,-5.901077296584844589e-03,1.948456019163131714e-01,1.036805883049964905e-01,8.466112427413463593e-03,1.529535353183746338e-01,-2.137927263975143433e-01,3.126768469810485840e-01,1.695378310978412628e-02,-4.530814588069915771e-01,0.000000000000000000e+00,-9.548958390951156616e-03,-4.310452640056610107e-01,1.666797101497650146e-01,-4.193890690803527832e-01,0.000000000000000000e+00
-2.332509905099868774e-01,1.608154177665710449e-02,8.299244642257690430e-01,3.248827531933784485e-02,-7.068841159343719482e-02,-9.930198639631271362e-02,9.920114874839782715e-01,-2.815732359886169434e-01,1.231449618935585022e-01,-3.241540491580963135e-02,2.041668444871902466e-01,9.741791337728500366e-02,-1.955712586641311646e-02,-1.810733787715435028e-02,1.127983909100294113e-02,7.879240065813064575e-02,-6.283380091190338135e-03,1.944263875484466553e-01,1.029765456914901733e-01,8.589571341872215271e-03,1.515765190124511719e-01,-2.153380513191223145e-01,3.103409707546234131e-01,1.821951009333133698e-02,-4.551218152046203613e-01,0.000000000000000000e+00,-9.480600245296955109e-03,-4.318101704120635986e-01,1.652798205614089966e-01,-4.211500585079193115e-01,0.000000000000000000e+00
-2.337128818035125732e-01,1.560398191213607788e-02,8.297122120857238770e-01,3.264941275119781494e-02,-7.154046744108200073e-02,-9.988175332546234131e-02,9.918869137763977051e-01,-2.795765995979309082e-01,1.237974911928176880e-01,-3.062975406646728516e-02,2.043989747762680054e-01,9.576324373483657837e-02,-1.966478116810321808e-02,-1.693809404969215393e-02,1.134656462818384171e-02,7.790837436914443970e-02,-5.903293844312429428e-03,1.954043060541152954e-01,1.030988693237304688e-01,8.008271455764770508e-03,1.515645384788513184e-01,-2.174199968576431274e-01,3.060274124145507812e-01,1.825089752674102783e-02,-4.559617042541503906e-01,0.000000000000000000e+00,-1.120119541883468628e-02,-4.312232434749603271e-01,1.662021726369857788e-01,-4.229812622070312500e-01,0.000000000000000000e+00
-2.341298758983612061e-01,1.531890872865915298e-02,8.296447992324829102e-01,3.271006420254707336e-02,-7.202092558145523071e-02,-1.001434847712516785e-01,9.918237328529357910e-01,-2.783613502979278564e-01,1.247452870011329651e-01,-2.700701542198657990e-02,2.045437395572662354e-01,9.510383754968643188e-02,-2.224358730018138885e-02,-1.600916683673858643e-02,1.225209701806306839e-02,7.901961356401443481e-02,-6.505356635898351669e-03,1.951603293418884277e-01,1.031290069222450256e-01,8.114062249660491943e-03,1.502151787281036377e-01,-2.187188565731048584e-01,3.057355284690856934e-01,1.848209276795387268e-02,-4.568827748298645020e-01,0.000000000000000000e+00,-1.274543907493352890e-02,-4.322276711463928223e-01,1.660599261522293091e-01,-4.235711991786956787e-01,0.000000000000000000e+00
-2.345096021890640259e-01,1.493714284151792526e-02,8.296825289726257324e-01,3.301270306110382080e-02,-7.251967489719390869e-02,-1.009417623281478882e-01,9.916964173316955566e-01,-2.762461602687835693e-01,1.254075467586517334e-01,-2.505500242114067078e-02,2.034794837236404419e-01,9.306319057941436768e-02,-2.220466360449790955e-02,-1.540658809244632721e-02,1.210209541022777557e-02,7.914289832115173340e-02,-6.397296208888292313e-03,1.957672834396362305e-01,1.024706512689590454e-01,8.113520219922065735e-03,1.503289788961410522e-01,-2.180537432432174683e-01,3.043624162673950195e-01,1.905137114226818085e-02,-4.567026197910308838e-01,0.000000000000000000e+00,-1.440717279911041260e-02,-4.320425987243652344e-01,1.658099442720413208e-01,-4.242012500762939453e-01,0.000000000000000000e+00
-2.347457259893417358e-01,1.462477352470159531e-02,8.297781348228454590e-01,3.354152292013168335e-02,-7.285265624523162842e-02,-1.014610007405281067e-01,9.916012883186340332e-01,-2.752177417278289795e-01,1.253316551446914673e-01,-2.270178869366645813e-02,2.034279108047485352e-01,9.077670425176620483e-02,-2.240630052983760834e-02,-1.516830455511808395e-02,1.123573910444974899e-02,7.896184176206588745e-02,-6.426305510103702545e-03,1.949033588171005249e-01,1.023958995938301086e-01,7.637211587280035019e-03,1.506544351577758789e-01,-2.169399559497833252e-01,3.053322732448577881e-01,2.075451053678989410e-02,-4.571491181850433350e-01,0.000000000000000000e+00,-1.478495355695486069e-02,-4.327813684940338135e-01,1.650018841028213501e-01,-4.244360625743865967e-01,0.000000000000000000e+00
-2.349999994039535522e-01,1.418704446405172348e-02,8.295548558235168457e-01,3.387335687875747681e-02,-7.318047434091567993e-02,-1.022440865635871887e-01,9.914854168891906738e-01,-2.744739949703216553e-01,1.259996891021728516e-01,-2.113252319395542145e-02,2.040793299674987793e-01,9.096214920282363892e-02,-2.399102784693241119e-02,-1.522122137248516083e-02,1.108847931027412415e-02,7.906015217304229736e-02,-5.604593548923730850e-03,1.959026753902435303e-01,1.021799743175506592e-01,6.726077292114496231e-03,1.497992873191833496e-01,-2.174072563648223877e-01,3.035801351070404053e-01,2.158043719828128815e-02,-4.575452804565429688e-01,0.000000000000000000e+00,-1.363235060125589371e-02,-4.339483380317687988e-01,1.643678992986679077e-01,-4.244615137577056885e-01,0.000000000000000000e+00
-2.352616339921951294e-01,1.353346463292837143e-02,8.292726874351501465e-01,3.418328613042831421e-02,-7.373133301734924316e-02,-1.024035364389419556e-01,9.914175271987915039e-01,-2.735589146614074707e-01,1.266564577817916870e-01,-2.004921995103359222e-02,2.047712951898574829e-01,9.014154225587844849e-02,-2.547405287623405457e-02,-1.446279976516962051e-02,1.145124994218349457e-02,7.939567416906356812e-02,-5.109134130179882050e-03,1.952913999557495117e-01,1.015850305557250977e-01,4.694214090704917908e-03,1.482844054698944092e-01,-2.235735058784484863e-01,2.910340428352355957e-01,1.810951903462409973e-02,-4.571131467819213867e-01,0.000000000000000000e+00,-1.209870167076587677e-02,-4.316960275173187256e-01,1.673044562339782715e-01,-4.253752529621124268e-01,0.000000000000000000e+00
-2.353564500808715820e-01,1.340682897716760635e-02,8.292112350463867188e-01,3.426897153258323669e-02,-7.391842454671859741e-02,-1.020571514964103699e-01,9.914363622665405273e-01,-2.736290693283081055e-01,1.266847997903823853e-01,-1.963342726230621338e-02,2.052491605281829834e-01,8.889167755842208862e-02,-2.511771023273468018e-02,-1.383661478757858276e-02,1.140789873898029327e-02,7.830707728862762451e-02,-5.422162823379039764e-03,1.953762769699096680e-01,1.012162566184997559e-01,6.165363360196352005e-03,1.477134376764297485e-01,-2.227569520473480225e-01,2.937409579753875732e-01,1.722533628344535828e-02,-4.555887579917907715e-01,0.000000000000000000e+00,-1.228638924658298492e-02,-4.332672357559204102e-01,1.675333231687545776e-01,-4.265353679656982422e-01,0.000000000000000000e+00
-2.353980839252471924e-01,1.307549607008695602e-02,8.290011286735534668e-01,3.432001173496246338e-02,-7.410466670989990234e-02,-1.012747660279273987e-01,9.915009140968322754e-01,-2.749048173427581787e-01,1.269458681344985962e-01,-1.989775709807872772e-02,2.071781903505325317e-01,8.779904246330261230e-02,-2.572978101670742035e-02,-1.297080703079700470e-02,1.184422988444566727e-02,7.881894707679748535e-02,-5.752934142947196960e-03,1.951913982629776001e-01,1.015736013650894165e-01,6.677338387817144394e-03,1.460969597101211548e-01,-2.216231524944305420e-01,2.982976138591766357e-01,1.865212991833686829e-02,-4.548559486865997314e-01,0.000000000000000000e+00,-1.011821441352367401e-02,-4.361042678356170654e-01,1.662084609270095825e-01,-4.263815879821777344e-01,0.000000000000000000e+00
-2.354967445135116577e-01,1.323075033724308014e-02,8.292515873908996582e-01,3.427861630916595459e-02,-7.401680201292037964e-02,-1.007312983274459839e-01,9.915642738342285156e-01,-2.764596045017242432e-01,1.262924224138259888e-01,-2.152322232723236084e-02,2.080684602260589600e-01,8.692595362663269043e-02,-2.013376913964748383e-02,-1.301682740449905396e-02,1.173017546534538269e-02,7.932202517986297607e-02,-6.212329026311635971e-03,1.945158839225769043e-01,1.009990796446800232e-01,1.042624842375516891e-02,1.477248221635818481e-01,-2.132985740900039673e-01,3.248430490493774414e-01,3.175262734293937683e-02,-4.553260207176208496e-01,0.000000000000000000e+00,-7.090662140399217606e-03,-4.450325369834899902e-01,1.577390879392623901e-01,-4.240182936191558838e-01,0.000000000000000000e+00
-2.354504466056823730e-01,1.289638038724660873e-02,8.290573954582214355e-01,3.421585261821746826e-02,-7.405260950326919556e-02,-1.010268405079841614e-01,9.915336966514587402e-01,-2.769518494606018066e-01,1.264041066169738770e-01,-2.331655658781528473e-02,2.093619853258132935e-01,8.674116432666778564e-02,-1.880835741758346558e-02,-1.326079387217760086e-02,1.252567861229181290e-02,7.920752465724945068e-02,-5.354346707463264465e-03,1.935215145349502563e-01,9.973362833261489868e-02,1.050128042697906494e-02,1.475995630025863647e-01,-2.080578207969665527e-01,3.360188901424407959e-01,4.141015931963920593e-02,-4.580213427543640137e-01,0.000000000000000000e+00,-5.238022189587354660e-03,-4.475017488002777100e-01,1.528119891881942749e-01,-4.242864847183227539e-01,0.000000000000000000e+00
-2.354576736688613892e-01,1.268430054187774658e-02,8.290682435035705566e-01,3.410265222191810608e-02,-7.410820573568344116e-02,-1.009024679660797119e-01,9.915460944175720215e-01,-2.776039838790893555e-01,1.269970238208770752e-01,-2.412534505128860474e-02,2.103498876094818115e-01,8.670771121978759766e-02,-1.770355924963951111e-02,-1.333312224596738815e-02,1.283384952694177628e-02,7.826396077871322632e-02,-4.788450431078672409e-03,1.931777745485305786e-01,9.923143684864044189e-02,1.071467064321041107e-02,1.471525430679321289e-01,-2.040990889072418213e-01,3.408726453781127930e-01,4.632684215903282166e-02,-4.612647593021392822e-01,0.000000000000000000e+00,-3.394145518541336060e-03,-4.478982090950012207e-01,1.505357772111892700e-01,-4.247079491615295410e-01,0.000000000000000000e+00
-2.353908419609069824e-01,1.243121456354856491e-02,8.291381001472473145e-01,3.424567356705665588e-02,-7.426249235868453979e-02,-1.009039580821990967e-01,9.915294647216796875e-01,-2.773336768150329590e-01,1.265564560890197754e-01,-2.521860785782337189e-02,2.112065851688385010e-01,8.771470189094543457e-02,-1.772810891270637512e-02,-1.286175008863210678e-02,1.304570864886045456e-02,7.847630232572555542e-02,-4.747810773551464081e-03,1.932532340288162231e-01,9.769043326377868652e-02,1.063347794115543365e-02,1.478507816791534424e-01,-2.010579258203506470e-01,3.439380824565887451e-01,4.977331310510635376e-02,-4.643919765949249268e-01,0.000000000000000000e+00,-1.902029849588871002e-03,-4.477948844432830811e-01,1.497956216335296631e-01,-4.250644445419311523e-01,0.000000000000000000e+00
-2.352896034717559814e-01,1.206752005964517593e-02,8.292714953422546387e-01,3.447721526026725769e-02,-7.437270134687423706e-02,-1.009443849325180054e-01,9.915090799331665039e-01,-2.765405178070068359e-01,1.264133900403976440e-01,-2.485226653516292572e-02,2.104138135910034180e-01,8.654569834470748901e-02,-1.577024906873703003e-02,-1.207031682133674622e-02,1.294794119894504547e-02,7.778565585613250732e-02,-5.256649572402238846e-03,1.933032423257827759e-01,9.692572057247161865e-02,1.025163941085338593e-02,1.493947803974151611e-01,-1.993768364191055298e-01,3.449417054653167725e-01,5.307892709970474243e-02,-4.676152765750885010e-01,0.000000000000000000e+00,-1.821696758270263672e-03,-4.454668164253234863e-01,1.499208658933639526e-01,-4.264315664768218994e-01,0.000000000000000000e+00
-2.350537776947021484e-01,1.185821183025836945e-02,8.293347954750061035e-01,3.471786901354789734e-02,-7.448492199182510376e-02,-1.006820723414421082e-01,9.915189146995544434e-01,-2.757342159748077393e-01,1.258094012737274170e-01,-2.482421696186065674e-02,2.102580815553665161e-01,8.632094413042068481e-02,-1.562050264328718185e-02,-1.063169445842504501e-02,1.278404425829648972e-02,7.841440290212631226e-02,-6.423768587410449982e-03,1.933799833059310913e-01,9.548038989305496216e-02,1.017990987747907639e-02,1.504959166049957275e-01,-1.980849802494049072e-01,3.451703488826751709e-01,5.591462925076484680e-02,-4.700286090373992920e-01,0.000000000000000000e+00,-2.488109283149242401e-03,-4.434333443641662598e-01,1.493900120258331299e-01,-4.276262819766998291e-01,0.000000000000000000e+00
-2.347787320613861084e-01,1.158331893384456635e-02,8.292874097824096680e-01,3.508990257978439331e-02,-7.439912855625152588e-02,-1.007491201162338257e-01,9.915054440498352051e-01,-2.753420472145080566e-01,1.253931522369384766e-01,-2.418010681867599487e-02,2.101766765117645264e-01,8.672335743904113770e-02,-1.667248271405696869e-02,-1.046254672110080719e-02,1.208506245166063309e-02,7.771960645914077759e-02,-6.507438607513904572e-03,1.947064101696014404e-01,9.432554244995117188e-02,9.849321097135543823e-03,1.524053514003753662e-01,-1.979082971811294556e-01,3.450430035591125488e-01,5.820124596357345581e-02,-4.719165861606597900e-01,0.000000000000000000e+00,-2.421700395643711090e-03,-4.435291290283203125e-01,1.494831442832946777e-01,-4.275816977024078369e-01,0.000000000000000000e+00
-2.344795018434524536e-01,1.108068227767944336e-02,8.288404345512390137e-01,3.508414328098297119e-02,-7.453709840774536133e-02,-1.007057875394821167e-01,9.914997220039367676e-01,-2.747209072113037109e-01,1.264082640409469604e-01,-2.334717102348804474e-02,2.105187177658081055e-01,8.668698370456695557e-02,-2.044811658561229706e-02,-9.433233179152011871e-03,1.279072836041450500e-02,7.673394680023193359e-02,-6.582885514944791794e-03,1.952789127826690674e-01,9.474337846040725708e-02,7.102146744728088379e-03,1.502039283514022827e-01,-2.027953267097473145e-01,3.188077509403228760e-01,4.384312033653259277e-02,-4.721690416336059570e-01,0.000000000000000000e+00,-5.104748532176017761e-03,-4.357149899005889893e-01,1.576011627912521362e-01,-4.307214915752410889e-01,0.000000000000000000e+00
-2.341262847185134888e-01,1.091942004859447479e-02,8.284434676170349121e-01,3.470066562294960022e-02,-7.444150000810623169e-02,-1.006265357136726379e-01,9.915284514427185059e-01,-2.745022475719451904e-01,1.277890205383300781e-01,-2.369314618408679962e-02,2.106929123401641846e-01,8.748829364776611328e-02,-2.346418611705303192e-02,-8.933360688388347626e-03,1.402821950614452362e-02,7.571388036012649536e-02,-6.783038377761840820e-03,1.955177187919616699e-01,9.217746555805206299e-02,7.663141004741191864e-03,1.512680500745773315e-01,-2.085600495338439941e-01,3.055039048194885254e-01,3.692766651511192322e-02,-4.704500734806060791e-01,0.000000000000000000e+00,-7.118556182831525803e-03,-4.350822269916534424e-01,1.605589538812637329e-01,-4.318878948688507080e-01,0.000000000000000000e+00
-2.338374555110931396e-01,1.095496211200952530e-02,8.283535838127136230e-01,3.436024859547615051e-02,-7.434355467557907104e-02,-9.971787035465240479e-02,9.916394352912902832e-01,-2.754256129264831543e-01,1.278403401374816895e-01,-2.546937949955463409e-02,2.112592160701751709e-01,8.815433084964752197e-02,-2.488036826252937317e-02,-8.006573654711246490e-03,1.437880937010049820e-02,7.469224184751510620e-02,-7.741562556475400925e-03,1.951859891414642334e-01,9.046226739883422852e-02,9.687221609055995941e-03,1.521790772676467896e-01,-2.100725620985031128e-01,3.042325377464294434e-01,3.460446372628211975e-02,-4.678013622760772705e-01,0.000000000000000000e+00,-9.880501776933670044e-03,-4.368027150630950928e-01,1.607270091772079468e-01,-4.325058162212371826e-01,0.000000000000000000e+00
-2.336571514606475830e-01,1.082638464868068695e-02,8.281669020652770996e-01,3.376884013414382935e-02,-7.405685633420944214e-02,-9.922242909669876099e-02,9.917308688163757324e-01,-2.766844034194946289e-01,1.294009536504745483e-01,-2.681545540690422058e-02,2.120056897401809692e-01,8.951432257890701294e-02,-2.626278437674045563e-02,-8.164794184267520905e-03,1.629908755421638489e-02,7.444964349269866943e-02,-7.788322400301694870e-03,1.943762153387069702e-01,8.991511911153793335e-02,1.070260070264339447e-02,1.513127535581588745e-01,-2.122818380594253540e-01,3.016887307167053223e-01,3.172250092029571533e-02,-4.660121500492095947e-01,0.000000000000000000e+00,-1.036954578012228012e-02,-4.378878474235534668e-01,1.591869145631790161e-01,-4.322723746299743652e-01,0.000000000000000000e+00
-2.332981824874877930e-01,1.091650780290365219e-02,8.281615972518920898e-01,3.348562866449356079e-02,-7.412203401327133179e-02,-9.797274321317672729e-02,9.918598532676696777e-01,-2.777524888515472412e-01,1.286133527755737305e-01,-2.961770631372928619e-02,2.130654752254486084e-01,9.135318547487258911e-02,-2.710459381341934204e-02,-7.634447421878576279e-03,1.603499054908752441e-02,6.986466795206069946e-02,-7.087939884513616562e-03,1.947871595621109009e-01,8.943401277065277100e-02,1.195309031754732132e-02,1.509093344211578369e-01,-2.141003161668777466e-01,3.030333518981933594e-01,3.142090886831283569e-02,-4.648233056068420410e-01,0.000000000000000000e+00,-1.361658889800310135e-02,-4.373515844345092773e-01,1.585980355739593506e-01,-4.331868588924407959e-01,0.000000000000000000e+00
-2.331101894378662109e-01,1.089061144739389420e-02,8.281782865524291992e-01,3.329484537243843079e-02,-7.407881319522857666e-02,-9.676311165094375610e-02,9.919882416725158691e-01,-2.786463797092437744e-01,1.280862390995025635e-01,-3.216443583369255066e-02,2.135635316371917725e-01,9.400769323110580444e-02,-2.854578197002410889e-02,-7.121141534298658371e-03,1.614831760525703430e-02,6.883529573678970337e-02,-7.337632123380899429e-03,1.945486962795257568e-01,8.921213448047637939e-02,1.188909355551004410e-02,1.491243094205856323e-01,-2.153451889753341675e-01,3.044723570346832275e-01,3.112929500639438629e-02,-4.639662504196166992e-01,0.000000000000000000e+00,-1.486084796488285065e-02,-4.375326633453369141e-01,1.577760130167007446e-01,-4.323603510856628418e-01,0.000000000000000000e+00
-2.328688502311706543e-01,1.064421795308589935e-02,8.282495737075805664e-01,3.309293836355209351e-02,-7.409632205963134766e-02,-9.551043808460235596e-02,9.921150803565979004e-01,-2.780824601650238037e-01,1.266979277133941650e-01,-3.953920304775238037e-02,2.133421152830123901e-01,9.691761434078216553e-02,-2.836056426167488098e-02,-5.862301215529441833e-03,1.673113740980625153e-02,6.516252458095550537e-02,-8.340113796293735504e-03,1.952230632305145264e-01,8.851315826177597046e-02,1.188043970614671707e-02,1.481613963842391968e-01,-2.153932452201843262e-01,3.072698116302490234e-01,3.030890598893165588e-02,-4.639165103435516357e-01,0.000000000000000000e+00,-1.403445005416870117e-02,-4.370316267013549805e-01,1.578158140182495117e-01,-4.305836558341979980e-01,0.000000000000000000e+00
-2.326424568891525269e-01,1.049447990953922272e-02,8.283830285072326660e-01,3.303753957152366638e-02,-7.390813529491424561e-02,-9.408003091812133789e-02,9.922676086425781250e-01,-2.782118022441864014e-01,1.257238984107971191e-01,-4.404759407043457031e-02,2.127677053213119507e-01,9.961095452308654785e-02,-2.898110635578632355e-02,-5.347264930605888367e-03,1.651750877499580383e-02,6.233783438801765442e-02,-9.073621593415737152e-03,1.961466968059539795e-01,8.835464715957641602e-02,1.178821362555027008e-02,1.479057371616363525e-01,-2.160973995923995972e-01,3.091151416301727295e-01,3.024626709520816803e-02,-4.643367528915405273e-01,0.000000000000000000e+00,-1.366300135850906372e-02,-4.365688562393188477e-01,1.580824553966522217e-01,-4.299916326999664307e-01,0.000000000000000000e+00
-2.325054258108139038e-01,1.012315880507230759e-02,8.285633921623229980e-01,3.337329253554344177e-02,-7.364590466022491455e-02,-9.274122118949890137e-02,9.924018979072570801e-01,-2.780394256114959717e-01,1.242778152227401733e-01,-4.649334028363227844e-02,2.108398824930191040e-01,1.007372289896011353e-01,-2.981273457407951355e-02,-5.253259092569351196e-03,1.574410870671272278e-02,6.109784170985221863e-02,-9.364372119307518005e-03,1.964963674545288086e-01,8.889435231685638428e-02,1.095312647521495819e-02,1.486508101224899292e-01,-2.163023948669433594e-01,3.111545145511627197e-01,3.019978664815425873e-02,-4.645395576953887939e-01,0.000000000000000000e+00,-1.403199695050716400e-02,-4.352459609508514404e-01,1.592677682638168335e-01,-4.305933415889739990e-01,0.000000000000000000e+00
-2.324008196592330933e-01,9.963631629943847656e-03,8.288422226905822754e-01,3.372417762875556946e-02,-7.322642207145690918e-02,-9.209363907575607300e-02,9.924814105033874512e-01,-2.779945135116577148e-01,1.234384626150131226e-01,-4.668696597218513489e-02,2.091734409332275391e-01,1.009270474314689636e-01,-3.148604556918144226e-02,-6.027647294104099274e-03,1.513856835663318634e-02,5.941652134060859680e-02,-9.795998223125934601e-03,1.956466138362884521e-01,8.906942605972290039e-02,1.021256204694509506e-02,1.500066518783569336e-01,-2.156701385974884033e-01,3.127160072326660156e-01,2.914693206548690796e-02,-4.646764695644378662e-01,0.000000000000000000e+00,-1.380197890102863312e-02,-4.352985024452209473e-01,1.603993475437164307e-01,-4.309542179107666016e-01,0.000000000000000000e+00
-2.321719974279403687e-01,9.625377133488655090e-03,8.289015293121337891e-01,3.402059525251388550e-02,-7.311469316482543945e-02,-9.135535359382629395e-02,9.925477504730224609e-01,-2.776823043823242188e-01,1.226983070373535156e-01,-4.722010344266891479e-02,2.083153873682022095e-01,1.021593064069747925e-01,-3.330530598759651184e-02,-6.015764083713293076e-03,1.443081721663475037e-02,5.780316889286041260e-02,-9.441902860999107361e-03,1.962548345327377319e-01,8.883988112211227417e-02,9.618030861020088196e-03,1.520060747861862183e-01,-2.164935618638992310e-01,3.124667406082153320e-01,2.830813638865947723e-02,-4.652193188667297363e-01,0.000000000000000000e+00,-1.571498438715934753e-02,-4.349704682826995850e-01,1.628240793943405151e-01,-4.324964582920074463e-01,0.000000000000000000e+00
-2.320308089256286621e-01,9.350748732686042786e-03,8.289687633514404297e-01,3.428260609507560730e-02,-7.284447550773620605e-02,-9.056244790554046631e-02,9.926312565803527832e-01,-2.782532274723052979e-01,1.220516413450241089e-01,-4.831428453326225281e-02,2.078289687633514404e-01,1.034392565488815308e-01,-3.495908901095390320e-02,-6.033771205693483353e-03,1.414717826992273331e-02,5.578345432877540588e-02,-9.915467351675033569e-03,1.957271993160247803e-01,8.803378790616989136e-02,9.037407115101814270e-03,1.537599116563796997e-01,-2.178789526224136353e-01,3.106820881366729736e-01,2.859995514154434204e-02,-4.651544988155364990e-01,0.000000000000000000e+00,-1.689850725233554840e-02,-4.358315467834472656e-01,1.649960875511169434e-01,-4.331451654434204102e-01,0.000000000000000000e+00
-2.319007366895675659e-01,9.097139351069927216e-03,8.288918733596801758e-01,3.457731753587722778e-02,-7.273001223802566528e-02,-8.950868248939514160e-02,9.927250146865844727e-01,-2.789705395698547363e-01,1.212641745805740356e-01,-4.890660569071769714e-02,2.075840979814529419e-01,1.033759564161300659e-01,-3.652052953839302063e-02,-6.046243011951446533e-03,1.312833838164806366e-02,5.373073369264602661e-02,-9.824663400650024414e-03,1.967257857322692871e-01,8.603309839963912964e-02,8.985785767436027527e-03,1.542461663484573364e-01,-2.193856537342071533e-01,3.098170459270477295e-01,2.915346436202526093e-02,-4.648908078670501709e-01,0.000000000000000000e+00,-1.863489300012588501e-02,-4.372254014015197754e-01,1.664018183946609497e-01,-4.336576461791992188e-01,0.000000000000000000e+00
-2.318617850542068481e-01,8.914158679544925690e-03,8.288501501083374023e-01,3.461619466543197632e-02,-7.243746519088745117e-02,-8.832039684057235718e-02,9.928514957427978516e-01,-2.805061340332031250e-01,1.207820400595664978e-01,-5.036547407507896423e-02,2.076259404420852661e-01,1.036685109138488770e-01,-3.730514645576477051e-02,-6.143285892903804779e-03,1.325913146138191223e-02,5.086085200309753418e-02,-1.069037243723869324e-02,1.954445987939834595e-01,8.535395562648773193e-02,9.106021374464035034e-03,1.543108075857162476e-01,-2.198751866817474365e-01,3.092872798442840576e-01,2.814515680074691772e-02,-4.641463756561279297e-01,0.000000000000000000e+00,-2.036505378782749176e-02,-4.392993450164794922e-01,1.677390486001968384e-01,-4.341563284397125244e-01,0.000000000000000000e+00
-2.317097634077072144e-01,8.690563961863517761e-03,8.287411332130432129e-01,3.457844257354736328e-02,-7.219041883945465088e-02,-8.708623796701431274e-02,9.929797649383544922e-01,-2.816151082515716553e-01,1.201913729310035706e-01,-5.275322124361991882e-02,2.078148573637008667e-01,1.044675558805465698e-01,-3.880265727639198303e-02,-6.457872223109006882e-03,1.354610081762075424e-02,4.823867976665496826e-02,-1.012722868472337723e-02,1.958044320344924927e-01,8.457760512828826904e-02,9.761423803865909576e-03,1.544392108917236328e-01,-2.195969521999359131e-01,3.069263994693756104e-01,2.672630175948143005e-02,-4.627768993377685547e-01,0.000000000000000000e+00,-2.207104861736297607e-02,-4.412306845188140869e-01,1.714563965797424316e-01,-4.355856478214263916e-01,0.000000000000000000e+00
-2.316327691078186035e-01,8.621905930340290070e-03,8.287285566329956055e-01,3.433634340763092041e-02,-7.215201109647750854e-02,-8.563033491373062134e-02,9.931175708770751953e-01,-2.824764847755432129e-01,1.199085414409637451e-01,-5.601138249039649963e-02,2.079617828130722046e-01,1.042474582791328430e-01,-3.973337635397911072e-02,-5.907711572945117950e-03,1.389235071837902069e-02,4.646373540163040161e-02,-1.045908033847808838e-02,1.952677518129348755e-01,8.385019749402999878e-02,1.113311201333999634e-02,1.527821123600006104e-01,-2.195303589105606079e-01,3.080112934112548828e-01,2.603539265692234039e-02,-4.626317024230957031e-01,0.000000000000000000e+00,-2.443604171276092529e-02,-4.410222172737121582e-01,1.689679622650146484e-01,-4.361047148704528809e-01,0.000000000000000000e+00
-2.317796647548675537e-01,8.359484374523162842e-03,8.286299705505371094e-01,3.396065905690193176e-02,-7.217205315828323364e-02,-8.389893919229507446e-02,9.932768344879150391e-01,-2.840411067008972168e-01,1.200218573212623596e-01,-5.854930728673934937e-02,2.082597762346267700e-01,1.055447161197662354e-01,-4.172381386160850525e-02,-5.664425902068614960e-03,1.467315666377544403e-02,4.420597851276397705e-02,-1.064381934702396393e-02,1.948920190334320068e-01,8.462965488433837891e-02,1.246525812894105911e-02,1.523023694753646851e-01,-2.190274298191070557e-01,3.099477589130401611e-01,2.452761679887771606e-02,-4.623606503009796143e-01,0.000000000000000000e+00,-2.471655607223510742e-02,-4.402031302452087402e-01,1.675019711256027222e-01,-4.352364540100097656e-01,0.000000000000000000e+00
-2.318661063909530640e-01,8.066995069384574890e-03,8.285921216011047363e-01,3.390024974942207336e-02,-7.203870266675949097e-02,-8.243177831172943115e-02,9.934114217758178711e-01,-2.853970825672149658e-01,1.197675764560699463e-01,-6.058277189731597900e-02,2.081896960735321045e-01,1.067037358880043030e-01,-4.285444691777229309e-02,-6.014650687575340271e-03,1.487429067492485046e-02,4.242269694805145264e-02,-1.039603911340236664e-02,1.940854340791702271e-01,8.515322208404541016e-02,1.296968292444944382e-02,1.527007818222045898e-01,-2.189539223909378052e-01,3.112036585807800293e-01,2.400532178580760956e-02,-4.625854492187500000e-01,0.000000000000000000e+00,-2.356492727994918823e-02,-4.395519196987152100e-01,1.677400916814804077e-01,-4.341334402561187744e-01,0.000000000000000000e+00
-2.319679707288742065e-01,7.689057383686304092e-03,8.287164568901062012e-01,3.396837040781974792e-02,-7.184716314077377319e-02,-8.115881681442260742e-02,9.935277700424194336e-01,-2.865587770938873291e-01,1.196891292929649353e-01,-6.066974624991416931e-02,2.074763178825378418e-01,1.071795970201492310e-01,-4.475945234298706055e-02,-6.766189821064472198e-03,1.526726037263870239e-02,3.897779062390327454e-02,-9.883708320558071136e-03,1.935291588306427002e-01,8.579935878515243530e-02,1.345679443329572678e-02,1.543525308370590210e-01,-2.180596888065338135e-01,3.086540400981903076e-01,2.507481165230274200e-02,-4.618673026561737061e-01,0.000000000000000000e+00,-2.213467843830585480e-02,-4.408300220966339111e-01,1.721760630607604980e-01,-4.361884891986846924e-01,0.000000000000000000e+00
-2.321479767560958862e-01,7.381633389741182327e-03,8.288466334342956543e-01,3.418103232979774475e-02,-7.222387939691543579e-02,-8.108036965131759644e-02,9.934995174407958984e-01,-2.845097780227661133e-01,1.180858388543128967e-01,-6.688475608825683594e-02,2.060908079147338867e-01,1.048446148633956909e-01,-4.327455908060073853e-02,-6.372666917741298676e-03,1.495402306318283081e-02,3.887558728456497192e-02,-9.155565872788429260e-03,1.928264647722244263e-01,8.488392829895019531e-02,1.370781473815441132e-02,1.560031473636627197e-01,-2.178619652986526489e-01,3.090295195579528809e-01,2.566866576671600342e-02,-4.618392884731292725e-01,0.000000000000000000e+00,-2.222306467592716217e-02,-4.376561045646667480e-01,1.714171469211578369e-01,-4.357689917087554932e-01,0.000000000000000000e+00
-2.322525829076766968e-01,7.049520965665578842e-03,8.289131522178649902e-01,3.436558693647384644e-02,-7.237651944160461426e-02,-7.976067811250686646e-02,9.935888648033142090e-01,-2.850720286369323730e-01,1.176158711314201355e-01,-6.773877888917922974e-02,2.061979472637176514e-01,1.050083786249160767e-01,-4.341759532690048218e-02,-6.347889546304941177e-03,1.471255626529455185e-02,3.800519928336143494e-02,-8.504299446940422058e-03,1.924260854721069336e-01,8.591733872890472412e-02,1.362408977001905441e-02,1.569163799285888672e-01,-2.190525978803634644e-01,3.096827864646911621e-01,2.620019949972629547e-02,-4.629938006401062012e-01,0.000000000000000000e+00,-2.161329053342342377e-02,-4.364773035049438477e-01,1.728307902812957764e-01,-4.353808462619781494e-01,0.000000000000000000e+00
-2.323998957872390747e-01,6.664610933512449265e-03,8.289386630058288574e-01,3.442728146910667419e-02,-7.240337133407592773e-02,-7.898279279470443726e-02,9.936469197273254395e-01,-2.854093611240386963e-01,1.174542233347892761e-01,-6.887128949165344238e-02,2.060723453760147095e-01,1.070224419236183167e-01,-4.433664679527282715e-02,-6.443973630666732788e-03,1.485527586191892624e-02,3.576470538973808289e-02,-8.224281482398509979e-03,1.917486786842346191e-01,8.536301553249359131e-02,1.397241931408643723e-02,1.582607030868530273e-01,-2.195650488138198853e-01,3.080317676067352295e-01,2.722968161106109619e-02,-4.625931084156036377e-01,0.000000000000000000e+00,-2.030634135007858276e-02,-4.345919191837310791e-01,1.738732755184173584e-01,-4.350220859050750732e-01,0.000000000000000000e+00
-2.325270324945449829e-01,6.326384842395782471e-03,8.289567828178405762e-01,3.443171828985214233e-02,-7.242419570684432983e-02,-7.844827324151992798e-02,9.936876296997070312e-01,-2.852962911128997803e-01,1.175652295351028442e-01,-7.070922106504440308e-02,2.053444683551788330e-01,1.069482192397117615e-01,-4.441796615719795227e-02,-6.577878259122371674e-03,1.537210959941148758e-02,3.406852856278419495e-02,-7.724577095359563828e-03,1.915243119001388550e-01,8.395411819219589233e-02,1.393190119415521622e-02,1.592575311660766602e-01,-2.206424623727798462e-01,3.084052503108978271e-01,2.802503667771816254e-02,-4.632589519023895264e-01,0.000000000000000000e+00,-2.063366398215293884e-02,-4.361732006072998047e-01,1.746092587709426880e-01,-4.353090822696685791e-01,0.000000000000000000e+00
-2.326426059007644653e-01,5.680398549884557724e-03,8.289054632186889648e-01,3.460353240370750427e-02,-7.262373715639114380e-02,-7.724961638450622559e-02,9.937610030174255371e-01,-2.855758368968963623e-01,1.174760311841964722e-01,-7.170303165912628174e-02,2.049848288297653198e-01,1.067866384983062744e-01,-4.509110376238822937e-02,-6.358688697218894958e-03,1.576257310807704926e-02,3.293292969465255737e-02,-7.459633052349090576e-03,1.906303912401199341e-01,8.562640845775604248e-02,1.311800163239240646e-02,1.606728434562683105e-01,-2.206672877073287964e-01,3.009603023529052734e-01,3.093391098082065582e-02,-4.623162150382995605e-01,0.000000000000000000e+00,-1.987624913454055786e-02,-4.367858171463012695e-01,1.753126233816146851e-01,-4.354747235774993896e-01,0.000000000000000000e+00
-2.328170686960220337e-01,5.408706609159708023e-03,8.288803696632385254e-01,3.472302481532096863e-02,-7.286275178194046021e-02,-7.657342404127120972e-02,9.937916398048400879e-01,-2.855729162693023682e-01,1.177544370293617249e-01,-7.150208204984664917e-02,2.051291018724441528e-01,1.065009236335754395e-01,-4.479065164923667908e-02,-5.895754788070917130e-03,1.571147143840789795e-02,3.157413750886917114e-02,-7.549771573394536972e-03,1.892983913421630859e-01,8.706756681203842163e-02,1.350600738078355789e-02,1.609630584716796875e-01,-2.210830003023147583e-01,2.977488636970520020e-01,3.273278102278709412e-02,-4.613423645496368408e-01,0.000000000000000000e+00,-2.068537287414073944e-02,-4.369822442531585693e-01,1.743142455816268921e-01,-4.359926879405975342e-01,0.000000000000000000e+00
-2.329219281673431396e-01,5.013275425881147385e-03,8.288051486015319824e-01,3.496145084500312805e-02,-7.303655147552490234e-02,-7.602158933877944946e-02,9.938129186630249023e-01,-2.857260704040527344e-01,1.180529147386550903e-01,-6.975135207176208496e-02,2.048947513103485107e-01,1.061233803629875183e-01,-4.577410593628883362e-02,-5.648646503686904907e-03,1.546887401491403580e-02,3.009739145636558533e-02,-6.945708766579627991e-03,1.906469762325286865e-01,8.628948777914047241e-02,1.315456163138151169e-02,1.615601330995559692e-01,-2.213705927133560181e-01,2.971176505088806152e-01,3.412747010588645935e-02,-4.612527787685394287e-01,0.000000000000000000e+00,-2.098687365651130676e-02,-4.383428990840911865e-01,1.728604733943939209e-01,-4.360678493976593018e-01,0.000000000000000000e+00
-2.330929934978485107e-01,4.535140004009008408e-03,8.288416862487792969e-01,3.525583446025848389e-02,-7.333264499902725220e-02,-7.567162066698074341e-02,9.938073754310607910e-01,-2.852643430233001709e-01,1.177836284041404724e-01,-6.949333846569061279e-02,2.047863006591796875e-01,1.055105626583099365e-01,-4.486380144953727722e-02,-4.934084601700305939e-03,1.543323509395122528e-02,2.995795942842960358e-02,-7.624400779604911804e-03,1.908014714717864990e-01,8.664119243621826172e-02,1.267076004296541214e-02,1.623593270778656006e-01,-2.222300916910171509e-01,2.961580157279968262e-01,3.531936928629875183e-02,-4.613618552684783936e-01,0.000000000000000000e+00,-2.206744812428951263e-02,-4.393428862094879150e-01,1.731327325105667114e-01,-4.366713464260101318e-01,0.000000000000000000e+00
-2.332293093204498291e-01,4.139372613281011581e-03,8.289445042610168457e-01,3.559038788080215454e-02,-7.347915321588516235e-02,-7.584922015666961670e-02,9.937711358070373535e-01,-2.843720316886901855e-01,1.175303161144256592e-01,-7.014467567205429077e-02,2.040814608335494995e-01,1.029268801212310791e-01,-4.394455254077911377e-02,-4.488724283874034882e-03,1.526805013418197632e-02,2.933871746063232422e-02,-8.007834665477275848e-03,1.914902776479721069e-01,8.640546351671218872e-02,1.247287727892398834e-02,1.628574430942535400e-01,-2.211657464504241943e-01,2.978712320327758789e-01,3.577720373868942261e-02,-4.610038101673126221e-01,0.000000000000000000e+00,-2.401484735310077667e-02,-4.412949383258819580e-01,1.708691865205764771e-01,-4.367432296276092529e-01,0.000000000000000000e+00
-2.332870960235595703e-01,3.805319080129265785e-03,8.290519714355468750e-01,3.579895198345184326e-02,-7.355941832065582275e-02,-7.607742398977279663e-02,9.937402606010437012e-01,-2.846436202526092529e-01,1.185823604464530945e-01,-6.637538224458694458e-02,2.043984383344650269e-01,1.017976552248001099e-01,-4.354407638311386108e-02,-4.557415843009948730e-03,1.508693490177392960e-02,2.612187340855598450e-02,-7.499700877815485001e-03,1.921346187591552734e-01,8.518750220537185669e-02,1.225823815912008286e-02,1.645288467407226562e-01,-2.213462144136428833e-01,2.974784374237060547e-01,3.744903579354286194e-02,-4.608836174011230469e-01,0.000000000000000000e+00,-2.520537748932838440e-02,-4.428990185260772705e-01,1.715501546859741211e-01,-4.370956718921661377e-01,0.000000000000000000e+00
-2.333090007305145264e-01,3.373587038367986679e-03,8.290292620658874512e-01,3.625727817416191101e-02,-7.371221482753753662e-02,-7.677601277828216553e-02,9.936586022377014160e-01,-2.827319204807281494e-01,1.174324303865432739e-01,-6.994520127773284912e-02,2.039278596639633179e-01,9.946503490209579468e-02,-4.111240431666374207e-02,-3.910237923264503479e-03,1.481611467897891998e-02,2.794270776212215424e-02,-8.147249929606914520e-03,1.916249394416809082e-01,8.546900004148483276e-02,1.182029210031032562e-02,1.667685061693191528e-01,-2.217238247394561768e-01,2.969603538513183594e-01,3.779106214642524719e-02,-4.609958529472351074e-01,0.000000000000000000e+00,-2.592614106833934784e-02,-4.441043436527252197e-01,1.736859679222106934e-01,-4.377315938472747803e-01,0.000000000000000000e+00
-2.333889156579971313e-01,3.178407903760671616e-03,8.286838531494140625e-01,3.652645647525787354e-02,-7.363985478878021240e-02,-7.645117491483688354e-02,9.936791062355041504e-01,-2.842138707637786865e-01,1.183499321341514587e-01,-6.463564932346343994e-02,2.047762274742126465e-01,9.838771820068359375e-02,-4.150514677166938782e-02,-4.319465253502130508e-03,1.455324515700340271e-02,2.662908099591732025e-02,-7.899512536823749542e-03,1.930097341537475586e-01,8.647825568914413452e-02,1.219382416456937790e-02,1.665287464857101440e-01,-2.225911319255828857e-01,2.974590659141540527e-01,3.617887943983078003e-02,-4.613673985004425049e-01,0.000000000000000000e+00,-2.942290902137756348e-02,-4.533055126667022705e-01,1.761803030967712402e-01,-4.404721856117248535e-01,0.000000000000000000e+00
-2.334996312856674194e-01,3.002451267093420029e-03,8.287059664726257324e-01,3.678259998559951782e-02,-7.357599586248397827e-02,-7.692820578813552856e-02,9.936376214027404785e-01,-2.841133475303649902e-01,1.184220686554908752e-01,-6.339925527572631836e-02,2.049220353364944458e-01,9.683132916688919067e-02,-4.056280478835105896e-02,-4.427219275385141373e-03,1.431125309318304062e-02,2.895784936845302582e-02,-8.517359383404254913e-03,1.924874037504196167e-01,8.797661960124969482e-02,1.227335911244153976e-02,1.659021079540252686e-01,-2.220644354820251465e-01,2.963226437568664551e-01,3.635276854038238525e-02,-4.607210159301757812e-01,0.000000000000000000e+00,-3.033827245235443115e-02,-4.576396346092224121e-01,1.768534481525421143e-01,-4.414622783660888672e-01,0.000000000000000000e+00
-2.333765327930450439e-01,3.046950558200478554e-03,8.286500573158264160e-01,3.695160895586013794e-02,-7.342156767845153809e-02,-7.801382988691329956e-02,9.935581088066101074e-01,-2.831646502017974854e-01,1.177868172526359558e-01,-6.583514064550399780e-02,2.054049074649810791e-01,9.631814807653427124e-02,-4.018113762140274048e-02,-4.527727607637643814e-03,1.405242923647165298e-02,3.074854239821434021e-02,-8.835999295115470886e-03,1.927144974470138550e-01,8.689644187688827515e-02,1.309162378311157227e-02,1.652515828609466553e-01,-2.228671461343765259e-01,3.023014068603515625e-01,3.130425512790679932e-02,-4.623683393001556396e-01,0.000000000000000000e+00,-3.107759729027748108e-02,-4.604016542434692383e-01,1.791513413190841675e-01,-4.430525004863739014e-01,0.000000000000000000e+00
-2.333821505308151245e-01,2.806037431582808495e-03,8.288777470588684082e-01,3.693512082099914551e-02,-7.340650260448455811e-02,-7.853008806705474854e-02,9.935191273689270020e-01,-2.835640311241149902e-01,1.180623918771743774e-01,-6.542753428220748901e-02,2.058043777942657471e-01,9.547504037618637085e-02,-3.832692280411720276e-02,-4.669836722314357758e-03,1.454560179263353348e-02,3.040286153554916382e-02,-8.771278895437717438e-03,1.940182447433471680e-01,8.628046512603759766e-02,1.249492261558771133e-02,1.636129021644592285e-01,-2.212134450674057007e-01,2.967521250247955322e-01,3.379637375473976135e-02,-4.615744054317474365e-01,0.000000000000000000e+00,-2.719167247414588928e-02,-4.497538208961486816e-01,1.754986047744750977e-01,-4.411640763282775879e-01,0.000000000000000000e+00
-2.333811521530151367e-01,2.675687195733189583e-03,8.289254903793334961e-01,3.706590086221694946e-02,-7.354218512773513794e-02,-7.877064496278762817e-02,9.934852123260498047e-01,-2.826950848102569580e-01,1.181822046637535095e-01,-6.611812114715576172e-02,2.063367813825607300e-01,9.429582953453063965e-02,-3.774138540029525757e-02,-3.758179023861885071e-03,1.464494783431291580e-02,3.225054219365119934e-02,-9.775180369615554810e-03,1.929607987403869629e-01,8.602668344974517822e-02,1.214954536408185959e-02,1.614943444728851318e-01,-2.228081673383712769e-01,3.007961511611938477e-01,3.206029534339904785e-02,-4.629797935485839844e-01,0.000000000000000000e+00,-2.618308551609516144e-02,-4.458874166011810303e-01,1.736909002065658569e-01,-4.399347305297851562e-01,0.000000000000000000e+00
-2.333386391401290894e-01,2.234579762443900108e-03,8.289151787757873535e-01,3.750963881611824036e-02,-7.367014139890670776e-02,-7.942707836627960205e-02,9.934068322181701660e-01,-2.817972004413604736e-01,1.179729029536247253e-01,-6.525796651840209961e-02,2.062581777572631836e-01,9.170027077198028564e-02,-3.605379164218902588e-02,-3.620513482019305229e-03,1.423287019133567810e-02,3.256414085626602173e-02,-9.496039710938930511e-03,1.935260593891143799e-01,8.586522936820983887e-02,1.010468881577253342e-02,1.617230921983718872e-01,-2.237033247947692871e-01,2.975594103336334229e-01,3.446584194898605347e-02,-4.628939926624298096e-01,0.000000000000000000e+00,-2.532025426626205444e-02,-4.437757432460784912e-01,1.722628027200698853e-01,-4.391302168369293213e-01,0.000000000000000000e+00
-2.332686632871627808e-01,2.123218728229403496e-03,8.289175629615783691e-01,3.769363462924957275e-02,-7.359150797128677368e-02,-7.974012196063995361e-02,9.933806061744689941e-01,-2.819552421569824219e-01,1.183643192052841187e-01,-6.254415214061737061e-02,2.064419984817504883e-01,8.970641344785690308e-02,-3.601719439029693604e-02,-3.859512740746140480e-03,1.395256631076335907e-02,3.153921663761138916e-02,-9.510372765362262726e-03,1.945699751377105713e-01,8.552671223878860474e-02,9.845070540904998779e-03,1.598691195249557495e-01,-2.247765213251113892e-01,2.990292012691497803e-01,3.402917832136154175e-02,-4.634250402450561523e-01,0.000000000000000000e+00,-2.408497035503387451e-02,-4.395038187503814697e-01,1.699118167161941528e-01,-4.381021261215209961e-01,0.000000000000000000e+00
-2.332281768321990967e-01,1.891291933134198189e-03,8.289619088172912598e-01,3.788966685533523560e-02,-7.369373738765716553e-02,-8.026392757892608643e-02,9.933233857154846191e-01,-2.808415591716766357e-01,1.182355508208274841e-01,-6.278654932975769043e-02,2.062325477600097656e-01,8.830357342958450317e-02,-3.405722975730895996e-02,-3.026221180334687233e-03,1.422466244548559189e-02,3.489362448453903198e-02,-1.041911076754331589e-02,1.931221187114715576e-01,8.677323162555694580e-02,9.198721498250961304e-03,1.585532277822494507e-01,-2.261892855167388916e-01,3.059217929840087891e-01,3.176044300198554993e-02,-4.646077156066894531e-01,0.000000000000000000e+00,-2.384159713983535767e-02,-4.385874569416046143e-01,1.688724607229232788e-01,-4.376144707202911377e-01,0.000000000000000000e+00
-2.331046164035797119e-01,1.571465749293565750e-03,8.288720846176147461e-01,3.825864195823669434e-02,-7.376576215028762817e-02,-8.056456595659255981e-02,9.932795166969299316e-01,-2.810367941856384277e-01,1.190792992711067200e-01,-5.730876326560974121e-02,2.064930498600006104e-01,8.670361340045928955e-02,-3.584783896803855896e-02,-2.962819533422589302e-03,1.376498583704233170e-02,3.441838920116424561e-02,-9.890491142868995667e-03,1.932172477245330811e-01,8.693096041679382324e-02,7.417691405862569809e-03,1.581064164638519287e-01,-2.274783402681350708e-01,3.001759648323059082e-01,3.383971005678176880e-02,-4.641111791133880615e-01,0.000000000000000000e+00,-2.447778545320034027e-02,-4.430188834667205811e-01,1.713597625494003296e-01,-4.399085342884063721e-01,0.000000000000000000e+00
-2.329502403736114502e-01,1.681357854977250099e-03,8.288155198097229004e-01,3.839647769927978516e-02,-7.377500832080841064e-02,-8.137767761945724487e-02,9.932072162628173828e-01,-2.799842655658721924e-01,1.188532114028930664e-01,-5.669652298092842102e-02,2.065624892711639404e-01,8.542902767658233643e-02,-3.466284647583961487e-02,-2.477710833773016930e-03,1.358450576663017273e-02,3.625813499093055725e-02,-1.039336062967777252e-02,1.933154165744781494e-01,8.646606653928756714e-02,7.844951935112476349e-03,1.569623053073883057e-01,-2.287004292011260986e-01,3.008406460285186768e-01,3.285994753241539001e-02,-4.645484685897827148e-01,0.000000000000000000e+00,-2.521926723420619965e-02,-4.436899721622467041e-01,1.719445437192916870e-01,-4.418065845966339111e-01,0.000000000000000000e+00
-2.328050285577774048e-01,1.679036766290664673e-03,8.288763165473937988e-01,3.851128742098808289e-02,-7.385963201522827148e-02,-8.188590407371520996e-02,9.931547641754150391e-01,-2.789257168769836426e-01,1.186209246516227722e-01,-5.708486959338188171e-02,2.066004723310470581e-01,8.404225856065750122e-02,-3.373595699667930603e-02,-1.781445113010704517e-03,1.323857903480529785e-02,3.979603946208953857e-02,-1.183738652616739273e-02,1.915284693241119385e-01,8.567421138286590576e-02,7.676794193685054779e-03,1.551220417022705078e-01,-2.289980351924896240e-01,3.028014004230499268e-01,3.199825063347816467e-02,-4.647316932678222656e-01,0.000000000000000000e+00,-2.735244296491146088e-02,-4.460770487785339355e-01,1.719422936439514160e-01,-4.442290067672729492e-01,0.000000000000000000e+00
-2.326666712760925293e-01,1.714267418719828129e-03,8.288563489913940430e-01,3.843230009078979492e-02,-7.380248606204986572e-02,-8.218885958194732666e-02,9.931370019912719727e-01,-2.795999348163604736e-01,1.193003132939338684e-01,-5.386811494827270508e-02,2.072670608758926392e-01,8.278608322143554688e-02,-3.431772813200950623e-02,-1.966864336282014847e-03,1.352710276842117310e-02,3.832935169339179993e-02,-1.070752087980508804e-02,1.931595653295516968e-01,8.767037093639373779e-02,7.494643330574035645e-03,1.527904421091079712e-01,-2.283993810415267944e-01,3.014708459377288818e-01,3.191189095377922058e-02,-4.648571908473968506e-01,0.000000000000000000e+00,-2.971222065389156342e-02,-4.448744654655456543e-01,1.684014648199081421e-01,-4.448845684528350830e-01,0.000000000000000000e+00
-2.325382679700851440e-01,1.651725615374743938e-03,8.288072347640991211e-01,3.848559036850929260e-02,-7.356673479080200195e-02,-8.256626874208450317e-02,9.931211471557617188e-01,-2.795298099517822266e-01,1.195452213287353516e-01,-5.301273241639137268e-02,2.070652842521667480e-01,8.299808949232101440e-02,-3.365673497319221497e-02,-2.327701076865196228e-03,1.344674546271562576e-02,3.951131179928779602e-02,-1.160746160894632339e-02,1.913097947835922241e-01,8.364085108041763306e-02,7.138406857848167419e-03,1.525756865739822388e-01,-2.277624458074569702e-01,2.977777719497680664e-01,3.259172663092613220e-02,-4.641696810722351074e-01,0.000000000000000000e+00,-2.905255556106567383e-02,-4.476840794086456299e-01,1.722057014703750610e-01,-4.454186558723449707e-01,0.000000000000000000e+00
-2.323147952556610107e-01,1.905416138470172882e-03,8.287725448608398438e-01,3.839888051152229309e-02,-7.335413247346878052e-02,-8.295021951198577881e-02,9.931082129478454590e-01,-2.796753942966461182e-01,1.198893040418624878e-01,-5.133587494492530823e-02,2.071744352579116821e-01,8.326277136802673340e-02,-3.408970683813095093e-02,-2.616474637761712074e-03,1.398583222180604935e-02,3.856218606233596802e-02,-1.080366875976324081e-02,1.921801567077636719e-01,8.389329165220260620e-02,8.619118481874465942e-03,1.517161577939987183e-01,-2.274331450462341309e-01,3.002633154392242432e-01,3.053092211484909058e-02,-4.636107087135314941e-01,0.000000000000000000e+00,-2.863897010684013367e-02,-4.476658105850219727e-01,1.731256991624832153e-01,-4.469138383865356445e-01,0.000000000000000000e+00
-2.320409566164016724e-01,1.795341144315898418e-03,8.287810087203979492e-01,3.838120773434638977e-02,-7.325462251901626587e-02,-8.323455601930618286e-02,9.930924773216247559e-01,-2.791475653648376465e-01,1.200422272086143494e-01,-5.172808468341827393e-02,2.068199515342712402e-01,8.343923836946487427e-02,-3.332227841019630432e-02,-2.455519977957010269e-03,1.392489299178123474e-02,4.065751284360885620e-02,-1.112852338701486588e-02,1.914996355772018433e-01,8.615143597126007080e-02,8.393036201596260071e-03,1.512410938739776611e-01,-2.270992696285247803e-01,2.999228835105895996e-01,2.940034493803977966e-02,-4.632062911987304688e-01,0.000000000000000000e+00,-2.777374349534511566e-02,-4.459440112113952637e-01,1.726805269718170166e-01,-4.475610554218292236e-01,0.000000000000000000e+00
-2.317644804716110229e-01,1.895175664685666561e-03,8.288323879241943359e-01,3.841372951865196228e-02,-7.293144613504409790e-02,-8.345882594585418701e-02,9.930961728096008301e-01,-2.797006964683532715e-01,1.202924400568008423e-01,-5.024723708629608154e-02,2.071041166782379150e-01,8.466207981109619141e-02,-3.334760665893554688e-02,-3.127391915768384933e-03,1.373901497572660446e-02,3.924743831157684326e-02,-1.038661040365695953e-02,1.924440413713455200e-01,8.682987093925476074e-02,8.569509722292423248e-03,1.513178348541259766e-01,-2.267660945653915405e-01,2.982468903064727783e-01,2.827099151909351349e-02,-4.625999927520751953e-01,0.000000000000000000e+00,-2.612899988889694214e-02,-4.450055658817291260e-01,1.737872809171676636e-01,-4.481841623783111572e-01,0.000000000000000000e+00
-2.315327227115631104e-01,1.978112151846289635e-03,8.289180397987365723e-01,3.843728452920913696e-02,-7.276251912117004395e-02,-8.333304524421691895e-02,9.931182265281677246e-01,-2.795709371566772461e-01,1.199986711144447327e-01,-4.989394918084144592e-02,2.068237364292144775e-01,8.497229963541030884e-02,-3.389288112521171570e-02,-3.052247222512960434e-03,1.323501393198966980e-02,4.108191281557083130e-02,-1.140997558832168579e-02,1.909401714801788330e-01,8.528387546539306641e-02,8.500327356159687042e-03,1.509273350238800049e-01,-2.262271642684936523e-01,2.960661649703979492e-01,2.745125629007816315e-02,-4.620526731014251709e-01,0.000000000000000000e+00,-2.500286698341369629e-02,-4.438482820987701416e-01,1.741281598806381226e-01,-4.485565721988677979e-01,0.000000000000000000e+00
-2.312610298395156860e-01,2.136528724804520607e-03,8.289687633514404297e-01,3.831144794821739197e-02,-7.243090122938156128e-02,-8.330092579126358032e-02,9.931499958038330078e-01,-2.798438370227813721e-01,1.202211752533912659e-01,-4.957726597785949707e-02,2.065184563398361206e-01,8.518610149621963501e-02,-3.376831486821174622e-02,-3.278558375313878059e-03,1.336607616394758224e-02,4.184767976403236389e-02,-1.173407863825559616e-02,1.898403465747833252e-01,8.269006013870239258e-02,8.876417763531208038e-03,1.506279557943344116e-01,-2.253952473402023315e-01,2.973928153514862061e-01,2.470735833048820496e-02,-4.619431495666503906e-01,0.000000000000000000e+00,-2.469804324209690094e-02,-4.433389008045196533e-01,1.737816631793975830e-01,-4.491585195064544678e-01,0.000000000000000000e+00
-2.309471815824508667e-01,2.111055655404925346e-03,8.290511965751647949e-01,3.831291943788528442e-02,-7.222849130630493164e-02,-8.344186842441558838e-02,9.931528568267822266e-01,-2.796272337436676025e-01,1.201307252049446106e-01,-4.984315112233161926e-02,2.061931043863296509e-01,8.526334911584854126e-02,-3.357062861323356628e-02,-3.541278885677456856e-03,1.339024677872657776e-02,4.062780737876892090e-02,-1.129095442593097687e-02,1.905652135610580444e-01,8.295080065727233887e-02,8.704508654773235321e-03,1.515415310859680176e-01,-2.248799353837966919e-01,2.968334555625915527e-01,2.396237477660179138e-02,-4.615913927555084229e-01,0.000000000000000000e+00,-2.428262121975421906e-02,-4.426516294479370117e-01,1.741184592247009277e-01,-4.496922194957733154e-01,0.000000000000000000e+00
-2.307097911834716797e-01,2.159507013857364655e-03,8.291125893592834473e-01,3.825813904404640198e-02,-7.208865880966186523e-02,-8.332534879446029663e-02,9.931749105453491211e-01,-2.794990837574005127e-01,1.200602427124977112e-01,-5.001911520957946777e-02,2.060203552246093750e-01,8.509474992752075195e-02,-3.459977358579635620e-02,-3.349418984726071358e-03,1.380978245288133621e-02,3.840634226799011230e-02,-1.064480468630790710e-02,1.919727176427841187e-01,8.421926945447921753e-02,8.805525489151477814e-03,1.522284448146820068e-01,-2.255864739418029785e-01,2.956234812736511230e-01,2.422265149652957916e-02,-4.615405201911926270e-01,0.000000000000000000e+00,-2.469570189714431763e-02,-4.413181245326995850e-01,1.737557053565979004e-01,-4.503662288188934326e-01,0.000000000000000000e+00
-2.304694056510925293e-01,2.295208862051367760e-03,8.291410207748413086e-01,3.825045377016067505e-02,-7.214552909135818481e-02,-8.319018036127090454e-02,9.931824207305908203e-01,-2.785511016845703125e-01,1.194716766476631165e-01,-5.138179659843444824e-02,2.055059522390365601e-01,8.447770774364471436e-02,-3.222543373703956604e-02,-2.554491162300109863e-03,1.328609604388475418e-02,4.096142202615737915e-02,-1.126531977206468582e-02,1.920841187238693237e-01,8.567067235708236694e-02,8.751808665692806244e-03,1.510136425495147705e-01,-2.265913784503936768e-01,2.974304258823394775e-01,2.406084723770618439e-02,-4.618670642375946045e-01,0.000000000000000000e+00,-2.784114703536033630e-02,-4.369305968284606934e-01,1.683328598737716675e-01,-4.489141702651977539e-01,0.000000000000000000e+00
-2.301827073097229004e-01,2.199525246396660805e-03,8.291239142417907715e-01,3.857256844639778137e-02,-7.179588824510574341e-02,-8.324997872114181519e-02,9.931902885437011719e-01,-2.784972488880157471e-01,1.183994263410568237e-01,-5.312337353825569153e-02,2.054209411144256592e-01,8.369994908571243286e-02,-3.148065879940986633e-02,-3.084114054217934608e-03,1.268289890140295029e-02,4.003451392054557800e-02,-1.106141228228807449e-02,1.923979520797729492e-01,8.536815643310546875e-02,7.495073135942220688e-03,1.531470119953155518e-01,-2.268350273370742798e-01,2.928404808044433594e-01,2.466860041022300720e-02,-4.611181318759918213e-01,0.000000000000000000e+00,-2.896481193602085114e-02,-4.364324808120727539e-01,1.683901548385620117e-01,-4.485208094120025635e-01,0.000000000000000000e+00
-2.299455851316452026e-01,2.562123583629727364e-03,8.291961550712585449e-01,3.856650367379188538e-02,-7.163453102111816406e-02,-8.279477804899215698e-02,9.932402372360229492e-01,-2.791328132152557373e-01,1.182010248303413391e-01,-5.087557062506675720e-02,2.055341303348541260e-01,8.329246193170547485e-02,-3.106828220188617706e-02,-3.058670321479439735e-03,1.182539854198694229e-02,4.333501309156417847e-02,-1.196766924113035202e-02,1.898362785577774048e-01,8.547677844762802124e-02,8.069594390690326691e-03,1.507997363805770874e-01,-2.278150618076324463e-01,2.959512472152709961e-01,2.244058437645435333e-02,-4.608007967472076416e-01,0.000000000000000000e+00,-3.196473792195320129e-02,-4.349440932273864746e-01,1.653635203838348389e-01,-4.471645057201385498e-01,0.000000000000000000e+00
-2.295983433723449707e-01,2.668417058885097504e-03,8.292748332023620605e-01,3.844297677278518677e-02,-7.132231444120407104e-02,-8.342818170785903931e-02,9.932144880294799805e-01,-2.789092957973480225e-01,1.182146370410919189e-01,-5.246831476688385010e-02,2.062638401985168457e-01,8.260418474674224854e-02,-3.039793297648429871e-02,-3.590464126318693161e-03,1.239235047250986099e-02,4.090497270226478577e-02,-1.092085614800453186e-02,1.907669454813003540e-01,8.457399904727935791e-02,7.641625590622425079e-03,1.512626707553863525e-01,-2.282303124666213989e-01,2.944685816764831543e-01,2.116184681653976440e-02,-4.597941935062408447e-01,0.000000000000000000e+00,-3.406075760722160339e-02,-4.343937933444976807e-01,1.631801277399063110e-01,-4.460353553295135498e-01,0.000000000000000000e+00
-2.291135936975479126e-01,2.883416367694735527e-03,8.292744755744934082e-01,3.846091032028198242e-02,-7.089575380086898804e-02,-8.337499946355819702e-02,9.932488203048706055e-01,-2.791003286838531494e-01,1.174253597855567932e-01,-5.364287272095680237e-02,2.062510699033737183e-01,8.197934180498123169e-02,-2.937229909002780914e-02,-4.009216558188199997e-03,1.179638132452964783e-02,4.348822310566902161e-02,-1.084175426512956619e-02,1.907669454813003540e-01,8.500961214303970337e-02,7.247591856867074966e-03,1.486925035715103149e-01,-2.265895754098892212e-01,2.949356138706207275e-01,1.694821752607822418e-02,-4.574252963066101074e-01,0.000000000000000000e+00,-3.625271096825599670e-02,-4.343392550945281982e-01,1.618533581495285034e-01,-4.450278878211975098e-01,0.000000000000000000e+00
-2.284180670976638794e-01,3.101068316027522087e-03,8.293913602828979492e-01,3.860468417406082153e-02,-6.998139619827270508e-02,-8.368945866823196411e-02,9.932816028594970703e-01,-2.807008922100067139e-01,1.173764765262603760e-01,-4.899291694164276123e-02,2.062076330184936523e-01,8.070745319128036499e-02,-2.823191136121749878e-02,-5.850560963153839111e-03,1.120997685939073563e-02,4.373923316597938538e-02,-9.982668794691562653e-03,1.902793347835540771e-01,8.390042185783386230e-02,6.260885391384363174e-03,1.454045176506042480e-01,-2.246531248092651367e-01,2.916745841503143311e-01,1.135311834514141083e-02,-4.533230364322662354e-01,0.000000000000000000e+00,-3.771293535828590393e-02,-4.339263439178466797e-01,1.618804782629013062e-01,-4.440066814422607422e-01,0.000000000000000000e+00
-2.274503558874130249e-01,3.475090023130178452e-03,8.294338583946228027e-01,3.867050632834434509e-02,-6.943945586681365967e-02,-8.559797704219818115e-02,9.931544661521911621e-01,-2.786609828472137451e-01,1.163483858108520508e-01,-4.961811378598213196e-02,2.061563283205032349e-01,8.119674772024154663e-02,-2.307059429585933685e-02,-6.408991757780313492e-03,1.080752350389957428e-02,4.904463887214660645e-02,-9.269459173083305359e-03,1.894449889659881592e-01,8.502946048974990845e-02,5.332827568054199219e-03,1.444974988698959351e-01,-2.258796244859695435e-01,2.847175598144531250e-01,9.380244649946689606e-03,-4.482795000076293945e-01,0.000000000000000000e+00,-4.008295387029647827e-02,-4.333325624465942383e-01,1.618900001049041748e-01,-4.433628618717193604e-01,0.000000000000000000e+00
-2.263596951961517334e-01,3.980977460741996765e-03,8.294872045516967773e-01,3.825499117374420166e-02,-6.883091479539871216e-02,-8.788204193115234375e-02,9.930133819580078125e-01,-2.773003876209259033e-01,1.170546710491180420e-01,-4.746235907077789307e-02,2.059258520603179932e-01,8.409254997968673706e-02,-1.796051487326622009e-02,-6.352910771965980530e-03,1.141244545578956604e-02,5.327149853110313416e-02,-9.359879419207572937e-03,1.878747940063476562e-01,8.335553109645843506e-02,5.769565235823392868e-03,1.420945227146148682e-01,-2.293916493654251099e-01,2.858117520809173584e-01,6.274627055972814560e-03,-4.445281028747558594e-01,0.000000000000000000e+00,-4.617668688297271729e-02,-4.366511404514312744e-01,1.598656177520751953e-01,-4.439696669578552246e-01,0.000000000000000000e+00
-2.253089100122451782e-01,4.536210559308528900e-03,8.296523690223693848e-01,3.789405897259712219e-02,-6.879192590713500977e-02,-8.999357372522354126e-02,9.928408265113830566e-01,-2.755601406097412109e-01,1.181407943367958069e-01,-4.155789315700531006e-02,2.064932286739349365e-01,8.789566159248352051e-02,-1.607006229460239410e-02,-5.610916297882795334e-03,1.176484208554029465e-02,5.389932170510292053e-02,-8.383206091821193695e-03,1.883303523063659668e-01,8.177763223648071289e-02,5.793516989797353745e-03,1.388538479804992676e-01,-2.406880259513854980e-01,2.915618121623992920e-01,6.785296369343996048e-03,-4.435208737850189209e-01,0.000000000000000000e+00,-5.823015421628952026e-02,-4.448432922363281250e-01,1.573221236467361450e-01,-4.471321105957031250e-01,0.000000000000000000e+00
-2.244527339935302734e-01,4.844014532864093781e-03,8.296751976013183594e-01,3.792093694210052490e-02,-6.977217644453048706e-02,-9.211155027151107788e-02,9.925770759582519531e-01,-2.706756591796875000e-01,1.188715547323226929e-01,-3.581384196877479553e-02,2.066995501518249512e-01,9.010829776525497437e-02,-1.025809813290834427e-02,-2.130889799445867538e-03,1.125415228307247162e-02,5.792624503374099731e-02,-8.371744304895401001e-03,1.877603083848953247e-01,8.156207203865051270e-02,5.759915336966514587e-03,1.370895206928253174e-01,-2.660776674747467041e-01,3.080968558788299561e-01,1.399165578186511993e-02,-4.479922354221343994e-01,0.000000000000000000e+00,-8.202645182609558105e-02,-4.659761488437652588e-01,1.524918973445892334e-01,-4.545077085494995117e-01,0.000000000000000000e+00
-2.238497734069824219e-01,5.698755383491516113e-03,8.297700285911560059e-01,3.809659928083419800e-02,-7.130201160907745361e-02,-9.556870162487030029e-02,9.921346902847290039e-01,-2.652235329151153564e-01,1.201651841402053833e-01,-2.528843283653259277e-02,2.082039862871170044e-01,9.543268382549285889e-02,-1.022506412118673325e-02,1.086468924768269062e-03,9.924159385263919830e-03,6.076163053512573242e-02,-6.374920252710580826e-03,1.887326240539550781e-01,7.660103589296340942e-02,6.102448794990777969e-03,1.334697306156158447e-01,-3.052690625190734863e-01,3.221167325973510742e-01,2.313154377043247223e-02,-4.549931585788726807e-01,0.000000000000000000e+00,-1.128674298524856567e-01,-4.807318150997161865e-01,1.436780989170074463e-01,-4.621498286724090576e-01,0.000000000000000000e+00
-2.233398854732513428e-01,6.653720047324895859e-03,8.295274376869201660e-01,3.850105032324790955e-02,-7.238426059484481812e-02,-1.011020764708518982e-01,9.914920926094055176e-01,-2.603732347488403320e-01,1.216942518949508667e-01,-1.135725341737270355e-02,2.075966000556945801e-01,1.005474179983139038e-01,-1.179805304855108261e-02,2.018637489527463913e-03,7.951617240905761719e-03,6.142766401171684265e-02,-3.900815034285187721e-03,1.884938627481460571e-01,6.553697586059570312e-02,5.668682511895895004e-03,1.325789242982864380e-01,-3.518851995468139648e-01,3.338698446750640869e-01,3.426804393529891968e-02,-4.625601768493652344e-01,0.000000000000000000e+00,-1.505692154169082642e-01,-4.917970001697540283e-01,1.338473260402679443e-01,-4.701507389545440674e-01,0.000000000000000000e+00
-2.227990329265594482e-01,7.318891119211912155e-03,8.296253085136413574e-01,3.907321766018867493e-02,-7.250052690505981445e-02,-1.068172678351402283e-01,9.908617734909057617e-01,-2.546744644641876221e-01,1.232654005289077759e-01,-6.204687524586915970e-04,2.049411237239837646e-01,1.037660241127014160e-01,-1.340328063815832138e-02,8.543796138837933540e-04,6.474318914115428925e-03,6.866553425788879395e-02,-2.528067678213119507e-03,1.901486665010452271e-01,6.312125921249389648e-02,4.534411709755659103e-03,1.300859749317169189e-01,-3.959604799747467041e-01,3.404203355312347412e-01,4.404397308826446533e-02,-4.685792922973632812e-01,0.000000000000000000e+00,-1.881817430257797241e-01,-4.958756268024444580e-01,1.254604905843734741e-01,-4.768045544624328613e-01,0.000000000000000000e+00
-2.225853949785232544e-01,8.347902446985244751e-03,8.300445675849914551e-01,3.954684734344482422e-02,-7.125397026538848877e-02,-1.117649003863334656e-01,9.903875589370727539e-01,-2.516539990901947021e-01,1.243008896708488464e-01,9.752600453794002533e-03,2.005193531513214111e-01,1.055585443973541260e-01,-1.369880884885787964e-02,-3.115291474387049675e-03,4.769159015268087387e-03,8.324702084064483643e-02,-4.167740698903799057e-03,1.874014437198638916e-01,5.954500660300254822e-02,3.939791582524776459e-03,1.250957995653152466e-01,-4.271782636642456055e-01,3.410578370094299316e-01,5.312999710440635681e-02,-4.697385430335998535e-01,0.000000000000000000e+00,-2.210692018270492554e-01,-4.959778189659118652e-01,1.198219731450080872e-01,-4.806722998619079590e-01,0.000000000000000000e+00
-2.225722074508666992e-01,9.126204065978527069e-03,8.302316665649414062e-01,4.006830602884292603e-02,-6.926838308572769165e-02,-1.169219687581062317e-01,9.899119734764099121e-01,-2.512329220771789551e-01,1.260310262441635132e-01,2.011703513562679291e-02,1.968223452568054199e-01,1.056651845574378967e-01,-1.419129967689514160e-02,-9.524220600724220276e-03,4.484967328608036041e-03,9.084763377904891968e-02,-1.962906448170542717e-03,1.914759129285812378e-01,6.188173964619636536e-02,3.195401281118392944e-03,1.209552064538002014e-01,-4.453301727771759033e-01,3.384397029876708984e-01,6.146551296114921570e-02,-4.674153029918670654e-01,0.000000000000000000e+00,-2.455175071954727173e-01,-4.930547475814819336e-01,1.177145764231681824e-01,-4.816032052040100098e-01,0.000000000000000000e+00
-2.227755039930343628e-01,9.972730651497840881e-03,8.300819396972656250e-01,4.061286523938179016e-02,-6.742049753665924072e-02,-1.209996491670608521e-01,9.895272254943847656e-01,-2.527216374874114990e-01,1.278131902217864990e-01,2.934684231877326965e-02,1.956545859575271606e-01,1.087326407432556152e-01,-1.597668230533599854e-02,-1.565228402614593506e-02,3.731947625055909157e-03,9.893592447042465210e-02,-8.636150159873068333e-04,1.948911398649215698e-01,6.640038639307022095e-02,3.275124356150627136e-03,1.154619678854942322e-01,-4.527536332607269287e-01,3.297764360904693604e-01,6.287235766649246216e-02,-4.620867371559143066e-01,0.000000000000000000e+00,-2.609712779521942139e-01,-4.860689342021942139e-01,1.176105737686157227e-01,-4.800669252872467041e-01,0.000000000000000000e+00
-2.230226695537567139e-01,1.083457376807928085e-02,8.300204277038574219e-01,4.165061190724372864e-02,-6.604028493165969849e-02,-1.246679946780204773e-01,9.891217350959777832e-01,-2.558690309524536133e-01,1.285066604614257812e-01,3.186868131160736084e-02,1.980369538068771362e-01,1.160379946231842041e-01,-1.743118464946746826e-02,-2.039548940956592560e-02,1.140938373282551765e-03,1.108314171433448792e-01,-1.183957792818546295e-03,1.959733515977859497e-01,6.816539168357849121e-02,2.984625753015279770e-03,1.101201996207237244e-01,-4.487070143222808838e-01,3.162638545036315918e-01,5.669023096561431885e-02,-4.535126686096191406e-01,0.000000000000000000e+00,-2.647607922554016113e-01,-4.779142439365386963e-01,1.222680732607841492e-01,-4.746716618537902832e-01,0.000000000000000000e+00
-2.225806862115859985e-01,1.158677786588668823e-02,8.306025862693786621e-01,4.279692843556404114e-02,-6.458117067813873291e-02,-1.287439912557601929e-01,9.886468648910522461e-01,-2.638747990131378174e-01,1.284617632627487183e-01,2.855837903916835785e-02,2.054148465394973755e-01,1.313050389289855957e-01,-1.551217027008533478e-02,-2.507877349853515625e-02,-2.130856970325112343e-03,1.258023679256439209e-01,-9.848601184785366058e-04,1.942533254623413086e-01,7.349625229835510254e-02,3.617081791162490845e-03,1.049137264490127563e-01,-4.326554536819458008e-01,2.954197525978088379e-01,4.160879179835319519e-02,-4.410086274147033691e-01,0.000000000000000000e+00,-2.556661665439605713e-01,-4.669045209884643555e-01,1.313708424568176270e-01,-4.661860167980194092e-01,0.000000000000000000e+00
-2.274025827646255493e-01,1.398918684571981430e-02,8.317533731460571289e-01,4.391871020197868347e-02,-4.710735008120536804e-02,-1.289875507354736328e-01,9.895525574684143066e-01,-3.753075003623962402e-01,1.148179098963737488e-01,-6.578003615140914917e-02,2.842844724655151367e-01,1.362297087907791138e-01,-2.225302904844284058e-02,-9.623458236455917358e-02,3.179613035172224045e-03,1.787231415510177612e-01,2.771866321563720703e-02,1.866685301065444946e-01,8.211518824100494385e-02,9.883307851850986481e-03,9.443951398134231567e-02,-4.087110757827758789e-01,2.815067768096923828e-01,3.722241520881652832e-02,-4.886045753955841064e-01,0.000000000000000000e+00,-2.220703363418579102e-01,-4.822865128517150879e-01,1.242952942848205566e-01,-5.282586812973022461e-01,0.000000000000000000e+00
-2.227567136287689209e-01,1.455404702574014664e-02,8.327568173408508301e-01,4.407627135515213013e-02,-5.350045859813690186e-02,-1.343318521976470947e-01,9.885089397430419922e-01,-3.394415080547332764e-01,1.176331341266632080e-01,-4.582857340574264526e-02,2.650829851627349854e-01,1.666797548532485962e-01,-2.184415422379970551e-02,-6.982405483722686768e-02,-1.646289718337357044e-03,1.719235181808471680e-01,2.304519712924957275e-02,1.850071847438812256e-01,7.998196035623550415e-02,1.222774293273687363e-02,9.442061185836791992e-02,-3.861708641052246094e-01,2.770500779151916504e-01,1.973464526236057281e-02,-4.624712467193603516e-01,0.000000000000000000e+00,-1.932777315378189087e-01,-4.619283974170684814e-01,1.354792714118957520e-01,-4.981240332126617432e-01,0.000000000000000000e+00
-2.198785692453384399e-01,1.514214836061000824e-02,8.343417048454284668e-01,4.544848576188087463e-02,-5.651256814599037170e-02,-1.382516920566558838e-01,9.877384305000305176e-01,-3.240833282470703125e-01,1.182026639580726624e-01,-3.785351291298866272e-02,2.509982287883758545e-01,1.813276857137680054e-01,-2.669523656368255615e-02,-5.517271161079406738e-02,-8.054494857788085938e-03,1.739277839660644531e-01,1.672353036701679230e-02,1.824575215578079224e-01,8.110757917165756226e-02,1.048820558935403824e-02,9.106202423572540283e-02,-3.724664151668548584e-01,2.848516404628753662e-01,1.360563747584819794e-02,-4.488449394702911377e-01,0.000000000000000000e+00,-1.647592633962631226e-01,-4.446463882923126221e-01,1.404729336500167847e-01,-4.747206866741180420e-01,0.000000000000000000e+00
-2.173018753528594971e-01,1.621426455676555634e-02,8.351675271987915039e-01,4.689965769648551941e-02,-5.874307081103324890e-02,-1.413026154041290283e-01,9.871085286140441895e-01,-3.178001940250396729e-01,1.239197105169296265e-01,-2.418907359242439270e-02,2.357544302940368652e-01,1.754329800605773926e-01,-2.544544823467731476e-02,-4.449674859642982483e-02,-1.473700720816850662e-02,1.735702902078628540e-01,1.359151024371385574e-02,1.795997768640518188e-01,8.283020555973052979e-02,8.182527497410774231e-03,9.013783186674118042e-02,-3.769532740116119385e-01,2.967360317707061768e-01,2.015782892704010010e-02,-4.491837620735168457e-01,0.000000000000000000e+00,-1.552442312240600586e-01,-4.397009015083312988e-01,1.376278698444366455e-01,-4.671844840049743652e-01,0.000000000000000000e+00
-2.148029804229736328e-01,1.880286633968353271e-02,8.361404538154602051e-01,4.784198477864265442e-02,-6.122081726789474487e-02,-1.448927670717239380e-01,9.863920211791992188e-01,-3.143309354782104492e-01,1.344515234231948853e-01,2.091537695378065109e-03,2.158320397138595581e-01,1.509182155132293701e-01,-2.520477958023548126e-02,-3.650600835680961609e-02,-2.265340834856033325e-02,1.717153042554855347e-01,1.357185654342174530e-02,1.796778142452239990e-01,8.730272948741912842e-02,6.450751796364784241e-03,8.661801367998123169e-02,-3.990966081619262695e-01,3.017795979976654053e-01,3.499754890799522400e-02,-4.572480618953704834e-01,0.000000000000000000e+00,-1.647504568099975586e-01,-4.487904608249664307e-01,1.283110082149505615e-01,-4.727703034877777100e-01,0.000000000000000000e+00
-2.116800844669342041e-01,2.152629010379314423e-02,8.363641500473022461e-01,4.774259403347969055e-02,-6.345125287771224976e-02,-1.497452855110168457e-01,9.855307936668395996e-01,-3.107258975505828857e-01,1.481217294931411743e-01,3.385609388351440430e-02,1.916524767875671387e-01,1.170610338449478149e-01,-2.605547197163105011e-02,-2.758087031543254852e-02,-2.827541530132293701e-02,1.713934242725372314e-01,1.249270886182785034e-02,1.753582209348678589e-01,9.550427645444869995e-02,8.958215825259685516e-03,8.545137941837310791e-02,-4.265082776546478271e-01,3.177042007446289062e-01,5.523872002959251404e-02,-4.672384560108184814e-01,0.000000000000000000e+00,-1.893450170755386353e-01,-4.657744765281677246e-01,1.150867938995361328e-01,-4.867863357067108154e-01,0.000000000000000000e+00
-2.078485041856765747e-01,2.518105320632457733e-02,8.364104032516479492e-01,4.722737520933151245e-02,-6.405763328075408936e-02,-1.567603051662445068e-01,9.844248890876770020e-01,-3.073776364326477051e-01,1.604050248861312866e-01,6.469496339559555054e-02,1.693268567323684692e-01,9.231965988874435425e-02,-2.033958397805690765e-02,-2.241132594645023346e-02,-3.309684246778488159e-02,1.780519485473632812e-01,1.103696599602699280e-02,1.717563271522521973e-01,1.025429740548133850e-01,1.404126081615686417e-02,8.200535923242568970e-02,-4.460451006889343262e-01,3.350674510002136230e-01,6.493873149156570435e-02,-4.771486818790435791e-01,0.000000000000000000e+00,-2.163667678833007812e-01,-4.817344546318054199e-01,1.062268912792205811e-01,-5.039353966712951660e-01,0.000000000000000000e+00
-2.037240564823150635e-01,2.957456931471824646e-02,8.364114165306091309e-01,4.550765827298164368e-02,-6.278334558010101318e-02,-1.634394824504852295e-01,9.835013151168823242e-01,-3.079363405704498291e-01,1.710165441036224365e-01,9.178752452135086060e-02,1.569756716489791870e-01,9.341116249561309814e-02,-1.726580597460269928e-02,-2.225484512746334076e-02,-3.553023561835289001e-02,1.877002716064453125e-01,1.084797084331512451e-02,1.691063344478607178e-01,1.057868674397468567e-01,2.169189229607582092e-02,7.113239169120788574e-02,-4.484637677669525146e-01,3.485262393951416016e-01,5.262625589966773987e-02,-4.836873114109039307e-01,0.000000000000000000e+00,-2.325593978166580200e-01,-4.925103485584259033e-01,1.043863967061042786e-01,-5.155527591705322266e-01,0.000000000000000000e+00
-2.001920044422149658e-01,3.390241786837577820e-02,8.368477821350097656e-01,4.284657165408134460e-02,-6.006890535354614258e-02,-1.688909679651260376e-01,9.828691482543945312e-01,-3.040511608123779297e-01,1.737636774778366089e-01,9.740782529115676880e-02,1.550483256578445435e-01,1.069017723202705383e-01,-1.972830668091773987e-02,-2.694741822779178619e-02,-3.437301889061927795e-02,2.018882483243942261e-01,1.196988485753536224e-02,1.666196882724761963e-01,1.023123711347579956e-01,2.865449525415897369e-02,5.347108468413352966e-02,-4.355847239494323730e-01,3.551198840141296387e-01,3.204529732465744019e-02,-4.838375747203826904e-01,0.000000000000000000e+00,-2.285171002149581909e-01,-4.889596700668334961e-01,1.042111515998840332e-01,-5.140801072120666504e-01,0.000000000000000000e+00
-1.969699412584304810e-01,3.731428086757659912e-02,8.371146917343139648e-01,4.003209248185157776e-02,-5.642290413379669189e-02,-1.698954105377197266e-01,9.830307364463806152e-01,-3.028706312179565430e-01,1.735329180955886841e-01,1.067892163991928101e-01,1.571723669767379761e-01,1.117181256413459778e-01,-2.027125284075737000e-02,-3.600086271762847900e-02,-3.183536604046821594e-02,2.086612135171890259e-01,1.836181245744228363e-02,1.664578169584274292e-01,9.737248718738555908e-02,3.294826298952102661e-02,3.458906710147857666e-02,-4.238408207893371582e-01,3.578625023365020752e-01,2.103447169065475464e-02,-4.827086925506591797e-01,0.000000000000000000e+00,-2.043048143386840820e-01,-4.797036051750183105e-01,1.070165857672691345e-01,-5.021918416023254395e-01,0.000000000000000000e+00
-1.942221224308013916e-01,3.975146636366844177e-02,8.367520570755004883e-01,3.828497231006622314e-02,-5.410094559192657471e-02,-1.689371913671493530e-01,9.833959341049194336e-01,-3.020905852317810059e-01,1.756260693073272705e-01,1.181153133511543274e-01,1.569284349679946899e-01,1.140322387218475342e-01,-1.763373240828514099e-02,-4.409086704254150391e-02,-3.002805262804031372e-02,2.132049798965454102e-01,2.851751074194908142e-02,1.596649736166000366e-01,8.670836687088012695e-02,3.537221625447273254e-02,2.045036107301712036e-02,-4.249548017978668213e-01,3.642036020755767822e-01,2.955914475023746490e-02,-4.820396006107330322e-01,0.000000000000000000e+00,-1.647782474756240845e-01,-4.600502252578735352e-01,1.112345233559608459e-01,-4.835502207279205322e-01,0.000000000000000000e+00
-1.903668045997619629e-01,4.327194020152091980e-02,8.366141319274902344e-01,3.591991588473320007e-02,-5.336206778883934021e-02,-1.685072034597396851e-01,9.835993051528930664e-01,-2.988752722740173340e-01,1.781426221132278442e-01,1.248326078057289124e-01,1.568910777568817139e-01,1.178058609366416931e-01,-1.333762519061565399e-02,-5.127860605716705322e-02,-2.923358045518398285e-02,2.170037031173706055e-01,4.499209672212600708e-02,1.501185148954391479e-01,8.158252388238906860e-02,3.842583298683166504e-02,9.171539917588233948e-03,-4.441528618335723877e-01,3.650059103965759277e-01,5.061794444918632507e-02,-4.842788279056549072e-01,0.000000000000000000e+00,-1.195090562105178833e-01,-4.424486160278320312e-01,1.131610795855522156e-01,-4.661029279232025146e-01,0.000000000000000000e+00
-1.851164400577545166e-01,4.799808561801910400e-02,8.365098834037780762e-01,3.353439643979072571e-02,-5.301482975482940674e-02,-1.693591326475143433e-01,9.835559725761413574e-01,-2.960198223590850830e-01,1.775165051221847534e-01,1.298314034938812256e-01,1.614521443843841553e-01,1.158110201358795166e-01,-8.635386824607849121e-03,-6.149024516344070435e-02,-3.004008345305919647e-02,2.148246169090270996e-01,7.005185633897781372e-02,1.442798078060150146e-01,7.464126497507095337e-02,4.341106116771697998e-02,1.991980709135532379e-03,-4.729726612567901611e-01,3.766216337680816650e-01,8.069443702697753906e-02,-4.847815334796905518e-01,0.000000000000000000e+00,-7.847230881452560425e-02,-4.277999997138977051e-01,1.036608815193176270e-01,-4.549552202224731445e-01,0.000000000000000000e+00
-1.791866570711135864e-01,5.266947299242019653e-02,8.358649611473083496e-01,3.174157813191413879e-02,-5.231018364429473877e-02,-1.726354509592056274e-01,9.830834865570068359e-01,-2.943997979164123535e-01,1.742107868194580078e-01,1.317761242389678955e-01,1.667569279670715332e-01,1.178439781069755554e-01,-3.191865747794508934e-03,-7.343886047601699829e-02,-3.126073628664016724e-02,2.208011150360107422e-01,9.602477401494979858e-02,1.353726685047149658e-01,6.774932146072387695e-02,4.729948565363883972e-02,1.587155042216181755e-03,-4.963645935058593750e-01,4.075795710086822510e-01,1.006844118237495422e-01,-4.832929074764251709e-01,0.000000000000000000e+00,-5.669358000159263611e-02,-4.167656302452087402e-01,9.786555171012878418e-02,-4.532793164253234863e-01,0.000000000000000000e+00
-1.737408190965652466e-01,5.762546509504318237e-02,8.348085880279541016e-01,3.005049563944339752e-02,-5.086654424667358398e-02,-1.751089543104171753e-01,9.827748537063598633e-01,-2.965073585510253906e-01,1.710014492273330688e-01,1.326778978109359741e-01,1.719336211681365967e-01,1.187269687652587891e-01,4.418022930622100830e-03,-8.679774403572082520e-02,-3.362758085131645203e-02,2.228874117136001587e-01,1.207971796393394470e-01,1.271360665559768677e-01,6.443347781896591187e-02,5.000612512230873108e-02,5.310479318723082542e-04,-4.966410696506500244e-01,4.374012947082519531e-01,9.150528907775878906e-02,-4.781414568424224854e-01,0.000000000000000000e+00,-6.175313144922256470e-02,-4.082829058170318604e-01,9.658227115869522095e-02,-4.630149602890014648e-01,0.000000000000000000e+00
-1.690938621759414673e-01,6.247951835393905640e-02,8.335628509521484375e-01,2.871979214251041412e-02,-4.951626062393188477e-02,-1.752903759479522705e-01,9.828512668609619141e-01,-2.972750067710876465e-01,1.671771407127380371e-01,1.270908117294311523e-01,1.765875518321990967e-01,1.143550574779510498e-01,6.098394282162189484e-03,-9.724642336368560791e-02,-3.738402947783470154e-02,2.251981943845748901e-01,1.400669515132904053e-01,1.192127689719200134e-01,6.145682930946350098e-02,4.884168133139610291e-02,2.658129669725894928e-03,-4.770551621913909912e-01,4.461449980735778809e-01,5.561163648962974548e-02,-4.712688028812408447e-01,0.000000000000000000e+00,-1.053614914417266846e-01,-4.126976132392883301e-01,9.926469624042510986e-02,-4.883208870887756348e-01,0.000000000000000000e+00
-1.646007001399993896e-01,6.609144061803817749e-02,8.316501975059509277e-01,2.708875201642513275e-02,-4.995087161660194397e-02,-1.718187332153320312e-01,9.834883809089660645e-01,-2.962484359741210938e-01,1.640921086072921753e-01,1.231775954365730286e-01,1.818808466196060181e-01,1.110960245132446289e-01,-1.096908468753099442e-03,-9.790417551994323730e-02,-4.119799286127090454e-02,2.193697690963745117e-01,1.536924093961715698e-01,1.109532639384269714e-01,5.566794052720069885e-02,4.086438566446304321e-02,1.403665821999311447e-02,-4.577535390853881836e-01,4.335323572158813477e-01,3.391494229435920715e-02,-4.673497378826141357e-01,0.000000000000000000e+00,-1.871956586837768555e-01,-4.265871047973632812e-01,9.699041396379470825e-02,-5.231675505638122559e-01,0.000000000000000000e+00
-1.602900028228759766e-01,6.867828965187072754e-02,8.300704360008239746e-01,2.495651319622993469e-02,-5.257670581340789795e-02,-1.641501337289810181e-01,9.847170114517211914e-01,-2.898727059364318848e-01,1.585856229066848755e-01,1.085252389311790466e-01,1.850875914096832275e-01,1.094981059432029724e-01,-8.215059526264667511e-03,-8.661443740129470825e-02,-4.592548310756683350e-02,2.015230804681777954e-01,1.600101888179779053e-01,1.044440716505050659e-01,5.137734860181808472e-02,3.074023127555847168e-02,4.686493054032325745e-02,-4.516612291336059570e-01,4.124024808406829834e-01,4.560904949903488159e-02,-4.651958346366882324e-01,0.000000000000000000e+00,-2.973208725452423096e-01,-4.513583481311798096e-01,8.450800180435180664e-02,-5.619570016860961914e-01,0.000000000000000000e+00
-1.574865877628326416e-01,6.984350830316543579e-02,8.298821449279785156e-01,2.389900572597980499e-02,-5.526584759354591370e-02,-1.508443206548690796e-01,9.867221117019653320e-01,-2.853784859180450439e-01,1.510425209999084473e-01,9.405266493558883667e-02,1.844554841518402100e-01,1.055764183402061462e-01,-2.063005417585372925e-02,-6.955133378505706787e-02,-5.264589935541152954e-02,1.735869199037551880e-01,1.568751186132431030e-01,1.007276028394699097e-01,4.490393400192260742e-02,1.934245415031909943e-02,8.772583305835723877e-02,-4.603255987167358398e-01,3.887473940849304199e-01,5.814778432250022888e-02,-4.674096703529357910e-01,0.000000000000000000e+00,-4.203452765941619873e-01,-4.775701165199279785e-01,7.089181989431381226e-02,-5.950715541839599609e-01,0.000000000000000000e+00
-1.536139398813247681e-01,7.136411219835281372e-02,8.304616808891296387e-01,2.225983887910842896e-02,-5.676059797406196594e-02,-1.326261013746261597e-01,9.892891645431518555e-01,-2.815941274166107178e-01,1.411803513765335083e-01,7.835158705711364746e-02,1.803322285413742065e-01,1.011735647916793823e-01,-3.323173522949218750e-02,-4.783220589160919189e-02,-5.946779996156692505e-02,1.353487223386764526e-01,1.471032649278640747e-01,1.057409718632698059e-01,4.519736766815185547e-02,1.052817609161138535e-02,1.335317939519882202e-01,-4.792356193065643311e-01,3.703460097312927246e-01,6.167118251323699951e-02,-4.704750180244445801e-01,0.000000000000000000e+00,-5.449426174163818359e-01,-5.196028351783752441e-01,5.365883931517601013e-02,-6.203510761260986328e-01,0.000000000000000000e+00
-1.564493626356124878e-01,7.008165121078491211e-02,8.308390974998474121e-01,2.793992310762405396e-02,-4.072026163339614868e-02,-9.477096050977706909e-02,9.942734241485595703e-01,-3.828366100788116455e-01,9.594687074422836304e-02,-4.025367274880409241e-02,2.350305318832397461e-01,7.821787893772125244e-02,-4.906899482011795044e-02,-9.225327521562576294e-02,-7.614960521459579468e-02,9.630826860666275024e-02,1.603200882673263550e-01,1.044430583715438843e-01,5.829705297946929932e-02,-2.193331532180309296e-02,1.440105289220809937e-01,-5.063402652740478516e-01,4.121516644954681396e-01,7.514701783657073975e-02,-5.519884824752807617e-01,0.000000000000000000e+00,-7.268890142440795898e-01,-5.836016535758972168e-01,-1.704482361674308777e-02,-6.408060789108276367e-01,0.000000000000000000e+00
-1.476302295923233032e-01,7.083088159561157227e-02,8.320439457893371582e-01,2.226870320737361908e-02,-4.795043915510177612e-02,-7.813031226396560669e-02,9.955403208732604980e-01,-3.389349579811096191e-01,9.982401132583618164e-02,-3.129758313298225403e-02,2.078952789306640625e-01,8.271002769470214844e-02,-5.322086438536643982e-02,-4.041816666722297668e-02,-7.463198900222778320e-02,4.416907206177711487e-02,1.422971487045288086e-01,1.206187084317207336e-01,6.163822486996650696e-02,-2.128695324063301086e-02,2.003913968801498413e-01,-5.168450474739074707e-01,3.878691196441650391e-01,4.889787361025810242e-02,-5.373678207397460938e-01,0.000000000000000000e+00,-7.980917096138000488e-01,-6.296990513801574707e-01,-3.639391856268048286e-03,-6.229146718978881836e-01,0.000000000000000000e+00
-1.405505090951919556e-01,7.136764377355575562e-02,8.325750827789306641e-01,1.925673149526119232e-02,-5.153711512684822083e-02,-5.971452221274375916e-02,9.966982007026672363e-01,-3.144264221191406250e-01,9.362234920263290405e-02,-4.649062454700469971e-02,1.896999329328536987e-01,8.405913412570953369e-02,-6.013100966811180115e-02,-2.050035633146762848e-03,-7.490625977516174316e-02,-9.429415222257375717e-04,1.247468143701553345e-01,1.360099464654922485e-01,6.826891750097274780e-02,-2.768674679100513458e-02,2.521590590476989746e-01,-5.314112305641174316e-01,3.728736937046051025e-01,8.757105097174644470e-03,-5.320357084274291992e-01,0.000000000000000000e+00,-8.713616728782653809e-01,-6.865884661674499512e-01,-2.420080418232828379e-04,-5.840411782264709473e-01,0.000000000000000000e+00
-1.401926875114440918e-01,6.517708301544189453e-02,8.324100971221923828e-01,3.001426905393600464e-02,-3.843535482883453369e-02,-2.072967588901519775e-02,9.985950589179992676e-01,-3.885996341705322266e-01,3.408353403210639954e-02,-1.548066884279251099e-01,2.360206991434097290e-01,6.171267852187156677e-02,-7.151867449283599854e-02,-2.978752925992012024e-02,-9.889160096645355225e-02,-4.308347776532173157e-02,1.346462965011596680e-01,1.414680331945419312e-01,7.238463312387466431e-02,-8.877714723348617554e-02,2.515436112880706787e-01,-5.535824894905090332e-01,4.217806160449981689e-01,-3.554906696081161499e-02,-5.926690697669982910e-01,0.000000000000000000e+00,-1.025199651718139648e+00,-7.455123662948608398e-01,-4.933714494109153748e-02,-4.036802053451538086e-01,0.000000000000000000e+00
-1.348663270473480225e-01,6.323876231908798218e-02,8.329991698265075684e-01,3.011776693165302277e-02,-3.813613951206207275e-02,-1.205505323014222085e-04,9.988185763359069824e-01,-3.845321834087371826e-01,2.008728869259357452e-02,-1.808459460735321045e-01,2.315465360879898071e-01,6.491883099079132080e-02,-8.156816661357879639e-02,-1.484463177621364594e-02,-1.007765457034111023e-01,-7.429528236389160156e-02,1.359923481941223145e-01,1.579261273145675659e-01,6.938031315803527832e-02,-1.119875833392143250e-01,2.807074189186096191e-01,-5.631501674652099609e-01,4.280667901039123535e-01,-6.109331548213958740e-02,-5.925415158271789551e-01,0.000000000000000000e+00,-1.082937836647033691e+00,-7.851012945175170898e-01,-3.619921207427978516e-02,-2.521337866783142090e-01,0.000000000000000000e+00
-1.303359717130661011e-01,6.099513545632362366e-02,8.338570594787597656e-01,3.213284909725189209e-02,-3.659421950578689575e-02,1.992050372064113617e-02,9.986147880554199219e-01,-3.864474296569824219e-01,1.104600843973457813e-03,-2.111757397651672363e-01,2.317860722541809082e-01,6.723731011152267456e-02,-8.842702209949493408e-02,-8.367345668375492096e-03,-1.054889038205146790e-01,-9.073261916637420654e-02,1.425143033266067505e-01,1.816248446702957153e-01,6.896781921386718750e-02,-1.419875025749206543e-01,2.928983271121978760e-01,-5.711686015129089355e-01,4.268907010555267334e-01,-9.004244953393936157e-02,-5.904965400695800781e-01,0.000000000000000000e+00,-1.149190664291381836e+00,-8.047018647193908691e-01,-2.731497958302497864e-02,-4.295881465077400208e-02,0.000000000000000000e+00
-1.255681365728378296e-01,5.979792401194572449e-02,8.354064822196960449e-01,3.252161294221878052e-02,-3.577433526515960693e-02,3.743512928485870361e-02,9.981288313865661621e-01,-3.828872144222259521e-01,-1.243789400905370712e-02,-2.376197278499603271e-01,2.278971821069717407e-01,6.779082119464874268e-02,-9.229740500450134277e-02,-1.386233372613787651e-03,-1.056688576936721802e-01,-9.091772884130477905e-02,1.506652534008026123e-01,2.045004516839981079e-01,6.728426367044448853e-02,-1.650190204381942749e-01,2.957942485809326172e-01,-5.728223919868469238e-01,4.385514259338378906e-01,-1.066639274358749390e-01,-5.925518274307250977e-01,0.000000000000000000e+00,-1.202981472015380859e+00,-8.173567652702331543e-01,-1.480724196881055832e-02,1.719802320003509521e-01,0.000000000000000000e+00
-1.210239604115486145e-01,6.043368950486183167e-02,8.369523286819458008e-01,3.101889789104461670e-02,-3.660508617758750916e-02,5.442055314779281616e-02,9.973646998405456543e-01,-3.733372986316680908e-01,-2.162689343094825745e-02,-2.596779763698577881e-01,2.197275310754776001e-01,7.066673040390014648e-02,-9.168463945388793945e-02,1.038728747516870499e-02,-1.015298441052436829e-01,-8.133234828710556030e-02,1.574618518352508545e-01,2.316832244396209717e-01,6.970533728599548340e-02,-1.740428209304809570e-01,2.983104586601257324e-01,-5.770249962806701660e-01,4.351506531238555908e-01,-1.222074255347251892e-01,-5.913637280464172363e-01,0.000000000000000000e+00,-1.220654726028442383e+00,-8.295297622680664062e-01,-5.160492146387696266e-04,3.220079541206359863e-01,0.000000000000000000e+00
-1.170649230480194092e-01,6.190624088048934937e-02,8.384289145469665527e-01,2.939431183040142059e-02,-3.746158257126808167e-02,6.996034830808639526e-02,9.964126348495483398e-01,-3.606873154640197754e-01,-3.100811690092086792e-02,-2.815988063812255859e-01,2.070252746343612671e-01,7.584145665168762207e-02,-8.917603641748428345e-02,2.098948322236537933e-02,-9.787166118621826172e-02,-6.701690703630447388e-02,1.634408831596374512e-01,2.614737749099731445e-01,8.181865513324737549e-02,-1.793342679738998413e-01,3.009081780910491943e-01,-5.807640552520751953e-01,4.188238382339477539e-01,-1.377938240766525269e-01,-5.867407917976379395e-01,0.000000000000000000e+00,-1.185850977897644043e+00,-8.740907311439514160e-01,2.009797655045986176e-02,3.305709660053253174e-01,0.000000000000000000e+00
-1.147905141115188599e-01,6.178034096956253052e-02,8.393326997756958008e-01,3.025281615555286407e-02,-3.424827009439468384e-02,9.001340717077255249e-02,9.948916435241699219e-01,-3.657640218734741211e-01,-5.042224377393722534e-02,-3.164691030979156494e-01,2.024875879287719727e-01,7.513602823019027710e-02,-8.070069551467895508e-02,1.680228859186172485e-02,-9.799679368734359741e-02,-4.132077842950820923e-02,1.751257330179214478e-01,2.874071300029754639e-01,9.950557351112365723e-02,-1.906931847333908081e-01,2.862727940082550049e-01,-5.854348540306091309e-01,4.320694208145141602e-01,-1.336251497268676758e-01,-6.027397513389587402e-01,0.000000000000000000e+00,-1.100988626480102539e+00,-9.437488317489624023e-01,9.700160473585128784e-03,1.978874057531356812e-01,0.000000000000000000e+00
-1.136747822165489197e-01,6.311202794313430786e-02,8.393521308898925781e-01,2.912943437695503235e-02,-3.123941458761692047e-02,1.118878796696662903e-01,9.928024411201477051e-01,-3.750214874744415283e-01,-7.081794738769531250e-02,-3.538895249366760254e-01,2.027246356010437012e-01,8.056131750345230103e-02,-7.652691006660461426e-02,1.060241740196943283e-02,-9.575003385543823242e-02,-2.158322371542453766e-02,1.892031729221343994e-01,3.114308714866638184e-01,1.140034422278404236e-01,-1.863523125648498535e-01,2.656226456165313721e-01,-5.835444927215576172e-01,4.182286262512207031e-01,-1.099764630198478699e-01,-6.118885278701782227e-01,0.000000000000000000e+00,-9.863373041152954102e-01,-1.001843452453613281e+00,-4.509544000029563904e-02,-1.035116147249937057e-02,0.000000000000000000e+00
-1.117339655756950378e-01,6.683103740215301514e-02,8.379869461059570312e-01,2.376343123614788055e-02,-3.271749615669250488e-02,1.310822069644927979e-01,9.905464649200439453e-01,-3.689382374286651611e-01,-7.814504206180572510e-02,-3.878518044948577881e-01,1.962220370769500732e-01,8.353695273399353027e-02,-6.430710852146148682e-02,2.466918900609016418e-02,-8.529062569141387939e-02,-2.533386088907718658e-02,1.905484199523925781e-01,3.338373601436614990e-01,1.214219033718109131e-01,-1.604720801115036011e-01,2.497735470533370972e-01,-5.824415683746337891e-01,3.776059746742248535e-01,-9.891423583030700684e-02,-5.952318906784057617e-01,0.000000000000000000e+00,-9.240931272506713867e-01,-1.042744994163513184e+00,-8.372830599546432495e-02,-1.813168525695800781e-01,0.000000000000000000e+00
-1.079757884144783020e-01,7.164844125509262085e-02,8.369131088256835938e-01,1.710936799645423889e-02,-4.150945320725440979e-02,1.377937048673629761e-01,9.894428253173828125e-01,-3.327656090259552002e-01,-6.065836921334266663e-02,-3.810091018676757812e-01,1.733332127332687378e-01,9.578294306993484497e-02,-6.139113754034042358e-02,6.254062056541442871e-02,-7.149490714073181152e-02,-5.331139639019966125e-02,1.807305663824081421e-01,3.609552383422851562e-01,1.169196218252182007e-01,-1.299662292003631592e-01,2.639481127262115479e-01,-5.751354098320007324e-01,3.325133323669433594e-01,-9.324182569980621338e-02,-5.630199909210205078e-01,0.000000000000000000e+00,-9.128231406211853027e-01,-1.068930387496948242e+00,-7.120337337255477905e-02,-2.267290055751800537e-01,0.000000000000000000e+00
-1.049436107277870178e-01,7.434421032667160034e-02,8.366224169731140137e-01,1.291894074529409409e-02,-4.457243904471397400e-02,1.450470685958862305e-01,9.883358478546142578e-01,-3.141143918037414551e-01,-5.221041291952133179e-02,-3.841207027435302734e-01,1.563411206007003784e-01,1.023909971117973328e-01,-6.078885495662689209e-02,8.418930321931838989e-02,-6.186731532216072083e-02,-7.867073267698287964e-02,1.681826114654541016e-01,3.795409202575683594e-01,1.134823560714721680e-01,-1.147409155964851379e-01,2.744635045528411865e-01,-5.728951692581176758e-01,3.112004101276397705e-01,-8.851977437734603882e-02,-5.362316966056823730e-01,0.000000000000000000e+00,-9.027121663093566895e-01,-1.091412067413330078e+00,-7.688133418560028076e-02,-2.810478806495666504e-01,0.000000000000000000e+00
-1.018712222576141357e-01,7.606586068868637085e-02,8.371546268463134766e-01,1.036617066711187363e-02,-4.503086581826210022e-02,1.509941518306732178e-01,9.874540567398071289e-01,-3.053773343563079834e-01,-4.823994264006614685e-02,-3.882531225681304932e-01,1.469719260931015015e-01,1.057919859886169434e-01,-6.240810453891754150e-02,9.556455165147781372e-02,-5.618792027235031128e-02,-9.783102571964263916e-02,1.601513028144836426e-01,3.929306566715240479e-01,1.089359149336814880e-01,-1.096609085798263550e-01,2.840933501720428467e-01,-5.746443271636962891e-01,3.022272586822509766e-01,-8.939925581216812134e-02,-5.179071426391601562e-01,0.000000000000000000e+00,-8.969798684120178223e-01,-1.108265280723571777e+00,-8.438552170991897583e-02,-3.176806569099426270e-01,0.000000000000000000e+00
-9.877660870552062988e-02,7.725809514522552490e-02,8.377916216850280762e-01,9.128698147833347321e-03,-4.466253891587257385e-02,1.539647132158279419e-01,9.870241880416870117e-01,-2.999128997325897217e-01,-4.698696359992027283e-02,-3.918589353561401367e-01,1.426161527633666992e-01,1.068387329578399658e-01,-6.357070058584213257e-02,1.009044572710990906e-01,-5.321173369884490967e-02,-1.081824973225593567e-01,1.571263074874877930e-01,4.023823738098144531e-01,1.061907708644866943e-01,-1.108882054686546326e-01,3.001461923122406006e-01,-5.811592936515808105e-01,2.965001463890075684e-01,-9.608118236064910889e-02,-5.069056153297424316e-01,0.000000000000000000e+00,-8.967256546020507812e-01,-1.126402974128723145e+00,-9.443094581365585327e-02,-3.093046247959136963e-01,0.000000000000000000e+00
-9.635812044143676758e-02,7.796885073184967041e-02,8.390285968780517578e-01,8.626503869891166687e-03,-4.388593882322311401e-02,1.533240675926208496e-01,9.871633052825927734e-01,-2.972165942192077637e-01,-4.582772776484489441e-02,-3.918183743953704834e-01,1.414035856723785400e-01,1.081579104065895081e-01,-6.842590868473052979e-02,1.020723283290863037e-01,-5.292767286300659180e-02,-1.129083856940269470e-01,1.562842726707458496e-01,4.097750782966613770e-01,1.037152633070945740e-01,-1.173405796289443970e-01,3.233458697795867920e-01,-5.907319784164428711e-01,2.936027646064758301e-01,-1.079071760177612305e-01,-5.013865828514099121e-01,0.000000000000000000e+00,-8.935641646385192871e-01,-1.144054532051086426e+00,-9.920465201139450073e-02,-2.344620227813720703e-01,0.000000000000000000e+00
-9.730503708124160767e-02,7.055927813053131104e-02,8.404057621955871582e-01,2.334531210362911224e-02,-2.439810335636138916e-02,1.573314815759658813e-01,9.869683384895324707e-01,-3.709873557090759277e-01,-1.021061167120933533e-01,-4.245212376117706299e-01,2.012289315462112427e-01,7.682276517152786255e-02,-7.691958546638488770e-02,1.991810277104377747e-02,-8.934076875448226929e-02,-6.763685494661331177e-02,2.101172804832458496e-01,3.838572204113006592e-01,1.149238869547843933e-01,-1.943583488464355469e-01,3.259368240833282471e-01,-6.108412742614746094e-01,3.762834668159484863e-01,-1.563035547733306885e-01,-5.796246528625488281e-01,0.000000000000000000e+00,-1.017799139022827148e+00,-1.121958017349243164e+00,-1.681458353996276855e-01,1.442053318023681641e-01,0.000000000000000000e+00
-9.493017941713333130e-02,6.934665143489837646e-02,8.415137529373168945e-01,2.704978920519351959e-02,-2.122372947633266449e-02,1.547173261642456055e-01,9.873602986335754395e-01,-3.748025596141815186e-01,-1.068354919552803040e-01,-4.153957366943359375e-01,2.050553113222122192e-01,7.275281101465225220e-02,-8.521866798400878906e-02,1.074527017772197723e-02,-9.785421937704086304e-02,-6.324032694101333618e-02,2.158303111791610718e-01,3.854759931564331055e-01,1.133508160710334778e-01,-2.226663529872894287e-01,3.376240730285644531e-01,-6.112052202224731445e-01,4.061476588249206543e-01,-1.899642646312713623e-01,-6.019644141197204590e-01,0.000000000000000000e+00,-1.091947793960571289e+00,-1.115762710571289062e+00,-1.473680138587951660e-01,4.219810962677001953e-01,0.000000000000000000e+00
-9.306016564369201660e-02,7.222190499305725098e-02,8.422343134880065918e-01,2.323577739298343658e-02,-2.594608813524246216e-02,1.512916982173919678e-01,9.878753423690795898e-01,-3.545905053615570068e-01,-9.092967957258224487e-02,-4.010009169578552246e-01,1.911208331584930420e-01,8.210524916648864746e-02,-8.968805521726608276e-02,3.175935894250869751e-02,-9.060204774141311646e-02,-8.067458868026733398e-02,2.031473368406295776e-01,3.989098668098449707e-01,1.090494170784950256e-01,-2.100466638803482056e-01,3.684498369693756104e-01,-6.157422065734863281e-01,3.699312806129455566e-01,-1.996379047632217407e-01,-5.829487442970275879e-01,0.000000000000000000e+00,-1.067887783050537109e+00,-1.124744892120361328e+00,-1.273793727159500122e-01,4.728306829929351807e-01,0.000000000000000000e+00
-9.232576191425323486e-02,7.627105712890625000e-02,8.406417369842529297e-01,1.879681833088397980e-02,-3.285721316933631897e-02,1.483300924301147461e-01,9.882131814956665039e-01,-3.292608559131622314e-01,-7.486069202423095703e-02,-3.847281038761138916e-01,1.743568032979965210e-01,9.484245628118515015e-02,-8.588624745607376099e-02,5.780074745416641235e-02,-8.409721404314041138e-02,-1.010221838951110840e-01,1.917230486869812012e-01,4.164077341556549072e-01,1.048306748270988464e-01,-1.773216575384140015e-01,3.960044980049133301e-01,-6.170791983604431152e-01,3.219232261180877686e-01,-2.056038528680801392e-01,-5.599246621131896973e-01,0.000000000000000000e+00,-1.058904886245727539e+00,-1.108974933624267578e+00,-1.052931770682334900e-01,4.511443078517913818e-01,0.000000000000000000e+00
-9.614514559507369995e-02,7.362768054008483887e-02,8.398797512054443359e-01,2.270870842039585114e-02,-2.333613298833370209e-02,1.545730084180831909e-01,9.874446392059326172e-01,-3.704341948032379150e-01,-1.007709056138992310e-01,-4.081347882747650146e-01,1.991683393716812134e-01,8.556628227233886719e-02,-7.350794225931167603e-02,2.062561362981796265e-02,-9.637738764286041260e-02,-8.265759050846099854e-02,2.048085927963256836e-01,4.112769365310668945e-01,1.125564128160476685e-01,-1.960151344537734985e-01,3.404580354690551758e-01,-6.114815473556518555e-01,3.703670501708984375e-01,-1.733811199665069580e-01,-5.737834572792053223e-01,0.000000000000000000e+00,-1.003638982772827148e+00,-1.046783566474914551e+00,-1.399487853050231934e-01,2.274188101291656494e-01,0.000000000000000000e+00
-9.848290681838989258e-02,7.585844397544860840e-02,8.394024968147277832e-01,2.187517844140529633e-02,-2.170464769005775452e-02,1.554019451141357422e-01,9.873705506324768066e-01,-3.794061839580535889e-01,-1.068385094404220581e-01,-4.134861230850219727e-01,2.038690745830535889e-01,8.794019371271133423e-02,-6.708323210477828979e-02,1.138580031692981720e-02,-1.013746559619903564e-01,-8.677062392234802246e-02,2.086920142173767090e-01,4.049198031425476074e-01,1.168510392308235168e-01,-1.809106767177581787e-01,3.036344647407531738e-01,-5.794624090194702148e-01,3.648862242698669434e-01,-1.402507722377777100e-01,-5.758901834487915039e-01,0.000000000000000000e+00,-9.068065285682678223e-01,-1.019793987274169922e+00,-1.160216256976127625e-01,-7.275094278156757355e-03,0.000000000000000000e+00
-9.982438385486602783e-02,8.044142276048660278e-02,8.372957110404968262e-01,1.702582649886608124e-02,-3.022851049900054932e-02,1.456253677606582642e-01,9.887313246726989746e-01,-3.486093878746032715e-01,-8.334838598966598511e-02,-3.902100622653961182e-01,1.812342703342437744e-01,1.028377711772918701e-01,-6.327669322490692139e-02,4.122451692819595337e-02,-9.634403139352798462e-02,-1.124571189284324646e-01,1.912685185670852661e-01,4.132485389709472656e-01,1.006575748324394226e-01,-1.381518244743347168e-01,3.164359331130981445e-01,-5.669163465499877930e-01,3.215099573135375977e-01,-1.434029340744018555e-01,-5.492732524871826172e-01,0.000000000000000000e+00,-8.645132780075073242e-01,-9.938184022903442383e-01,-6.908938288688659668e-02,-6.472739577293395996e-02,0.000000000000000000e+00
-1.050217375159263611e-01,8.050166070461273193e-02,8.381645679473876953e-01,1.861399225890636444e-02,-2.413067966699600220e-02,1.392671316862106323e-01,9.897857904434204102e-01,-3.826616108417510986e-01,-9.490611404180526733e-02,-3.913276195526123047e-01,2.067454457283020020e-01,8.532267808914184570e-02,-5.178417637944221497e-02,3.186225425451993942e-03,-1.070041730999946594e-01,-1.024733409285545349e-01,2.091312110424041748e-01,3.705515265464782715e-01,9.816657006740570068e-02,-1.406729072332382202e-01,2.683492600917816162e-01,-5.460860133171081543e-01,3.499579429626464844e-01,-7.369182258844375610e-02,-5.643502473831176758e-01,0.000000000000000000e+00,-7.061768174171447754e-01,-8.753271698951721191e-01,-1.036862432956695557e-01,-3.908346593379974365e-01,0.000000000000000000e+00
-1.071648523211479187e-01,8.414928615093231201e-02,8.373849391937255859e-01,1.486601028591394424e-02,-3.102418780326843262e-02,1.214455068111419678e-01,9.920017719268798828e-01,-3.527717292308807373e-01,-6.778618693351745605e-02,-3.560907840728759766e-01,1.808398216962814331e-01,1.026418879628181458e-01,-5.038823559880256653e-02,2.787601016461849213e-02,-1.060708463191986084e-01,-1.414213478565216064e-01,1.851683259010314941e-01,3.727714717388153076e-01,7.757745683193206787e-02,-1.057409420609474182e-01,2.859486639499664307e-01,-5.368060469627380371e-01,3.112322986125946045e-01,-8.097499608993530273e-02,-5.419820547103881836e-01,0.000000000000000000e+00,-6.578187346458435059e-01,-8.102954030036926270e-01,-6.432548165321350098e-02,-4.056779742240905762e-01,0.000000000000000000e+00
-1.100173369050025940e-01,8.739727735519409180e-02,8.370919823646545410e-01,1.322667859494686127e-02,-3.433077037334442139e-02,1.011262759566307068e-01,9.941930770874023438e-01,-3.374123275279998779e-01,-4.675715789198875427e-02,-3.131207823753356934e-01,1.641108244657516479e-01,1.107643693685531616e-01,-5.225211381912231445e-02,3.954515233635902405e-02,-1.080732792615890503e-01,-1.724263429641723633e-01,1.613036990165710449e-01,3.574780523777008057e-01,6.090937927365303040e-02,-7.900790125131607056e-02,2.862570285797119141e-01,-5.331251621246337891e-01,2.828204631805419922e-01,-7.963667809963226318e-02,-5.298507809638977051e-01,0.000000000000000000e+00,-6.182993650436401367e-01,-7.272726297378540039e-01,-3.991790115833282471e-02,-4.376754760742187500e-01,0.000000000000000000e+00
-1.135694310069084167e-01,8.864658325910568237e-02,8.365278840065002441e-01,1.296309195458889008e-02,-3.672736510634422302e-02,7.884516566991806030e-02,9.961257576942443848e-01,-3.249059319496154785e-01,-2.998108230531215668e-02,-2.805191278457641602e-01,1.513687968254089355e-01,1.122113913297653198e-01,-4.262871667742729187e-02,4.373420029878616333e-02,-1.105543747544288635e-01,-1.956493705511093140e-01,1.421372741460800171e-01,3.338308930397033691e-01,4.416219145059585571e-02,-6.104538962244987488e-02,2.883405983448028564e-01,-5.406709909439086914e-01,2.647456526756286621e-01,-7.199195027351379395e-02,-5.285960435867309570e-01,0.000000000000000000e+00,-5.718457102775573730e-01,-6.285115480422973633e-01,-1.823275350034236908e-02,-4.670391380786895752e-01,0.000000000000000000e+00
-1.199982911348342896e-01,8.657742291688919067e-02,8.375778794288635254e-01,2.134511433541774750e-02,-2.654631994664669037e-02,5.737317353487014771e-02,9.977715015411376953e-01,-3.763697743415832520e-01,-4.496752470731735229e-02,-2.678559720516204834e-01,1.934870779514312744e-01,8.215108513832092285e-02,-2.864714525640010834e-02,-2.617748267948627472e-02,-1.323826611042022705e-01,-1.409705579280853271e-01,1.781333684921264648e-01,2.684977352619171143e-01,4.806292802095413208e-02,-8.192309737205505371e-02,2.636110186576843262e-01,-5.517236590385437012e-01,2.824446260929107666e-01,-4.077877849340438843e-02,-6.036618947982788086e-01,0.000000000000000000e+00,-4.683233499526977539e-01,-4.760993719100952148e-01,4.951802268624305725e-02,-6.624156236648559570e-01,0.000000000000000000e+00
-1.208925321698188782e-01,8.802219480276107788e-02,8.371143937110900879e-01,1.993731781840324402e-02,-3.368526324629783630e-02,3.681293502449989319e-02,9.985552430152893066e-01,-3.424522280693054199e-01,-2.105043083429336548e-02,-2.253908067941665649e-01,1.701126843690872192e-01,9.462486207485198975e-02,-2.391301468014717102e-02,1.577747170813381672e-03,-1.269826442003250122e-01,-1.489021331071853638e-01,1.527923643589019775e-01,2.633855640888214111e-01,3.580375388264656067e-02,-5.793419480323791504e-02,2.511054873466491699e-01,-5.554822683334350586e-01,2.686231136322021484e-01,-6.044019013643264771e-02,-5.919234156608581543e-01,0.000000000000000000e+00,-4.424231946468353271e-01,-4.247587919235229492e-01,6.573022902011871338e-02,-6.370236873626708984e-01,0.000000000000000000e+00
-1.223289817571640015e-01,8.781587332487106323e-02,8.368449211120605469e-01,1.983380876481533051e-02,-3.637483716011047363e-02,1.583863236010074615e-02,9.990158081054687500e-01,-3.232277333736419678e-01,-1.760689425282180309e-03,-1.870821863412857056e-01,1.529889404773712158e-01,9.698060154914855957e-02,-1.833793334662914276e-02,1.266942452639341354e-02,-1.211511194705963135e-01,-1.290709078311920166e-01,1.289809644222259521e-01,2.430450171232223511e-01,3.373723477125167847e-02,-4.421507567167282104e-02,2.314053773880004883e-01,-5.622645020484924316e-01,2.711554169654846191e-01,-7.325276732444763184e-02,-5.886836051940917969e-01,0.000000000000000000e+00,-4.189698696136474609e-01,-3.788469135761260986e-01,6.955914944410324097e-02,-6.160880327224731445e-01,0.000000000000000000e+00
-1.291107684373855591e-01,8.653084933757781982e-02,8.376922607421875000e-01,2.542601153254508972e-02,-2.363771013915538788e-02,-9.407936595380306244e-03,9.993529319763183594e-01,-3.801808655261993408e-01,-4.442423582077026367e-03,-1.757134944200515747e-01,1.898686885833740234e-01,7.916060090065002441e-02,-8.421658538281917572e-03,-6.640890240669250488e-02,-1.257791221141815186e-01,-2.499193698167800903e-02,1.616307944059371948e-01,1.937859803438186646e-01,5.072496831417083740e-02,-5.093093216419219971e-02,2.083220183849334717e-01,-5.444621443748474121e-01,2.996242642402648926e-01,-5.178314074873924255e-02,-6.566144824028015137e-01,0.000000000000000000e+00,-3.870851695537567139e-01,-3.294664621353149414e-01,1.018490567803382874e-01,-6.610621213912963867e-01,0.000000000000000000e+00
-1.319383233785629272e-01,8.772461861371994019e-02,8.386327028274536133e-01,2.481177449226379395e-02,-2.101669833064079285e-02,-3.116987459361553192e-02,9.989850521087646484e-01,-3.863609135150909424e-01,1.051277760416269302e-02,-1.495714038610458374e-01,1.910817027091979980e-01,7.832563668489456177e-02,-9.694541222415864468e-04,-7.822798937559127808e-02,-1.199210360646247864e-01,9.100527502596378326e-03,1.483508348464965820e-01,1.763826906681060791e-01,5.916305631399154663e-02,-3.577140718698501587e-02,1.859789341688156128e-01,-5.002192854881286621e-01,2.758901417255401611e-01,-7.939375936985015869e-02,-6.533361673355102539e-01,0.000000000000000000e+00,-3.480060100555419922e-01,-3.183746337890625000e-01,1.381858885288238525e-01,-6.563737392425537109e-01,0.000000000000000000e+00
-1.349365264177322388e-01,8.607493340969085693e-02,8.395181894302368164e-01,2.663522399961948395e-02,-1.862964965403079987e-02,-5.282623693346977234e-02,9.980745911598205566e-01,-3.942026495933532715e-01,2.363664843142032623e-02,-1.260263323783874512e-01,1.962616890668869019e-01,7.792243361473083496e-02,4.428692627698183060e-03,-8.927924185991287231e-02,-1.159908175468444824e-01,4.730710387229919434e-02,1.349871605634689331e-01,1.578427553176879883e-01,6.795091927051544189e-02,-2.815407328307628632e-02,1.675804257392883301e-01,-4.365916848182678223e-01,2.642975151538848877e-01,-6.112148612737655640e-02,-6.370462775230407715e-01,0.000000000000000000e+00,-3.201445639133453369e-01,-3.091629147529602051e-01,1.425416767597198486e-01,-6.478689908981323242e-01,0.000000000000000000e+00
-1.387663334608078003e-01,8.396185934543609619e-02,8.403973579406738281e-01,3.006961010396480560e-02,-1.437882147729396820e-02,-7.694153487682342529e-02,9.964783191680908203e-01,-4.092438220977783203e-01,3.596724942326545715e-02,-9.803171455860137939e-02,2.059270441532135010e-01,7.547201216220855713e-02,1.146817207336425781e-02,-1.135090962052345276e-01,-1.123238950967788696e-01,9.992994368076324463e-02,1.317542642354965210e-01,1.385666579008102417e-01,7.831571996212005615e-02,-2.305372059345245361e-02,1.661330163478851318e-01,-3.377947807312011719e-01,2.787355482578277588e-01,-3.182313963770866394e-02,-6.244597434997558594e-01,0.000000000000000000e+00,-2.988747954368591309e-01,-3.030222058296203613e-01,1.384004056453704834e-01,-6.503869891166687012e-01,0.000000000000000000e+00
-1.421666890382766724e-01,7.969360798597335815e-02,8.410072922706604004e-01,3.483734652400016785e-02,-1.265892386436462402e-02,-9.792350977659225464e-02,9.945034384727478027e-01,-4.109488129615783691e-01,4.724878817796707153e-02,-7.171136885881423950e-02,2.069669663906097412e-01,7.382359355688095093e-02,1.251305174082517624e-02,-1.250737011432647705e-01,-1.087224483489990234e-01,1.432651281356811523e-01,1.222710981965065002e-01,1.295808553695678711e-01,7.709881663322448730e-02,-2.265716157853603363e-02,1.778924316167831421e-01,-2.320341020822525024e-01,2.991437613964080811e-01,1.485273335129022598e-02,-6.194538474082946777e-01,0.000000000000000000e+00,-2.878066599369049072e-01,-2.903948724269866943e-01,1.251044124364852905e-01,-6.466861367225646973e-01,0.000000000000000000e+00
-1.429254114627838135e-01,7.477280497550964355e-02,8.415678739547729492e-01,3.576090931892395020e-02,-1.888225786387920380e-02,-1.109800487756729126e-01,9.929994940757751465e-01,-3.728628456592559814e-01,6.588862091302871704e-02,-2.812947146594524384e-02,1.824291795492172241e-01,8.455882966518402100e-02,1.626946032047271729e-02,-9.914881736040115356e-02,-1.030806452035903931e-01,1.470960974693298340e-01,1.027801260352134705e-01,1.305043250322341919e-01,7.180356234312057495e-02,-6.569630466401576996e-03,1.941253095865249634e-01,-1.627660095691680908e-01,3.157440423965454102e-01,2.332754805684089661e-02,-5.838812589645385742e-01,0.000000000000000000e+00,-2.730957269668579102e-01,-2.919740080833435059e-01,1.218411102890968323e-01,-6.170621514320373535e-01,0.000000000000000000e+00
-1.444692313671112061e-01,6.875184178352355957e-02,8.429794311523437500e-01,3.925302252173423767e-02,-2.228713408112525940e-02,-1.234231144189834595e-01,9.913269877433776855e-01,-3.449780642986297607e-01,7.664212584495544434e-02,4.007218405604362488e-03,1.624454259872436523e-01,8.711326867341995239e-02,1.858286932110786438e-02,-8.795949071645736694e-02,-1.002075821161270142e-01,1.655737906694412231e-01,9.028620272874832153e-02,1.294361352920532227e-01,7.257226854562759399e-02,4.887386690825223923e-03,2.154879420995712280e-01,-1.041853874921798706e-01,3.585387468338012695e-01,4.957536235451698303e-02,-5.697963833808898926e-01,0.000000000000000000e+00,-2.609381079673767090e-01,-3.004001975059509277e-01,1.178609728813171387e-01,-5.986828804016113281e-01,0.000000000000000000e+00
-1.471577286720275879e-01,6.443115323781967163e-02,8.442419767379760742e-01,4.261826723814010620e-02,-2.622341737151145935e-02,-1.339534521102905273e-01,9.897234439849853516e-01,-3.230514526367187500e-01,8.585798740386962891e-02,4.110058024525642395e-02,1.492757350206375122e-01,8.728984743356704712e-02,1.385564543306827545e-02,-8.453948050737380981e-02,-9.963700920343399048e-02,1.844123899936676025e-01,8.901813626289367676e-02,1.328663378953933716e-01,7.770796865224838257e-02,1.926678977906703949e-02,2.316903024911880493e-01,-8.648627996444702148e-02,4.312475919723510742e-01,9.156733006238937378e-02,-5.822516083717346191e-01,0.000000000000000000e+00,-2.538327574729919434e-01,-3.095726370811462402e-01,1.136588454246520996e-01,-5.865387916564941406e-01,0.000000000000000000e+00
-1.500347554683685303e-01,6.415919214487075806e-02,8.451579809188842773e-01,4.190905392169952393e-02,-3.149848058819770813e-02,-1.453281193971633911e-01,9.879935383796691895e-01,-3.010907769203186035e-01,9.773328900337219238e-02,7.433165609836578369e-02,1.407134234905242920e-01,9.001374989748001099e-02,9.759003296494483948e-03,-8.193781971931457520e-02,-9.407288581132888794e-02,2.021430879831314087e-01,9.327691793441772461e-02,1.393442004919052124e-01,9.556014835834503174e-02,3.920837491750717163e-02,2.366535216569900513e-01,-1.195592731237411499e-01,5.089786052703857422e-01,1.381026953458786011e-01,-6.140268445014953613e-01,0.000000000000000000e+00,-2.616169750690460205e-01,-3.344534635543823242e-01,1.129717007279396057e-01,-5.824495553970336914e-01,0.000000000000000000e+00
-1.532409787178039551e-01,6.153464689850807190e-02,8.443206548690795898e-01,4.222383350133895874e-02,-3.624887019395828247e-02,-1.552729904651641846e-01,9.863029122352600098e-01,-2.826994955539703369e-01,1.087922304868698120e-01,1.043101325631141663e-01,1.334996521472930908e-01,9.664592891931533813e-02,8.496111258864402771e-03,-7.832815498113632202e-02,-8.813082426786422729e-02,2.183620631694793701e-01,9.584745019674301147e-02,1.436206698417663574e-01,1.026252657175064087e-01,5.481613799929618835e-02,2.341224104166030884e-01,-2.056491076946258545e-01,5.935086607933044434e-01,1.707122772932052612e-01,-6.577982902526855469e-01,0.000000000000000000e+00,-2.692708969116210938e-01,-3.426548242568969727e-01,1.227060481905937195e-01,-5.788377523422241211e-01,0.000000000000000000e+00
-1.555406004190444946e-01,5.916938558220863342e-02,8.423892855644226074e-01,4.237563908100128174e-02,-4.025478288531303406e-02,-1.638548225164413452e-01,9.847514629364013672e-01,-2.657262682914733887e-01,1.189446896314620972e-01,1.306519657373428345e-01,1.268246471881866455e-01,1.026256829500198364e-01,2.591051626950502396e-03,-7.266424596309661865e-02,-8.288381993770599365e-02,2.325186282396316528e-01,9.526062756776809692e-02,1.442867219448089600e-01,1.046824306249618530e-01,6.348092854022979736e-02,2.251188158988952637e-01,-3.317763507366180420e-01,6.850307583808898926e-01,2.080838233232498169e-01,-6.923871040344238281e-01,0.000000000000000000e+00,-2.783687412738800049e-01,-3.405864834785461426e-01,1.333346664905548096e-01,-5.748723149299621582e-01,0.000000000000000000e+00
-1.571295857429504395e-01,5.746565759181976318e-02,8.402097821235656738e-01,4.259695485234260559e-02,-4.223275184631347656e-02,-1.718415319919586182e-01,9.832966923713684082e-01,-2.529152035713195801e-01,1.276671737432479858e-01,1.501601636409759521e-01,1.203178465366363525e-01,1.072890982031822205e-01,-2.260513138025999069e-03,-6.953185051679611206e-02,-7.845350354909896851e-02,2.448031455278396606e-01,9.222599864006042480e-02,1.427317410707473755e-01,1.057763621211051941e-01,6.592532992362976074e-02,2.032954245805740356e-01,-4.717013537883758545e-01,7.614227533340454102e-01,2.302237451076507568e-01,-7.074000239372253418e-01,0.000000000000000000e+00,-2.933265566825866699e-01,-3.287406563758850098e-01,1.463592648506164551e-01,-5.738692879676818848e-01,0.000000000000000000e+00
-1.579711586236953735e-01,5.689542740583419800e-02,8.388316631317138672e-01,4.233366996049880981e-02,-4.227156192064285278e-02,-1.791526228189468384e-01,9.820006489753723145e-01,-2.466285973787307739e-01,1.338421702384948730e-01,1.647145599126815796e-01,1.147072613239288330e-01,1.137026846408843994e-01,-1.051476574502885342e-03,-7.068520784378051758e-02,-7.428432255983352661e-02,2.581305503845214844e-01,8.936288207769393921e-02,1.418071836233139038e-01,1.042244210839271545e-01,7.066374272108078003e-02,1.694338172674179077e-01,-5.973855257034301758e-01,8.170546889305114746e-01,2.286217212677001953e-01,-6.928662061691284180e-01,0.000000000000000000e+00,-3.147872984409332275e-01,-3.111594915390014648e-01,1.644995510578155518e-01,-5.731888413429260254e-01,0.000000000000000000e+00
-1.586957722902297974e-01,5.658820644021034241e-02,8.380661606788635254e-01,4.222278296947479248e-02,-4.132171720266342163e-02,-1.850925236940383911e-01,9.809436798095703125e-01,-2.456986159086227417e-01,1.372504085302352905e-01,1.796371638774871826e-01,1.096958070993423462e-01,1.209732145071029663e-01,1.188454261864535511e-04,-7.517310231924057007e-02,-7.036615163087844849e-02,2.710844576358795166e-01,8.816304057836532593e-02,1.392745822668075562e-01,1.032166033983230591e-01,7.949608564376831055e-02,1.337629258632659912e-01,-6.917080283164978027e-01,8.671706318855285645e-01,2.115950435400009155e-01,-6.333377957344055176e-01,0.000000000000000000e+00,-3.410938382148742676e-01,-3.032127320766448975e-01,1.838327646255493164e-01,-5.716265439987182617e-01,0.000000000000000000e+00
-1.600217372179031372e-01,5.717206001281738281e-02,8.381529450416564941e-01,4.310696572065353394e-02,-4.032269492745399475e-02,-1.908740252256393433e-01,9.798382520675659180e-01,-2.460487484931945801e-01,1.388927400112152100e-01,1.918394118547439575e-01,1.071846038103103638e-01,1.288068890571594238e-01,-6.293911137618124485e-04,-8.446862548589706421e-02,-6.976258754730224609e-02,2.831571698188781738e-01,9.125018119812011719e-02,1.383478641510009766e-01,1.021030470728874207e-01,9.201005101203918457e-02,1.024353504180908203e-01,-7.461605072021484375e-01,9.179220199584960938e-01,1.803025603294372559e-01,-5.134612321853637695e-01,0.000000000000000000e+00,-3.693394362926483154e-01,-3.030976355075836182e-01,2.033094763755798340e-01,-5.686119198799133301e-01,0.000000000000000000e+00
-1.685630232095718384e-01,6.456451117992401123e-02,8.383471369743347168e-01,3.957502543926239014e-02,-1.725170575082302094e-02,-1.885072141885757446e-01,9.811224341392517090e-01,-3.599353134632110596e-01,1.410592794418334961e-01,9.743384271860122681e-02,1.532824188470840454e-01,1.336179226636886597e-01,3.267422085627913475e-03,-1.989784836769104004e-01,-3.867441043257713318e-02,3.430820405483245850e-01,1.601691842079162598e-01,1.111868247389793396e-01,1.161814928054809570e-01,1.409001946449279785e-01,6.278982758522033691e-02,-9.332398176193237305e-01,9.789096713066101074e-01,9.117215871810913086e-02,-3.498686477541923523e-02,0.000000000000000000e+00,-3.985752463340759277e-01,-3.983820378780364990e-01,2.686564624309539795e-01,-6.559198498725891113e-01,0.000000000000000000e+00
-1.680928170680999756e-01,6.619893759489059448e-02,8.391280174255371094e-01,3.858711570501327515e-02,-1.676311530172824860e-02,-1.943848580121994019e-01,9.800227284431457520e-01,-3.567399680614471436e-01,1.442861557006835938e-01,1.028278470039367676e-01,1.512764692306518555e-01,1.419453769922256470e-01,9.632760658860206604e-03,-2.042113840579986572e-01,-3.427851572632789612e-02,3.549074232578277588e-01,1.653029769659042358e-01,1.052046418190002441e-01,1.172307133674621582e-01,1.683180928230285645e-01,4.217705875635147095e-02,-9.617676138877868652e-01,1.018503069877624512e+00,-4.784423392266035080e-03,1.644912958145141602e-01,0.000000000000000000e+00,-4.077780842781066895e-01,-4.128922224044799805e-01,2.992475628852844238e-01,-6.683303117752075195e-01,0.000000000000000000e+00
-1.672827154397964478e-01,6.567005068063735962e-02,8.399823904037475586e-01,4.084317386150360107e-02,-1.811521872878074646e-02,-2.016327232122421265e-01,9.784415960311889648e-01,-3.410056829452514648e-01,1.446889340877532959e-01,1.242900192737579346e-01,1.420112550258636475e-01,1.493298262357711792e-01,9.637772105634212494e-03,-2.011061459779739380e-01,-3.778422623872756958e-02,3.639478087425231934e-01,1.620922088623046875e-01,1.091636866331100464e-01,1.168451756238937378e-01,1.778353303670883179e-01,2.411339245736598969e-02,-9.469887018203735352e-01,1.071485638618469238e+00,-3.596651926636695862e-02,1.942470073699951172e-01,0.000000000000000000e+00,-4.175442457199096680e-01,-4.041124582290649414e-01,3.048525452613830566e-01,-6.603443622589111328e-01,0.000000000000000000e+00
-1.690606176853179932e-01,6.630862504243850708e-02,8.404680490493774414e-01,4.312287271022796631e-02,-1.605172269046306610e-02,-2.099204808473587036e-01,9.766350984573364258e-01,-3.434815406799316406e-01,1.457707434892654419e-01,1.343555599451065063e-01,1.392914205789566040e-01,1.577012389898300171e-01,9.632696397602558136e-03,-2.162027060985565186e-01,-3.537320718169212341e-02,3.862267732620239258e-01,1.679166704416275024e-01,1.109455153346061707e-01,1.177070811390876770e-01,1.822833716869354248e-01,1.790652424097061157e-02,-9.148969054222106934e-01,1.114538788795471191e+00,-1.285934727638959885e-02,9.535471349954605103e-02,0.000000000000000000e+00,-4.181541502475738525e-01,-4.111211895942687988e-01,3.106201291084289551e-01,-6.687955260276794434e-01,0.000000000000000000e+00
-1.713210344314575195e-01,6.592140346765518188e-02,8.398762345314025879e-01,4.594548791646957397e-02,-1.719135604798793793e-02,-2.208102941513061523e-01,9.740822911262512207e-01,-3.356056809425354004e-01,1.495434045791625977e-01,1.528140753507614136e-01,1.365819722414016724e-01,1.628017276525497437e-01,8.503511548042297363e-03,-2.226404398679733276e-01,-3.362324088811874390e-02,4.100104272365570068e-01,1.710627824068069458e-01,1.154040619730949402e-01,1.159820184111595154e-01,1.727264970541000366e-01,2.347389794886112213e-02,-8.814296722412109375e-01,1.133252739906311035e+00,-6.880008149892091751e-03,-7.784999907016754150e-02,0.000000000000000000e+00,-4.098643362522125244e-01,-3.980922400951385498e-01,3.104300498962402344e-01,-6.694588661193847656e-01,0.000000000000000000e+00
-1.733884513378143311e-01,6.486331671476364136e-02,8.397464752197265625e-01,4.964603856205940247e-02,-1.718734018504619598e-02,-2.317656278610229492e-01,9.713519215583801270e-01,-3.332300484180450439e-01,1.523713916540145874e-01,1.700524985790252686e-01,1.382649242877960205e-01,1.677632033824920654e-01,9.161230176687240601e-03,-2.325274348258972168e-01,-3.281446173787117004e-02,4.334342181682586670e-01,1.746467500925064087e-01,1.208356842398643494e-01,1.166758835315704346e-01,1.582580357789993286e-01,3.642718493938446045e-02,-8.425127267837524414e-01,1.159766554832458496e+00,3.575093671679496765e-02,-2.832541763782501221e-01,0.000000000000000000e+00,-3.933480083942413330e-01,-3.871887028217315674e-01,2.884410023689270020e-01,-6.677646636962890625e-01,0.000000000000000000e+00
-1.734246909618377686e-01,6.357147544622421265e-02,8.401981592178344727e-01,5.087283626198768616e-02,-1.799797266721725464e-02,-2.412813603878021240e-01,9.689537286758422852e-01,-3.222825527191162109e-01,1.576794832944869995e-01,1.960379034280776978e-01,1.322918832302093506e-01,1.786277145147323608e-01,1.133632753044366837e-02,-2.303265482187271118e-01,-2.962341345846652985e-02,4.507344663143157959e-01,1.711116284132003784e-01,1.256611794233322144e-01,1.181835383176803589e-01,1.486299484968185425e-01,3.934267908334732056e-02,-7.951303124427795410e-01,1.198876261711120605e+00,9.005665779113769531e-02,-4.375248253345489502e-01,0.000000000000000000e+00,-3.855777978897094727e-01,-3.748267889022827148e-01,2.536641061305999756e-01,-6.544905900955200195e-01,0.000000000000000000e+00
-1.705279052257537842e-01,6.048060953617095947e-02,8.402627110481262207e-01,5.054949596524238586e-02,-2.630148455500602722e-02,-2.490162849426269531e-01,9.668215513229370117e-01,-2.785460948944091797e-01,1.648734211921691895e-01,2.400341331958770752e-01,1.224299520254135132e-01,1.803574264049530029e-01,1.373819448053836823e-02,-1.944945603609085083e-01,-3.469269722700119019e-02,4.428841173648834229e-01,1.542328000068664551e-01,1.373764574527740479e-01,1.138698831200599670e-01,1.357023268938064575e-01,3.075345605611801147e-02,-7.781911492347717285e-01,1.211884498596191406e+00,6.700900197029113770e-02,-4.851598143577575684e-01,0.000000000000000000e+00,-3.852176070213317871e-01,-3.365061581134796143e-01,2.525645792484283447e-01,-6.282029151916503906e-01,0.000000000000000000e+00
-1.693075150251388550e-01,5.832957848906517029e-02,8.400255441665649414e-01,5.143858119845390320e-02,-3.120567090809345245e-02,-2.543306350708007812e-01,9.652441143989562988e-01,-2.512729465961456299e-01,1.664775311946868896e-01,2.669741511344909668e-01,1.132071539759635925e-01,1.813449561595916748e-01,1.389387808740139008e-02,-1.734076589345932007e-01,-4.014520719647407532e-02,4.414688050746917725e-01,1.411555111408233643e-01,1.428724676370620728e-01,1.124582588672637939e-01,1.231482475996017456e-01,2.994851581752300262e-02,-7.709480524063110352e-01,1.229075551033020020e+00,6.390144675970077515e-02,-5.217821002006530762e-01,0.000000000000000000e+00,-3.880071043968200684e-01,-3.194130957126617432e-01,2.509676516056060791e-01,-6.068350076675415039e-01,0.000000000000000000e+00
-1.688598394393920898e-01,5.664259195327758789e-02,8.395900726318359375e-01,5.182285234332084656e-02,-3.481268882751464844e-02,-2.571589052677154541e-01,9.643504619598388672e-01,-2.340591996908187866e-01,1.678591817617416382e-01,2.845689654350280762e-01,1.084573417901992798e-01,1.826447695493698120e-01,1.353585161268711090e-02,-1.597722321748733521e-01,-4.175910353660583496e-02,4.420576095581054688e-01,1.349069774150848389e-01,1.463192999362945557e-01,1.099822372198104858e-01,1.125488802790641785e-01,2.793187275528907776e-02,-7.649018168449401855e-01,1.235808491706848145e+00,6.263127177953720093e-02,-5.171613097190856934e-01,0.000000000000000000e+00,-3.935056328773498535e-01,-3.115604221820831299e-01,2.495604753494262695e-01,-5.913314819335937500e-01,0.000000000000000000e+00
-1.680481582880020142e-01,5.546977743506431580e-02,8.392069339752197266e-01,5.196890980005264282e-02,-3.721006587147712708e-02,-2.588172554969787598e-01,9.638092517852783203e-01,-2.232133597135543823e-01,1.685677170753479004e-01,2.954205274581909180e-01,1.065810620784759521e-01,1.825795173645019531e-01,1.470717974007129669e-02,-1.516904234886169434e-01,-4.277877882122993469e-02,4.412484765052795410e-01,1.334701031446456909e-01,1.469493657350540161e-01,1.110704243183135986e-01,1.056758835911750793e-01,2.434087730944156647e-02,-7.668060064315795898e-01,1.245242714881896973e+00,6.332819163799285889e-02,-4.596655666828155518e-01,0.000000000000000000e+00,-4.003522396087646484e-01,-3.083909451961517334e-01,2.493154853582382202e-01,-5.789513587951660156e-01,0.000000000000000000e+00
-1.725027114152908325e-01,6.055208295583724976e-02,8.401200175285339355e-01,5.188047140836715698e-02,-2.081294544041156769e-02,-2.499356865882873535e-01,9.666475057601928711e-01,-3.130602240562438965e-01,1.659335196018218994e-01,2.117903232574462891e-01,1.449686884880065918e-01,1.760371625423431396e-01,1.707742176949977875e-02,-2.297953516244888306e-01,-2.256669662892818451e-02,4.686183333396911621e-01,1.850359886884689331e-01,1.207250282168388367e-01,1.262159794569015503e-01,1.263681501150131226e-01,7.656802772544324398e-04,-8.126944303512573242e-01,1.255004405975341797e+00,1.141781136393547058e-01,-1.768039315938949585e-01,0.000000000000000000e+00,-4.109720587730407715e-01,-3.800540864467620850e-01,2.580459713935852051e-01,-6.389142274856567383e-01,0.000000000000000000e+00
-1.693690121173858643e-01,5.774471163749694824e-02,8.399110436439514160e-01,4.957787320017814636e-02,-2.892419323325157166e-02,-2.509431242942810059e-01,9.662985801696777344e-01,-2.730739712715148926e-01,1.724045425653457642e-01,2.455738633871078491e-01,1.342002302408218384e-01,1.761995255947113037e-01,2.317561395466327667e-02,-1.914856582880020142e-01,-2.567585743963718414e-02,4.536435306072235107e-01,1.689682900905609131e-01,1.284718066453933716e-01,1.206705272197723389e-01,1.187573745846748352e-01,-1.482334919273853302e-02,-8.130728006362915039e-01,1.255100846290588379e+00,6.927338987588882446e-02,-6.809845566749572754e-02,0.000000000000000000e+00,-4.187654554843902588e-01,-3.487941026687622070e-01,2.647522091865539551e-01,-6.151822805404663086e-01,0.000000000000000000e+00
-1.661493778228759766e-01,5.596078559756278992e-02,8.401134610176086426e-01,4.871517047286033630e-02,-3.218531236052513123e-02,-2.508104741573333740e-01,9.662737846374511719e-01,-2.494835704565048218e-01,1.731667667627334595e-01,2.654342353343963623e-01,1.227818503975868225e-01,1.750206649303436279e-01,2.481958270072937012e-02,-1.694234311580657959e-01,-2.971905842423439026e-02,4.436890482902526855e-01,1.562532931566238403e-01,1.302221119403839111e-01,1.178461462259292603e-01,1.140716671943664551e-01,-3.489684313535690308e-02,-8.316338062286376953e-01,1.255931258201599121e+00,4.638812690973281860e-02,5.759371072053909302e-02,0.000000000000000000e+00,-4.322029948234558105e-01,-3.332958519458770752e-01,2.791610062122344971e-01,-5.961203575134277344e-01,0.000000000000000000e+00
-1.640334576368331909e-01,5.584056302905082703e-02,8.399795889854431152e-01,4.818826913833618164e-02,-3.396740555763244629e-02,-2.519048154354095459e-01,9.659544825553894043e-01,-2.339640259742736816e-01,1.725596934556961060e-01,2.781156003475189209e-01,1.139792501926422119e-01,1.749624907970428467e-01,2.289400063455104828e-02,-1.576510220766067505e-01,-3.317869827151298523e-02,4.384928345680236816e-01,1.481477469205856323e-01,1.328321397304534912e-01,1.171192303299903870e-01,1.082738488912582397e-01,-5.649051442742347717e-02,-8.603870868682861328e-01,1.250213384628295898e+00,4.468307644128799438e-02,1.209328696131706238e-01,0.000000000000000000e+00,-4.471383690834045410e-01,-3.280660808086395264e-01,2.905254662036895752e-01,-5.808860659599304199e-01,0.000000000000000000e+00
-1.641699522733688354e-01,5.628111585974693298e-02,8.389490246772766113e-01,4.793967679142951965e-02,-3.538662195205688477e-02,-2.540783584117889404e-01,9.653464555740356445e-01,-2.243700027465820312e-01,1.730386912822723389e-01,2.884041070938110352e-01,1.071162149310112000e-01,1.782225519418716431e-01,2.112960256636142731e-02,-1.527950465679168701e-01,-3.445585817098617554e-02,4.377728104591369629e-01,1.439467817544937134e-01,1.367783546447753906e-01,1.190132200717926025e-01,9.883789718151092529e-02,-5.705426633358001709e-02,-8.903575539588928223e-01,1.242969632148742676e+00,3.804281353950500488e-02,1.053759455680847168e-01,0.000000000000000000e+00,-4.522547721862792969e-01,-3.276837468147277832e-01,2.987939119338989258e-01,-5.686822533607482910e-01,0.000000000000000000e+00
-1.650162488222122192e-01,5.679107457399368286e-02,8.381654620170593262e-01,4.799674078822135925e-02,-3.634284064173698425e-02,-2.569457888603210449e-01,9.645487666130065918e-01,-2.183041572570800781e-01,1.740465015172958374e-01,2.972400188446044922e-01,1.026322171092033386e-01,1.787904053926467896e-01,1.994299143552780151e-02,-1.511815637350082397e-01,-3.525446727871894836e-02,4.398269355297088623e-01,1.405647546052932739e-01,1.403541415929794312e-01,1.209994480013847351e-01,8.752840012311935425e-02,-4.751586169004440308e-02,-9.242327809333801270e-01,1.234691739082336426e+00,2.748021297156810760e-02,2.815622091293334961e-02,0.000000000000000000e+00,-4.411959648132324219e-01,-3.257650136947631836e-01,3.050072193145751953e-01,-5.556868314743041992e-01,0.000000000000000000e+00
-1.706950813531875610e-01,6.187134608626365662e-02,8.399754762649536133e-01,4.984476417303085327e-02,-1.833664998412132263e-02,-2.576394677162170410e-01,9.647803902626037598e-01,-3.110459744930267334e-01,1.748822033405303955e-01,2.272015661001205444e-01,1.447073519229888916e-01,1.703082323074340820e-01,1.702534221112728119e-02,-2.350929826498031616e-01,-1.380050275474786758e-02,4.854357540607452393e-01,1.867106556892395020e-01,1.244345903396606445e-01,1.302991956472396851e-01,9.661980718374252319e-02,1.593234017491340637e-03,-9.103708267211914062e-01,1.198614716529846191e+00,1.530546396970748901e-01,-2.562738060951232910e-01,0.000000000000000000e+00,-3.759574890136718750e-01,-4.212580919265747070e-01,2.438408434391021729e-01,-6.495608687400817871e-01,0.000000000000000000e+00
-1.671563088893890381e-01,6.085751578211784363e-02,8.399162292480468750e-01,4.764511808753013611e-02,-2.652536518871784210e-02,-2.617157101631164551e-01,9.636032581329345703e-01,-2.687616646289825439e-01,1.803699135780334473e-01,2.687463164329528809e-01,1.339019238948822021e-01,1.691280603408813477e-01,2.127441205084323883e-02,-1.970301270484924316e-01,-2.019292116165161133e-02,4.732071161270141602e-01,1.675417572259902954e-01,1.357030123472213745e-01,1.250429898500442505e-01,8.501864969730377197e-02,-5.822043400257825851e-03,-9.067369103431701660e-01,1.206620216369628906e+00,1.300515681505203247e-01,-3.269705772399902344e-01,0.000000000000000000e+00,-3.638324439525604248e-01,-3.975635170936584473e-01,2.419849038124084473e-01,-6.241908073425292969e-01,0.000000000000000000e+00
-1.690567284822463989e-01,6.488972902297973633e-02,8.418394923210144043e-01,4.856472089886665344e-02,-1.733164489269256592e-02,-2.594143152236938477e-01,9.643885493278503418e-01,-3.171122968196868896e-01,1.747741401195526123e-01,2.259529083967208862e-01,1.534893363714218140e-01,1.614516228437423706e-01,2.100255712866783142e-02,-2.353108078241348267e-01,-1.477879099547863007e-02,4.908553063869476318e-01,1.834732890129089355e-01,1.266366988420486450e-01,1.298948973417282104e-01,9.223507344722747803e-02,8.544581010937690735e-03,-8.488757014274597168e-01,1.157144427299499512e+00,2.459607273340225220e-01,-5.674245357513427734e-01,0.000000000000000000e+00,-3.189338743686676025e-01,-4.659188985824584961e-01,1.907848417758941650e-01,-6.763516664505004883e-01,0.000000000000000000e+00
-1.662268489599227905e-01,6.422614306211471558e-02,8.408945798873901367e-01,4.553717374801635742e-02,-2.694711834192276001e-02,-2.612343132495880127e-01,9.638240933418273926e-01,-2.734849154949188232e-01,1.807641983032226562e-01,2.690477669239044189e-01,1.424496322870254517e-01,1.585973650217056274e-01,2.619738504290580750e-02,-1.945710480213165283e-01,-2.127842232584953308e-02,4.740484356880187988e-01,1.654606312513351440e-01,1.383364200592041016e-01,1.243354082107543945e-01,7.864349335432052612e-02,-3.327465150505304337e-03,-8.498303294181823730e-01,1.155442953109741211e+00,2.130221575498580933e-01,-5.856496691703796387e-01,0.000000000000000000e+00,-3.095709383487701416e-01,-4.356616437435150146e-01,2.019251137971878052e-01,-6.505436301231384277e-01,0.000000000000000000e+00
-1.647316664457321167e-01,6.437379866838455200e-02,8.401945233345031738e-01,4.424920305609703064e-02,-3.206207230687141418e-02,-2.595426440238952637e-01,9.641844630241394043e-01,-2.501294016838073730e-01,1.788916438817977905e-01,2.905744314193725586e-01,1.323518306016921997e-01,1.551984697580337524e-01,2.711867727339267731e-02,-1.703552454710006714e-01,-2.824975922703742981e-02,4.614896476268768311e-01,1.507162004709243774e-01,1.424594670534133911e-01,1.210370659828186035e-01,6.790637969970703125e-02,-7.896831259131431580e-03,-8.371154069900512695e-01,1.146312713623046875e+00,1.913016587495803833e-01,-5.480362176895141602e-01,0.000000000000000000e+00,-2.969030439853668213e-01,-4.240475893020629883e-01,2.049647271633148193e-01,-6.273307204246520996e-01,0.000000000000000000e+00
-1.662620604038238525e-01,7.015258818864822388e-02,8.406951427459716797e-01,4.233926534652709961e-02,-2.159721590578556061e-02,-2.451734244823455811e-01,9.683134555816650391e-01,-3.212814033031463623e-01,1.710341721773147583e-01,2.121456563472747803e-01,1.693929582834243774e-01,1.312179267406463623e-01,2.626882679760456085e-02,-2.154690474271774292e-01,-2.052351459860801697e-02,4.606756865978240967e-01,1.811958551406860352e-01,1.162210032343864441e-01,1.308676898479461670e-01,8.854069560766220093e-02,-2.563506551086902618e-02,-8.513242006301879883e-01,1.141646742820739746e+00,2.429346591234207153e-01,-2.696200013160705566e-01,0.000000000000000000e+00,-2.591638565063476562e-01,-4.956649541854858398e-01,1.732960939407348633e-01,-6.716005206108093262e-01,0.000000000000000000e+00
-1.639019101858139038e-01,7.347909361124038696e-02,8.407067060470581055e-01,3.831745311617851257e-02,-1.960714533925056458e-02,-2.361142933368682861e-01,9.707715511322021484e-01,-3.392834067344665527e-01,1.679637432098388672e-01,1.837250888347625732e-01,1.817962527275085449e-01,1.268587410449981689e-01,3.542896732687950134e-02,-2.164648473262786865e-01,-2.031378075480461121e-02,4.442893266677856445e-01,1.843157857656478882e-01,1.101866215467453003e-01,1.309135407209396362e-01,1.014811843633651733e-01,-5.048742890357971191e-02,-8.682605028152465820e-01,1.148984193801879883e+00,1.741136461496353149e-01,3.061954677104949951e-02,0.000000000000000000e+00,-2.347839027643203735e-01,-5.158104300498962402e-01,1.806375682353973389e-01,-6.811828613281250000e-01,0.000000000000000000e+00
-1.598636358976364136e-01,7.529465854167938232e-02,8.410499691963195801e-01,3.632400184869766235e-02,-1.798683963716030121e-02,-2.303435206413269043e-01,9.722648262977600098e-01,-3.457675576210021973e-01,1.654943078756332397e-01,1.755276322364807129e-01,1.869373619556427002e-01,1.260990947484970093e-01,3.611914068460464478e-02,-2.109899222850799561e-01,-2.346597053110599518e-02,4.338467419147491455e-01,1.800488680601119995e-01,1.091199815273284912e-01,1.284322738647460938e-01,1.010781601071357727e-01,-7.323805987834930420e-02,-8.536434769630432129e-01,1.157984495162963867e+00,1.593115925788879395e-01,1.450140476226806641e-01,0.000000000000000000e+00,-2.158575206995010376e-01,-5.141831636428833008e-01,1.853764206171035767e-01,-6.753146052360534668e-01,0.000000000000000000e+00
-1.570788323879241943e-01,7.803957164287567139e-02,8.415906429290771484e-01,3.582843765616416931e-02,-1.506142504513263702e-02,-2.270061820745468140e-01,9.731175303459167480e-01,-3.561167120933532715e-01,1.618463993072509766e-01,1.700526177883148193e-01,1.931618005037307739e-01,1.199829503893852234e-01,3.293925151228904724e-02,-2.152752429246902466e-01,-2.862267382442951202e-02,4.269423782825469971e-01,1.787153184413909912e-01,1.103563308715820312e-01,1.265668421983718872e-01,9.446218609809875488e-02,-7.934869080781936646e-02,-8.054580092430114746e-01,1.164965033531188965e+00,2.014716416597366333e-01,9.971483051776885986e-02,0.000000000000000000e+00,-1.944249719381332397e-01,-5.195400118827819824e-01,1.626394242048263550e-01,-6.756493449211120605e-01,0.000000000000000000e+00
-1.542995125055313110e-01,7.812808454036712646e-02,8.406109809875488281e-01,3.415767103433609009e-02,-2.206450141966342926e-02,-2.282097190618515015e-01,9.727624058723449707e-01,-3.153931796550750732e-01,1.672919839620590210e-01,2.058494538068771362e-01,1.761474609375000000e-01,1.194672584533691406e-01,3.260038048028945923e-02,-1.816297769546508789e-01,-3.605521097779273987e-02,4.104109108448028564e-01,1.592399030923843384e-01,1.213041394948959351e-01,1.201464384794235229e-01,6.940697878599166870e-02,-7.465070486068725586e-02,-7.855889797210693359e-01,1.156768679618835449e+00,1.676725894212722778e-01,5.945941805839538574e-02,0.000000000000000000e+00,-1.758158057928085327e-01,-4.712977707386016846e-01,1.700844317674636841e-01,-6.479586362838745117e-01,0.000000000000000000e+00
-1.555913239717483521e-01,8.215596526861190796e-02,8.406907320022583008e-01,3.632333874702453613e-02,-1.593040861189365387e-02,-2.197748720645904541e-01,9.747439622879028320e-01,-3.605000674724578857e-01,1.511214822530746460e-01,1.574023067951202393e-01,2.016352415084838867e-01,9.437116235494613647e-02,1.989706419408321381e-02,-2.088158428668975830e-01,-4.342184588313102722e-02,4.129040539264678955e-01,1.708270907402038574e-01,1.116905286908149719e-01,1.238480061292648315e-01,5.938960239291191101e-02,-4.244168847799301147e-02,-7.324609160423278809e-01,1.031978368759155273e+00,2.279001176357269287e-01,-1.187895983457565308e-01,0.000000000000000000e+00,-1.294157207012176514e-01,-4.898618757724761963e-01,1.286603212356567383e-01,-6.677591204643249512e-01,0.000000000000000000e+00
-1.517879515886306763e-01,8.343392610549926758e-02,8.398260474205017090e-01,3.285515308380126953e-02,-2.318559959530830383e-02,-2.172824144363403320e-01,9.752801060676574707e-01,-3.182527720928192139e-01,1.541521698236465454e-01,1.870910525321960449e-01,1.798027455806732178e-01,9.075055271387100220e-02,2.407823316752910614e-02,-1.708060801029205322e-01,-5.054066330194473267e-02,3.878181278705596924e-01,1.517354249954223633e-01,1.229924708604812622e-01,1.168136224150657654e-01,3.950959071516990662e-02,-3.012472018599510193e-02,-6.949687600135803223e-01,9.804307222366333008e-01,1.824203133583068848e-01,-1.504425555467605591e-01,0.000000000000000000e+00,-1.238064393401145935e-01,-4.554376304149627686e-01,1.283729523420333862e-01,-6.513648629188537598e-01,0.000000000000000000e+00
-1.504937261343002319e-01,8.910677582025527954e-02,8.407788872718811035e-01,3.246933594346046448e-02,-1.935297250747680664e-02,-1.991263180971145630e-01,9.792445898056030273e-01,-3.601793050765991211e-01,1.292208731174468994e-01,1.203055158257484436e-01,2.066911906003952026e-01,6.013906747102737427e-02,3.051439113914966583e-02,-1.819704025983810425e-01,-6.441570818424224854e-02,3.611913025379180908e-01,1.580028235912322998e-01,1.127261668443679810e-01,1.212114170193672180e-01,4.144051671028137207e-02,-1.043406967073678970e-02,-5.639562606811523438e-01,8.074520826339721680e-01,1.942740529775619507e-01,-3.519704341888427734e-01,0.000000000000000000e+00,-1.183766052126884460e-01,-4.970329403877258301e-01,5.243670195341110229e-02,-7.015744447708129883e-01,0.000000000000000000e+00
-1.473738253116607666e-01,9.263636171817779541e-02,8.405100703239440918e-01,3.162420913577079773e-02,-2.093541808426380157e-02,-1.858790814876556396e-01,9.818404316902160645e-01,-3.579359948635101318e-01,1.144190505146980286e-01,1.046325787901878357e-01,2.048330008983612061e-01,5.866795033216476440e-02,3.318877890706062317e-02,-1.657720655202865601e-01,-7.820775359869003296e-02,3.327356576919555664e-01,1.495946198701858521e-01,1.185200214385986328e-01,1.089160665869712830e-01,2.852114103734493256e-02,-4.728276107925921679e-04,-4.618372619152069092e-01,7.060629725456237793e-01,1.489476710557937622e-01,-4.349215328693389893e-01,0.000000000000000000e+00,-1.627675294876098633e-01,-4.872093498706817627e-01,4.910158365964889526e-02,-7.266448140144348145e-01,0.000000000000000000e+00
-1.444494128227233887e-01,9.621302038431167603e-02,8.406596183776855469e-01,3.064950741827487946e-02,-2.181349880993366241e-02,-1.703747659921646118e-01,9.846609830856323242e-01,-3.610609173774719238e-01,9.628561139106750488e-02,6.856748461723327637e-02,2.071786671876907349e-01,5.435918644070625305e-02,3.747819736599922180e-02,-1.556417196989059448e-01,-8.944587409496307373e-02,3.047250509262084961e-01,1.496778726577758789e-01,1.250962018966674805e-01,9.979837387800216675e-02,1.471843011677265167e-02,6.367085501551628113e-03,-3.595178127288818359e-01,6.063330769538879395e-01,8.334073424339294434e-02,-5.032653212547302246e-01,0.000000000000000000e+00,-2.467231750488281250e-01,-4.808304905891418457e-01,4.949091374874114990e-02,-7.523219585418701172e-01,0.000000000000000000e+00
-1.382199674844741821e-01,9.780488163232803345e-02,8.396912217140197754e-01,2.510211989283561707e-02,-3.078422136604785919e-02,-1.606249660253524780e-01,9.862158894538879395e-01,-3.155888915061950684e-01,1.009781509637832642e-01,8.661071211099624634e-02,1.842397898435592651e-01,5.771778151392936707e-02,3.441057354211807251e-02,-1.105763837695121765e-01,-9.136959910392761230e-02,2.650750875473022461e-01,1.403535455465316772e-01,1.396458894014358521e-01,9.224955737590789795e-02,2.300029387697577477e-03,3.970818966627120972e-02,-3.119751811027526855e-01,5.463667511940002441e-01,5.183963850140571594e-02,-4.852625429630279541e-01,0.000000000000000000e+00,-3.243088722229003906e-01,-4.719979166984558105e-01,4.763512313365936279e-02,-7.608840465545654297e-01,0.000000000000000000e+00
-1.375828385353088379e-01,9.996255487203598022e-02,8.388567566871643066e-01,2.987910434603691101e-02,-2.412512153387069702e-02,-1.334358453750610352e-01,9.903131127357482910e-01,-3.651270270347595215e-01,6.462972611188888550e-02,2.100295387208461761e-02,2.130714505910873413e-01,4.665963351726531982e-02,2.350558713078498840e-02,-1.319673508405685425e-01,-1.126299276947975159e-01,2.278757393360137939e-01,1.569709479808807373e-01,1.355536282062530518e-01,9.355676919221878052e-02,-2.141026407480239868e-02,4.806581512093544006e-02,-2.359650731086730957e-01,4.750646054744720459e-01,5.405932292342185974e-02,-5.677605271339416504e-01,0.000000000000000000e+00,-4.967604577541351318e-01,-4.890885353088378906e-01,-2.668185858055949211e-03,-7.841954231262207031e-01,0.000000000000000000e+00
-1.332389861345291138e-01,1.010324954986572266e-01,8.380134105682373047e-01,2.814746461808681488e-02,-2.641052938997745514e-02,-1.148400679230690002e-01,9.926338791847229004e-01,-3.566800951957702637e-01,5.366241931915283203e-02,1.121847963077016175e-04,2.094961404800415039e-01,4.430179297924041748e-02,1.979727670550346375e-02,-1.119887679815292358e-01,-1.209437027573585510e-01,1.829656362533569336e-01,1.576045304536819458e-01,1.458836048841476440e-01,9.104063361883163452e-02,-3.426668420433998108e-02,8.309292793273925781e-02,-1.984527111053466797e-01,4.251298308372497559e-01,2.701431699097156525e-02,-5.764405131340026855e-01,0.000000000000000000e+00,-6.422578692436218262e-01,-5.076935291290283203e-01,-1.770811155438423157e-02,-7.894746661186218262e-01,0.000000000000000000e+00
-1.303586959838867188e-01,1.003266647458076477e-01,8.373105525970458984e-01,3.004817664623260498e-02,-2.436201833188533783e-02,-9.119707345962524414e-02,9.950812458992004395e-01,-3.693861067295074463e-01,3.219963982701301575e-02,-3.796789795160293579e-02,2.169792205095291138e-01,4.118286073207855225e-02,1.259905844926834106e-02,-1.074844375252723694e-01,-1.329779177904129028e-01,1.436586081981658936e-01,1.647809296846389771e-01,1.583333164453506470e-01,9.174984693527221680e-02,-5.824801325798034668e-02,1.183709874749183655e-01,-1.897029578685760498e-01,3.988687098026275635e-01,4.110699519515037537e-03,-5.983897447586059570e-01,0.000000000000000000e+00,-8.110567927360534668e-01,-5.349088907241821289e-01,-4.129946976900100708e-02,-7.624146938323974609e-01,0.000000000000000000e+00
-1.255583912134170532e-01,9.885743260383605957e-02,8.370494842529296875e-01,2.840225398540496826e-02,-2.546273171901702881e-02,-6.864405423402786255e-02,9.969117045402526855e-01,-3.615317940711975098e-01,2.215214818716049194e-02,-6.464222073554992676e-02,2.098609507083892822e-01,3.978336602449417114e-02,2.313290257006883621e-03,-8.325136452913284302e-02,-1.348627358675003052e-01,1.032359153032302856e-01,1.621944308280944824e-01,1.746090203523635864e-01,9.189496189355850220e-02,-7.623316347599029541e-02,1.675163358449935913e-01,-2.087195813655853271e-01,3.837457597255706787e-01,-1.221288647502660751e-02,-6.069285869598388672e-01,0.000000000000000000e+00,-9.390004277229309082e-01,-5.868099331855773926e-01,-4.363288730382919312e-02,-7.155614495277404785e-01,0.000000000000000000e+00
-1.225535944104194641e-01,9.518798440694808960e-02,8.376573920249938965e-01,3.154191374778747559e-02,-2.231820672750473022e-02,-4.338500276207923889e-02,9.983109235763549805e-01,-3.719000220298767090e-01,-2.309537958353757858e-04,-1.068849042057991028e-01,2.128530889749526978e-01,3.767169266939163208e-02,-7.538510486483573914e-03,-7.752186059951782227e-02,-1.428172737360000610e-01,7.730761915445327759e-02,1.664709895849227905e-01,1.923652440309524536e-01,9.149283915758132935e-02,-1.134236752986907959e-01,2.039152830839157104e-01,-2.406833171844482422e-01,4.033934175968170166e-01,-3.292844817042350769e-02,-6.273661851882934570e-01,0.000000000000000000e+00,-1.059799790382385254e+00,-6.339076161384582520e-01,-3.800673410296440125e-02,-6.004674434661865234e-01,0.000000000000000000e+00
-1.193568781018257141e-01,9.104008972644805908e-02,8.387649655342102051e-01,3.479816392064094543e-02,-1.987458020448684692e-02,-1.869778335094451904e-02,9.990217685699462891e-01,-3.788999021053314209e-01,-2.138976380228996277e-02,-1.417003124952316284e-01,2.152238488197326660e-01,3.236264735460281372e-02,-2.432436868548393250e-02,-7.025178521871566772e-02,-1.499212682247161865e-01,5.043688416481018066e-02,1.711353808641433716e-01,2.114596664905548096e-01,9.352499246597290039e-02,-1.552012264728546143e-01,2.296433448791503906e-01,-2.750458419322967529e-01,4.317766129970550537e-01,-3.165328502655029297e-02,-6.407117247581481934e-01,0.000000000000000000e+00,-1.156713962554931641e+00,-6.805027723312377930e-01,-3.148126229643821716e-02,-4.073711335659027100e-01,0.000000000000000000e+00
-1.155396550893783569e-01,8.700638264417648315e-02,8.402510285377502441e-01,3.702751174569129944e-02,-1.944378577172756195e-02,2.457361202687025070e-03,9.991220235824584961e-01,-3.756266832351684570e-01,-3.678835928440093994e-02,-1.716648936271667480e-01,2.117437124252319336e-01,2.797312848269939423e-02,-3.791355341672897339e-02,-5.574193969368934631e-02,-1.512375771999359131e-01,3.429520130157470703e-02,1.728477627038955688e-01,2.255157530307769775e-01,8.937778323888778687e-02,-1.946330517530441284e-01,2.491498887538909912e-01,-3.050338029861450195e-01,4.694724678993225098e-01,-3.818497061729431152e-02,-6.503689885139465332e-01,0.000000000000000000e+00,-1.226522803306579590e+00,-7.221493124961853027e-01,6.638376973569393158e-03,-1.716972887516021729e-01,0.000000000000000000e+00
-1.127923130989074707e-01,8.335186541080474854e-02,8.421146869659423828e-01,4.092138260602951050e-02,-1.735768094658851624e-02,1.806513033807277679e-02,9.988482594490051270e-01,-3.762039542198181152e-01,-5.287103354930877686e-02,-1.949698179960250854e-01,2.082846462726593018e-01,2.897986397147178650e-02,-4.456233233213424683e-02,-5.297081917524337769e-02,-1.557334363460540771e-01,3.832210972905158997e-02,1.778120100498199463e-01,2.428095787763595581e-01,9.259601682424545288e-02,-2.390196770429611206e-01,2.561075389385223389e-01,-3.242700695991516113e-01,5.014221072196960449e-01,-4.717192798852920532e-02,-6.597916483879089355e-01,0.000000000000000000e+00,-1.307164072990417480e+00,-7.460050582885742188e-01,6.526080518960952759e-02,1.122569367289543152e-01,0.000000000000000000e+00
-1.091779395937919617e-01,8.303826302289962769e-02,8.436241745948791504e-01,3.966464102268218994e-02,-1.755930855870246887e-02,3.162695094943046570e-02,9.985580444335937500e-01,-3.693593144416809082e-01,-5.792051181197166443e-02,-2.118360698223114014e-01,2.017678171396255493e-01,2.920497395098209381e-02,-5.363900214433670044e-02,-3.954005241394042969e-02,-1.516976505517959595e-01,3.581890836358070374e-02,1.775449216365814209e-01,2.602978646755218506e-01,9.760456532239913940e-02,-2.588368356227874756e-01,2.660576105117797852e-01,-3.403140306472778320e-01,5.018751621246337891e-01,-5.827403441071510315e-02,-6.579549908638000488e-01,0.000000000000000000e+00,-1.360041975975036621e+00,-7.408929467201232910e-01,1.105641424655914307e-01,3.582498431205749512e-01,0.000000000000000000e+00
-1.057503223419189453e-01,8.510453999042510986e-02,8.447660803794860840e-01,3.519689291715621948e-02,-2.029938250780105591e-02,4.126491025090217590e-02,9.983217716217041016e-01,-3.525088429450988770e-01,-5.519266799092292786e-02,-2.244348824024200439e-01,1.889459341764450073e-01,3.576503694057464600e-02,-5.296064540743827820e-02,-1.809456758201122284e-02,-1.438208520412445068e-01,2.884037792682647705e-02,1.711090952157974243e-01,2.798967361450195312e-01,1.035998612642288208e-01,-2.594175636768341064e-01,2.909623682498931885e-01,-3.678608238697052002e-01,4.744305014610290527e-01,-5.434251204133033752e-02,-6.412444710731506348e-01,0.000000000000000000e+00,-1.339389324188232422e+00,-7.705659866333007812e-01,1.396971344947814941e-01,4.313122630119323730e-01,0.000000000000000000e+00
-1.032422184944152832e-01,8.715001493692398071e-02,8.443005681037902832e-01,3.210163116455078125e-02,-2.064267732203006744e-02,5.414910614490509033e-02,9.978032112121582031e-01,-3.482700288295745850e-01,-6.024979799985885620e-02,-2.443836778402328491e-01,1.837986260652542114e-01,4.392641037702560425e-02,-5.362548679113388062e-02,-4.371039569377899170e-03,-1.400885581970214844e-01,1.527911983430385590e-02,1.670729070901870728e-01,3.030997216701507568e-01,1.138931512832641602e-01,-2.551854848861694336e-01,3.008931875228881836e-01,-3.905975818634033203e-01,4.608100950717926025e-01,-5.457325652241706848e-02,-6.343151330947875977e-01,0.000000000000000000e+00,-1.301147222518920898e+00,-8.202367424964904785e-01,1.438696980476379395e-01,3.841590881347656250e-01,0.000000000000000000e+00
-1.027440950274467468e-01,8.802112936973571777e-02,8.436933159828186035e-01,3.100215829908847809e-02,-1.800353825092315674e-02,6.969578564167022705e-02,9.969238638877868652e-01,-3.570879101753234863e-01,-7.441686093807220459e-02,-2.784222066402435303e-01,1.847770512104034424e-01,5.017933249473571777e-02,-4.972077161073684692e-02,-3.692008787766098976e-03,-1.406314224004745483e-01,-6.507597398012876511e-03,1.661507785320281982e-01,3.229124248027801514e-01,1.211863607168197632e-01,-2.566491067409515381e-01,2.942669093608856201e-01,-4.117341041564941406e-01,4.598494172096252441e-01,-5.331809073686599731e-02,-6.401908993721008301e-01,0.000000000000000000e+00,-1.218081474304199219e+00,-8.832417726516723633e-01,9.711106866598129272e-02,2.249179631471633911e-01,0.000000000000000000e+00
-1.021912246942520142e-01,9.171946346759796143e-02,8.418344259262084961e-01,2.606974169611930847e-02,-1.799269206821918488e-02,8.464181423187255859e-02,9.959078431129455566e-01,-3.614210784435272217e-01,-8.153414726257324219e-02,-3.051074445247650146e-01,1.863579303026199341e-01,6.049737706780433655e-02,-4.726539179682731628e-02,5.242081824690103531e-03,-1.356263160705566406e-01,-3.753662481904029846e-02,1.643177866935729980e-01,3.474803566932678223e-01,1.208760291337966919e-01,-2.343262284994125366e-01,2.900411486625671387e-01,-4.251774847507476807e-01,4.319091737270355225e-01,-4.556878283619880676e-02,-6.357941627502441406e-01,0.000000000000000000e+00,-1.137405037879943848e+00,-9.232804179191589355e-01,2.548913471400737762e-02,4.610807448625564575e-02,0.000000000000000000e+00
-1.016329154372215271e-01,9.610719978809356689e-02,8.405141234397888184e-01,2.041699923574924469e-02,-1.937739551067352295e-02,9.649704396724700928e-02,9.949351549148559570e-01,-3.613897860050201416e-01,-8.391964435577392578e-02,-3.250541090965270996e-01,1.878627985715866089e-01,6.462945044040679932e-02,-3.914321586489677429e-02,1.559025328606367111e-02,-1.312601864337921143e-01,-7.350446283817291260e-02,1.633196473121643066e-01,3.630581200122833252e-01,1.186326071619987488e-01,-2.103597074747085571e-01,2.850345969200134277e-01,-4.358816742897033691e-01,3.996976017951965332e-01,-2.797221392393112183e-02,-6.219339370727539062e-01,0.000000000000000000e+00,-1.074392318725585938e+00,-9.481622576713562012e-01,-5.517902970314025879e-02,-1.125658079981803894e-01,0.000000000000000000e+00
-9.944644570350646973e-02,1.010966524481773376e-01,8.396027684211730957e-01,1.332771498709917068e-02,-2.486558631062507629e-02,1.022683829069137573e-01,9.943566918373107910e-01,-3.431101739406585693e-01,-7.278318703174591064e-02,-3.265848755836486816e-01,1.790905892848968506e-01,7.440424710512161255e-02,-3.620191663503646851e-02,4.136180505156517029e-02,-1.188183575868606567e-01,-1.001410409808158875e-01,1.539212018251419067e-01,3.825479447841644287e-01,1.138651967048645020e-01,-1.811719834804534912e-01,2.978017628192901611e-01,-4.398574829101562500e-01,3.577730953693389893e-01,-2.456028200685977936e-02,-5.997897982597351074e-01,0.000000000000000000e+00,-1.047514081001281738e+00,-9.721810817718505859e-01,-8.164361119270324707e-02,-1.917621493339538574e-01,0.000000000000000000e+00
-9.641020745038986206e-02,1.056470051407814026e-01,8.387235999107360840e-01,6.723892875015735626e-03,-3.173269703984260559e-02,1.036137714982032776e-01,9.940885305404663086e-01,-3.156589269638061523e-01,-5.666884034872055054e-02,-3.187844157218933105e-01,1.637260913848876953e-01,8.405458927154541016e-02,-3.513611853122711182e-02,6.852124631404876709e-02,-1.073476970195770264e-01,-1.253258585929870605e-01,1.474008858203887939e-01,4.020537734031677246e-01,1.092725992202758789e-01,-1.531710922718048096e-01,3.230087757110595703e-01,-4.435971677303314209e-01,3.142821490764617920e-01,-2.988751977682113647e-02,-5.766488909721374512e-01,0.000000000000000000e+00,-1.045074820518493652e+00,-9.877063035964965820e-01,-8.362310379743576050e-02,-2.233996540307998657e-01,0.000000000000000000e+00
-9.400893002748489380e-02,1.081004217267036438e-01,8.389071226119995117e-01,2.612905576825141907e-03,-3.461920469999313354e-02,1.046129092574119568e-01,9.939068555831909180e-01,-3.006954193115234375e-01,-4.656483978033065796e-02,-3.157172203063964844e-01,1.533212214708328247e-01,8.782903850078582764e-02,-3.532269597053527832e-02,8.482445776462554932e-02,-9.906837344169616699e-02,-1.391061544418334961e-01,1.381017267704010010e-01,4.144541323184967041e-01,1.057919636368751526e-01,-1.411183476448059082e-01,3.467883169651031494e-01,-4.572387039661407471e-01,2.939122021198272705e-01,-3.404027596116065979e-02,-5.611981153488159180e-01,0.000000000000000000e+00,-1.046567201614379883e+00,-9.992727637290954590e-01,-9.128542244434356689e-02,-2.310783565044403076e-01,0.000000000000000000e+00
-9.232999384403228760e-02,1.092693805694580078e-01,8.395532965660095215e-01,5.092966603115200996e-04,-3.576947748661041260e-02,1.036247387528419495e-01,9.939729571342468262e-01,-2.924374639987945557e-01,-3.993999585509300232e-02,-3.128015100955963135e-01,1.473906785249710083e-01,8.916319161653518677e-02,-3.845921158790588379e-02,9.268790483474731445e-02,-9.465524554252624512e-02,-1.427127867937088013e-01,1.319088935852050781e-01,4.237838983535766602e-01,1.030933037400245667e-01,-1.398423910140991211e-01,3.697223365306854248e-01,-4.754498898983001709e-01,2.824431359767913818e-01,-4.482216015458106995e-02,-5.513613224029541016e-01,0.000000000000000000e+00,-1.047142863273620605e+00,-1.010006904602050781e+00,-9.109910577535629272e-02,-1.949805468320846558e-01,0.000000000000000000e+00
-9.447131305932998657e-02,1.006149724125862122e-01,8.417821526527404785e-01,1.748551242053508759e-02,-1.918787509202957153e-02,1.088856235146522522e-01,9.937152266502380371e-01,-3.571303188800811768e-01,-9.236773848533630371e-02,-3.455286920070648193e-01,1.971823275089263916e-01,5.598387867212295532e-02,-4.771602898836135864e-02,2.537238970398902893e-02,-1.304752081632614136e-01,-1.019819229841232300e-01,1.691390722990036011e-01,4.007973968982696533e-01,1.148301064968109131e-01,-2.285425513982772827e-01,3.432333767414093018e-01,-5.075956583023071289e-01,3.915662169456481934e-01,-7.105052471160888672e-02,-6.079350113868713379e-01,0.000000000000000000e+00,-1.124516367912292480e+00,-9.999468922615051270e-01,-1.487815976142883301e-01,3.587963432073593140e-02,0.000000000000000000e+00
-9.377948939800262451e-02,9.936817735433578491e-02,8.427051901817321777e-01,2.106692828238010406e-02,-1.597533375024795532e-02,1.080862283706665039e-01,9.937899112701416016e-01,-3.654477000236511230e-01,-1.011185497045516968e-01,-3.472005724906921387e-01,2.056315690279006958e-01,4.177496582269668579e-02,-5.522132664918899536e-02,1.268584746867418289e-02,-1.381381303071975708e-01,-9.284734725952148438e-02,1.777565777301788330e-01,3.972292542457580566e-01,1.150393560528755188e-01,-2.565037608146667480e-01,3.283863067626953125e-01,-5.040543675422668457e-01,4.250943660736083984e-01,-9.542919695377349854e-02,-6.354990601539611816e-01,0.000000000000000000e+00,-1.257666945457458496e+00,-9.280634522438049316e-01,-9.861782193183898926e-02,3.290105760097503662e-01,0.000000000000000000e+00
-9.264387190341949463e-02,1.000867038965225220e-01,8.443412780761718750e-01,1.960444450378417969e-02,-1.834995113313198090e-02,1.055643707513809204e-01,9.940498471260070801e-01,-3.528537452220916748e-01,-9.261107444763183594e-02,-3.402011394500732422e-01,1.954785287380218506e-01,4.543942958116531372e-02,-5.839546769857406616e-02,2.645668014883995056e-02,-1.340112984180450439e-01,-9.985488653182983398e-02,1.666952967643737793e-01,4.017626345157623291e-01,1.086530536413192749e-01,-2.635225355625152588e-01,3.421448767185211182e-01,-5.130167007446289062e-01,4.228689968585968018e-01,-1.040299311280250549e-01,-6.289635300636291504e-01,0.000000000000000000e+00,-1.230165600776672363e+00,-9.783303737640380859e-01,-5.194930732250213623e-02,4.040872454643249512e-01,0.000000000000000000e+00
-9.287577867507934570e-02,1.014054343104362488e-01,8.442764878273010254e-01,1.807222887873649597e-02,-1.855767704546451569e-02,1.064968630671501160e-01,9.939755797386169434e-01,-3.511663973331451416e-01,-9.077485650777816772e-02,-3.395115733146667480e-01,1.912373304367065430e-01,4.922084882855415344e-02,-5.846222490072250366e-02,3.118593059480190277e-02,-1.320743411779403687e-01,-1.053533554077148438e-01,1.605294495820999146e-01,4.052668213844299316e-01,1.103243753314018250e-01,-2.570335268974304199e-01,3.492063581943511963e-01,-5.218155384063720703e-01,4.173031449317932129e-01,-1.142529249191284180e-01,-6.270211935043334961e-01,0.000000000000000000e+00,-1.209644079208374023e+00,-9.870713949203491211e-01,-6.364857405424118042e-02,3.661123514175415039e-01,0.000000000000000000e+00
-9.427270293235778809e-02,1.023348420858383179e-01,8.431776165962219238e-01,1.556782238185405731e-02,-1.765570044517517090e-02,1.114055290818214417e-01,9.934962391853332520e-01,-3.567573130130767822e-01,-9.082075208425521851e-02,-3.484721183776855469e-01,1.902480870485305786e-01,5.569115281105041504e-02,-6.099216639995574951e-02,3.050939925014972687e-02,-1.284462064504623413e-01,-1.123799607157707214e-01,1.571970283985137939e-01,4.110336899757385254e-01,1.134879216551780701e-01,-2.428127676248550415e-01,3.394965827465057373e-01,-5.234709978103637695e-01,4.097346663475036621e-01,-1.183834224939346313e-01,-6.273198723793029785e-01,0.000000000000000000e+00,-1.166209578514099121e+00,-1.002621531486511230e+00,-6.932160258293151855e-02,2.379793375730514526e-01,0.000000000000000000e+00
-9.657761454582214355e-02,1.028662919998168945e-01,8.423300981521606445e-01,1.537565886974334717e-02,-1.429871656000614166e-02,1.183146908879280090e-01,9.927541613578796387e-01,-3.711936473846435547e-01,-1.010458245873451233e-01,-3.634765148162841797e-01,1.950781196355819702e-01,6.085808575153350830e-02,-5.519711971282958984e-02,1.869027875363826752e-02,-1.323277801275253296e-01,-1.166852265596389771e-01,1.619620472192764282e-01,4.145606756210327148e-01,1.170688569545745850e-01,-2.346175312995910645e-01,3.117410242557525635e-01,-5.108157992362976074e-01,4.120020866394042969e-01,-9.967090189456939697e-02,-6.306692957878112793e-01,0.000000000000000000e+00,-1.104069709777832031e+00,-1.028504848480224609e+00,-1.062293872237205505e-01,5.302115902304649353e-02,0.000000000000000000e+00
-9.769535809755325317e-02,1.064536571502685547e-01,8.411181569099426270e-01,1.043059583753347397e-02,-1.583027467131614685e-02,1.181169971823692322e-01,9.928187131881713867e-01,-3.670631051063537598e-01,-9.337159991264343262e-02,-3.676690459251403809e-01,1.887943446636199951e-01,6.395056843757629395e-02,-4.925602301955223083e-02,2.242640964686870575e-02,-1.252777874469757080e-01,-1.216029599308967590e-01,1.593299806118011475e-01,4.186818301677703857e-01,1.164440885186195374e-01,-2.039008140563964844e-01,3.088358342647552490e-01,-4.950103163719177246e-01,3.840257227420806885e-01,-8.234235644340515137e-02,-6.206598877906799316e-01,0.000000000000000000e+00,-1.077549695968627930e+00,-1.039983034133911133e+00,-1.240469515323638916e-01,-9.382676333189010620e-02,0.000000000000000000e+00
-9.712236374616622925e-02,1.103974282741546631e-01,8.406096100807189941e-01,4.414655733853578568e-03,-2.320679277181625366e-02,1.136884689331054688e-01,9.932355880737304688e-01,-3.390003144741058350e-01,-7.260972261428833008e-02,-3.514757454395294189e-01,1.696505397558212280e-01,7.419402897357940674e-02,-4.636776074767112732e-02,4.791044443845748901e-02,-1.145176813006401062e-01,-1.414653658866882324e-01,1.495391130447387695e-01,4.279430508613586426e-01,1.093011721968650818e-01,-1.679551154375076294e-01,3.286512792110443115e-01,-4.847412109375000000e-01,3.400494456291198730e-01,-8.325991779565811157e-02,-5.934458971023559570e-01,0.000000000000000000e+00,-1.062992453575134277e+00,-1.053321242332458496e+00,-1.017002239823341370e-01,-1.499701589345932007e-01,0.000000000000000000e+00
-9.707221388816833496e-02,1.124851629137992859e-01,8.408174514770507812e-01,7.099257782101631165e-04,-2.582124806940555573e-02,1.079141274094581604e-01,9.938246011734008789e-01,-3.251337409019470215e-01,-5.663384497165679932e-02,-3.361203074455261230e-01,1.549936383962631226e-01,7.726733386516571045e-02,-4.368257150053977966e-02,5.972074717283248901e-02,-1.068459823727607727e-01,-1.502230763435363770e-01,1.363947391510009766e-01,4.268670082092285156e-01,1.064809188246726990e-01,-1.495310813188552856e-01,3.425813317298889160e-01,-4.822086095809936523e-01,3.174336850643157959e-01,-8.802951872348785400e-02,-5.721113085746765137e-01,0.000000000000000000e+00,-1.055545687675476074e+00,-1.053019404411315918e+00,-9.525210410356521606e-02,-2.082223892211914062e-01,0.000000000000000000e+00
-9.735073149204254150e-02,1.131397485733032227e-01,8.414186835289001465e-01,-8.470225729979574680e-04,-2.719468064606189728e-02,1.006542220711708069e-01,9.945493936538696289e-01,-3.162908256053924561e-01,-4.514828696846961975e-02,-3.205925822257995605e-01,1.460718512535095215e-01,7.576755434274673462e-02,-4.429199174046516418e-02,6.525788456201553345e-02,-1.028456464409828186e-01,-1.509591937065124512e-01,1.268293857574462891e-01,4.187424778938293457e-01,1.029243543744087219e-01,-1.416557580232620239e-01,3.547785282135009766e-01,-4.870324432849884033e-01,3.044477403163909912e-01,-9.516084194183349609e-02,-5.567074418067932129e-01,0.000000000000000000e+00,-1.051865339279174805e+00,-1.043879389762878418e+00,-9.375750273466110229e-02,-2.329541891813278198e-01,0.000000000000000000e+00
-9.819184243679046631e-02,1.126003041863441467e-01,8.419856429100036621e-01,-5.557317053899168968e-04,-2.878890372812747955e-02,9.140816330909729004e-02,9.953971505165100098e-01,-3.109183013439178467e-01,-3.705298528075218201e-02,-3.038744926452636719e-01,1.425992399454116821e-01,7.651410251855850220e-02,-4.587242379784584045e-02,6.773830950260162354e-02,-1.016091257333755493e-01,-1.451498419046401978e-01,1.206315532326698303e-01,4.079509675502777100e-01,9.874565154314041138e-02,-1.416468769311904907e-01,3.673935830593109131e-01,-4.983353614807128906e-01,2.994348704814910889e-01,-1.063648611307144165e-01,-5.469927191734313965e-01,0.000000000000000000e+00,-1.045800447463989258e+00,-1.031062126159667969e+00,-8.507780730724334717e-02,-1.921070516109466553e-01,0.000000000000000000e+00
-1.025565117597579956e-01,1.014336422085762024e-01,8.432120084762573242e-01,2.120292373001575470e-02,-1.256359741091728210e-02,8.754982799291610718e-02,9.958552122116088867e-01,-3.797234296798706055e-01,-8.920095115900039673e-02,-3.145400583744049072e-01,1.988124847412109375e-01,4.228205978870391846e-02,-5.544893816113471985e-02,-1.341416873037815094e-02,-1.438828557729721069e-01,-8.213352411985397339e-02,1.690275371074676514e-01,3.520027399063110352e-01,1.034199371933937073e-01,-2.400198280811309814e-01,3.077896535396575928e-01,-4.946214854717254639e-01,4.537593126296997070e-01,-1.120990291237831116e-01,-6.327979564666748047e-01,0.000000000000000000e+00,-1.207994937896728516e+00,-9.337189793586730957e-01,-1.045488044619560242e-01,1.486052572727203369e-01,0.000000000000000000e+00
-1.038156375288963318e-01,9.799408167600631714e-02,8.436380028724670410e-01,2.760320343077182770e-02,-1.245618984103202820e-02,7.724915444850921631e-02,9.965518116950988770e-01,-3.797053694725036621e-01,-9.112552553415298462e-02,-2.949135899543762207e-01,2.011719197034835815e-01,3.703061118721961975e-02,-6.185891106724739075e-02,-2.028903737664222717e-02,-1.541129052639007568e-01,-7.776919752359390259e-02,1.700336188077926636e-01,3.252770602703094482e-01,9.018551558256149292e-02,-2.677728533744812012e-01,2.911424338817596436e-01,-4.865671992301940918e-01,4.984114468097686768e-01,-1.232421919703483582e-01,-6.523436903953552246e-01,0.000000000000000000e+00,-1.323952436447143555e+00,-8.453297019004821777e-01,-4.968191310763359070e-02,4.689480066299438477e-01,0.000000000000000000e+00
-1.051594987511634827e-01,9.708687663078308105e-02,8.441331386566162109e-01,2.606793865561485291e-02,-1.563551276922225952e-02,6.625643372535705566e-02,9.973394870758056641e-01,-3.688979148864746094e-01,-7.465669512748718262e-02,-2.746173441410064697e-01,1.919286400079727173e-01,4.629072546958923340e-02,-6.784141063690185547e-02,-8.852549828588962555e-03,-1.491653919219970703e-01,-9.383977204561233521e-02,1.545486003160476685e-01,3.105210065841674805e-01,8.011074364185333252e-02,-2.640611827373504639e-01,3.066818416118621826e-01,-4.966321289539337158e-01,4.895659387111663818e-01,-1.317316889762878418e-01,-6.434266567230224609e-01,0.000000000000000000e+00,-1.290401458740234375e+00,-8.558764457702636719e-01,-5.086835473775863647e-03,5.180920362472534180e-01,0.000000000000000000e+00
-1.079420819878578186e-01,9.714727103710174561e-02,8.424395322799682617e-01,2.518180198967456818e-02,-1.734412088990211487e-02,5.656123161315917969e-02,9.979308247566223145e-01,-3.676778078079223633e-01,-6.477007269859313965e-02,-2.594266533851623535e-01,1.897891312837600708e-01,5.397408455610275269e-02,-6.668885797262191772e-02,-8.160395547747612000e-03,-1.476713269948959351e-01,-1.098077297210693359e-01,1.475094109773635864e-01,2.918303012847900391e-01,7.116583734750747681e-02,-2.427532672882080078e-01,3.206648230552673340e-01,-5.020577311515808105e-01,4.743534922599792480e-01,-1.309483945369720459e-01,-6.343874931335449219e-01,0.000000000000000000e+00,-1.254923224449157715e+00,-8.277891874313354492e-01,-5.996800027787685394e-03,4.382876455783843994e-01,0.000000000000000000e+00
-1.124776005744934082e-01,9.414687752723693848e-02,8.412135243415832520e-01,2.830070257186889648e-02,-1.475497428327798843e-02,5.279391258955001831e-02,9.980952739715576172e-01,-3.849420547485351562e-01,-6.949917972087860107e-02,-2.617025673389434814e-01,1.984637230634689331e-01,5.400737747550010681e-02,-6.136182323098182678e-02,-2.729460410773754120e-02,-1.527459025382995605e-01,-1.161957234144210815e-01,1.523416936397552490e-01,2.670168280601501465e-01,6.581667065620422363e-02,-2.378777563571929932e-01,3.028707504272460938e-01,-4.854257702827453613e-01,4.884485602378845215e-01,-1.111599653959274292e-01,-6.389333009719848633e-01,0.000000000000000000e+00,-1.154771327972412109e+00,-7.970803380012512207e-01,-2.403507567942142487e-02,2.257206887006759644e-01,0.000000000000000000e+00
-1.166711077094078064e-01,9.479092806577682495e-02,8.389067053794860840e-01,2.761456184089183807e-02,-1.517132762819528580e-02,4.785309359431266785e-02,9.983572959899902344e-01,-3.931936025619506836e-01,-6.722367554903030396e-02,-2.593526542186737061e-01,2.029663473367691040e-01,5.850794911384582520e-02,-5.319348350167274475e-02,-3.562541678547859192e-02,-1.537888795137405396e-01,-1.250498294830322266e-01,1.537163853645324707e-01,2.517736554145812988e-01,6.175038591027259827e-02,-2.016647607088088989e-01,2.937614917755126953e-01,-4.527545273303985596e-01,4.619948267936706543e-01,-9.076188504695892334e-02,-6.286119818687438965e-01,0.000000000000000000e+00,-1.044985175132751465e+00,-7.623245716094970703e-01,-1.353758666664361954e-02,1.280518900603055954e-02,0.000000000000000000e+00
-1.212474629282951355e-01,9.494005143642425537e-02,8.379609584808349609e-01,2.572363428771495819e-02,-1.730476133525371552e-02,4.013223946094512939e-02,9.987133145332336426e-01,-3.947586417198181152e-01,-5.832288041710853577e-02,-2.521561980247497559e-01,2.026608586311340332e-01,6.379768252372741699e-02,-4.616355150938034058e-02,-4.105017706751823425e-02,-1.475699692964553833e-01,-1.098852902650833130e-01,1.549090743064880371e-01,2.353372126817703247e-01,5.725846439599990845e-02,-1.643738597631454468e-01,2.826742827892303467e-01,-4.113300442695617676e-01,4.598646461963653564e-01,-5.469095706939697266e-02,-6.188536882400512695e-01,0.000000000000000000e+00,-9.233538508415222168e-01,-7.181790471076965332e-01,2.887931885197758675e-03,-1.636582016944885254e-01,0.000000000000000000e+00
-1.257936507463455200e-01,9.289252758026123047e-02,8.386732339859008789e-01,2.571333386003971100e-02,-1.987943239510059357e-02,3.009761124849319458e-02,9.990184307098388672e-01,-3.936798274517059326e-01,-4.667695239186286926e-02,-2.377882748842239380e-01,2.008883059024810791e-01,6.853535026311874390e-02,-4.283562302589416504e-02,-4.826131090521812439e-02,-1.419672518968582153e-01,-8.746810257434844971e-02,1.568305790424346924e-01,2.127153873443603516e-01,5.882671102881431580e-02,-1.417860686779022217e-01,2.752845585346221924e-01,-3.709443509578704834e-01,4.764135479927062988e-01,-8.093791082501411438e-03,-6.201311349868774414e-01,0.000000000000000000e+00,-7.742553949356079102e-01,-6.564925312995910645e-01,2.796143293380737305e-02,-3.075823187828063965e-01,0.000000000000000000e+00
-1.297574043273925781e-01,9.014701843261718750e-02,8.395406603813171387e-01,2.722124941647052765e-02,-2.170570194721221924e-02,1.766632683575153351e-02,9.992375969886779785e-01,-3.903501331806182861e-01,-3.572253510355949402e-02,-2.176493853330612183e-01,1.968576759099960327e-01,7.059608399868011475e-02,-3.634631261229515076e-02,-5.552916228771209717e-02,-1.401483416557312012e-01,-6.999680399894714355e-02,1.568853408098220825e-01,1.943174749612808228e-01,6.506727635860443115e-02,-1.219486743211746216e-01,2.782238125801086426e-01,-3.343344628810882568e-01,5.061207413673400879e-01,4.971208423376083374e-02,-6.455144882202148438e-01,0.000000000000000000e+00,-6.279492974281311035e-01,-6.041116118431091309e-01,3.029846586287021637e-02,-4.208411872386932373e-01,0.000000000000000000e+00
-1.326617002487182617e-01,8.908978104591369629e-02,8.391295075416564941e-01,2.445139363408088684e-02,-2.932662703096866608e-02,4.444347228854894638e-03,9.992609024047851562e-01,-3.573116660118103027e-01,-1.034027803689241409e-02,-1.830440014600753784e-01,1.694052964448928833e-01,8.448895812034606934e-02,-3.534566611051559448e-02,-2.935792505741119385e-02,-1.307346522808074951e-01,-8.315137773752212524e-02,1.357710957527160645e-01,1.964299827814102173e-01,6.287556886672973633e-02,-7.674683630466461182e-02,2.932648062705993652e-01,-3.187200129032135010e-01,4.975488185882568359e-01,5.218758434057235718e-02,-6.334775090217590332e-01,0.000000000000000000e+00,-5.503274798393249512e-01,-5.820731520652770996e-01,5.700255557894706726e-02,-4.049829244613647461e-01,0.000000000000000000e+00
-1.386702656745910645e-01,8.198256790637969971e-02,8.417909741401672363e-01,3.264331817626953125e-02,-2.378392405807971954e-02,-1.316680107265710831e-02,9.990972876548767090e-01,-3.851235508918762207e-01,-9.546560235321521759e-03,-1.664441525936126709e-01,1.867239177227020264e-01,7.257213443517684937e-02,-2.761550061404705048e-02,-7.369121909141540527e-02,-1.352323442697525024e-01,-2.240452915430068970e-02,1.510192751884460449e-01,1.680499613285064697e-01,7.511477172374725342e-02,-8.412134647369384766e-02,3.073938190937042236e-01,-2.943172156810760498e-01,5.638842582702636719e-01,1.063875183463096619e-01,-7.209879755973815918e-01,0.000000000000000000e+00,-3.837415277957916260e-01,-4.715012907981872559e-01,5.456616356968879700e-02,-5.355620980262756348e-01,0.000000000000000000e+00
-1.416431963443756104e-01,7.936780154705047607e-02,8.419705033302307129e-01,3.146433457732200623e-02,-3.186679631471633911e-02,-2.740001678466796875e-02,9.986209273338317871e-01,-3.507775962352752686e-01,1.240566931664943695e-02,-1.305344551801681519e-01,1.625946015119552612e-01,8.583704382181167603e-02,-2.090480551123619080e-02,-4.672741889953613281e-02,-1.276497989892959595e-01,-2.783510647714138031e-02,1.299331486225128174e-01,1.721994578838348389e-01,7.228070497512817383e-02,-4.569239541888237000e-02,3.150150477886199951e-01,-2.958608865737915039e-01,5.697975158691406250e-01,9.012910723686218262e-02,-7.238236069679260254e-01,0.000000000000000000e+00,-3.094091117382049561e-01,-4.221554100513458252e-01,7.708295434713363647e-02,-5.033550262451171875e-01,0.000000000000000000e+00
-1.450995951890945435e-01,7.573212683200836182e-02,8.422189354896545410e-01,3.195251151919364929e-02,-3.829938918352127075e-02,-4.371630400419235229e-02,9.977981448173522949e-01,-3.258656859397888184e-01,3.073837421834468842e-02,-9.695488959550857544e-02,1.474744081497192383e-01,9.326374530792236328e-02,-1.455003395676612854e-02,-2.927531301975250244e-02,-1.197982057929039001e-01,-1.203486882150173187e-02,1.122406572103500366e-01,1.695853769779205322e-01,7.582466304302215576e-02,-1.986493542790412903e-02,3.119986653327941895e-01,-3.153823018074035645e-01,6.029248237609863281e-01,8.603297919034957886e-02,-7.398608922958374023e-01,0.000000000000000000e+00,-2.432040423154830933e-01,-3.799076974391937256e-01,7.619632780551910400e-02,-4.811517000198364258e-01,0.000000000000000000e+00
-1.486098766326904297e-01,7.167992740869522095e-02,8.422380089759826660e-01,3.383046761155128479e-02,-4.410084709525108337e-02,-6.065256148576736450e-02,9.966102242469787598e-01,-3.054015636444091797e-01,4.549695923924446106e-02,-6.378555297851562500e-02,1.398077458143234253e-01,9.727542102336883545e-02,-1.116186380386352539e-02,-1.838839799165725708e-02,-1.144638359546661377e-01,1.191744673997163773e-02,1.012428998947143555e-01,1.660299748182296753e-01,8.039249479770660400e-02,-6.489142542704939842e-04,3.075832724571228027e-01,-3.531452417373657227e-01,6.527806520462036133e-01,8.805258572101593018e-02,-7.616356015205383301e-01,0.000000000000000000e+00,-1.956443488597869873e-01,-3.474754393100738525e-01,6.997089087963104248e-02,-4.720446169376373291e-01,0.000000000000000000e+00
-1.519233286380767822e-01,6.740589439868927002e-02,8.417253494262695312e-01,3.612514585256576538e-02,-4.862669482827186584e-02,-7.702817022800445557e-02,9.951869845390319824e-01,-2.897540032863616943e-01,5.864878743886947632e-02,-3.173689171671867371e-02,1.361664235591888428e-01,1.007858365774154663e-01,-8.187533356249332428e-03,-1.212981715798377991e-02,-1.105752810835838318e-01,3.867608681321144104e-02,9.313109517097473145e-02,1.621804982423782349e-01,8.170350641012191772e-02,1.308356504887342453e-02,3.018473982810974121e-01,-4.074869155883789062e-01,7.060102224349975586e-01,8.863274008035659790e-02,-7.865158319473266602e-01,0.000000000000000000e+00,-1.724657118320465088e-01,-3.292387425899505615e-01,7.471223920583724976e-02,-4.766094982624053955e-01,0.000000000000000000e+00
-1.547918915748596191e-01,6.377381086349487305e-02,8.409604430198669434e-01,3.865930438041687012e-02,-5.177887529134750366e-02,-9.392695873975753784e-02,9.934797883033752441e-01,-2.767647802829742432e-01,7.024757564067840576e-02,-1.924610696732997894e-03,1.333633214235305786e-01,1.020382046699523926e-01,-7.173249498009681702e-03,-9.630896151065826416e-03,-1.080356240272521973e-01,6.681276857852935791e-02,8.615171164274215698e-02,1.578079164028167725e-01,8.421176671981811523e-02,2.594819851219654083e-02,2.903763055801391602e-01,-4.754891395568847656e-01,7.646940350532531738e-01,8.790288865566253662e-02,-8.076741695404052734e-01,0.000000000000000000e+00,-1.703555732965469360e-01,-3.232626318931579590e-01,7.914594560861587524e-02,-4.892498254776000977e-01,0.000000000000000000e+00
-1.579573005437850952e-01,6.164718046784400940e-02,8.394986987113952637e-01,4.010538384318351746e-02,-5.446645244956016541e-02,-1.092852279543876648e-01,9.917064309120178223e-01,-2.662808001041412354e-01,8.192001283168792725e-02,3.113093972206115723e-02,1.310613751411437988e-01,1.041159182786941528e-01,-4.701856523752212524e-03,-9.700990281999111176e-03,-1.047408804297447205e-01,9.492108225822448730e-02,8.152926713228225708e-02,1.551706492900848389e-01,8.332712948322296143e-02,3.714348748326301575e-02,2.694069445133209229e-01,-5.594954490661621094e-01,8.147119283676147461e-01,9.132087975740432739e-02,-8.258171081542968750e-01,0.000000000000000000e+00,-1.866130083799362183e-01,-3.009997606277465820e-01,7.320475578308105469e-02,-5.081909298896789551e-01,0.000000000000000000e+00
-1.607341021299362183e-01,5.748475715517997742e-02,8.380702137947082520e-01,4.268265143036842346e-02,-5.556539073586463928e-02,-1.231759116053581238e-01,9.899082779884338379e-01,-2.584133446216583252e-01,9.304996579885482788e-02,6.051864475011825562e-02,1.289874166250228882e-01,1.111646145582199097e-01,-1.261388510465621948e-02,-1.421200856566429138e-02,-1.004337668418884277e-01,1.249109581112861633e-01,7.939380407333374023e-02,1.519732624292373657e-01,8.067613840103149414e-02,3.895356506109237671e-02,2.431559711694717407e-01,-6.496371030807495117e-01,8.706667423248291016e-01,8.671546727418899536e-02,-8.424643278121948242e-01,0.000000000000000000e+00,-2.082686126232147217e-01,-3.223858773708343506e-01,9.202192723751068115e-02,-5.184399485588073730e-01,0.000000000000000000e+00
-1.633617877960205078e-01,5.832673609256744385e-02,8.382828831672668457e-01,4.173698276281356812e-02,-5.563211068511009216e-02,-1.362556219100952148e-01,9.882294535636901855e-01,-2.526491284370422363e-01,1.035464107990264893e-01,8.746260404586791992e-02,1.243448704481124878e-01,1.158263459801673889e-01,-1.097275037318468094e-02,-2.398335002362728119e-02,-9.477932006120681763e-02,1.522259563207626343e-01,8.065634220838546753e-02,1.536109894514083862e-01,9.428436309099197388e-02,5.193458124995231628e-02,2.113608270883560181e-01,-7.245910167694091797e-01,9.020254015922546387e-01,8.551008254289627075e-02,-8.434733152389526367e-01,0.000000000000000000e+00,-2.347738444805145264e-01,-3.327793478965759277e-01,1.081218570470809937e-01,-5.261045098304748535e-01,0.000000000000000000e+00
-1.653211116790771484e-01,5.684839561581611633e-02,8.385766744613647461e-01,4.199115559458732605e-02,-5.498474091291427612e-02,-1.478878557682037354e-01,9.865812659263610840e-01,-2.469523549079895020e-01,1.133893877267837524e-01,1.095599979162216187e-01,1.186092495918273926e-01,1.217076778411865234e-01,-1.075004320591688156e-02,-3.268042951822280884e-02,-8.814345300197601318e-02,1.775676608085632324e-01,8.237221837043762207e-02,1.525391936302185059e-01,1.013903841376304626e-01,6.012705713510513306e-02,1.839670091867446899e-01,-7.954425811767578125e-01,9.356894493103027344e-01,9.844122081995010376e-02,-8.290486931800842285e-01,0.000000000000000000e+00,-2.536540627479553223e-01,-3.299913406372070312e-01,1.185193359851837158e-01,-5.285363793373107910e-01,0.000000000000000000e+00
-1.670391559600830078e-01,5.563223734498023987e-02,8.386020660400390625e-01,4.163549467921257019e-02,-5.408284813165664673e-02,-1.588902622461318970e-01,9.849342107772827148e-01,-2.421742081642150879e-01,1.227318793535232544e-01,1.295594573020935059e-01,1.132685467600822449e-01,1.261889636516571045e-01,-9.653362445533275604e-03,-4.236706346273422241e-02,-8.091339468955993652e-02,2.006594985723495483e-01,8.498214930295944214e-02,1.497785300016403198e-01,1.118263080716133118e-01,6.641633063554763794e-02,1.593443453311920166e-01,-8.577625751495361328e-01,9.762417078018188477e-01,1.226265504956245422e-01,-7.814638018608093262e-01,0.000000000000000000e+00,-2.645247280597686768e-01,-3.276661932468414307e-01,1.245701760053634644e-01,-5.278638601303100586e-01,0.000000000000000000e+00
-1.694301664829254150e-01,5.474397912621498108e-02,8.392084240913391113e-01,4.286521673202514648e-02,-5.156945064663887024e-02,-1.682381778955459595e-01,9.834628105163574219e-01,-2.429508268833160400e-01,1.292686462402343750e-01,1.446726173162460327e-01,1.088544130325317383e-01,1.334350556135177612e-01,-1.002773735672235489e-02,-5.693111568689346313e-02,-7.656447589397430420e-02,2.264928370714187622e-01,8.724097907543182373e-02,1.489134579896926880e-01,1.163667589426040649e-01,7.266677916049957275e-02,1.395881623029708862e-01,-8.806011676788330078e-01,1.015948414802551270e+00,1.295869201421737671e-01,-6.874443888664245605e-01,0.000000000000000000e+00,-2.693182528018951416e-01,-3.229010999202728271e-01,1.352699249982833862e-01,-5.244212746620178223e-01,0.000000000000000000e+00
-1.776408553123474121e-01,6.078652665019035339e-02,8.405436277389526367e-01,3.964233398437500000e-02,-2.755971811711788177e-02,-1.762243807315826416e-01,9.831652641296386719e-01,-3.485214114189147949e-01,1.380627304315567017e-01,8.137863129377365112e-02,1.509095132350921631e-01,1.354576200246810913e-01,-7.751672528684139252e-03,-1.771259754896163940e-01,-4.387293383479118347e-02,3.114581108093261719e-01,1.563019305467605591e-01,1.206516176462173462e-01,1.348523795604705811e-01,1.145297959446907043e-01,1.211532801389694214e-01,-9.628033041954040527e-01,1.083502173423767090e+00,1.874035745859146118e-01,-2.959903776645660400e-01,0.000000000000000000e+00,-2.502027750015258789e-01,-4.093636274337768555e-01,1.751952469348907471e-01,-6.140640377998352051e-01,0.000000000000000000e+00
-1.780143976211547852e-01,6.139293313026428223e-02,8.415320515632629395e-01,3.825227916240692139e-02,-2.532533556222915649e-02,-1.831481158733367920e-01,9.820143580436706543e-01,-3.501411080360412598e-01,1.452719718217849731e-01,8.719976246356964111e-02,1.482814252376556396e-01,1.430372446775436401e-01,-8.626111783087253571e-03,-1.878192871809005737e-01,-3.470712155103683472e-02,3.285643756389617920e-01,1.624929606914520264e-01,1.151943951845169067e-01,1.396634280681610107e-01,1.328214704990386963e-01,9.915232658386230469e-02,-9.755288958549499512e-01,1.146842479705810547e+00,1.328264474868774414e-01,-6.573273986577987671e-02,0.000000000000000000e+00,-2.459175139665603638e-01,-4.300617575645446777e-01,1.958016902208328247e-01,-6.186127662658691406e-01,0.000000000000000000e+00
-1.757325381040573120e-01,6.009661033749580383e-02,8.425218462944030762e-01,3.878930211067199707e-02,-2.407882921397686005e-02,-1.906183362007141113e-01,9.806019663810729980e-01,-3.393652439117431641e-01,1.506824195384979248e-01,1.071252226829528809e-01,1.404305398464202881e-01,1.503103226423263550e-01,-9.193269535899162292e-03,-1.861762404441833496e-01,-3.183202818036079407e-02,3.402900397777557373e-01,1.580188423395156860e-01,1.177998483180999756e-01,1.403569579124450684e-01,1.369678229093551636e-01,7.163394242525100708e-02,-9.694374799728393555e-01,1.224047303199768066e+00,1.175609007477760315e-01,-6.239696592092514038e-02,0.000000000000000000e+00,-2.503531873226165771e-01,-4.389541447162628174e-01,1.957138925790786743e-01,-6.180125474929809570e-01,0.000000000000000000e+00
-1.778623759746551514e-01,6.172370910644531250e-02,8.434218764305114746e-01,3.981656581163406372e-02,-2.086054906249046326e-02,-2.004322707653045654e-01,9.786758422851562500e-01,-3.459126353263854980e-01,1.551082879304885864e-01,1.207634210586547852e-01,1.394958496093750000e-01,1.593520194292068481e-01,-8.260167203843593597e-03,-2.050804346799850464e-01,-2.579327672719955444e-02,3.669572770595550537e-01,1.649835556745529175e-01,1.215773001313209534e-01,1.420159041881561279e-01,1.408457756042480469e-01,5.625550448894500732e-02,-9.329180121421813965e-01,1.265029191970825195e+00,1.660582870244979858e-01,-1.712626814842224121e-01,0.000000000000000000e+00,-2.597666382789611816e-01,-4.701797664165496826e-01,1.895071119070053101e-01,-6.367297172546386719e-01,0.000000000000000000e+00
-1.805191487073898315e-01,6.208403035998344421e-02,8.429744243621826172e-01,4.108325764536857605e-02,-2.367645129561424255e-02,-2.114496827125549316e-01,9.762380123138427734e-01,-3.326914608478546143e-01,1.625311970710754395e-01,1.513836085796356201e-01,1.355441659688949585e-01,1.660802513360977173e-01,-1.214440912008285522e-02,-2.033319920301437378e-01,-2.411503531038761139e-02,3.847644627094268799e-01,1.617874652147293091e-01,1.240163668990135193e-01,1.405294537544250488e-01,1.320264935493469238e-01,4.782384634017944336e-02,-9.269603490829467773e-01,1.228221654891967773e+00,1.686759889125823975e-01,-2.913580834865570068e-01,0.000000000000000000e+00,-2.656933367252349854e-01,-4.555881619453430176e-01,2.024009227752685547e-01,-6.316410303115844727e-01,0.000000000000000000e+00
-1.798739582300186157e-01,6.003880500793457031e-02,8.423861265182495117e-01,4.108468443155288696e-02,-3.207517787814140320e-02,-2.202830165624618530e-01,9.740424156188964844e-01,-2.928699851036071777e-01,1.719732731580734253e-01,1.941050887107849121e-01,1.258261799812316895e-01,1.701183319091796875e-01,-1.208050176501274109e-02,-1.711155474185943604e-01,-2.806859090924263000e-02,3.800857365131378174e-01,1.438861638307571411e-01,1.329941600561141968e-01,1.368720978498458862e-01,1.168241351842880249e-01,3.824400529265403748e-02,-9.249566793441772461e-01,1.236172318458557129e+00,1.340295970439910889e-01,-3.337011337280273438e-01,0.000000000000000000e+00,-2.650428414344787598e-01,-4.192703366279602051e-01,2.102206200361251831e-01,-6.033173203468322754e-01,0.000000000000000000e+00
-1.831184327602386475e-01,6.267359852790832520e-02,8.438217043876647949e-01,4.302225261926651001e-02,-2.401012368500232697e-02,-2.264227420091629028e-01,9.727822542190551758e-01,-3.230820894241333008e-01,1.694191694259643555e-01,1.754824370145797729e-01,1.301777958869934082e-01,1.789849847555160522e-01,-1.501471363008022308e-02,-2.069367915391921997e-01,-2.279090695083141327e-02,4.098750948905944824e-01,1.541373729705810547e-01,1.233762800693511963e-01,1.410028785467147827e-01,1.244027540087699890e-01,4.708079621195793152e-02,-8.727002739906311035e-01,1.243914961814880371e+00,1.784267723560333252e-01,-3.501282036304473877e-01,0.000000000000000000e+00,-2.633537650108337402e-01,-4.683403968811035156e-01,2.031511217355728149e-01,-6.099130511283874512e-01,0.000000000000000000e+00
-1.813724637031555176e-01,6.061961129307746887e-02,8.432496190071105957e-01,4.228563606739044189e-02,-3.245227411389350891e-02,-2.321966886520385742e-01,9.712072014808654785e-01,-2.835779488086700439e-01,1.774835139513015747e-01,2.159253358840942383e-01,1.222309991717338562e-01,1.841317713260650635e-01,-1.079524308443069458e-02,-1.740821003913879395e-01,-2.550397813320159912e-02,4.017023146152496338e-01,1.408983767032623291e-01,1.301546692848205566e-01,1.350063383579254150e-01,1.122691184282302856e-01,4.058676213026046753e-02,-8.472037315368652344e-01,1.267351984977722168e+00,1.336646378040313721e-01,-3.299165964126586914e-01,0.000000000000000000e+00,-2.687322497367858887e-01,-4.395429491996765137e-01,2.054500281810760498e-01,-5.872565507888793945e-01,0.000000000000000000e+00
-1.803859621286392212e-01,5.945638194680213928e-02,8.429961204528808594e-01,4.257201403379440308e-02,-3.726934641599655151e-02,-2.363535463809967041e-01,9.700183868408203125e-01,-2.586100697517395020e-01,1.790363043546676636e-01,2.431790381669998169e-01,1.119816750288009644e-01,1.879001706838607788e-01,-1.013098005205392838e-02,-1.560091972351074219e-01,-2.859331108629703522e-02,3.995081782341003418e-01,1.325369179248809814e-01,1.326010823249816895e-01,1.326512843370437622e-01,1.028890907764434814e-01,3.566164150834083557e-02,-8.277690410614013672e-01,1.295543670654296875e+00,1.058304905891418457e-01,-2.797347307205200195e-01,0.000000000000000000e+00,-2.770416140556335449e-01,-4.337368309497833252e-01,2.074943929910659790e-01,-5.683359503746032715e-01,0.000000000000000000e+00
-1.808674335479736328e-01,5.851710215210914612e-02,8.429110050201416016e-01,4.330018535256385803e-02,-4.105708748102188110e-02,-2.381106913089752197e-01,9.694032669067382812e-01,-2.422944307327270508e-01,1.788600981235504150e-01,2.595752179622650146e-01,1.049698740243911743e-01,1.926368027925491333e-01,-1.081998553127050400e-02,-1.450264900922775269e-01,-3.093513287603855133e-02,4.006557464599609375e-01,1.284256279468536377e-01,1.338950395584106445e-01,1.310246884822845459e-01,9.445492923259735107e-02,2.814458124339580536e-02,-8.124326467514038086e-01,1.300802350044250488e+00,9.439041465520858765e-02,-1.741655170917510986e-01,0.000000000000000000e+00,-2.873191237449645996e-01,-4.307022094726562500e-01,2.102012932300567627e-01,-5.526105165481567383e-01,0.000000000000000000e+00
-1.809652000665664673e-01,5.732432752847671509e-02,8.427062034606933594e-01,4.389842972159385681e-02,-4.383631795644760132e-02,-2.373299151659011841e-01,9.694461226463317871e-01,-2.302328646183013916e-01,1.785406321287155151e-01,2.676357328891754150e-01,1.009282618761062622e-01,1.954758614301681519e-01,-1.477114390581846237e-02,-1.360320001840591431e-01,-3.306454420089721680e-02,3.978835046291351318e-01,1.263957470655441284e-01,1.323542445898056030e-01,1.293572634458541870e-01,8.811332285404205322e-02,1.643230766057968140e-02,-8.219549059867858887e-01,1.288332700729370117e+00,1.029038652777671814e-01,-2.624166756868362427e-02,0.000000000000000000e+00,-2.980473935604095459e-01,-4.240958392620086670e-01,2.136175930500030518e-01,-5.377725958824157715e-01,0.000000000000000000e+00
-1.797149181365966797e-01,5.720563977956771851e-02,8.420786261558532715e-01,4.328672587871551514e-02,-4.447841271758079529e-02,-2.339776009321212769e-01,9.702589511871337891e-01,-2.243659347295761108e-01,1.785130053758621216e-01,2.727537453174591064e-01,9.632522612810134888e-02,1.946385353803634644e-01,-2.270543389022350311e-02,-1.298681646585464478e-01,-3.425660356879234314e-02,3.931803405284881592e-01,1.242168396711349487e-01,1.302262991666793823e-01,1.257843971252441406e-01,8.558496087789535522e-02,-4.208090249449014664e-03,-8.485318422317504883e-01,1.275791406631469727e+00,1.134076416492462158e-01,8.733135461807250977e-02,0.000000000000000000e+00,-3.129551410675048828e-01,-4.211144149303436279e-01,2.239369601011276245e-01,-5.263127684593200684e-01,0.000000000000000000e+00
-1.795789152383804321e-01,5.802715942263603210e-02,8.410581350326538086e-01,4.185991361737251282e-02,-4.496045038104057312e-02,-2.300587743520736694e-01,9.712359309196472168e-01,-2.213422805070877075e-01,1.782711148262023926e-01,2.716280519962310791e-01,9.034404158592224121e-02,1.942953169345855713e-01,-2.721668034791946411e-02,-1.269046664237976074e-01,-3.339700028300285339e-02,3.875640630722045898e-01,1.240918487310409546e-01,1.313988119363784790e-01,1.261339932680130005e-01,8.439241349697113037e-02,-1.645231992006301880e-02,-8.782642483711242676e-01,1.275057911872863770e+00,1.057693585753440857e-01,1.105664595961570740e-01,0.000000000000000000e+00,-3.287105262279510498e-01,-4.266648590564727783e-01,2.370177954435348511e-01,-5.169055461883544922e-01,0.000000000000000000e+00
-1.805951893329620361e-01,5.864650011062622070e-02,8.402569293975830078e-01,4.082700982689857483e-02,-4.535981640219688416e-02,-2.268000245094299316e-01,9.720274806022644043e-01,-2.219308465719223022e-01,1.788689941167831421e-01,2.702012956142425537e-01,8.656900376081466675e-02,1.964633166790008545e-01,-3.328325226902961731e-02,-1.269528865814208984e-01,-3.303579613566398621e-02,3.798044025897979736e-01,1.243138685822486877e-01,1.328753679990768433e-01,1.302723586559295654e-01,8.331631869077682495e-02,-1.366791408509016037e-02,-9.056704640388488770e-01,1.288842320442199707e+00,8.321170508861541748e-02,5.883523449301719666e-02,0.000000000000000000e+00,-3.351537883281707764e-01,-4.335199594497680664e-01,2.466665357351303101e-01,-5.076130032539367676e-01,0.000000000000000000e+00
-1.875299364328384399e-01,6.274534016847610474e-02,8.416827917098999023e-01,3.828072547912597656e-02,-2.523134462535381317e-02,-2.177197486162185669e-01,9.749338626861572266e-01,-3.265887498855590820e-01,1.826486885547637939e-01,1.726797074079513550e-01,1.251972168684005737e-01,1.956766992807388306e-01,-4.318268597126007080e-02,-2.161684483289718628e-01,-6.012022960931062698e-03,4.049540758132934570e-01,1.762370616197586060e-01,1.129058077931404114e-01,1.383899301290512085e-01,1.056828647851943970e-01,1.358343195170164108e-02,-9.196471571922302246e-01,1.247867703437805176e+00,1.735306829214096069e-01,-1.551259160041809082e-01,0.000000000000000000e+00,-2.978413105010986328e-01,-5.249075293540954590e-01,2.125506401062011719e-01,-5.957400202751159668e-01,0.000000000000000000e+00
-1.848465800285339355e-01,5.969450622797012329e-02,8.413780331611633301e-01,3.773050382733345032e-02,-3.366055712103843689e-02,-2.190517932176589966e-01,9.744022488594055176e-01,-2.870881855487823486e-01,1.880122721195220947e-01,2.082740217447280884e-01,1.161642894148826599e-01,1.959522068500518799e-01,-4.115901887416839600e-02,-1.771780699491500854e-01,-1.175856310874223709e-02,3.894997835159301758e-01,1.570046395063400269e-01,1.241683512926101685e-01,1.319285780191421509e-01,9.039863944053649902e-02,8.672169409692287445e-03,-9.202728867530822754e-01,1.220466494560241699e+00,1.454557627439498901e-01,-2.205702364444732666e-01,0.000000000000000000e+00,-2.980413734912872314e-01,-4.922007918357849121e-01,2.235415577888488770e-01,-5.763271450996398926e-01,0.000000000000000000e+00
-1.845414042472839355e-01,5.800047144293785095e-02,8.413482904434204102e-01,3.880473226308822632e-02,-3.831953182816505432e-02,-2.186581492424011230e-01,9.742763638496398926e-01,-2.665789425373077393e-01,1.862670630216598511e-01,2.231637686491012573e-01,1.072386279702186584e-01,1.991647034883499146e-01,-4.011855646967887878e-02,-1.554808765649795532e-01,-1.942999474704265594e-02,3.785731196403503418e-01,1.409892439842224121e-01,1.331055462360382080e-01,1.260156333446502686e-01,7.606164366006851196e-02,7.815963588654994965e-03,-9.107245206832885742e-01,1.143686056137084961e+00,1.268570721149444580e-01,-2.983560264110565186e-01,0.000000000000000000e+00,-3.054904341697692871e-01,-4.858143031597137451e-01,2.311095446348190308e-01,-5.643078088760375977e-01,0.000000000000000000e+00
-1.895744055509567261e-01,6.119310110807418823e-02,8.421435952186584473e-01,3.956499323248863220e-02,-2.772695757448673248e-02,-2.105560153722763062e-01,9.763872027397155762e-01,-3.400319814682006836e-01,1.794534176588058472e-01,1.518353968858718872e-01,1.426232010126113892e-01,1.980725228786468506e-01,-4.252646863460540771e-02,-2.074188739061355591e-01,-1.304791029542684555e-02,3.919410109519958496e-01,1.696338802576065063e-01,1.218325048685073853e-01,1.300901472568511963e-01,8.715301752090454102e-02,4.125563055276870728e-02,-8.715116381645202637e-01,9.399173855781555176e-01,1.857429444789886475e-01,-5.187421441078186035e-01,0.000000000000000000e+00,-2.815612852573394775e-01,-5.811196565628051758e-01,1.814874857664108276e-01,-6.276497840881347656e-01,0.000000000000000000e+00
-1.875800043344497681e-01,5.697915330529212952e-02,8.398801684379577637e-01,3.934389725327491760e-02,-4.013883322477340698e-02,-2.128610312938690186e-01,9.754645824432373047e-01,-2.986588180065155029e-01,1.890805512666702271e-01,1.876889914274215698e-01,1.430431604385375977e-01,2.064236849546432495e-01,-4.566154256463050842e-02,-1.630205810070037842e-01,-1.828357763588428497e-02,3.736714720726013184e-01,1.565941572189331055e-01,1.320379823446273804e-01,1.257272809743881226e-01,5.882544815540313721e-02,4.236287996172904968e-02,-8.658010363578796387e-01,9.013639092445373535e-01,1.450252830982208252e-01,-5.120114684104919434e-01,0.000000000000000000e+00,-2.890801131725311279e-01,-5.546631217002868652e-01,1.888830661773681641e-01,-6.076110601425170898e-01,0.000000000000000000e+00
-1.851126253604888916e-01,5.376204475760459900e-02,8.387582302093505859e-01,4.111026972532272339e-02,-4.801835864782333374e-02,-2.152444273233413696e-01,9.745122194290161133e-01,-2.756877541542053223e-01,1.910073906183242798e-01,2.044702470302581787e-01,1.466285437345504761e-01,2.217151522636413574e-01,-5.252798646688461304e-02,-1.339462846517562866e-01,-2.689491026103496552e-02,3.625677525997161865e-01,1.468469798564910889e-01,1.316081732511520386e-01,1.190007701516151428e-01,3.373317047953605652e-02,5.150005966424942017e-02,-8.645846247673034668e-01,8.963497877120971680e-01,1.441376954317092896e-01,-4.720869958400726318e-01,0.000000000000000000e+00,-3.031445443630218506e-01,-5.559784770011901855e-01,1.745483726263046265e-01,-5.878629684448242188e-01,0.000000000000000000e+00
-1.828733235597610474e-01,5.247431993484497070e-02,8.388820290565490723e-01,4.319995641708374023e-02,-5.282820016145706177e-02,-2.189267873764038086e-01,9.733519554138183594e-01,-2.627312541007995605e-01,1.864939928054809570e-01,1.984485387802124023e-01,1.500812917947769165e-01,2.343157976865768433e-01,-5.231208726763725281e-02,-1.154943630099296570e-01,-3.621372207999229431e-02,3.560270369052886963e-01,1.391155421733856201e-01,1.299253106117248535e-01,1.112371236085891724e-01,1.701836287975311279e-02,6.032538414001464844e-02,-8.565137386322021484e-01,9.016488790512084961e-01,1.565140038728713989e-01,-3.920246362686157227e-01,0.000000000000000000e+00,-3.344124853610992432e-01,-5.726277828216552734e-01,1.508512198925018311e-01,-5.809953808784484863e-01,0.000000000000000000e+00
-1.796831637620925903e-01,5.326811596751213074e-02,8.391829133033752441e-01,4.333417117595672607e-02,-5.512649938464164734e-02,-2.206663489341735840e-01,9.728255867958068848e-01,-2.554426193237304688e-01,1.824292689561843872e-01,1.937899291515350342e-01,1.484358012676239014e-01,2.432760298252105713e-01,-5.267214775085449219e-02,-1.014048010110855103e-01,-4.333291947841644287e-02,3.481725156307220459e-01,1.308653205633163452e-01,1.282684206962585449e-01,1.066766604781150818e-01,1.189473643898963928e-02,6.397608667612075806e-02,-8.528752326965332031e-01,8.994269371032714844e-01,1.688555777072906494e-01,-3.011631369590759277e-01,0.000000000000000000e+00,-3.996616005897521973e-01,-5.817596316337585449e-01,1.241914629936218262e-01,-5.949934720993041992e-01,0.000000000000000000e+00
-1.756686717271804810e-01,5.479017272591590881e-02,8.388847708702087402e-01,4.159076139330863953e-02,-5.494339391589164734e-02,-2.192819714546203613e-01,9.732249975204467773e-01,-2.471590191125869751e-01,1.793588846921920776e-01,1.915014386177062988e-01,1.419750005006790161e-01,2.479212284088134766e-01,-5.096330121159553528e-02,-9.116925299167633057e-02,-4.641554504632949829e-02,3.360245227813720703e-01,1.235094368457794189e-01,1.274479031562805176e-01,1.048450917005538940e-01,1.383522246032953262e-02,7.520522922277450562e-02,-8.576471209526062012e-01,9.103622436523437500e-01,1.804633289575576782e-01,-2.397467941045761108e-01,0.000000000000000000e+00,-5.012685656547546387e-01,-5.844023227691650391e-01,1.065152511000633240e-01,-6.265686154365539551e-01,0.000000000000000000e+00
-1.736771911382675171e-01,5.687279626727104187e-02,8.381461501121520996e-01,3.904751315712928772e-02,-5.486273393034934998e-02,-2.134191393852233887e-01,9.746372103691101074e-01,-2.374370545148849487e-01,1.785130649805068970e-01,1.962467283010482788e-01,1.315324902534484863e-01,2.363160103559494019e-01,-4.818663746118545532e-02,-8.346600830554962158e-02,-4.757348448038101196e-02,3.201746940612792969e-01,1.173535138368606567e-01,1.312682181596755981e-01,1.084304079413414001e-01,1.724694296717643738e-02,9.015387296676635742e-02,-8.589663505554199219e-01,9.096246957778930664e-01,1.797968000173568726e-01,-2.165366709232330322e-01,0.000000000000000000e+00,-6.355742812156677246e-01,-5.787910223007202148e-01,8.461116254329681396e-02,-6.581231951713562012e-01,0.000000000000000000e+00
-1.727029234170913696e-01,5.801199004054069519e-02,8.368754386901855469e-01,3.667295724153518677e-02,-5.513052269816398621e-02,-2.034940421581268311e-01,9.768346548080444336e-01,-2.309894859790802002e-01,1.772525459527969360e-01,2.023885101079940796e-01,1.195777431130409241e-01,2.217548191547393799e-01,-5.342447757720947266e-02,-7.451795786619186401e-02,-4.797708988189697266e-02,2.994927465915679932e-01,1.114146485924720764e-01,1.353815793991088867e-01,1.143796518445014954e-01,1.761081255972385406e-02,1.162251234054565430e-01,-8.597823977470397949e-01,8.664625883102416992e-01,1.555677354335784912e-01,-2.251124233007431030e-01,0.000000000000000000e+00,-7.784536480903625488e-01,-5.635181665420532227e-01,6.956442445516586304e-02,-6.670094132423400879e-01,0.000000000000000000e+00
-1.709964722394943237e-01,5.663071200251579285e-02,8.355617523193359375e-01,3.485425934195518494e-02,-5.590407550334930420e-02,-1.890343278646469116e-01,9.797580838203430176e-01,-2.243128418922424316e-01,1.749279052019119263e-01,1.971631646156311035e-01,1.084402725100517273e-01,2.052911072969436646e-01,-5.965673178434371948e-02,-6.013854593038558960e-02,-4.824045300483703613e-02,2.696218788623809814e-01,1.043868884444236755e-01,1.403125226497650146e-01,1.193073615431785583e-01,1.022621616721153259e-02,1.561022847890853882e-01,-8.732879161834716797e-01,7.935664057731628418e-01,1.229955777525901794e-01,-2.548090815544128418e-01,0.000000000000000000e+00,-9.069555997848510742e-01,-5.493540167808532715e-01,6.719570606946945190e-02,-6.376297473907470703e-01,0.000000000000000000e+00
-1.688101291656494141e-01,5.441215634346008301e-02,8.350209593772888184e-01,3.393571451306343079e-02,-5.571568384766578674e-02,-1.709715425968170166e-01,9.831138849258422852e-01,-2.247250676155090332e-01,1.676776260137557983e-01,1.814082562923431396e-01,9.920813143253326416e-02,1.906546205282211304e-01,-6.909734010696411133e-02,-4.593121632933616638e-02,-4.974888637661933899e-02,2.365012168884277344e-01,9.663084894418716431e-02,1.450377404689788818e-01,1.159716770052909851e-01,-1.733020297251641750e-03,1.986655890941619873e-01,-8.830562233924865723e-01,7.132011055946350098e-01,8.456234633922576904e-02,-2.921351790428161621e-01,0.000000000000000000e+00,-1.011480450630187988e+00,-5.560800433158874512e-01,7.280414551496505737e-02,-5.625907778739929199e-01,0.000000000000000000e+00
-1.750185340642929077e-01,4.591273516416549683e-02,8.338500857353210449e-01,4.820899665355682373e-02,-3.908106312155723572e-02,-1.259466707706451416e-01,9.900939464569091797e-01,-3.397963047027587891e-01,1.140486970543861389e-01,3.555084392428398132e-02,1.519765108823776245e-01,1.672823727130889893e-01,-8.095724135637283325e-02,-1.079614087939262390e-01,-7.152493298053741455e-02,1.992201656103134155e-01,1.268453896045684814e-01,1.318182498216629028e-01,1.071057543158531189e-01,-7.302285730838775635e-02,1.290671676397323608e-01,-8.034985065460205078e-01,7.396022677421569824e-01,6.442274153232574463e-02,-5.259631276130676270e-01,0.000000000000000000e+00,-1.334931373596191406e+00,-4.726133644580841064e-01,9.159049391746520996e-02,-1.353861987590789795e-01,0.000000000000000000e+00
-1.735649704933166504e-01,4.067630320787429810e-02,8.338813781738281250e-01,4.985537379980087280e-02,-3.950001299381256104e-02,-9.825932979583740234e-02,9.931260347366333008e-01,-3.546977937221527100e-01,9.575810283422470093e-02,-9.415712207555770874e-03,1.608274877071380615e-01,1.572888791561126709e-01,-9.279280900955200195e-02,-9.323648363351821899e-02,-7.690661400556564331e-02,1.522762477397918701e-01,1.247829124331474304e-01,1.260744184255599976e-01,9.568131715059280396e-02,-1.104165911674499512e-01,1.080312207341194153e-01,-7.617154717445373535e-01,7.184216976165771484e-01,2.156797796487808228e-02,-5.924510955810546875e-01,0.000000000000000000e+00,-1.464410305023193359e+00,-4.465487003326416016e-01,1.402124464511871338e-01,1.693476289510726929e-01,0.000000000000000000e+00
-1.717620491981506348e-01,3.738550469279289246e-02,8.336140513420104980e-01,4.960834234952926636e-02,-4.008215293288230896e-02,-7.488451898097991943e-02,9.951506257057189941e-01,-3.671763241291046143e-01,8.131153881549835205e-02,-5.259262770414352417e-02,1.708102524280548096e-01,1.472309082746505737e-01,-1.025690287351608276e-01,-8.039762824773788452e-02,-7.903426885604858398e-02,1.110514923930168152e-01,1.250492632389068604e-01,1.183027327060699463e-01,8.870564401149749756e-02,-1.358025670051574707e-01,9.419333189725875854e-02,-7.386133074760437012e-01,6.911106705665588379e-01,-2.043839730322360992e-02,-6.380620002746582031e-01,0.000000000000000000e+00,-1.569340229034423828e+00,-4.221983551979064941e-01,1.942006945610046387e-01,4.761622250080108643e-01,0.000000000000000000e+00
-1.691663563251495361e-01,3.721602633595466614e-02,8.340187668800354004e-01,4.508902505040168762e-02,-4.373045638203620911e-02,-5.904676392674446106e-02,9.962770938873291016e-01,-3.587789237499237061e-01,7.958413660526275635e-02,-7.090292870998382568e-02,1.645853817462921143e-01,1.501809209585189819e-01,-1.064573228359222412e-01,-5.576444417238235474e-02,-7.341547310352325439e-02,7.263644784688949585e-02,1.178021505475044250e-01,1.214084699749946594e-01,8.077366650104522705e-02,-1.406921595335006714e-01,1.329561471939086914e-01,-7.559216022491455078e-01,6.278278231620788574e-01,-4.190887138247489929e-02,-6.439729928970336914e-01,0.000000000000000000e+00,-1.542353391647338867e+00,-4.797909855842590332e-01,2.383988350629806519e-01,5.495304465293884277e-01,0.000000000000000000e+00
-1.686435937881469727e-01,3.605213761329650879e-02,8.328120112419128418e-01,4.392819851636886597e-02,-4.452224448323249817e-02,-4.380918666720390320e-02,9.970801472663879395e-01,-3.650079667568206787e-01,6.916452944278717041e-02,-1.024940684437751770e-01,1.667996346950531006e-01,1.449535191059112549e-01,-1.085593327879905701e-01,-4.580084979534149170e-02,-7.269047945737838745e-02,4.031949490308761597e-02,1.152677237987518311e-01,1.167207211256027222e-01,7.625288516283035278e-02,-1.515408903360366821e-01,1.614755690097808838e-01,-7.726755142211914062e-01,6.127881407737731934e-01,-2.693920396268367767e-02,-6.664311289787292480e-01,0.000000000000000000e+00,-1.482475161552429199e+00,-5.554127693176269531e-01,2.227369546890258789e-01,4.782058596611022949e-01,0.000000000000000000e+00
-1.696143597364425659e-01,3.336376696825027466e-02,8.312912583351135254e-01,4.359715059399604797e-02,-4.354396462440490723e-02,-1.815490052103996277e-02,9.979346990585327148e-01,-3.876661956310272217e-01,4.716132581233978271e-02,-1.605931073427200317e-01,1.773520410060882568e-01,1.420277506113052368e-01,-1.029480993747711182e-01,-4.280484840273857117e-02,-7.466073334217071533e-02,-6.090117152780294418e-03,1.164730638265609741e-01,1.151385232806205750e-01,7.410115003585815430e-02,-1.579019427299499512e-01,1.777422279119491577e-01,-7.709541916847229004e-01,6.033847928047180176e-01,-5.039015784859657288e-03,-6.992272734642028809e-01,0.000000000000000000e+00,-1.319280982017517090e+00,-6.566784977912902832e-01,1.178119406104087830e-01,1.984696388244628906e-01,0.000000000000000000e+00
-1.685376018285751343e-01,3.665657714009284973e-02,8.290636539459228516e-01,3.716652095317840576e-02,-4.589151218533515930e-02,-3.592571592889726162e-04,9.982547163963317871e-01,-3.896899521350860596e-01,4.210135340690612793e-02,-1.931429207324981689e-01,1.775925308465957642e-01,1.399049013853073120e-01,-9.818008542060852051e-02,-2.585055306553840637e-02,-6.820641458034515381e-02,-4.796137660741806030e-02,1.120290085673332214e-01,1.159424707293510437e-01,7.144723832607269287e-02,-1.239920482039451599e-01,2.064274847507476807e-01,-7.876576781272888184e-01,5.298336744308471680e-01,-2.344238944351673126e-02,-6.661357879638671875e-01,0.000000000000000000e+00,-1.203361392021179199e+00,-7.299758195877075195e-01,3.837010264396667480e-02,-3.831763193011283875e-02,0.000000000000000000e+00
-1.645730882883071899e-01,4.149189591407775879e-02,8.275065422058105469e-01,3.032145649194717407e-02,-5.484087765216827393e-02,6.326643284410238266e-03,9.980145692825317383e-01,-3.516583442687988281e-01,5.371893569827079773e-02,-1.807636767625808716e-01,1.562726497650146484e-01,1.494644284248352051e-01,-9.122950583696365356e-02,1.561615057289600372e-02,-6.067336723208427429e-02,-8.559609949588775635e-02,9.926956892013549805e-02,1.226760894060134888e-01,6.823441386222839355e-02,-8.551667630672454834e-02,2.440662533044815063e-01,-7.956588864326477051e-01,4.637521505355834961e-01,-2.529315277934074402e-02,-6.210961937904357910e-01,0.000000000000000000e+00,-1.181819915771484375e+00,-7.648499011993408203e-01,4.968595504760742188e-02,-7.174331694841384888e-02,0.000000000000000000e+00
-1.613551080226898193e-01,4.454778507351875305e-02,8.273527026176452637e-01,2.521613053977489471e-02,-5.737092345952987671e-02,1.283043157309293747e-02,9.979519844055175781e-01,-3.341283202171325684e-01,6.109515577554702759e-02,-1.809108555316925049e-01,1.395705044269561768e-01,1.536434441804885864e-01,-9.403286129236221313e-02,3.901654109358787537e-02,-5.208142846822738647e-02,-1.108450591564178467e-01,8.468610048294067383e-02,1.258926838636398315e-01,6.906175613403320312e-02,-6.594793498516082764e-02,2.688261568546295166e-01,-8.042814731597900391e-01,4.262485206127166748e-01,-3.142311796545982361e-02,-5.817043781280517578e-01,0.000000000000000000e+00,-1.164331078529357910e+00,-7.878246307373046875e-01,3.780148550868034363e-02,-1.050893589854240417e-01,0.000000000000000000e+00
-1.588730961084365845e-01,4.522563144564628601e-02,8.281442523002624512e-01,2.258778363466262817e-02,-5.773915350437164307e-02,1.709830015897750854e-02,9.979296922683715820e-01,-3.264053761959075928e-01,6.521760672330856323e-02,-1.832288503646850586e-01,1.306449472904205322e-01,1.555031388998031616e-01,-9.574095159769058228e-02,5.083346739411354065e-02,-4.656597599387168884e-02,-1.264589130878448486e-01,7.547584921121597290e-02,1.263802796602249146e-01,6.732833385467529297e-02,-5.952586978673934937e-02,2.919055819511413574e-01,-8.181287646293640137e-01,4.008607268333435059e-01,-4.783229529857635498e-02,-5.530144572257995605e-01,0.000000000000000000e+00,-1.153290987014770508e+00,-8.042523860931396484e-01,2.519378252327442169e-02,-1.068055555224418640e-01,0.000000000000000000e+00
-1.567377895116806030e-01,4.454860091209411621e-02,8.294615745544433594e-01,2.230514399707317352e-02,-5.770408362150192261e-02,1.865615323185920715e-02,9.979101419448852539e-01,-3.210509419441223145e-01,6.733335554599761963e-02,-1.852173805236816406e-01,1.256664693355560303e-01,1.551187932491302490e-01,-1.000504940748214722e-01,5.635819956660270691e-02,-4.438898339867591858e-02,-1.350386589765548706e-01,7.102074474096298218e-02,1.264574676752090454e-01,6.748019903898239136e-02,-6.375208497047424316e-02,3.197832107543945312e-01,-8.381369709968566895e-01,3.816337287425994873e-01,-7.013212144374847412e-02,-5.333451032638549805e-01,0.000000000000000000e+00,-1.145266294479370117e+00,-8.212161064147949219e-01,2.268224582076072693e-02,-6.356051564216613770e-02,0.000000000000000000e+00
-1.614645123481750488e-01,3.691692277789115906e-02,8.306384682655334473e-01,3.334673121571540833e-02,-4.320640116930007935e-02,2.415920794010162354e-02,9.982171654701232910e-01,-3.885619938373565674e-01,3.372621536254882812e-02,-2.317617088556289673e-01,1.681707352399826050e-01,1.370041519403457642e-01,-1.172067448496818542e-01,-9.332804940640926361e-03,-6.281948834657669067e-02,-9.615645557641983032e-02,1.051174327731132507e-01,1.098208129405975342e-01,6.415475159883499146e-02,-1.251929998397827148e-01,3.143762946128845215e-01,-8.651066422462463379e-01,4.612092971801757812e-01,-1.179371103644371033e-01,-5.880214571952819824e-01,0.000000000000000000e+00,-1.209653973579406738e+00,-8.326340317726135254e-01,-2.620900422334671021e-02,1.346592605113983154e-01,0.000000000000000000e+00
-1.620569676160812378e-01,3.469863906502723694e-02,8.316962718963623047e-01,3.662977740168571472e-02,-4.176665842533111572e-02,2.420803345739841461e-02,9.981622099876403809e-01,-3.932999074459075928e-01,2.815668284893035889e-02,-2.320235073566436768e-01,1.721219569444656372e-01,1.309416741132736206e-01,-1.236641705036163330e-01,-1.689569838345050812e-02,-6.773748993873596191e-02,-9.059618413448333740e-02,1.097654327750205994e-01,1.066206693649291992e-01,6.338453292846679688e-02,-1.498180925846099854e-01,3.185704350471496582e-01,-8.672357797622680664e-01,4.863743484020233154e-01,-1.420754045248031616e-01,-6.154133081436157227e-01,0.000000000000000000e+00,-1.267973423004150391e+00,-8.134288191795349121e-01,4.066968685947358608e-04,3.380618393421173096e-01,0.000000000000000000e+00
-1.609851270914077759e-01,3.477169945836067200e-02,8.322992920875549316e-01,3.532759472727775574e-02,-4.432729259133338928e-02,2.423052489757537842e-02,9.980981349945068359e-01,-3.791104853153228760e-01,3.413086384534835815e-02,-2.241603732109069824e-01,1.613985896110534668e-01,1.348537802696228027e-01,-1.232051178812980652e-01,-2.909376285970211029e-03,-6.406977772712707520e-02,-9.845432639122009277e-02,1.011312827467918396e-01,1.095593124628067017e-01,6.682182103395462036e-02,-1.498418748378753662e-01,3.309474587440490723e-01,-8.684791922569274902e-01,4.700091183185577393e-01,-1.568076461553573608e-01,-6.135613918304443359e-01,0.000000000000000000e+00,-1.244794487953186035e+00,-8.273360133171081543e-01,1.428792160004377365e-02,3.327179551124572754e-01,0.000000000000000000e+00
-1.623395383358001709e-01,3.425719961524009705e-02,8.318055868148803711e-01,3.499294072389602661e-02,-4.281926155090332031e-02,2.839351259171962738e-02,9.980660080909729004e-01,-3.872719109058380127e-01,3.112219087779521942e-02,-2.328038066625595093e-01,1.621209383010864258e-01,1.371597349643707275e-01,-1.228452324867248535e-01,-8.893303573131561279e-03,-6.319919973611831665e-02,-9.918778389692306519e-02,1.022512540221214294e-01,1.102949604392051697e-01,6.996323168277740479e-02,-1.479861885309219360e-01,3.163591623306274414e-01,-8.544944524765014648e-01,4.834987223148345947e-01,-1.586766093969345093e-01,-6.434115171432495117e-01,0.000000000000000000e+00,-1.186635375022888184e+00,-8.483645915985107422e-01,-2.723043784499168396e-03,1.866118162870407104e-01,0.000000000000000000e+00
-1.649806946516036987e-01,3.483755886554718018e-02,8.302884101867675781e-01,3.502761945128440857e-02,-4.252081364393234253e-02,3.107510693371295929e-02,9.979977011680603027e-01,-3.957563936710357666e-01,2.548242919147014618e-02,-2.439266592264175415e-01,1.667509078979492188e-01,1.355732530355453491e-01,-1.117322072386741638e-01,-1.870927028357982635e-02,-6.645217537879943848e-02,-1.007029339671134949e-01,1.111153736710548401e-01,1.120101138949394226e-01,7.209670543670654297e-02,-1.362987458705902100e-01,2.986955046653747559e-01,-8.321662545204162598e-01,4.898666739463806152e-01,-1.378208845853805542e-01,-6.874867677688598633e-01,0.000000000000000000e+00,-1.105702400207519531e+00,-8.571812510490417480e-01,-3.613447770476341248e-02,-8.051607757806777954e-03,0.000000000000000000e+00
-1.640184819698333740e-01,3.938075155019760132e-02,8.282718658447265625e-01,3.095017559826374054e-02,-5.295324698090553284e-02,2.447285689413547516e-02,9.978171586990356445e-01,-3.562794625759124756e-01,4.142414033412933350e-02,-2.172692567110061646e-01,1.496409177780151367e-01,1.419083625078201294e-01,-9.803649038076400757e-02,1.561755593866109848e-02,-6.259623169898986816e-02,-1.199305057525634766e-01,1.021510511636734009e-01,1.211757436394691467e-01,7.074795663356781006e-02,-9.560928493738174438e-02,3.093949854373931885e-01,-8.298899531364440918e-01,4.403032362461090088e-01,-1.465325206518173218e-01,-6.748583316802978516e-01,0.000000000000000000e+00,-1.079138994216918945e+00,-8.547888994216918945e-01,5.306917708367109299e-03,-4.879929870367050171e-02,0.000000000000000000e+00
-1.647865027189254761e-01,4.226812720298767090e-02,8.275218009948730469e-01,2.845122106373310089e-02,-5.862876400351524353e-02,1.380794402211904526e-02,9.977787733078002930e-01,-3.330533504486083984e-01,5.488566309213638306e-02,-1.947253048419952393e-01,1.384204626083374023e-01,1.450423151254653931e-01,-8.662880957126617432e-02,3.347994759678840637e-02,-5.876478552818298340e-02,-1.169726997613906860e-01,9.022050350904464722e-02,1.267733871936798096e-01,7.054017484188079834e-02,-6.845016032457351685e-02,3.078538179397583008e-01,-8.407143354415893555e-01,4.362840950489044189e-01,-1.475318670272827148e-01,-6.822442412376403809e-01,0.000000000000000000e+00,-1.043576598167419434e+00,-8.411038517951965332e-01,3.630585595965385437e-02,-1.098071187734603882e-01,0.000000000000000000e+00
-1.655815392732620239e-01,4.358802363276481628e-02,8.276789188385009766e-01,2.698506414890289307e-02,-6.200719997286796570e-02,2.377085038460791111e-04,9.977108240127563477e-01,-3.171371221542358398e-01,6.806411594152450562e-02,-1.708022654056549072e-01,1.324168145656585693e-01,1.466365903615951538e-01,-7.528050243854522705e-02,4.136931523680686951e-02,-5.521006882190704346e-02,-1.028372570872306824e-01,8.270636200904846191e-02,1.304068714380264282e-01,7.032022625207901001e-02,-5.129935592412948608e-02,3.086489140987396240e-01,-8.685967326164245605e-01,4.630821049213409424e-01,-1.324837803840637207e-01,-7.044628858566284180e-01,0.000000000000000000e+00,-9.926122426986694336e-01,-8.130932450294494629e-01,5.094525963068008423e-02,-1.730377227067947388e-01,0.000000000000000000e+00
-1.730459183454513550e-01,4.340820759534835815e-02,8.293979763984680176e-01,3.156720846891403198e-02,-5.041760951280593872e-02,-1.829895377159118652e-02,9.980614781379699707e-01,-3.775003850460052490e-01,6.083549931645393372e-02,-1.749463826417922974e-01,1.757988780736923218e-01,1.281453967094421387e-01,-6.145694851875305176e-02,-3.662504255771636963e-02,-6.149245798587799072e-02,-1.278214715421199799e-02,1.258521527051925659e-01,1.132452264428138733e-01,7.612225413322448730e-02,-6.204880028963088989e-02,2.822935581207275391e-01,-8.750644922256469727e-01,5.883731842041015625e-01,-3.630921989679336548e-02,-8.451275825500488281e-01,0.000000000000000000e+00,-8.580133914947509766e-01,-7.636587023735046387e-01,-4.036482796072959900e-02,-4.418943226337432861e-01,0.000000000000000000e+00
-1.707944422960281372e-01,4.621010646224021912e-02,8.292063474655151367e-01,2.900986373424530029e-02,-5.944760888814926147e-02,-3.293201699852943420e-02,9.972662329673767090e-01,-3.343342244625091553e-01,7.948509603738784790e-02,-1.331500858068466187e-01,1.591942906379699707e-01,1.328551769256591797e-01,-5.108294636011123657e-02,-4.298172891139984131e-03,-5.911696702241897583e-02,-1.995133794844150543e-02,1.134681999683380127e-01,1.234309077262878418e-01,8.070186525583267212e-02,-3.444536402821540833e-02,2.797579467296600342e-01,-9.093399643898010254e-01,5.918024182319641113e-01,-3.785236924886703491e-02,-8.360083699226379395e-01,0.000000000000000000e+00,-8.236337900161743164e-01,-7.304987907409667969e-01,-1.170222740620374680e-02,-4.297027885913848877e-01,0.000000000000000000e+00
-1.695814132690429688e-01,4.861500859260559082e-02,8.291978240013122559e-01,2.761300653219223022e-02,-6.352747976779937744e-02,-4.807536303997039795e-02,9.964389204978942871e-01,-3.094983398914337158e-01,9.380417317152023315e-02,-9.651392698287963867e-02,1.492069959640502930e-01,1.323591321706771851e-01,-4.380291700363159180e-02,1.144701708108186722e-02,-5.696262419223785400e-02,-6.307220552116632462e-03,1.008593365550041199e-01,1.275542974472045898e-01,8.647215366363525391e-02,-1.593138650059700012e-02,2.642145454883575439e-01,-9.587703943252563477e-01,6.194328069686889648e-01,-2.805173397064208984e-02,-8.280621170997619629e-01,0.000000000000000000e+00,-7.935808897018432617e-01,-6.958000063896179199e-01,9.987285360693931580e-03,-4.251038134098052979e-01,0.000000000000000000e+00
-1.688061654567718506e-01,5.243063718080520630e-02,8.295495510101318359e-01,2.627589181065559387e-02,-6.492955982685089111e-02,-6.575744599103927612e-02,9.953741431236267090e-01,-2.947270572185516357e-01,1.052811443805694580e-01,-6.084537878632545471e-02,1.466624289751052856e-01,1.291014850139617920e-01,-3.496438264846801758e-02,1.579513214528560638e-02,-5.718170478940010071e-02,2.084865234792232513e-02,9.158284217119216919e-02,1.293164342641830444e-01,9.497229009866714478e-02,1.428754301741719246e-03,2.336714416742324829e-01,-1.002771496772766113e+00,6.727554202079772949e-01,-1.478683762252330780e-02,-8.013183474540710449e-01,0.000000000000000000e+00,-7.670350670814514160e-01,-6.682958006858825684e-01,3.056617267429828644e-02,-4.260210990905761719e-01,0.000000000000000000e+00
-1.735169589519500732e-01,5.732969567179679871e-02,8.306473493576049805e-01,2.646732702851295471e-02,-5.033306777477264404e-02,-8.575607836246490479e-02,9.946919083595275879e-01,-3.639450073242187500e-01,1.083674877882003784e-01,-6.944044679403305054e-02,1.962892562150955200e-01,1.071898788213729858e-01,-3.212891146540641785e-02,-6.389414519071578979e-02,-5.173038318753242493e-02,1.135430559515953064e-01,1.332435756921768188e-01,1.081807240843772888e-01,1.113348752260208130e-01,1.283440366387367249e-02,1.884224861860275269e-01,-1.050151348114013672e+00,8.071516156196594238e-01,7.709538936614990234e-02,-6.695398092269897461e-01,0.000000000000000000e+00,-7.131809592247009277e-01,-6.761016845703125000e-01,3.586687520146369934e-02,-5.443134903907775879e-01,0.000000000000000000e+00
-1.735304147005081177e-01,6.136301904916763306e-02,8.318479061126708984e-01,2.483464963734149933e-02,-4.713181033730506897e-02,-1.008106619119644165e-01,9.934782385826110840e-01,-3.733786642551422119e-01,1.181217357516288757e-01,-5.225958675146102905e-02,2.080147713422775269e-01,1.039608195424079895e-01,-2.904513850808143616e-02,-8.424901217222213745e-02,-4.642371833324432373e-02,1.536287963390350342e-01,1.443434506654739380e-01,1.001225858926773071e-01,1.198337599635124207e-01,2.951338700950145721e-02,1.443648040294647217e-01,-1.059102892875671387e+00,8.829565644264221191e-01,6.778696924448013306e-02,-4.321855902671813965e-01,0.000000000000000000e+00,-6.780771613121032715e-01,-6.829013824462890625e-01,6.207482889294624329e-02,-5.798113346099853516e-01,0.000000000000000000e+00
-1.721760034561157227e-01,6.582005321979522705e-02,8.339822888374328613e-01,2.320402301847934723e-02,-4.367830604314804077e-02,-1.154630184173583984e-01,9.920796751976013184e-01,-3.762684166431427002e-01,1.267095804214477539e-01,-3.431385383009910583e-02,2.124662697315216064e-01,1.015039980411529541e-01,-2.310974895954132080e-02,-1.002243310213088989e-01,-4.221500083804130554e-02,1.900258511304855347e-01,1.514577120542526245e-01,9.332853555679321289e-02,1.302045285701751709e-01,4.556442424654960632e-02,9.094217419624328613e-02,-1.062725305557250977e+00,9.493812918663024902e-01,4.104782268404960632e-02,-1.829497516155242920e-01,0.000000000000000000e+00,-6.443031430244445801e-01,-7.128903865814208984e-01,7.419934868812561035e-02,-6.140770316123962402e-01,0.000000000000000000e+00
-1.693131178617477417e-01,7.038993388414382935e-02,8.366055488586425781e-01,2.209945581853389740e-02,-3.983920067548751831e-02,-1.326232850551605225e-01,9.901189208030700684e-01,-3.719961941242218018e-01,1.354647576808929443e-01,-7.456429302692413330e-03,2.105273008346557617e-01,9.930830448865890503e-02,-1.853087358176708221e-02,-1.140544191002845764e-01,-3.924690932035446167e-02,2.267271280288696289e-01,1.545059233903884888e-01,9.428787231445312500e-02,1.323553919792175293e-01,5.417997017502784729e-02,3.018159419298171997e-02,-1.038625955581665039e+00,9.992085099220275879e-01,6.652060896158218384e-02,-9.588746726512908936e-02,0.000000000000000000e+00,-6.027913689613342285e-01,-7.561535835266113281e-01,6.527021527290344238e-02,-6.436933279037475586e-01,0.000000000000000000e+00
-1.681931018829345703e-01,7.549302279949188232e-02,8.388829231262207031e-01,2.204509824514389038e-02,-3.532964363694190979e-02,-1.534413397312164307e-01,9.872798919677734375e-01,-3.725275397300720215e-01,1.439554542303085327e-01,2.344260551035404205e-02,2.108934819698333740e-01,9.537594020366668701e-02,-1.643010601401329041e-02,-1.388271301984786987e-01,-3.478212654590606689e-02,2.763279378414154053e-01,1.658618152141571045e-01,9.623323380947113037e-02,1.361159235239028931e-01,5.547672510147094727e-02,-2.041028067469596863e-02,-9.832066297531127930e-01,1.028186321258544922e+00,1.427753865718841553e-01,-1.319539546966552734e-01,0.000000000000000000e+00,-5.265516042709350586e-01,-8.264247179031372070e-01,2.595054684206843376e-03,-6.747481226921081543e-01,0.000000000000000000e+00
-1.666575521230697632e-01,7.978232204914093018e-02,8.397304415702819824e-01,2.161075174808502197e-02,-3.447021543979644775e-02,-1.745035648345947266e-01,9.838156700134277344e-01,-3.587345778942108154e-01,1.567579209804534912e-01,6.801991164684295654e-02,2.069081068038940430e-01,9.120009839534759521e-02,-1.867325976490974426e-02,-1.465422511100769043e-01,-3.134763985872268677e-02,3.171543478965759277e-01,1.656923890113830566e-01,9.946714341640472412e-02,1.428791731595993042e-01,4.617859795689582825e-02,-6.064750254154205322e-02,-9.593216180801391602e-01,1.042356371879577637e+00,1.850960254669189453e-01,-1.845876723527908325e-01,0.000000000000000000e+00,-4.296436011791229248e-01,-8.895853757858276367e-01,-5.423010885715484619e-02,-6.408758759498596191e-01,0.000000000000000000e+00
-1.640593409538269043e-01,8.275555074214935303e-02,8.408969640731811523e-01,2.132795192301273346e-02,-3.208179026842117310e-02,-1.900833994150161743e-01,9.810118079185485840e-01,-3.526054322719573975e-01,1.640119254589080811e-01,9.566141664981842041e-02,2.065865397453308105e-01,8.906852453947067261e-02,-2.164365537464618683e-02,-1.512297242879867554e-01,-3.049474395811557770e-02,3.457442522048950195e-01,1.599238216876983643e-01,1.056804805994033813e-01,1.431066542863845825e-01,3.599083051085472107e-02,-1.001023948192596436e-01,-9.421347975730895996e-01,1.056772112846374512e+00,2.457098662853240967e-01,-2.306010872125625610e-01,0.000000000000000000e+00,-3.027322292327880859e-01,-9.299101829528808594e-01,-1.212915629148483276e-01,-5.593077540397644043e-01,0.000000000000000000e+00
-1.604286879301071167e-01,8.594302088022232056e-02,8.436123132705688477e-01,2.111173793673515320e-02,-2.780585177242755890e-02,-1.980373710393905640e-01,9.795725345611572266e-01,-3.571035265922546387e-01,1.618806421756744385e-01,9.345486015081405640e-02,2.110905349254608154e-01,8.294529467821121216e-02,-1.722411625087261200e-02,-1.583121865987777710e-01,-3.247326239943504333e-02,3.618541955947875977e-01,1.551588773727416992e-01,1.095141172409057617e-01,1.399223655462265015e-01,3.083524666726589203e-02,-1.457965373992919922e-01,-8.940813541412353516e-01,1.070036053657531738e+00,3.223399221897125244e-01,-2.824994027614593506e-01,0.000000000000000000e+00,-1.662714779376983643e-01,-9.771775007247924805e-01,-2.298940420150756836e-01,-4.233363866806030273e-01,0.000000000000000000e+00
-1.555235683917999268e-01,8.705959469079971313e-02,8.460287451744079590e-01,2.120077796280384064e-02,-2.276204153895378113e-02,-1.978718936443328857e-01,9.797342419624328613e-01,-3.648719787597656250e-01,1.559415459632873535e-01,9.051433205604553223e-02,2.108377218246459961e-01,8.590605109930038452e-02,-1.574627868831157684e-02,-1.609396785497665405e-01,-3.595869243144989014e-02,3.627902269363403320e-01,1.486165374517440796e-01,1.133203208446502686e-01,1.299969255924224854e-01,2.402408048510551453e-02,-1.939262449741363525e-01,-8.511738777160644531e-01,1.083771586418151855e+00,3.815999627113342285e-01,-3.311401605606079102e-01,0.000000000000000000e+00,-2.703799307346343994e-02,-9.918352961540222168e-01,-3.214461505413055420e-01,-2.550906538963317871e-01,0.000000000000000000e+00
-1.501333862543106079e-01,8.808496594429016113e-02,8.484119176864624023e-01,2.259638160467147827e-02,-1.618620753288269043e-02,-1.923994123935699463e-01,9.809229969978332520e-01,-3.770900368690490723e-01,1.467712819576263428e-01,8.149671554565429688e-02,2.127013951539993286e-01,8.112056553363800049e-02,-2.308831922709941864e-02,-1.687071770429611206e-01,-4.263845831155776978e-02,3.585439324378967285e-01,1.464742869138717651e-01,1.155123710632324219e-01,1.204324290156364441e-01,1.735865511000156403e-02,-2.271416038274765015e-01,-8.213520050048828125e-01,1.091467499732971191e+00,4.180954396724700928e-01,-3.717328906059265137e-01,0.000000000000000000e+00,1.074734255671501160e-01,-9.653306007385253906e-01,-3.896105587482452393e-01,-5.436809733510017395e-02,0.000000000000000000e+00
-1.445043534040451050e-01,8.855777978897094727e-02,8.494510650634765625e-01,2.403198927640914917e-02,-9.879448451101779938e-03,-1.833912581205368042e-01,9.826965332031250000e-01,-3.877570927143096924e-01,1.377965360879898071e-01,7.818678021430969238e-02,2.098572403192520142e-01,8.240538090467453003e-02,-4.044292122125625610e-02,-1.744637042284011841e-01,-5.101627856492996216e-02,3.453575074672698975e-01,1.443986743688583374e-01,1.180683448910713196e-01,1.112771257758140564e-01,1.624253205955028534e-02,-2.344614267349243164e-01,-8.033113479614257812e-01,1.084940433502197266e+00,4.193160235881805420e-01,-4.076209366321563721e-01,0.000000000000000000e+00,2.263476997613906860e-01,-8.977606296539306641e-01,-4.486552178859710693e-01,1.477500200271606445e-01,0.000000000000000000e+00
-1.385836899280548096e-01,8.888351172208786011e-02,8.491671681404113770e-01,2.367598004639148712e-02,-1.718384679406881332e-03,-1.716414093971252441e-01,9.848734736442565918e-01,-4.097846746444702148e-01,1.224402934312820435e-01,4.185872524976730347e-02,2.110625654458999634e-01,8.551998436450958252e-02,-4.420058056712150574e-02,-1.855072826147079468e-01,-5.340937152504920959e-02,3.300855457782745361e-01,1.488589644432067871e-01,1.179891824722290039e-01,9.190373122692108154e-02,3.052223660051822662e-02,-2.108018100261688232e-01,-7.941166758537292480e-01,1.048770904541015625e+00,4.205434620380401611e-01,-4.468817412853240967e-01,0.000000000000000000e+00,3.091411888599395752e-01,-8.136242628097534180e-01,-5.383352041244506836e-01,3.820537328720092773e-01,0.000000000000000000e+00
-1.336281895637512207e-01,9.002933651208877563e-02,8.469609618186950684e-01,2.397665008902549744e-02,1.215146505273878574e-03,-1.580602973699569702e-01,9.871375560760498047e-01,-4.153583049774169922e-01,1.102117598056793213e-01,2.342996746301651001e-02,2.096320092678070068e-01,8.737232536077499390e-02,-5.575383082032203674e-02,-1.821758747100830078e-01,-6.174048408865928650e-02,3.063483238220214844e-01,1.487084031105041504e-01,1.197898760437965393e-01,7.751752436161041260e-02,3.856873884797096252e-02,-1.884540766477584839e-01,-7.923126816749572754e-01,1.018525123596191406e+00,3.918510675430297852e-01,-4.702740609645843506e-01,0.000000000000000000e+00,3.434385359287261963e-01,-7.508442401885986328e-01,-5.823315978050231934e-01,5.824043750762939453e-01,0.000000000000000000e+00
-1.295201033353805542e-01,9.204603731632232666e-02,8.450210690498352051e-01,2.275947481393814087e-02,6.396399345248937607e-03,-1.390802562236785889e-01,9.899988770484924316e-01,-4.326499104499816895e-01,9.617277979850769043e-02,-6.310579366981983185e-03,2.128365337848663330e-01,8.024639636278152466e-02,-7.146817445755004883e-02,-1.852882206439971924e-01,-6.928166002035140991e-02,2.734743952751159668e-01,1.519645154476165771e-01,1.116675138473510742e-01,6.839232891798019409e-02,5.972780287265777588e-02,-1.423703730106353760e-01,-8.116239905357360840e-01,9.584410786628723145e-01,3.613931536674499512e-01,-4.850039780139923096e-01,0.000000000000000000e+00,3.814948499202728271e-01,-7.084885835647583008e-01,-5.830141305923461914e-01,7.437790036201477051e-01,0.000000000000000000e+00
-1.253453046083450317e-01,9.415901452302932739e-02,8.433896899223327637e-01,2.113832160830497742e-02,1.115713175386190414e-02,-1.201634258031845093e-01,9.924663305282592773e-01,-4.478966593742370605e-01,7.702986150979995728e-02,-4.649189859628677368e-02,2.147707045078277588e-01,8.524121344089508057e-02,-7.007046043872833252e-02,-1.863063275814056396e-01,-7.470427453517913818e-02,2.447234541177749634e-01,1.550669670104980469e-01,1.100463345646858215e-01,5.052017420530319214e-02,7.842569053173065186e-02,-8.659996092319488525e-02,-8.365099430084228516e-01,8.872846364974975586e-01,3.160261809825897217e-01,-4.983188211917877197e-01,0.000000000000000000e+00,3.966148793697357178e-01,-6.608194112777709961e-01,-5.383251309394836426e-01,8.379480838775634766e-01,0.000000000000000000e+00
-1.222614943981170654e-01,9.719831496477127075e-02,8.415599465370178223e-01,1.894759386777877808e-02,1.465917378664016724e-02,-1.023722812533378601e-01,9.944576621055603027e-01,-4.623598158359527588e-01,6.140433251857757568e-02,-7.949744164943695068e-02,2.196974903345108032e-01,8.413346856832504272e-02,-6.669614464044570923e-02,-1.862540245056152344e-01,-8.042518794536590576e-02,2.112353742122650146e-01,1.586547940969467163e-01,1.043420284986495972e-01,4.491886496543884277e-02,9.935501217842102051e-02,-2.089422382414340973e-02,-8.721982240676879883e-01,8.074584603309631348e-01,2.733117640018463135e-01,-5.014821887016296387e-01,0.000000000000000000e+00,3.661214411258697510e-01,-5.980312228202819824e-01,-5.023651123046875000e-01,8.505528569221496582e-01,0.000000000000000000e+00
-1.200881823897361755e-01,1.002486571669578552e-01,8.397695422172546387e-01,1.564729399979114532e-02,1.764866523444652557e-02,-8.639759570360183716e-02,9.959815144538879395e-01,-4.747391045093536377e-01,4.984758794307708740e-02,-1.020273715257644653e-01,2.197624891996383667e-01,8.685166388750076294e-02,-6.700633466243743896e-02,-1.832533031702041626e-01,-8.236902207136154175e-02,1.821596324443817139e-01,1.580937206745147705e-01,1.019259020686149597e-01,4.064831882715225220e-02,1.197703406214714050e-01,5.246573314070701599e-02,-9.105175733566284180e-01,7.242144346237182617e-01,2.247217893600463867e-01,-5.045540928840637207e-01,0.000000000000000000e+00,2.976748645305633545e-01,-5.466477274894714355e-01,-4.477273225784301758e-01,8.028004765510559082e-01,0.000000000000000000e+00
-1.189524307847023010e-01,1.023906916379928589e-01,8.374109268188476562e-01,1.332384441047906876e-02,1.881730183959007263e-02,-7.373492419719696045e-02,9.970113039016723633e-01,-4.824683666229248047e-01,4.026916995644569397e-02,-1.258130669593811035e-01,2.223377376794815063e-01,8.560805767774581909e-02,-6.480336189270019531e-02,-1.776162385940551758e-01,-8.548836410045623779e-02,1.536772996187210083e-01,1.556701660156250000e-01,9.669758379459381104e-02,4.558578878641128540e-02,1.323559135198593140e-01,1.353068202733993530e-01,-9.578725099563598633e-01,6.353666782379150391e-01,1.738646626472473145e-01,-4.990562498569488525e-01,0.000000000000000000e+00,1.819530427455902100e-01,-5.125958323478698730e-01,-3.764097988605499268e-01,7.385955452919006348e-01,0.000000000000000000e+00
-1.191679388284683228e-01,1.029029265046119690e-01,8.348798155784606934e-01,1.285799033939838409e-02,1.857118867337703705e-02,-6.349351257085800171e-02,9.977266192436218262e-01,-4.886682033538818359e-01,3.089991956949234009e-02,-1.432710587978363037e-01,2.270077466964721680e-01,8.387726545333862305e-02,-5.734883621335029602e-02,-1.728333383798599243e-01,-8.929052203893661499e-02,1.317455619573593140e-01,1.548633426427841187e-01,9.569104760885238647e-02,5.122932791709899902e-02,1.311724931001663208e-01,2.130859643220901489e-01,-1.004251599311828613e+00,5.607064962387084961e-01,1.114106997847557068e-01,-4.926069378852844238e-01,0.000000000000000000e+00,9.203991852700710297e-03,-4.830543398857116699e-01,-2.970092594623565674e-01,6.593721508979797363e-01,0.000000000000000000e+00
-1.191528216004371643e-01,1.013720035552978516e-01,8.324966430664062500e-01,1.477153878659009933e-02,1.840687915682792664e-02,-5.574139207601547241e-02,9.981662631034851074e-01,-4.923882186412811279e-01,2.160347439348697662e-02,-1.543537378311157227e-01,2.309637367725372314e-01,8.219773322343826294e-02,-5.439828336238861084e-02,-1.664814949035644531e-01,-9.520387649536132812e-02,1.138197481632232666e-01,1.513577252626419067e-01,9.309671819210052490e-02,5.335099995136260986e-02,1.202689632773399353e-01,2.831314206123352051e-01,-1.042081713676452637e+00,4.956744015216827393e-01,3.833218291401863098e-02,-4.893397688865661621e-01,0.000000000000000000e+00,-2.020746618509292603e-01,-4.600818157196044922e-01,-2.213573008775711060e-01,5.335773229598999023e-01,0.000000000000000000e+00
-1.184611395001411438e-01,9.805347770452499390e-02,8.300228118896484375e-01,1.881801895797252655e-02,1.865068636834621429e-02,-5.029543116688728333e-02,9.983828663825988770e-01,-4.961140453815460205e-01,1.241637952625751495e-02,-1.609710454940795898e-01,2.371822893619537354e-01,8.019327372312545776e-02,-5.369577929377555847e-02,-1.609194129705429077e-01,-1.032264605164527893e-01,1.003494039177894592e-01,1.473450958728790283e-01,9.267348051071166992e-02,5.799222737550735474e-02,9.845502674579620361e-02,3.413996696472167969e-01,-1.072703123092651367e+00,4.562020897865295410e-01,-1.204481907188892365e-02,-4.867733120918273926e-01,0.000000000000000000e+00,-4.430425167083740234e-01,-4.398998022079467773e-01,-1.566825211048126221e-01,3.898428380489349365e-01,0.000000000000000000e+00
-1.159909367561340332e-01,9.431808441877365112e-02,8.284633159637451172e-01,2.292919903993606567e-02,1.867692917585372925e-02,-4.427202045917510986e-02,9.985817074775695801e-01,-4.921556711196899414e-01,3.938875161111354828e-03,-1.650870740413665771e-01,2.367591112852096558e-01,7.811148464679718018e-02,-5.508714169263839722e-02,-1.509664505720138550e-01,-1.110340878367424011e-01,8.540554344654083252e-02,1.419840306043624878e-01,9.106645733118057251e-02,6.185644865036010742e-02,7.371877133846282959e-02,3.754791617393493652e-01,-1.075704097747802734e+00,4.540514051914215088e-01,-5.249351263046264648e-02,-5.003221631050109863e-01,0.000000000000000000e+00,-7.019096612930297852e-01,-4.114273488521575928e-01,-1.002792567014694214e-01,2.361179590225219727e-01,0.000000000000000000e+00
-1.125169768929481506e-01,8.980695158243179321e-02,8.282469511032104492e-01,2.742553316056728363e-02,1.842631213366985321e-02,-3.374182060360908508e-02,9.988842606544494629e-01,-4.848931431770324707e-01,-7.922408170998096466e-03,-1.734714657068252563e-01,2.334359735250473022e-01,7.908345013856887817e-02,-5.906936898827552795e-02,-1.360054165124893188e-01,-1.190895885229110718e-01,6.324207782745361328e-02,1.356018036603927612e-01,9.310664981603622437e-02,6.446474045515060425e-02,4.192281886935234070e-02,3.803825378417968750e-01,-1.051185488700866699e+00,4.806162714958190918e-01,-8.292767405509948730e-02,-5.303800106048583984e-01,0.000000000000000000e+00,-9.596740603446960449e-01,-3.856897354125976562e-01,-6.106796860694885254e-02,7.610405236482620239e-02,0.000000000000000000e+00
-1.088601723313331604e-01,8.357243239879608154e-02,8.290224671363830566e-01,3.327293321490287781e-02,1.965165883302688599e-02,-1.663276553153991699e-02,9.991146326065063477e-01,-4.834316074848175049e-01,-2.734878286719322205e-02,-1.934951841831207275e-01,2.326874285936355591e-01,7.753522694110870361e-02,-5.905500426888465881e-02,-1.216789558529853821e-01,-1.293003708124160767e-01,2.880213782191276550e-02,1.289280951023101807e-01,8.996878564357757568e-02,6.499920040369033813e-02,-6.389655172824859619e-04,3.411209881305694580e-01,-9.939842820167541504e-01,5.604107379913330078e-01,-6.634292006492614746e-02,-5.906281471252441406e-01,0.000000000000000000e+00,-1.214633703231811523e+00,-3.467207849025726318e-01,-5.522702261805534363e-02,-5.818023532629013062e-02,0.000000000000000000e+00
-1.008658334612846375e-01,8.191052824258804321e-02,8.310300111770629883e-01,2.938692644238471985e-02,9.375642053782939911e-03,-1.076698303222656250e-02,9.994661211967468262e-01,-4.299622178077697754e-01,-9.838582016527652740e-03,-1.743982136249542236e-01,2.032334059476852417e-01,8.046594262123107910e-02,-6.425921618938446045e-02,-6.259795278310775757e-02,-1.208006292581558228e-01,-1.759401522576808929e-02,1.090920791029930115e-01,8.567648380994796753e-02,6.247891485691070557e-02,-7.882307283580303192e-03,3.752622902393341064e-01,-9.941660761833190918e-01,5.267434120178222656e-01,-8.446543663740158081e-02,-5.612593293190002441e-01,0.000000000000000000e+00,-1.315109968185424805e+00,-4.189322292804718018e-01,-6.158764287829399109e-02,-1.026287898421287537e-01,0.000000000000000000e+00
-9.903484582901000977e-02,7.993129640817642212e-02,8.323398232460021973e-01,2.782183140516281128e-02,3.817833727225661278e-03,-5.505501292645931244e-03,9.995904564857482910e-01,-4.034587442874908447e-01,-2.047076355665922165e-03,-1.691195219755172729e-01,1.831564754247665405e-01,8.703903108835220337e-02,-6.635168194770812988e-02,-2.925941906869411469e-02,-1.150804609060287476e-01,-4.916553571820259094e-02,9.002442657947540283e-02,9.170062839984893799e-02,6.001744046807289124e-02,-2.207660116255283356e-02,3.850128054618835449e-01,-9.924002289772033691e-01,5.096812844276428223e-01,-1.050413697957992554e-01,-5.380154252052307129e-01,0.000000000000000000e+00,-1.370645284652709961e+00,-4.857509732246398926e-01,-6.514422595500946045e-02,-1.244176253676414490e-01,0.000000000000000000e+00
-1.046197488903999329e-01,7.106983661651611328e-02,8.334688544273376465e-01,3.778345137834548950e-02,1.080041658133268356e-02,1.960045471787452698e-02,9.990352988243103027e-01,-4.486005008220672607e-01,-4.482066258788108826e-02,-2.347937822341918945e-01,2.110635638236999512e-01,8.810357004404067993e-02,-7.589916139841079712e-02,-5.248545855283737183e-02,-1.293601989746093750e-01,-7.295723259449005127e-02,9.621566534042358398e-02,9.891655296087265015e-02,7.060123234987258911e-02,-8.241941034793853760e-02,2.918246686458587646e-01,-9.149018526077270508e-01,6.237902045249938965e-01,-6.330310553312301636e-02,-6.125320792198181152e-01,0.000000000000000000e+00,-1.420967817306518555e+00,-4.982161521911621094e-01,-1.033561676740646362e-01,-1.298297047615051270e-01,0.000000000000000000e+00
-1.049691215157508850e-01,7.035619765520095825e-02,8.325806260108947754e-01,3.571274131536483765e-02,5.218712147325277328e-03,2.253084629774093628e-02,9.990944266319274902e-01,-4.282901287078857422e-01,-3.684240579605102539e-02,-2.312824428081512451e-01,1.968893259763717651e-01,9.402037411928176880e-02,-7.848975062370300293e-02,-2.991408482193946838e-02,-1.238265037536621094e-01,-9.433876723051071167e-02,8.730701357126235962e-02,1.026063784956932068e-01,6.984256207942962646e-02,-8.401509374380111694e-02,3.074474930763244629e-01,-9.162349104881286621e-01,5.930868983268737793e-01,-7.071957737207412720e-02,-5.938756465911865234e-01,0.000000000000000000e+00,-1.388355135917663574e+00,-5.290165543556213379e-01,-8.627346903085708618e-02,-1.101221814751625061e-01,0.000000000000000000e+00
-1.039857715368270874e-01,6.998806446790695190e-02,8.309712409973144531e-01,3.198345005512237549e-02,-3.583182347938418388e-03,2.252293564379215240e-02,9.992281794548034668e-01,-3.931983709335327148e-01,-1.954896375536918640e-02,-2.150495201349258423e-01,1.735177785158157349e-01,9.868521243333816528e-02,-7.775912433862686157e-02,2.426147926598787308e-03,-1.147760078310966492e-01,-1.244132891297340393e-01,7.819178700447082520e-02,1.050602644681930542e-01,7.109465450048446655e-02,-7.343997061252593994e-02,3.440148532390594482e-01,-9.316489100456237793e-01,5.337761044502258301e-01,-8.536659181118011475e-02,-5.584545731544494629e-01,0.000000000000000000e+00,-1.349358797073364258e+00,-5.602625012397766113e-01,-6.574389338493347168e-02,-8.739428967237472534e-02,0.000000000000000000e+00
-1.041851341724395752e-01,6.934522837400436401e-02,8.301506042480468750e-01,2.993797510862350464e-02,-9.434613399207592010e-03,2.331125177443027496e-02,9.992353320121765137e-01,-3.726617395877838135e-01,-9.951537474989891052e-03,-2.092393934726715088e-01,1.598369032144546509e-01,1.026791259646415710e-01,-7.328367978334426880e-02,2.277646772563457489e-02,-1.080280095338821411e-01,-1.408263593912124634e-01,7.101819664239883423e-02,1.077425181865692139e-01,6.955655664205551147e-02,-6.655938178300857544e-02,3.718696534633636475e-01,-9.354680776596069336e-01,4.899663925170898438e-01,-9.555441886186599731e-02,-5.230098366737365723e-01,0.000000000000000000e+00,-1.315791368484497070e+00,-5.909458398818969727e-01,-5.775925517082214355e-02,-8.302399516105651855e-02,0.000000000000000000e+00
-1.042946800589561462e-01,6.804277002811431885e-02,8.300043940544128418e-01,2.988305687904357910e-02,-1.255526952445507050e-02,2.410312741994857788e-02,9.991838932037353516e-01,-3.619340956211090088e-01,-7.401367649435997009e-03,-2.134911566972732544e-01,1.523648202419281006e-01,1.056361719965934753e-01,-6.590668857097625732e-02,3.646289557218551636e-02,-1.030751094222068787e-01,-1.453712433576583862e-01,6.233103945851325989e-02,1.043945550918579102e-01,6.654180586338043213e-02,-6.045793369412422180e-02,3.970262706279754639e-01,-9.400729537010192871e-01,4.760920703411102295e-01,-9.188661724328994751e-02,-4.950023293495178223e-01,0.000000000000000000e+00,-1.293954133987426758e+00,-6.112974286079406738e-01,-5.465934798121452332e-02,-8.971224725246429443e-02,0.000000000000000000e+00
-1.056721359491348267e-01,6.760834157466888428e-02,8.297448754310607910e-01,2.919213660061359406e-02,-1.483143400400876999e-02,2.477814815938472748e-02,9.991565942764282227e-01,-3.568010628223419189e-01,-4.895595833659172058e-03,-2.107157111167907715e-01,1.498389244079589844e-01,1.079950481653213501e-01,-6.323298066854476929e-02,4.468612000346183777e-02,-1.007289811968803406e-01,-1.514468044042587280e-01,5.766733363270759583e-02,1.044101417064666748e-01,6.692426651716232300e-02,-5.760163068771362305e-02,4.127915501594543457e-01,-9.485806226730346680e-01,4.704946577548980713e-01,-8.828975260257720947e-02,-4.751667678356170654e-01,0.000000000000000000e+00,-1.279641270637512207e+00,-6.262406110763549805e-01,-5.612127855420112610e-02,-9.837321937084197998e-02,0.000000000000000000e+00
-1.056384220719337463e-01,6.590518355369567871e-02,8.299542069435119629e-01,2.944663166999816895e-02,-1.577913202345371246e-02,2.662867493927478790e-02,9.990869760513305664e-01,-3.549805581569671631e-01,-4.856638610363006592e-03,-2.196096330881118774e-01,1.473323851823806763e-01,1.105262562632560730e-01,-5.864513665437698364e-02,5.394209176301956177e-02,-9.655142575502395630e-02,-1.571397483348846436e-01,4.696194455027580261e-02,1.017257794737815857e-01,7.234088331460952759e-02,-5.146284401416778564e-02,4.331368505954742432e-01,-9.438646435737609863e-01,5.026053190231323242e-01,-7.804779708385467529e-02,-4.553290307521820068e-01,0.000000000000000000e+00,-1.276373267173767090e+00,-6.618555188179016113e-01,-6.555832177400588989e-02,-1.237384080886840820e-01,0.000000000000000000e+00
-1.131116971373558044e-01,5.770933628082275391e-02,8.317500352859497070e-01,4.043349251151084900e-02,-2.517352579161524773e-03,4.152269661426544189e-02,9.983159303665161133e-01,-4.300528764724731445e-01,-4.972717165946960449e-02,-2.781416177749633789e-01,2.018704116344451904e-01,9.677475690841674805e-02,-6.039911136031150818e-02,-6.971717346459627151e-03,-1.158243566751480103e-01,-1.377440094947814941e-01,7.515130192041397095e-02,9.299264848232269287e-02,8.009507507085800171e-02,-1.016665101051330566e-01,3.474866747856140137e-01,-8.318756222724914551e-01,7.093297839164733887e-01,6.408593803644180298e-02,-5.623799562454223633e-01,0.000000000000000000e+00,-1.285121798515319824e+00,-6.250515580177307129e-01,-1.712006032466888428e-01,-2.374774664640426636e-01,0.000000000000000000e+00
-1.144735589623451233e-01,5.463903769850730896e-02,8.330230712890625000e-01,4.228423535823822021e-02,-4.755632951855659485e-03,4.384048655629158020e-02,9.981319904327392578e-01,-4.234900772571563721e-01,-4.914004355669021606e-02,-2.778551280498504639e-01,1.954780519008636475e-01,1.014987006783485413e-01,-6.201769039034843445e-02,-5.208739894442260265e-04,-1.149836927652359009e-01,-1.449824571609497070e-01,7.142378389835357666e-02,8.981785178184509277e-02,8.294214308261871338e-02,-9.934309124946594238e-02,3.576373159885406494e-01,-7.354667782783508301e-01,8.078545928001403809e-01,1.148586124181747437e-01,-5.411042571067810059e-01,0.000000000000000000e+00,-1.282480478286743164e+00,-6.271230578422546387e-01,-1.688731312751770020e-01,-2.509988844394683838e-01,0.000000000000000000e+00
-1.159871444106101990e-01,4.942890256643295288e-02,8.342426419258117676e-01,4.750058427453041077e-02,-7.434330414980649948e-03,4.382091388106346130e-02,9.978818297386169434e-01,-4.140733480453491211e-01,-5.220595002174377441e-02,-2.764239609241485596e-01,1.895674765110015869e-01,1.022238880395889282e-01,-5.675730109214782715e-02,2.507520839571952820e-03,-1.201959773898124695e-01,-1.482973098754882812e-01,7.325544208288192749e-02,8.607740700244903564e-02,8.555202931165695190e-02,-1.067817881703376770e-01,3.821999728679656982e-01,-6.098672747611999512e-01,9.323072433471679688e-01,1.628925353288650513e-01,-4.720261394977569580e-01,0.000000000000000000e+00,-1.274397611618041992e+00,-6.410474777221679688e-01,-1.764884144067764282e-01,-2.562660276889801025e-01,0.000000000000000000e+00
-1.170915216207504272e-01,4.641472175717353821e-02,8.351273536682128906e-01,5.018440261483192444e-02,-1.020319107919931412e-02,4.051712900400161743e-02,9.978656172752380371e-01,-4.038250446319580078e-01,-4.902908951044082642e-02,-2.686110138893127441e-01,1.838538795709609985e-01,1.051055267453193665e-01,-5.846649408340454102e-02,5.026638973504304886e-03,-1.219764873385429382e-01,-1.476358473300933838e-01,7.581199705600738525e-02,8.347014337778091431e-02,8.821552246809005737e-02,-1.008061915636062622e-01,4.342359006404876709e-01,-4.833626449108123779e-01,1.025729537010192871e+00,1.759387105703353882e-01,-3.637027740478515625e-01,0.000000000000000000e+00,-1.257922053337097168e+00,-6.870876550674438477e-01,-1.763943284749984741e-01,-2.634172141551971436e-01,0.000000000000000000e+00
-1.174656152725219727e-01,4.310743510723114014e-02,8.357406258583068848e-01,5.396943911910057068e-02,-1.296869106590747833e-02,3.706331923604011536e-02,9.977702498435974121e-01,-3.935082554817199707e-01,-4.782097414135932922e-02,-2.574097514152526855e-01,1.807328909635543823e-01,1.002692133188247681e-01,-5.845852568745613098e-02,9.038362652063369751e-03,-1.264223903417587280e-01,-1.459721475839614868e-01,7.853347808122634888e-02,7.620489597320556641e-02,9.411334991455078125e-02,-9.953232109546661377e-02,5.001645684242248535e-01,-3.621346354484558105e-01,1.128567814826965332e+00,1.961507201194763184e-01,-2.181881666183471680e-01,0.000000000000000000e+00,-1.222083806991577148e+00,-7.573882341384887695e-01,-1.939273923635482788e-01,-2.723069787025451660e-01,0.000000000000000000e+00
-1.169182732701301575e-01,4.064877703785896301e-02,8.372763395309448242e-01,5.646222084760665894e-02,-1.500459015369415283e-02,3.475841507315635681e-02,9.976866841316223145e-01,-3.864156305789947510e-01,-4.767976328730583191e-02,-2.542188465595245361e-01,1.818364411592483521e-01,9.259831905364990234e-02,-5.594721436500549316e-02,1.495421398431062698e-02,-1.284586340188980103e-01,-1.469650715589523315e-01,7.839435338973999023e-02,7.194158434867858887e-02,1.019001528620719910e-01,-9.156324714422225952e-02,5.658936500549316406e-01,-2.248902320861816406e-01,1.216070652008056641e+00,1.765135675668716431e-01,-4.056273028254508972e-02,0.000000000000000000e+00,-1.174802899360656738e+00,-8.285212516784667969e-01,-2.201848328113555908e-01,-2.816414535045623779e-01,0.000000000000000000e+00
-1.170187965035438538e-01,4.001747444272041321e-02,8.388990163803100586e-01,5.774084478616714478e-02,-1.513521838933229446e-02,3.204692527651786804e-02,9.977023005485534668e-01,-3.873202800750732422e-01,-4.861210286617279053e-02,-2.526065707206726074e-01,1.864152401685714722e-01,9.167973697185516357e-02,-5.147689208388328552e-02,1.291794609278440475e-02,-1.301254481077194214e-01,-1.390058100223541260e-01,7.974060624837875366e-02,7.013452053070068359e-02,1.047970131039619446e-01,-7.852856069803237915e-02,6.153467893600463867e-01,-7.649748772382736206e-02,1.247380375862121582e+00,1.044775769114494324e-01,1.628906428813934326e-01,0.000000000000000000e+00,-1.136229515075683594e+00,-8.911023139953613281e-01,-2.302191853523254395e-01,-2.884140610694885254e-01,0.000000000000000000e+00
-1.177740320563316345e-01,4.044883325695991516e-02,8.408581614494323730e-01,5.773511901497840881e-02,-1.286096964031457901e-02,2.986556291580200195e-02,9.978022575378417969e-01,-3.970486223697662354e-01,-4.924654960632324219e-02,-2.495050430297851562e-01,1.941467225551605225e-01,9.440087527036666870e-02,-4.983794689178466797e-02,3.609088482335209846e-03,-1.303200870752334595e-01,-1.243351027369499207e-01,8.202611654996871948e-02,6.915622949600219727e-02,1.013455167412757874e-01,-6.303609907627105713e-02,6.437420845031738281e-01,7.123892754316329956e-02,1.220500230789184570e+00,3.348523750901222229e-02,3.704999983310699463e-01,0.000000000000000000e+00,-1.112657785415649414e+00,-9.349107742309570312e-01,-2.199168056249618530e-01,-2.888951301574707031e-01,0.000000000000000000e+00
-1.174289733171463013e-01,4.186547920107841492e-02,8.422545790672302246e-01,5.578798800706863403e-02,-1.219394523650407791e-02,2.769304625689983368e-02,9.979839920997619629e-01,-4.010889530181884766e-01,-4.578364640474319458e-02,-2.474027127027511597e-01,2.000089585781097412e-01,9.329564124345779419e-02,-4.554714262485504150e-02,-1.220562146045267582e-03,-1.274622976779937744e-01,-1.166136339306831360e-01,8.596180379390716553e-02,6.995519995689392090e-02,1.054001674056053162e-01,-5.022886767983436584e-02,6.559182405471801758e-01,2.134051173925399780e-01,1.188679456710815430e+00,-2.810023725032806396e-02,5.631693601608276367e-01,0.000000000000000000e+00,-1.085398912429809570e+00,-9.664300680160522461e-01,-2.160896211862564087e-01,-2.863416075706481934e-01,0.000000000000000000e+00
-1.170830950140953064e-01,4.379709810018539429e-02,8.428624272346496582e-01,5.440684035420417786e-02,-1.052671670913696289e-02,2.362818457186222076e-02,9.981837272644042969e-01,-4.075714051723480225e-01,-4.331876337528228760e-02,-2.453529536724090576e-01,2.073145955801010132e-01,8.758231252431869507e-02,-3.858084231615066528e-02,-1.185832358896732330e-02,-1.269345432519912720e-01,-1.031550914049148560e-01,9.354408830404281616e-02,6.429248303174972534e-02,1.080112084746360779e-01,-4.720898345112800598e-02,6.460947394371032715e-01,3.459438979625701904e-01,1.133937239646911621e+00,-8.682034909725189209e-02,7.456537485122680664e-01,0.000000000000000000e+00,-1.076332926750183105e+00,-9.775513410568237305e-01,-2.119934856891632080e-01,-2.853092551231384277e-01,0.000000000000000000e+00
-1.159720718860626221e-01,4.571795463562011719e-02,8.425403237342834473e-01,5.217162147164344788e-02,-1.052844244986772537e-02,1.741724647581577301e-02,9.984307289123535156e-01,-4.062657058238983154e-01,-3.509948402643203735e-02,-2.351929843425750732e-01,2.085901647806167603e-01,8.856413513422012329e-02,-3.468453139066696167e-02,-1.537402626127004623e-02,-1.235664859414100647e-01,-8.946343511343002319e-02,9.725667536258697510e-02,6.535329669713973999e-02,1.019207760691642761e-01,-5.059593543410301208e-02,6.253008246421813965e-01,4.746258258819580078e-01,1.064088463783264160e+00,-1.129512116312980652e-01,8.504088521003723145e-01,0.000000000000000000e+00,-1.069009304046630859e+00,-9.764426350593566895e-01,-2.060181349515914917e-01,-2.875688076019287109e-01,0.000000000000000000e+00
-1.151150390505790710e-01,4.667171090841293335e-02,8.410602807998657227e-01,5.141919851303100586e-02,-1.066815014928579330e-02,9.360052645206451416e-03,9.985762834548950195e-01,-4.055336117744445801e-01,-2.812665328383445740e-02,-2.217863202095031738e-01,2.119354605674743652e-01,8.754799515008926392e-02,-3.284894302487373352e-02,-2.390949241816997528e-02,-1.229000836610794067e-01,-7.021231949329376221e-02,1.075274497270584106e-01,6.398609280586242676e-02,9.511005133390426636e-02,-6.197034940123558044e-02,5.982186198234558105e-01,5.707547068595886230e-01,9.974775910377502441e-01,-1.160613521933555603e-01,8.822445273399353027e-01,0.000000000000000000e+00,-1.068683147430419922e+00,-9.602793455123901367e-01,-1.979069411754608154e-01,-2.903700470924377441e-01,0.000000000000000000e+00
-1.143914163112640381e-01,4.762720689177513123e-02,8.409840464591979980e-01,5.165748298168182373e-02,-1.045130472630262375e-02,-1.790843787603080273e-03,9.986085891723632812e-01,-4.031206965446472168e-01,-2.036611735820770264e-02,-2.040349096059799194e-01,2.148298472166061401e-01,8.360447734594345093e-02,-2.693849615752696991e-02,-3.554069250822067261e-02,-1.223647370934486389e-01,-4.313473030924797058e-02,1.198917478322982788e-01,5.626503378152847290e-02,8.847395330667495728e-02,-7.930766791105270386e-02,5.570431351661682129e-01,6.405387520790100098e-01,9.000064134597778320e-01,-1.168198138475418091e-01,8.361759185791015625e-01,0.000000000000000000e+00,-1.079412937164306641e+00,-9.153837561607360840e-01,-1.829985082149505615e-01,-2.937023341655731201e-01,0.000000000000000000e+00
-1.135469377040863037e-01,4.867708310484886169e-02,8.401082754135131836e-01,5.180706828832626343e-02,-1.074759196490049362e-02,-1.092134881764650345e-02,9.985395669937133789e-01,-3.988076448440551758e-01,-1.453420333564281464e-02,-1.893954575061798096e-01,2.148496657609939575e-01,8.243156969547271729e-02,-2.169378846883773804e-02,-4.068395867943763733e-02,-1.231815665960311890e-01,-2.474729157984256744e-02,1.250289231538772583e-01,5.766807124018669128e-02,8.340635150671005249e-02,-9.512542188167572021e-02,5.134924054145812988e-01,6.423395276069641113e-01,8.015352487564086914e-01,-9.257420152425765991e-02,7.478026151657104492e-01,0.000000000000000000e+00,-1.100819945335388184e+00,-8.739323616027832031e-01,-1.738328784704208374e-01,-2.934461236000061035e-01,0.000000000000000000e+00
-1.134835332632064819e-01,4.814063012599945068e-02,8.384956121444702148e-01,5.303645133972167969e-02,-1.156616676598787308e-02,-1.979377306997776031e-02,9.983294010162353516e-01,-3.940630853176116943e-01,-1.001867838203907013e-02,-1.775253713130950928e-01,2.147031724452972412e-01,8.115947991609573364e-02,-1.860812306404113770e-02,-4.142324253916740417e-02,-1.246185079216957092e-01,-9.833056479692459106e-03,1.243244856595993042e-01,5.958272516727447510e-02,8.025817573070526123e-02,-1.125464290380477905e-01,4.560118913650512695e-01,5.935804247856140137e-01,7.223627567291259766e-01,-7.619718462228775024e-02,6.309748888015747070e-01,0.000000000000000000e+00,-1.137786030769348145e+00,-8.009122014045715332e-01,-1.580542922019958496e-01,-2.883283197879791260e-01,0.000000000000000000e+00
-1.142485141754150391e-01,4.726531356573104858e-02,8.364714384078979492e-01,5.405558645725250244e-02,-1.293669827282428741e-02,-2.706270292401313782e-02,9.980872869491577148e-01,-3.872998058795928955e-01,-4.312987439334392548e-03,-1.658474206924438477e-01,2.114325910806655884e-01,8.032873272895812988e-02,-1.617671363055706024e-02,-3.753323480486869812e-02,-1.250377595424652100e-01,2.079444311675615609e-05,1.179314255714416504e-01,6.401007622480392456e-02,7.946154475212097168e-02,-1.292208284139633179e-01,3.884911835193634033e-01,4.825535714626312256e-01,6.527020931243896484e-01,-6.912809610366821289e-02,4.948653280735015869e-01,0.000000000000000000e+00,-1.182596564292907715e+00,-7.043647170066833496e-01,-1.304989755153656006e-01,-2.762108743190765381e-01,0.000000000000000000e+00
-1.162076368927955627e-01,4.736918210983276367e-02,8.340227603912353516e-01,5.421813949942588806e-02,-1.409572549164295197e-02,-3.291876986622810364e-02,9.978867769241333008e-01,-3.821293413639068604e-01,1.696686027571558952e-03,-1.518034636974334717e-01,2.045755386352539062e-01,8.434895426034927368e-02,-1.989535056054592133e-02,-3.391589224338531494e-02,-1.250101029872894287e-01,7.001805119216442108e-03,1.090356260538101196e-01,7.555966079235076904e-02,7.598439604043960571e-02,-1.400792896747589111e-01,3.170477747917175293e-01,3.112697303295135498e-01,6.112558841705322266e-01,-8.146765083074569702e-02,3.417461812496185303e-01,0.000000000000000000e+00,-1.231839537620544434e+00,-6.085161566734313965e-01,-1.079442054033279419e-01,-2.576472759246826172e-01,0.000000000000000000e+00
-1.190784201025962830e-01,4.765480011701583862e-02,8.321486711502075195e-01,5.457258597016334534e-02,-1.414123084396123886e-02,-3.809534013271331787e-02,9.976826310157775879e-01,-3.831495940685272217e-01,5.660660099238157272e-03,-1.410819590091705322e-01,1.995664983987808228e-01,8.996037393808364868e-02,-2.934946306049823761e-02,-3.725219145417213440e-02,-1.247556880116462708e-01,2.013083361089229584e-02,1.026325896382331848e-01,8.509071916341781616e-02,7.857593894004821777e-02,-1.547564864158630371e-01,2.438668757677078247e-01,7.831317931413650513e-02,5.981767177581787109e-01,-7.774383574724197388e-02,1.758495867252349854e-01,0.000000000000000000e+00,-1.285151243209838867e+00,-5.169286727905273438e-01,-1.049135625362396240e-01,-2.325584739446640015e-01,0.000000000000000000e+00
-1.204785183072090149e-01,5.019064992666244507e-02,8.297905921936035156e-01,5.147128552198410034e-02,-1.455231755971908569e-02,-4.207859933376312256e-02,9.976814985275268555e-01,-3.839752674102783203e-01,1.341796200722455978e-02,-1.323211342096328735e-01,1.982217878103256226e-01,8.996577560901641846e-02,-2.930456027388572693e-02,-3.380513191223144531e-02,-1.208348497748374939e-01,2.363534457981586456e-02,9.356223791837692261e-02,9.172559529542922974e-02,7.870328426361083984e-02,-1.528465598821640015e-01,1.794338524341583252e-01,-1.947746723890304565e-01,5.805760622024536133e-01,-6.274526566267013550e-02,2.826089411973953247e-02,0.000000000000000000e+00,-1.322129011154174805e+00,-4.366288483142852783e-01,-8.452839404344558716e-02,-2.163694798946380615e-01,0.000000000000000000e+00
-1.205478310585021973e-01,5.483813583850860596e-02,8.280429244041442871e-01,4.569161683320999146e-02,-1.453992538154125214e-02,-4.213454574346542358e-02,9.979606866836547852e-01,-3.856369853019714355e-01,1.874154247343540192e-02,-1.382479816675186157e-01,1.972285956144332886e-01,9.023088961839675903e-02,-2.769871056079864502e-02,-2.882661111652851105e-02,-1.143083646893501282e-01,2.036667987704277039e-02,8.569938689470291138e-02,9.717946499586105347e-02,7.409087568521499634e-02,-1.369825005531311035e-01,1.181650012731552124e-01,-4.901101887226104736e-01,5.513284802436828613e-01,-4.393326118588447571e-02,-1.001601144671440125e-01,0.000000000000000000e+00,-1.346817970275878906e+00,-3.742718398571014404e-01,-4.295640811324119568e-02,-2.071904838085174561e-01,0.000000000000000000e+00
-1.183522269129753113e-01,6.041897460818290710e-02,8.273473381996154785e-01,3.916106000542640686e-02,-1.301748771220445633e-02,-4.581198841333389282e-02,9.980973005294799805e-01,-3.870081305503845215e-01,2.888408116996288300e-02,-1.345318704843521118e-01,1.976144909858703613e-01,9.146697819232940674e-02,-2.703798934817314148e-02,-2.748919837176799774e-02,-1.058345511555671692e-01,2.518363296985626221e-02,8.155576139688491821e-02,9.923702478408813477e-02,7.231700420379638672e-02,-1.128572896122932434e-01,7.741001993417739868e-02,-7.782041430473327637e-01,5.282312631607055664e-01,5.205424968153238297e-03,-1.928192377090454102e-01,0.000000000000000000e+00,-1.361438632011413574e+00,-3.458358347415924072e-01,-2.718721982091665268e-03,-2.063350826501846313e-01,0.000000000000000000e+00
-1.150517612695693970e-01,6.656584143638610840e-02,8.278843760490417480e-01,3.346541151404380798e-02,-1.304399129003286362e-02,-5.515167862176895142e-02,9.978317618370056152e-01,-3.749270141124725342e-01,4.182067885994911194e-02,-1.161820739507675171e-01,1.897414177656173706e-01,8.919991552829742432e-02,-2.198350057005882263e-02,-2.141155116260051727e-02,-1.011142656207084656e-01,3.568760305643081665e-02,7.500337809324264526e-02,1.032921522855758667e-01,7.879488170146942139e-02,-8.411178737878799438e-02,6.797229498624801636e-02,-1.016096353530883789e+00,4.997844696044921875e-01,4.654978960752487183e-02,-2.488638311624526978e-01,0.000000000000000000e+00,-1.361777424812316895e+00,-3.442788720130920410e-01,3.355416655540466309e-02,-2.097335606813430786e-01,0.000000000000000000e+00
-1.118826270103454590e-01,7.112871855497360229e-02,8.295326232910156250e-01,2.910431846976280212e-02,-1.786320656538009644e-02,-6.601986289024353027e-02,9.972338080406188965e-01,-3.419225811958312988e-01,5.719003453850746155e-02,-8.008904010057449341e-02,1.710330098867416382e-01,9.384078532457351685e-02,-1.790902204811573029e-02,-3.030847292393445969e-04,-9.825848788022994995e-02,3.456392511725425720e-02,6.384999305009841919e-02,1.074674129486083984e-01,8.576667308807373047e-02,-5.459463968873023987e-02,8.417827636003494263e-02,-1.143275737762451172e+00,4.639560878276824951e-01,4.858008772134780884e-02,-2.609460651874542236e-01,0.000000000000000000e+00,-1.352951526641845703e+00,-3.431683182716369629e-01,5.958139523863792419e-02,-1.942695975303649902e-01,0.000000000000000000e+00
-1.121357157826423645e-01,7.399585098028182983e-02,8.310397863388061523e-01,2.742343209683895111e-02,-1.911388523876667023e-02,-7.789943367242813110e-02,9.964006543159484863e-01,-3.245754539966583252e-01,6.722834706306457520e-02,-5.056209117174148560e-02,1.554006487131118774e-01,9.524363279342651367e-02,-1.576548814773559570e-02,3.903604345396161079e-03,-9.846582263708114624e-02,4.480471089482307434e-02,5.341520532965660095e-02,1.145011186599731445e-01,9.527809917926788330e-02,-3.445374220609664917e-02,1.139074265956878662e-01,-1.207203149795532227e+00,4.422540962696075439e-01,3.965827822685241699e-02,-2.584370374679565430e-01,0.000000000000000000e+00,-1.346255302429199219e+00,-3.446393609046936035e-01,7.369855791330337524e-02,-1.811142861843109131e-01,0.000000000000000000e+00
-1.140904203057289124e-01,7.459087669849395752e-02,8.312678933143615723e-01,2.763427421450614929e-02,-2.056350372731685638e-02,-8.880856633186340332e-02,9.954529404640197754e-01,-3.127232491970062256e-01,7.452524453401565552e-02,-2.521094307303428650e-02,1.452132612466812134e-01,9.593766927719116211e-02,-1.500160340219736099e-02,3.183703171089291573e-03,-9.909077733755111694e-02,5.942782387137413025e-02,4.733682051301002502e-02,1.230397224426269531e-01,1.009876579046249390e-01,-2.788042649626731873e-02,1.495274901390075684e-01,-1.217320561408996582e+00,4.211445748805999756e-01,2.666433714330196381e-02,-2.394609898328781128e-01,0.000000000000000000e+00,-1.336984872817993164e+00,-3.478764593601226807e-01,7.799050956964492798e-02,-1.682961285114288330e-01,0.000000000000000000e+00
-1.159249022603034973e-01,7.430076599121093750e-02,8.304479122161865234e-01,2.904890477657318115e-02,-2.253664843738079071e-02,-9.775473922491073608e-02,9.945311546325683594e-01,-3.029971122741699219e-01,7.885067909955978394e-02,-5.210859235376119614e-03,1.402399241924285889e-01,9.638715535402297974e-02,-1.651841029524803162e-02,2.228150377050042152e-03,-1.012483164668083191e-01,7.504700869321823120e-02,4.541679844260215759e-02,1.284214407205581665e-01,1.012087166309356689e-01,-2.948765084147453308e-02,1.798697859048843384e-01,-1.205830574035644531e+00,3.987122178077697754e-01,2.069579809904098511e-02,-2.159478515386581421e-01,0.000000000000000000e+00,-1.327586174011230469e+00,-3.452620506286621094e-01,7.782422751188278198e-02,-1.575981974601745605e-01,0.000000000000000000e+00
-1.174670904874801636e-01,7.381502538919448853e-02,8.296317458152770996e-01,3.028065711259841919e-02,-2.471198700368404388e-02,-1.033960580825805664e-01,9.938720464706420898e-01,-2.948007881641387939e-01,8.185260742902755737e-02,1.155959628522396088e-02,1.368143260478973389e-01,9.503186494112014771e-02,-1.854983530938625336e-02,2.006334252655506134e-03,-1.025713533163070679e-01,8.727865666151046753e-02,4.670207202434539795e-02,1.292894035577774048e-01,9.870560467243194580e-02,-3.308857232332229614e-02,1.962202787399291992e-01,-1.191258549690246582e+00,3.811515867710113525e-01,2.158411964774131775e-02,-1.956620812416076660e-01,0.000000000000000000e+00,-1.318390130996704102e+00,-3.483460843563079834e-01,7.409862428903579712e-02,-1.501045227050781250e-01,0.000000000000000000e+00
-1.178790926933288574e-01,7.409580796957015991e-02,8.290352821350097656e-01,3.042785078287124634e-02,-2.640422433614730835e-02,-1.068000122904777527e-01,9.934639930725097656e-01,-2.880845963954925537e-01,8.406326174736022949e-02,2.338864654302597046e-02,1.345019042491912842e-01,9.216475486755371094e-02,-1.790557615458965302e-02,2.961005782708525658e-03,-1.029156818985939026e-01,9.524263441562652588e-02,4.807695001363754272e-02,1.293277591466903687e-01,9.825603663921356201e-02,-3.266495466232299805e-02,2.043134123086929321e-01,-1.186335563659667969e+00,3.727659583091735840e-01,2.211933210492134094e-02,-1.840209513902664185e-01,0.000000000000000000e+00,-1.313111662864685059e+00,-3.541383445262908936e-01,7.071177661418914795e-02,-1.463282257318496704e-01,0.000000000000000000e+00
-1.192554384469985962e-01,7.527614384889602661e-02,8.295826315879821777e-01,3.048810735344886780e-02,-2.685468457639217377e-02,-1.079466864466667175e-01,9.933261275291442871e-01,-2.863450944423675537e-01,8.371637016534805298e-02,2.817106433212757111e-02,1.327901184558868408e-01,9.328699856996536255e-02,-1.841452158987522125e-02,-2.114444971084594727e-03,-1.037882044911384583e-01,1.062084138393402100e-01,5.338655784726142883e-02,1.347281336784362793e-01,9.072650223970413208e-02,-2.991094067692756653e-02,1.981114298105239868e-01,-1.178259134292602539e+00,3.689052164554595947e-01,1.194702461361885071e-02,-1.782936155796051025e-01,0.000000000000000000e+00,-1.303057193756103516e+00,-3.702717125415802002e-01,7.761795073747634888e-02,-1.475510150194168091e-01,0.000000000000000000e+00
-1.212775260210037231e-01,7.655437290668487549e-02,8.304778933525085449e-01,2.969306148588657379e-02,-2.711861208081245422e-02,-1.075846999883651733e-01,9.933823347091674805e-01,-2.872350215911865234e-01,8.453594893217086792e-02,3.131717815995216370e-02,1.304472982883453369e-01,9.310925751924514771e-02,-2.073550969362258911e-02,-7.606573868542909622e-03,-1.027929112315177917e-01,1.120742112398147583e-01,5.691489577293395996e-02,1.346783041954040527e-01,9.799476712942123413e-02,-2.364252693951129913e-02,1.882720589637756348e-01,-1.168232560157775879e+00,3.780586421489715576e-01,2.614637603983283043e-03,-1.772281378507614136e-01,0.000000000000000000e+00,-1.285262346267700195e+00,-3.889469802379608154e-01,8.434049040079116821e-02,-1.517713069915771484e-01,0.000000000000000000e+00
-1.229807659983634949e-01,7.741457968950271606e-02,8.311026096343994141e-01,2.858972921967506409e-02,-2.803880907595157623e-02,-1.091190949082374573e-01,9.932217597961425781e-01,-2.856624424457550049e-01,8.646847307682037354e-02,3.259117901325225830e-02,1.282237321138381958e-01,9.424578398466110229e-02,-1.771573163568973541e-02,-1.002597343176603317e-02,-1.008534282445907593e-01,1.156558394432067871e-01,5.906296893954277039e-02,1.360673159360885620e-01,1.049636378884315491e-01,-1.940163224935531616e-02,1.810726076364517212e-01,-1.160512685775756836e+00,3.926848769187927246e-01,-1.400867826305329800e-03,-1.825871914625167847e-01,0.000000000000000000e+00,-1.262256145477294922e+00,-4.026617705821990967e-01,8.544147759675979614e-02,-1.588998138904571533e-01,0.000000000000000000e+00
-1.257225871086120605e-01,7.757110893726348877e-02,8.306448459625244141e-01,2.807052806019783020e-02,-2.930533699691295624e-02,-1.110301390290260315e-01,9.929881691932678223e-01,-2.835182249546051025e-01,8.866793662309646606e-02,3.486161679029464722e-02,1.266610920429229736e-01,9.562758356332778931e-02,-1.616637781262397766e-02,-1.102384272962808609e-02,-9.947251528501510620e-02,1.180339828133583069e-01,6.030021980404853821e-02,1.389891654253005981e-01,1.085416749119758606e-01,-1.626882143318653107e-02,1.774204373359680176e-01,-1.152245640754699707e+00,4.020126760005950928e-01,-3.061848925426602364e-03,-1.909482479095458984e-01,0.000000000000000000e+00,-1.242241382598876953e+00,-4.097878336906433105e-01,8.230630308389663696e-02,-1.703537404537200928e-01,0.000000000000000000e+00
-1.285099983215332031e-01,7.946138828992843628e-02,8.314298987388610840e-01,2.811670117080211639e-02,-2.905526012182235718e-02,-1.179585233330726624e-01,9.921950697898864746e-01,-2.847584486007690430e-01,9.213317930698394775e-02,4.339614138007164001e-02,1.242979913949966431e-01,1.014620661735534668e-01,-1.565338857471942902e-02,-2.087032236158847809e-02,-1.003231555223464966e-01,1.296972781419754028e-01,5.902125686407089233e-02,1.440174728631973267e-01,1.072759851813316345e-01,-1.295748818665742874e-02,1.708490401506423950e-01,-1.133495807647705078e+00,4.079416394233703613e-01,-6.720913574099540710e-03,-2.161636203527450562e-01,0.000000000000000000e+00,-1.203817486763000488e+00,-4.054793715476989746e-01,8.524727821350097656e-02,-1.990471929311752319e-01,0.000000000000000000e+00
-1.321975737810134888e-01,7.909482717514038086e-02,8.304011821746826172e-01,2.827579900622367859e-02,-3.040973283350467682e-02,-1.225137785077095032e-01,9.915977716445922852e-01,-2.819486260414123535e-01,9.586791694164276123e-02,4.873514920473098755e-02,1.227785944938659668e-01,1.034471541643142700e-01,-1.174972392618656158e-02,-2.314962260425090790e-02,-9.898848086595535278e-02,1.370005458593368530e-01,5.890793725848197937e-02,1.472288072109222412e-01,1.078362986445426941e-01,-1.230351440608501434e-02,1.693878918886184692e-01,-1.113069772720336914e+00,4.137791395187377930e-01,-4.664409440010786057e-03,-2.414259314537048340e-01,0.000000000000000000e+00,-1.174013495445251465e+00,-4.020836353302001953e-01,8.683740347623825073e-02,-2.300763577222824097e-01,0.000000000000000000e+00
-1.415053904056549072e-01,7.947744429111480713e-02,8.334706425666809082e-01,3.506964445114135742e-02,-1.804938353598117828e-02,-1.265465319156646729e-01,9.911762475967407227e-01,-3.608691990375518799e-01,8.124240487813949585e-02,7.198302075266838074e-03,1.711813062429428101e-01,9.227596223354339600e-02,-8.496701717376708984e-03,-1.017462983727455139e-01,-1.013999730348587036e-01,1.938661336898803711e-01,9.567441046237945557e-02,1.390331089496612549e-01,1.013460755348205566e-01,-3.052796423435211182e-02,1.282864063978195190e-01,-9.850507974624633789e-01,4.715731739997863770e-01,4.545087367296218872e-02,-4.854350388050079346e-01,0.000000000000000000e+00,-1.074076175689697266e+00,-3.751861751079559326e-01,1.054682135581970215e-01,-4.631927907466888428e-01,0.000000000000000000e+00
-1.413074880838394165e-01,7.924986630678176880e-02,8.334073424339294434e-01,3.174601122736930847e-02,-2.445615269243717194e-02,-1.325918138027191162e-01,9.903602600097656250e-01,-3.279081881046295166e-01,9.581002593040466309e-02,3.979285433888435364e-02,1.513870805501937866e-01,1.026733592152595520e-01,-8.028326556086540222e-03,-7.236583530902862549e-02,-9.649190306663513184e-02,1.807186901569366455e-01,7.709782570600509644e-02,1.449239552021026611e-01,9.773837774991989136e-02,-2.143973670899868011e-02,1.287201642990112305e-01,-9.665225148200988770e-01,4.344226121902465820e-01,3.386170044541358948e-02,-4.833302795886993408e-01,0.000000000000000000e+00,-1.047888278961181641e+00,-3.556602001190185547e-01,1.304420381784439087e-01,-4.560613036155700684e-01,0.000000000000000000e+00
-1.478396356105804443e-01,7.775553315877914429e-02,8.346197009086608887e-01,3.552120551466941833e-02,-1.842490211129188538e-02,-1.319085508584976196e-01,9.904538989067077637e-01,-3.671764731407165527e-01,8.849755674600601196e-02,1.303052436560392380e-02,1.707490086555480957e-01,1.057798713445663452e-01,-1.360600627958774567e-02,-9.905764460563659668e-02,-9.835821390151977539e-02,1.976457089185714722e-01,7.541453838348388672e-02,1.480827331542968750e-01,9.999656677246093750e-02,-3.183632344007492065e-02,1.003372743725776672e-01,-8.548861742019653320e-01,4.528614282608032227e-01,4.266516864299774170e-02,-6.327102780342102051e-01,0.000000000000000000e+00,-9.722164869308471680e-01,-3.446160852909088135e-01,1.465123593807220459e-01,-5.865356326103210449e-01,0.000000000000000000e+00
-1.512522697448730469e-01,7.898133993148803711e-02,8.365386724472045898e-01,3.447200357913970947e-02,-1.768938824534416199e-02,-1.395145803689956665e-01,9.894617199897766113e-01,-3.682993352413177490e-01,9.729665517807006836e-02,3.103804215788841248e-02,1.646346002817153931e-01,1.172840595245361328e-01,-2.169878780841827393e-02,-1.021254435181617737e-01,-9.457094967365264893e-02,2.112408578395843506e-01,6.309311091899871826e-02,1.564946025609970093e-01,1.086490079760551453e-01,-2.357699163258075714e-02,1.003127098083496094e-01,-7.441995143890380859e-01,4.233376681804656982e-01,3.386982250958681107e-03,-6.776033043861389160e-01,0.000000000000000000e+00,-8.840077519416809082e-01,-3.291448652744293213e-01,1.857723146677017212e-01,-6.388586759567260742e-01,0.000000000000000000e+00
-1.566911339759826660e-01,7.700344920158386230e-02,8.381957411766052246e-01,3.522364050149917603e-02,-1.542149484157562256e-02,-1.405494362115859985e-01,9.893267154693603516e-01,-3.828595578670501709e-01,1.023942530155181885e-01,3.039302676916122437e-02,1.655851304531097412e-01,1.360646337270736694e-01,-3.136243671178817749e-02,-1.119531691074371338e-01,-9.049040079116821289e-02,2.158011347055435181e-01,5.533958226442337036e-02,1.667433679103851318e-01,1.097415462136268616e-01,-2.550416998565196991e-02,9.818555414676666260e-02,-6.118111610412597656e-01,3.844984173774719238e-01,-6.490749120712280273e-02,-6.951065063476562500e-01,0.000000000000000000e+00,-7.458105087280273438e-01,-3.068921267986297607e-01,2.830472290515899658e-01,-6.802077889442443848e-01,0.000000000000000000e+00
-1.624707579612731934e-01,7.409357279539108276e-02,8.397991657257080078e-01,3.580177947878837585e-02,-1.342801656574010849e-02,-1.406149566173553467e-01,9.893257021903991699e-01,-3.946701586246490479e-01,1.048117652535438538e-01,1.886950992047786713e-02,1.612740457057952881e-01,1.565400809049606323e-01,-3.494948521256446838e-02,-1.210877522826194763e-01,-8.462434262037277222e-02,2.193040251731872559e-01,4.807844385504722595e-02,1.779703944921493530e-01,1.094701439142227173e-01,-2.352873794734477997e-02,1.158617436885833740e-01,-4.867493808269500732e-01,3.803833425045013428e-01,-1.349307447671890259e-01,-6.513762474060058594e-01,0.000000000000000000e+00,-5.668956637382507324e-01,-2.969067394733428955e-01,3.870993554592132568e-01,-6.835292577743530273e-01,0.000000000000000000e+00
-1.675304025411605835e-01,7.002774626016616821e-02,8.415594696998596191e-01,3.519455343484878540e-02,-1.257052458822727203e-02,-1.379268169403076172e-01,9.897370934486389160e-01,-3.999427556991577148e-01,1.104740202426910400e-01,1.085619628429412842e-02,1.521793305873870850e-01,1.757268309593200684e-01,-4.269261285662651062e-02,-1.240578591823577881e-01,-7.562936842441558838e-02,2.175209820270538330e-01,4.143097251653671265e-02,1.862663030624389648e-01,1.110847070813179016e-01,-1.468536723405122757e-02,1.305219084024429321e-01,-3.701367080211639404e-01,3.858964145183563232e-01,-1.828811019659042358e-01,-5.456352829933166504e-01,0.000000000000000000e+00,-3.810915350914001465e-01,-2.945848405361175537e-01,4.460057318210601807e-01,-6.303578615188598633e-01,0.000000000000000000e+00
-1.732704788446426392e-01,6.559340655803680420e-02,8.435252904891967773e-01,3.567076846957206726e-02,-1.185496896505355835e-02,-1.333899646997451782e-01,9.903505444526672363e-01,-4.053591191768646240e-01,1.115385368466377258e-01,-4.582706838846206665e-03,1.418069601058959961e-01,1.941096186637878418e-01,-4.597904905676841736e-02,-1.259816735982894897e-01,-6.881359219551086426e-02,2.172913551330566406e-01,3.347406908869743347e-02,1.891116350889205933e-01,1.103013828396797180e-01,-8.184689097106456757e-03,1.371863782405853271e-01,-2.697097957134246826e-01,3.949058055877685547e-01,-2.289729267358779907e-01,-3.872051537036895752e-01,0.000000000000000000e+00,-2.116080373525619507e-01,-3.085571527481079102e-01,4.785713851451873779e-01,-5.221841335296630859e-01,0.000000000000000000e+00
-1.795551776885986328e-01,6.114687025547027588e-02,8.449214696884155273e-01,3.473650664091110229e-02,-1.201107446104288101e-02,-1.259059011936187744e-01,9.913610816001892090e-01,-4.159521758556365967e-01,1.126313135027885437e-01,-2.784804627299308777e-02,1.371139734983444214e-01,2.112635374069213867e-01,-5.090089887380599976e-02,-1.259732991456985474e-01,-6.078146770596504211e-02,2.093251496553421021e-01,2.808099612593650818e-02,1.811368614435195923e-01,1.119362562894821167e-01,-2.367595909163355827e-03,1.310224235057830811e-01,-2.113586962223052979e-01,3.880790174007415771e-01,-2.689073085784912109e-01,-1.649848818778991699e-01,0.000000000000000000e+00,-8.720684051513671875e-02,-3.130063414573669434e-01,4.745023250579833984e-01,-3.497484922409057617e-01,0.000000000000000000e+00
-1.851426213979721069e-01,5.627491325139999390e-02,8.443733453750610352e-01,3.397759422659873962e-02,-1.257228944450616837e-02,-1.190618947148323059e-01,9.922256469726562500e-01,-4.252824187278747559e-01,1.171531602740287781e-01,-4.869941994547843933e-02,1.344503164291381836e-01,2.274277806282043457e-01,-6.754868477582931519e-02,-1.242492869496345520e-01,-5.203237012028694153e-02,2.037661224603652954e-01,2.537704631686210632e-02,1.612399965524673462e-01,1.120344102382659912e-01,-1.368027733406051993e-04,1.256484836339950562e-01,-1.792409420013427734e-01,3.954461812973022461e-01,-2.735039293766021729e-01,4.312716051936149597e-02,0.000000000000000000e+00,-2.679503336548805237e-02,-3.330752253532409668e-01,4.037896990776062012e-01,-1.368149667978286743e-01,0.000000000000000000e+00
-1.885349601507186890e-01,5.180794000625610352e-02,8.431822657585144043e-01,3.444677218794822693e-02,-1.072803512215614319e-02,-1.134060248732566833e-01,9.928934574127197266e-01,-4.341147243976593018e-01,1.198516562581062317e-01,-5.931774899363517761e-02,1.279829889535903931e-01,2.341017723083496094e-01,-8.230163156986236572e-02,-1.269869506359100342e-01,-4.740652441978454590e-02,1.977048963308334351e-01,2.234009094536304474e-02,1.402105242013931274e-01,1.172029152512550354e-01,-1.760879182256758213e-03,1.220787912607192993e-01,-1.383217573165893555e-01,3.992690443992614746e-01,-2.801841795444488525e-01,1.246140375733375549e-01,0.000000000000000000e+00,6.493372842669487000e-03,-3.594828248023986816e-01,3.682812452316284180e-01,1.796852052211761475e-02,0.000000000000000000e+00
-1.933184564113616943e-01,4.907996207475662231e-02,8.434829711914062500e-01,3.499704599380493164e-02,-6.541216280311346054e-03,-1.081707850098609924e-01,9.934945702552795410e-01,-4.500243663787841797e-01,1.172787025570869446e-01,-7.977924495935440063e-02,1.227774918079376221e-01,2.395865619182586670e-01,-9.485860168933868408e-02,-1.430038362741470337e-01,-4.113618284463882446e-02,2.045940607786178589e-01,2.536279335618019104e-02,1.317048966884613037e-01,1.094857752323150635e-01,-3.369210462551563978e-04,1.227235049009323120e-01,-7.053969055414199829e-02,3.520316481590270996e-01,-3.000334501266479492e-01,8.593495190143585205e-02,0.000000000000000000e+00,4.132902622222900391e-02,-4.260651171207427979e-01,3.871869146823883057e-01,3.278944641351699829e-02,0.000000000000000000e+00
-1.946488767862319946e-01,4.601467773318290710e-02,8.446041941642761230e-01,3.248462826013565063e-02,-1.847728900611400604e-02,-1.048688814043998718e-01,9.937835931777954102e-01,-4.114441275596618652e-01,1.303922384977340698e-01,-5.083167180418968201e-02,1.085212752223014832e-01,2.445271164178848267e-01,-1.027773544192314148e-01,-1.092329621315002441e-01,-3.402347490191459656e-02,1.819429546594619751e-01,2.538687363266944885e-02,1.273602992296218872e-01,1.100299954414367676e-01,3.648868529126048088e-03,1.427167654037475586e-01,-3.841133415699005127e-02,3.200481235980987549e-01,-3.124848604202270508e-01,8.111052960157394409e-02,0.000000000000000000e+00,8.002232760190963745e-02,-4.686965346336364746e-01,4.027340710163116455e-01,3.379081934690475464e-02,0.000000000000000000e+00
-1.968802362680435181e-01,4.475250840187072754e-02,8.454103469848632812e-01,3.048004768788814545e-02,-2.629907615482807159e-02,-9.933983534574508667e-02,9.942388534545898438e-01,-3.906411528587341309e-01,1.371483951807022095e-01,-3.559890389442443848e-02,9.880714863538742065e-02,2.601853013038635254e-01,-1.134711056947708130e-01,-9.012043476104736328e-02,-2.930982783436775208e-02,1.646126955747604370e-01,2.504781819880008698e-02,1.313585489988327026e-01,1.139603480696678162e-01,1.035225111991167068e-02,1.535222232341766357e-01,-2.607882954180240631e-02,3.011234700679779053e-01,-3.095881342887878418e-01,4.853000119328498840e-02,0.000000000000000000e+00,1.203916817903518677e-01,-4.992255568504333496e-01,4.114218354225158691e-01,5.075318273156881332e-03,0.000000000000000000e+00
-2.004932761192321777e-01,4.386724531650543213e-02,8.454014658927917480e-01,2.840001508593559265e-02,-3.345115482807159424e-02,-9.263129532337188721e-02,9.947330951690673828e-01,-3.767109811305999756e-01,1.407328844070434570e-01,-3.004314936697483063e-02,9.088070690631866455e-02,2.737265527248382568e-01,-1.195500418543815613e-01,-7.545613497495651245e-02,-2.520164661109447479e-02,1.489502042531967163e-01,2.535822615027427673e-02,1.376186013221740723e-01,1.149240285158157349e-01,1.531334593892097473e-02,1.484078764915466309e-01,-3.044031001627445221e-02,2.945165336132049561e-01,-3.032400310039520264e-01,-3.174338024109601974e-03,0.000000000000000000e+00,1.479794234037399292e-01,-5.145627856254577637e-01,4.103182256221771240e-01,-4.682315140962600708e-02,0.000000000000000000e+00
-2.047821730375289917e-01,4.294819384813308716e-02,8.443657755851745605e-01,2.571750245988368988e-02,-4.109355062246322632e-02,-8.750950545072555542e-02,9.949834346771240234e-01,-3.626369833946228027e-01,1.462490409612655640e-01,-2.786789275705814362e-02,8.457316458225250244e-02,2.832716107368469238e-01,-1.231233105063438416e-01,-6.028648465871810913e-02,-1.881201751530170441e-02,1.361638456583023071e-01,2.518416941165924072e-02,1.419695019721984863e-01,1.147437691688537598e-01,1.898809708654880524e-02,1.353910416364669800e-01,-5.041580647230148315e-02,2.941609621047973633e-01,-2.931228280067443848e-01,-6.705319881439208984e-02,0.000000000000000000e+00,1.512628793716430664e-01,-5.264218449592590332e-01,3.951313197612762451e-01,-1.106657758355140686e-01,0.000000000000000000e+00
-2.096813619136810303e-01,4.213976114988327026e-02,8.431605100631713867e-01,2.316211536526679993e-02,-4.863163456320762634e-02,-8.350919932126998901e-02,9.950500726699829102e-01,-3.495501577854156494e-01,1.517436653375625610e-01,-2.840862981975078583e-02,7.904855906963348389e-02,2.871903479099273682e-01,-1.259061247110366821e-01,-4.528306797146797180e-02,-1.200981251895427704e-02,1.256119608879089355e-01,2.263227477669715881e-02,1.400962769985198975e-01,1.151994839310646057e-01,2.294552512466907501e-02,1.248726844787597656e-01,-7.962346822023391724e-02,2.974141240119934082e-01,-2.750938832759857178e-01,-1.308210790157318115e-01,0.000000000000000000e+00,1.348144710063934326e-01,-5.311068892478942871e-01,3.710418939590454102e-01,-1.758100092411041260e-01,0.000000000000000000e+00
-2.142740339040756226e-01,4.174111410975456238e-02,8.415604233741760254e-01,2.082989737391471863e-02,-5.527833104133605957e-02,-7.992304116487503052e-02,9.950491189956665039e-01,-3.385516703128814697e-01,1.573780626058578491e-01,-2.701237611472606659e-02,7.454807311296463013e-02,2.885522842407226562e-01,-1.281550228595733643e-01,-3.273277357220649719e-02,-5.992885213345289230e-03,1.167991757392883301e-01,2.066568098962306976e-02,1.372005343437194824e-01,1.146491616964340210e-01,2.837991528213024139e-02,1.147970333695411682e-01,-1.131301149725914001e-01,3.040564656257629395e-01,-2.502437531948089600e-01,-1.883777230978012085e-01,0.000000000000000000e+00,1.058818176388740540e-01,-5.305260419845581055e-01,3.413519263267517090e-01,-2.328332215547561646e-01,0.000000000000000000e+00
-2.185600996017456055e-01,4.183869808912277222e-02,8.398502469062805176e-01,1.903415098786354065e-02,-6.009053811430931091e-02,-7.834316045045852661e-02,9.949317574501037598e-01,-3.322560191154479980e-01,1.619618833065032959e-01,-2.610416524112224579e-02,7.124460488557815552e-02,2.960287630558013916e-01,-1.304073333740234375e-01,-2.560709044337272644e-02,-6.504600751213729382e-04,1.131000593304634094e-01,1.976233534514904022e-02,1.346333324909210205e-01,1.147238388657569885e-01,3.575113788247108459e-02,1.075724884867668152e-01,-1.393261998891830444e-01,3.032132983207702637e-01,-2.246226519346237183e-01,-2.343571335077285767e-01,0.000000000000000000e+00,6.965842097997665405e-02,-5.190029740333557129e-01,3.116932213306427002e-01,-2.817652821540832520e-01,0.000000000000000000e+00
-2.226812988519668579e-01,4.190138354897499084e-02,8.381730318069458008e-01,1.751136966049671173e-02,-6.302651017904281616e-02,-7.801917940378189087e-02,9.948034882545471191e-01,-3.309889733791351318e-01,1.662189662456512451e-01,-2.847209572792053223e-02,6.837784498929977417e-02,3.068026900291442871e-01,-1.333512961864471436e-01,-2.410365268588066101e-02,3.484422108158469200e-03,1.102100014686584473e-01,1.966445893049240112e-02,1.347042024135589600e-01,1.160930022597312927e-01,4.403943195939064026e-02,1.071725711226463318e-01,-1.577076911926269531e-01,2.903952002525329590e-01,-2.039775252342224121e-01,-2.699902355670928955e-01,0.000000000000000000e+00,3.323919326066970825e-02,-5.009032487869262695e-01,2.902610599994659424e-01,-3.227079510688781738e-01,0.000000000000000000e+00
-2.266122698783874512e-01,4.173607006669044495e-02,8.371118307113647461e-01,1.649245806038379669e-02,-6.443830579519271851e-02,-7.784800231456756592e-02,9.947438836097717285e-01,-3.342922627925872803e-01,1.700733602046966553e-01,-3.108116239309310913e-02,6.612873077392578125e-02,3.189884722232818604e-01,-1.365384906530380249e-01,-2.561098523437976837e-02,6.830764934420585632e-03,1.091330051422119141e-01,1.809090748429298401e-02,1.358691155910491943e-01,1.174691468477249146e-01,5.200755596160888672e-02,1.128433197736740112e-01,-1.681555956602096558e-01,2.735361754894256592e-01,-1.856820583343505859e-01,-2.958583533763885498e-01,0.000000000000000000e+00,6.069955416023731232e-03,-4.581948518753051758e-01,2.822999656200408936e-01,-3.563498258590698242e-01,0.000000000000000000e+00
-2.303898036479949951e-01,4.127312451601028442e-02,8.360347747802734375e-01,1.660343445837497711e-02,-6.588050723075866699e-02,-7.871785759925842285e-02,9.945790767669677734e-01,-3.370375931262969971e-01,1.735901236534118652e-01,-3.303988277912139893e-02,6.530985236167907715e-02,3.286014795303344727e-01,-1.400098800659179688e-01,-2.692933753132820129e-02,7.227438502013683319e-03,1.071691736578941345e-01,1.627219468355178833e-02,1.404721885919570923e-01,1.166078969836235046e-01,5.527364090085029602e-02,1.135738343000411987e-01,-1.696555912494659424e-01,2.583517134189605713e-01,-1.642322242259979248e-01,-3.138199746608734131e-01,0.000000000000000000e+00,-2.756608277559280396e-02,-4.227049946784973145e-01,2.598660886287689209e-01,-3.780017793178558350e-01,0.000000000000000000e+00
-2.342767566442489624e-01,4.069631174206733704e-02,8.358526825904846191e-01,1.776723936200141907e-02,-6.633290648460388184e-02,-7.899076491594314575e-02,9.945072531700134277e-01,-3.417730033397674561e-01,1.745306402444839478e-01,-3.768384456634521484e-02,6.417190283536911011e-02,3.318539261817932129e-01,-1.410081684589385986e-01,-2.949666790664196014e-02,5.775746423751115799e-03,1.064537838101387024e-01,1.191606093198060989e-02,1.441984325647354126e-01,1.155368462204933167e-01,5.593889206647872925e-02,1.178974434733390808e-01,-1.648746579885482788e-01,2.414995431900024414e-01,-1.449520587921142578e-01,-3.275159895420074463e-01,0.000000000000000000e+00,-5.353264883160591125e-02,-3.807044327259063721e-01,2.395724058151245117e-01,-3.898102641105651855e-01,0.000000000000000000e+00
-2.384858578443527222e-01,3.964241966605186462e-02,8.365840315818786621e-01,2.024875394999980927e-02,-6.600417196750640869e-02,-7.934563606977462769e-02,9.944534897804260254e-01,-3.444521725177764893e-01,1.706869751214981079e-01,-4.963928088545799255e-02,6.116221472620964050e-02,3.155646920204162598e-01,-1.358538120985031128e-01,-3.412545844912528992e-02,1.363129005767405033e-03,1.058410108089447021e-01,6.822788156569004059e-03,1.481792330741882324e-01,1.151078790426254272e-01,5.120175331830978394e-02,1.280265003442764282e-01,-1.589869707822799683e-01,2.281219810247421265e-01,-1.261974573135375977e-01,-3.382215201854705811e-01,0.000000000000000000e+00,-6.971910595893859863e-02,-3.412278294563293457e-01,2.197010964155197144e-01,-3.919371366500854492e-01,0.000000000000000000e+00
-2.433236837387084961e-01,3.792342543601989746e-02,8.375170826911926270e-01,2.408751286566257477e-02,-6.513680517673492432e-02,-7.973992824554443359e-02,9.943935275077819824e-01,-3.425102829933166504e-01,1.574326306581497192e-01,-6.731262803077697754e-02,6.373373419046401978e-02,2.786847651004791260e-01,-1.298321783542633057e-01,-4.194367676973342896e-02,-5.619072820991277695e-03,1.039468720555305481e-01,3.247448941692709923e-03,1.544908434152603149e-01,1.150912046432495117e-01,4.220504686236381531e-02,1.463484913110733032e-01,-1.576241701841354370e-01,2.227236628532409668e-01,-1.143345832824707031e-01,-3.486047983169555664e-01,0.000000000000000000e+00,-8.307126164436340332e-02,-3.238697350025177002e-01,2.134003043174743652e-01,-3.919717371463775635e-01,0.000000000000000000e+00
-2.485391050577163696e-01,3.679144009947776794e-02,8.388788700103759766e-01,2.740424498915672302e-02,-6.333821266889572144e-02,-7.740773260593414307e-02,9.946081042289733887e-01,-3.393267095088958740e-01,1.426318734884262085e-01,-6.867674738168716431e-02,8.147584646940231323e-02,2.415938675403594971e-01,-1.157187744975090027e-01,-5.278016626834869385e-02,-1.161919813603162766e-02,1.023605540394783020e-01,2.051863993983715773e-04,1.603514254093170166e-01,1.150300055742263794e-01,3.230481967329978943e-02,1.549480706453323364e-01,-1.595205217599868774e-01,2.211316227912902832e-01,-1.085131391882896423e-01,-3.582536578178405762e-01,0.000000000000000000e+00,-9.103319048881530762e-02,-3.155323266983032227e-01,2.097166329622268677e-01,-3.898100554943084717e-01,0.000000000000000000e+00
-2.547176480293273926e-01,3.637055307626724243e-02,8.402233719825744629e-01,3.044153749942779541e-02,-6.091070920228958130e-02,-7.232958823442459106e-02,9.950535893440246582e-01,-3.341801762580871582e-01,1.309645771980285645e-01,-4.959154874086380005e-02,1.128659248352050781e-01,2.094306200742721558e-01,-9.465492516756057739e-02,-6.752415746450424194e-02,-1.833336614072322845e-02,1.000647768378257751e-01,-5.706545780412852764e-04,1.654452532529830933e-01,1.156314387917518616e-01,2.271277271211147308e-02,1.549746394157409668e-01,-1.679271757602691650e-01,2.249141633510589600e-01,-1.096168309450149536e-01,-3.677479922771453857e-01,0.000000000000000000e+00,-9.884225577116012573e-02,-3.220180571079254150e-01,2.116291522979736328e-01,-3.900099694728851318e-01,0.000000000000000000e+00
-2.618941068649291992e-01,3.651656955480575562e-02,8.418869972229003906e-01,3.401472046971321106e-02,-5.781189724802970886e-02,-6.604257971048355103e-02,9.955597519874572754e-01,-3.245390653610229492e-01,1.207793429493904114e-01,-1.967501081526279449e-02,1.506032049655914307e-01,1.741663664579391479e-01,-7.162918150424957275e-02,-8.619496226310729980e-02,-2.765668183565139771e-02,9.481607377529144287e-02,-1.669119046709965914e-05,1.720076203346252441e-01,1.171046793460845947e-01,1.048847753554582596e-02,1.451665312051773071e-01,-1.807110607624053955e-01,2.313981503248214722e-01,-1.131106615066528320e-01,-3.774990439414978027e-01,0.000000000000000000e+00,-1.071687713265419006e-01,-3.364039361476898193e-01,2.153253853321075439e-01,-3.925083875656127930e-01,0.000000000000000000e+00
-2.690216898918151855e-01,3.762015700340270996e-02,8.433403968811035156e-01,3.700814023613929749e-02,-5.475872382521629333e-02,-6.090661510825157166e-02,9.959529638290405273e-01,-3.091029226779937744e-01,1.105380207300186157e-01,7.000552024692296982e-03,1.887178868055343628e-01,1.427491605281829834e-01,-4.735619574785232544e-02,-1.050833687186241150e-01,-3.753964975476264954e-02,9.082423895597457886e-02,8.313989965245127678e-04,1.789637058973312378e-01,1.176009327173233032e-01,-1.224826322868466377e-03,1.305655241012573242e-01,-1.943884491920471191e-01,2.439051866531372070e-01,-1.155530512332916260e-01,-3.858162760734558105e-01,0.000000000000000000e+00,-1.155688241124153137e-01,-3.609170913696289062e-01,2.158539444208145142e-01,-3.955979347229003906e-01,0.000000000000000000e+00
-2.760606706142425537e-01,3.978386521339416504e-02,8.439669013023376465e-01,3.897221386432647705e-02,-5.262157693505287170e-02,-5.616640299558639526e-02,9.962717890739440918e-01,-2.871944308280944824e-01,9.703856706619262695e-02,1.986153982579708099e-02,2.242052108049392700e-01,1.232128590345382690e-01,-2.777946740388870239e-02,-1.208127960562705994e-01,-4.600766673684120178e-02,9.377937018871307373e-02,-6.044511974323540926e-05,1.855111569166183472e-01,1.150088310241699219e-01,-1.240447629243135452e-02,1.098352298140525818e-01,-2.082666605710983276e-01,2.476082742214202881e-01,-1.171845272183418274e-01,-3.924797475337982178e-01,0.000000000000000000e+00,-1.238738894462585449e-01,-3.778191506862640381e-01,2.220796495676040649e-01,-4.001878201961517334e-01,0.000000000000000000e+00
-2.903091907501220703e-01,4.272455349564552307e-02,8.441863059997558594e-01,4.228809103369712830e-02,-2.979069389402866364e-02,-4.687763005495071411e-02,9.975603818893432617e-01,-3.918265104293823242e-01,5.803766101598739624e-02,-6.930592656135559082e-02,3.511350452899932861e-01,6.599573791027069092e-02,-1.113104913383722305e-02,-2.209464013576507568e-01,-5.039358139038085938e-02,1.363040953874588013e-01,2.679143473505973816e-02,2.035809010267257690e-01,1.219615787267684937e-01,-2.568458206951618195e-02,7.172499597072601318e-02,-2.304652929306030273e-01,2.668782472610473633e-01,-7.443338632583618164e-02,-4.673895835876464844e-01,0.000000000000000000e+00,-1.328802108764648438e-01,-4.216888844966888428e-01,2.022044658660888672e-01,-4.908964931964874268e-01,0.000000000000000000e+00
-2.926815152168273926e-01,4.570731520652770996e-02,8.443714976310729980e-01,3.943542763590812683e-02,-3.638037294149398804e-02,-4.465650767087936401e-02,9.975605607032775879e-01,-3.105926513671875000e-01,5.421687662601470947e-02,-4.227565228939056396e-02,3.370270133018493652e-01,6.807573139667510986e-02,-1.951550482772290707e-03,-2.025063633918762207e-01,-5.234789103269577026e-02,1.109421774744987488e-01,2.232865802943706512e-02,2.073105871677398682e-01,1.184626147150993347e-01,-2.563271857798099518e-02,5.443970113992691040e-02,-2.346040010452270508e-01,2.606839239597320557e-01,-8.581524342298507690e-02,-4.511562585830688477e-01,0.000000000000000000e+00,-1.250280737876892090e-01,-4.163801372051239014e-01,2.052085399627685547e-01,-4.713560044765472412e-01,0.000000000000000000e+00
-2.962973415851593018e-01,4.917968064546585083e-02,8.444694876670837402e-01,3.764603286981582642e-02,-3.709360584616661072e-02,-4.029981046915054321e-02,9.977889657020568848e-01,-2.564063668251037598e-01,4.649877175688743591e-02,-2.097075246274471283e-02,3.311828076839447021e-01,6.290339678525924683e-02,6.043781060725450516e-03,-2.013901770114898682e-01,-5.608720332384109497e-02,9.458541870117187500e-02,1.612684503197669983e-02,2.138179689645767212e-01,1.171617209911346436e-01,-2.682110108435153961e-02,3.242249414324760437e-02,-2.434450387954711914e-01,2.570969164371490479e-01,-9.431208670139312744e-02,-4.401149451732635498e-01,0.000000000000000000e+00,-1.195713281631469727e-01,-4.180092215538024902e-01,2.048894613981246948e-01,-4.616841375827789307e-01,0.000000000000000000e+00
-3.009078502655029297e-01,5.360950902104377747e-02,8.444766998291015625e-01,3.479858115315437317e-02,-3.576760366559028625e-02,-3.493847325444221497e-02,9.981427788734436035e-01,-2.149903327226638794e-01,3.926714137196540833e-02,-3.328154562041163445e-03,3.256119191646575928e-01,5.818136036396026611e-02,1.444485969841480255e-02,-2.073568254709243774e-01,-5.858609452843666077e-02,8.631298691034317017e-02,1.194661017507314682e-02,2.198590189218521118e-01,1.161194965243339539e-01,-2.750382944941520691e-02,7.021911907941102982e-03,-2.529337406158447266e-01,2.539402544498443604e-01,-1.013391241431236267e-01,-4.313664138317108154e-01,0.000000000000000000e+00,-1.131937652826309204e-01,-4.202197492122650146e-01,2.033595293760299683e-01,-4.563456177711486816e-01,0.000000000000000000e+00
-3.054332733154296875e-01,5.920520797371864319e-02,8.444959521293640137e-01,3.046091087162494659e-02,-3.292537853121757507e-02,-2.905263192951679230e-02,9.985709786415100098e-01,-1.827143281698226929e-01,3.485494852066040039e-02,1.528665143996477127e-02,3.066570162773132324e-01,4.400396719574928284e-02,2.105966582894325256e-02,-2.184863239526748657e-01,-5.846382677555084229e-02,7.778079807758331299e-02,9.954678826034069061e-03,2.281891852617263794e-01,1.171165257692337036e-01,-2.608087658882141113e-02,-1.980704069137573242e-02,-2.609445750713348389e-01,2.510800063610076904e-01,-1.062180772423744202e-01,-4.213605821132659912e-01,0.000000000000000000e+00,-1.010666713118553162e-01,-4.149802029132843018e-01,1.985898762941360474e-01,-4.501206874847412109e-01,0.000000000000000000e+00
-3.091942965984344482e-01,6.524948030710220337e-02,8.445569872856140137e-01,2.537756972014904022e-02,-3.027977794408798218e-02,-2.362955175340175629e-02,9.989398121833801270e-01,-1.622692942619323730e-01,3.358099237084388733e-02,2.944895625114440918e-02,2.634181380271911621e-01,1.898120535770431161e-04,2.443927899003028870e-02,-2.283330857753753662e-01,-5.693255737423896790e-02,7.604621350765228271e-02,7.993658073246479034e-03,2.277777343988418579e-01,1.270592957735061646e-01,-2.311605960130691528e-02,-4.374702274799346924e-02,-2.644340097904205322e-01,2.555580437183380127e-01,-1.130762323737144470e-01,-4.071323871612548828e-01,0.000000000000000000e+00,-8.829611539840698242e-02,-4.089879691600799561e-01,1.959152221679687500e-01,-4.454625844955444336e-01,0.000000000000000000e+00
-3.116796016693115234e-01,7.241643220186233521e-02,8.452025055885314941e-01,2.098153904080390930e-02,-2.804708853363990784e-02,-2.010363899171352386e-02,9.991841316223144531e-01,-1.461305916309356689e-01,2.884418703615665436e-02,3.835938125848770142e-02,2.274417281150817871e-01,-3.912580013275146484e-02,2.729624696075916290e-02,-2.386059463024139404e-01,-5.692467465996742249e-02,7.452486455440521240e-02,1.033506635576486588e-02,2.282584160566329956e-01,1.278087049722671509e-01,-2.107151411473751068e-02,-6.491020321846008301e-02,-2.618063986301422119e-01,2.611950933933258057e-01,-1.263789087533950806e-01,-3.864954710006713867e-01,0.000000000000000000e+00,-7.512194663286209106e-02,-4.047099351882934570e-01,1.938337087631225586e-01,-4.414411187171936035e-01,0.000000000000000000e+00
-3.199416995048522949e-01,8.221520483493804932e-02,8.468930721282958984e-01,1.290004327893257141e-02,-8.898053318262100220e-03,-1.753193326294422150e-02,9.997234940528869629e-01,-2.331298738718032837e-01,2.399817481637001038e-02,-2.552206069231033325e-02,2.717522680759429932e-01,-1.054985821247100830e-01,3.453269228339195251e-02,-3.240588903427124023e-01,-4.073343798518180847e-02,1.224047467112541199e-01,4.904206842184066772e-02,2.248200029134750366e-01,1.287772655487060547e-01,-9.495263220742344856e-04,-8.430836349725723267e-02,-2.809395492076873779e-01,2.537272274494171143e-01,-1.404654830694198608e-01,-3.775888383388519287e-01,0.000000000000000000e+00,-6.004981324076652527e-02,-4.432732164859771729e-01,1.876915693283081055e-01,-5.103018283843994141e-01,0.000000000000000000e+00
-3.217057585716247559e-01,8.919601887464523315e-02,8.487613201141357422e-01,9.422308765351772308e-03,-5.652164574712514877e-03,-1.621936075389385223e-02,9.998080730438232422e-01,-2.233704328536987305e-01,1.935016736388206482e-02,-2.950070053339004517e-02,2.404249757528305054e-01,-1.052364259958267212e-01,3.955131024122238159e-02,-3.397417068481445312e-01,-4.139599949121475220e-02,1.270939409732818604e-01,5.838568136096000671e-02,2.186384648084640503e-01,1.252628564834594727e-01,-7.300266879610717297e-04,-1.007726714015007019e-01,-2.684346735477447510e-01,2.620655596256256104e-01,-1.896541267633438110e-01,-3.362987041473388672e-01,0.000000000000000000e+00,-5.462680011987686157e-02,-4.338434934616088867e-01,2.017039358615875244e-01,-5.111442804336547852e-01,0.000000000000000000e+00
-3.203517496585845947e-01,9.464742243289947510e-02,8.502088189125061035e-01,7.847008295357227325e-03,-1.007365807890892029e-02,-1.681100390851497650e-02,9.997771382331848145e-01,-1.827567666769027710e-01,1.871774159371852875e-02,-1.547109219245612621e-03,2.016143500804901123e-01,-9.956829249858856201e-02,3.988565877079963684e-02,-3.260281682014465332e-01,-5.008321255445480347e-02,1.031521037220954895e-01,6.077453866600990295e-02,2.136738002300262451e-01,1.199799478054046631e-01,-8.913501165807247162e-03,-1.145654842257499695e-01,-2.428150773048400879e-01,2.776779234409332275e-01,-2.333344817161560059e-01,-2.890575528144836426e-01,0.000000000000000000e+00,-6.332717090845108032e-02,-4.167283177375793457e-01,2.124006897211074829e-01,-4.973016381263732910e-01,0.000000000000000000e+00
-3.274006843566894531e-01,1.023508310317993164e-01,8.517932295799255371e-01,2.389133907854557037e-03,6.405632477253675461e-03,-1.669036410748958588e-02,9.998373389244079590e-01,-2.352372109889984131e-01,1.384614594280719757e-02,-4.030067473649978638e-02,2.000768035650253296e-01,-9.892103821039199829e-02,4.365157335996627808e-02,-4.148301780223846436e-01,-3.643803671002388000e-02,1.471169888973236084e-01,1.197790652513504028e-01,1.912904977798461914e-01,1.215578839182853699e-01,5.583477206528186798e-03,-1.328296512365341187e-01,-2.509541213512420654e-01,2.758073508739471436e-01,-2.962736189365386963e-01,-2.171795070171356201e-01,0.000000000000000000e+00,-1.292533427476882935e-01,-4.534119367599487305e-01,2.321341782808303833e-01,-5.554181933403015137e-01,0.000000000000000000e+00
-3.247834146022796631e-01,1.063694432377815247e-01,8.516618013381958008e-01,3.607619146350771189e-04,-9.581375052221119404e-04,-2.000437118113040924e-02,9.997993707656860352e-01,-1.868551820516586304e-01,1.785439439117908478e-02,-4.130953457206487656e-03,1.654391884803771973e-01,-9.929275512695312500e-02,4.092691093683242798e-02,-3.912450373172760010e-01,-4.778949171304702759e-02,1.093007922172546387e-01,1.212909817695617676e-01,1.768360435962677002e-01,1.159094423055648804e-01,4.724382888525724411e-04,-1.453655511140823364e-01,-2.159607112407684326e-01,2.767266333103179932e-01,-3.382382988929748535e-01,-1.585452705621719360e-01,0.000000000000000000e+00,-1.890307366847991943e-01,-4.395910203456878662e-01,2.421544641256332397e-01,-5.596636533737182617e-01,0.000000000000000000e+00
-3.326797187328338623e-01,1.115100756287574768e-01,8.512992858886718750e-01,-3.645256627351045609e-03,1.537011377513408661e-02,-2.384329587221145630e-02,9.995908737182617188e-01,-2.399816215038299561e-01,1.599664986133575439e-02,-3.403573855757713318e-02,1.628204882144927979e-01,-8.934623748064041138e-02,4.352366924285888672e-02,-4.887690544128417969e-01,-4.092919081449508667e-02,1.278266459703445435e-01,1.884350925683975220e-01,1.588669419288635254e-01,9.944822639226913452e-02,8.707031607627868652e-03,-1.716048419475555420e-01,-2.077874839305877686e-01,2.715035080909729004e-01,-3.805012106895446777e-01,-8.392935246229171753e-02,0.000000000000000000e+00,-3.524284362792968750e-01,-4.292543828487396240e-01,2.732650041580200195e-01,-6.106631159782409668e-01,0.000000000000000000e+00
-3.286474645137786865e-01,1.141948774456977844e-01,8.512139916419982910e-01,-5.369610153138637543e-03,5.163489840924739838e-03,-3.003342635929584503e-02,9.995211362838745117e-01,-1.873667389154434204e-01,2.302792109549045563e-02,9.691482409834861755e-03,1.368902325630187988e-01,-8.973326534032821655e-02,4.025936499238014221e-02,-4.572986960411071777e-01,-6.185400485992431641e-02,6.377495080232620239e-02,1.859871000051498413e-01,1.652371436357498169e-01,8.816979825496673584e-02,9.554518386721611023e-03,-1.720708459615707397e-01,-1.784542649984359741e-01,2.509800791740417480e-01,-3.939001262187957764e-01,-3.027823567390441895e-02,0.000000000000000000e+00,-4.269945025444030762e-01,-3.927338123321533203e-01,2.867582142353057861e-01,-6.084371805191040039e-01,0.000000000000000000e+00
-3.286842405796051025e-01,1.140256673097610474e-01,8.516181111335754395e-01,-7.372290361672639847e-03,-1.550019718706607819e-03,-3.365501388907432556e-02,9.994051456451416016e-01,-1.523866802453994751e-01,3.113718330860137939e-02,3.733968362212181091e-02,1.107396259903907776e-01,-8.441435545682907104e-02,3.428985178470611572e-02,-4.420249462127685547e-01,-6.872530281543731689e-02,3.457964956760406494e-02,1.879297792911529541e-01,1.683222800493240356e-01,7.543273270130157471e-02,1.273719407618045807e-02,-1.726566702127456665e-01,-1.586950272321701050e-01,2.492629587650299072e-01,-4.065046906471252441e-01,1.789513789117336273e-02,0.000000000000000000e+00,-5.230125188827514648e-01,-3.238902986049652100e-01,2.991500496864318848e-01,-6.028497219085693359e-01,0.000000000000000000e+00
-3.270962834358215332e-01,1.185679957270622253e-01,8.515145778656005859e-01,-1.188366487622261047e-02,-6.900879088789224625e-03,-3.610215336084365845e-02,9.992536306381225586e-01,-1.237026154994964600e-01,3.681986033916473389e-02,5.870746821165084839e-02,9.183274209499359131e-02,-8.000590652227401733e-02,3.383366391062736511e-02,-4.346594214439392090e-01,-7.267180830240249634e-02,1.525622792541980743e-02,1.920037418603897095e-01,1.817384958267211914e-01,7.373660802841186523e-02,2.261184155941009521e-02,-1.862379610538482666e-01,-1.502258032560348511e-01,2.364812195301055908e-01,-4.115014076232910156e-01,5.397699400782585144e-02,0.000000000000000000e+00,-6.239630579948425293e-01,-2.747033834457397461e-01,2.825337648391723633e-01,-5.959529876708984375e-01,0.000000000000000000e+00
-3.265037238597869873e-01,1.207212135195732117e-01,8.514420986175537109e-01,-1.536890678107738495e-02,-1.048951316624879837e-02,-3.626620024442672729e-02,9.991689324378967285e-01,-1.032934933900833130e-01,4.126411303877830505e-02,6.936211884021759033e-02,7.534358650445938110e-02,-7.659596204757690430e-02,3.707320988178253174e-02,-4.316639900207519531e-01,-7.307177037000656128e-02,1.001993194222450256e-02,1.864177435636520386e-01,1.829164475202560425e-01,7.889441400766372681e-02,3.141148015856742859e-02,-1.936309635639190674e-01,-1.527956426143646240e-01,2.252600789070129395e-01,-4.161798059940338135e-01,7.296804338693618774e-02,0.000000000000000000e+00,-7.023401260375976562e-01,-2.300595343112945557e-01,2.566161751747131348e-01,-5.775390863418579102e-01,0.000000000000000000e+00
-3.256260156631469727e-01,1.217815056443214417e-01,8.507415652275085449e-01,-1.734856888651847839e-02,-1.368945837020874023e-02,-3.375974297523498535e-02,9.991856217384338379e-01,-8.676557987928390503e-02,4.279026389122009277e-02,7.206051051616668701e-02,6.266875565052032471e-02,-7.559356838464736938e-02,3.701196238398551941e-02,-4.287064075469970703e-01,-7.290104776620864868e-02,1.738742738962173462e-02,1.744338124990463257e-01,1.800838708877563477e-01,8.866068720817565918e-02,3.615622967481613159e-02,-1.978040635585784912e-01,-1.691382229328155518e-01,2.175587266683578491e-01,-4.252994656562805176e-01,7.473138719797134399e-02,0.000000000000000000e+00,-7.525630593299865723e-01,-2.003657221794128418e-01,2.370997965335845947e-01,-5.493875741958618164e-01,0.000000000000000000e+00
-3.250041604042053223e-01,1.212710216641426086e-01,8.495830893516540527e-01,-1.818165183067321777e-02,-1.676469296216964722e-02,-2.858736552298069000e-02,9.992853403091430664e-01,-7.291273772716522217e-02,4.384493082761764526e-02,6.782881170511245728e-02,5.302811041474342346e-02,-7.551810890436172485e-02,3.547343984246253967e-02,-4.251511096954345703e-01,-7.494112849235534668e-02,3.709897026419639587e-02,1.587109863758087158e-01,1.723254621028900146e-01,9.447371214628219604e-02,3.534936904907226562e-02,-2.008187919855117798e-01,-2.015654295682907104e-01,2.148747891187667847e-01,-4.376026391983032227e-01,6.147779524326324463e-02,0.000000000000000000e+00,-7.739075422286987305e-01,-1.931008547544479370e-01,2.398725897073745728e-01,-5.082105994224548340e-01,0.000000000000000000e+00
-3.344897031784057617e-01,1.164809688925743103e-01,8.489861488342285156e-01,-4.999559372663497925e-03,5.529489368200302124e-03,-2.753833495080471039e-02,9.995929598808288574e-01,-1.699668616056442261e-01,1.554672140628099442e-02,4.858746193349361420e-03,8.967693895101547241e-02,-7.309135794639587402e-02,3.685509786009788513e-02,-5.551849007606506348e-01,-6.889419257640838623e-02,1.643133312463760376e-01,2.077901810407638550e-01,1.737957149744033813e-01,1.010022908449172974e-01,-1.144408620893955231e-02,-2.214985489845275879e-01,-1.764490157365798950e-01,3.438705801963806152e-01,-4.166636466979980469e-01,-1.184108108282089233e-01,0.000000000000000000e+00,-8.622379899024963379e-01,-1.199411898851394653e-01,2.490457147359848022e-01,-4.036076962947845459e-01,0.000000000000000000e+00
-3.319486677646636963e-01,1.145415902137756348e-01,8.480634093284606934e-01,-4.639411345124244690e-03,-2.308373805135488510e-04,-1.744860410690307617e-02,9.998369812965393066e-01,-1.452343016862869263e-01,1.393064856529235840e-02,-2.657608594745397568e-03,7.715187221765518188e-02,-7.503386586904525757e-02,3.565705567598342896e-02,-5.320137739181518555e-01,-7.774861156940460205e-02,1.802206188440322876e-01,1.824098229408264160e-01,1.728149354457855225e-01,1.072322130203247070e-01,-1.518299244344234467e-02,-2.209149897098541260e-01,-2.149692624807357788e-01,3.243030011653900146e-01,-4.410487115383148193e-01,-1.666368395090103149e-01,0.000000000000000000e+00,-8.121433854103088379e-01,-1.617008894681930542e-01,3.397257924079895020e-01,-3.339577615261077881e-01,0.000000000000000000e+00
-3.299768567085266113e-01,1.116081178188323975e-01,8.479015827178955078e-01,-2.673758426681160927e-03,-3.455381374806165695e-03,-1.074622850865125656e-02,9.999327063560485840e-01,-1.291720271110534668e-01,1.162858586758375168e-02,-5.108955781906843185e-03,6.701110303401947021e-02,-7.474439591169357300e-02,3.289909288287162781e-02,-5.203842520713806152e-01,-8.134856075048446655e-02,2.017265707254409790e-01,1.656788438558578491e-01,1.767724901437759399e-01,1.152280792593955994e-01,-1.700277999043464661e-02,-2.065113484859466553e-01,-2.589577436447143555e-01,2.916080355644226074e-01,-4.616471230983734131e-01,-2.134938836097717285e-01,0.000000000000000000e+00,-7.556970715522766113e-01,-2.052309662103652954e-01,4.482401013374328613e-01,-2.650342881679534912e-01,0.000000000000000000e+00
-3.280483782291412354e-01,1.083682104945182800e-01,8.469597697257995605e-01,-2.971469948533922434e-04,-5.804316140711307526e-03,-3.062183503061532974e-03,9.999784231185913086e-01,-1.154941543936729431e-01,8.281254209578037262e-03,-1.139974221587181091e-02,5.662088096141815186e-02,-7.550778985023498535e-02,3.406176716089248657e-02,-5.089576244354248047e-01,-8.209224045276641846e-02,2.239446938037872314e-01,1.541398167610168457e-01,1.851947754621505737e-01,1.218859180808067322e-01,-1.852429285645484924e-02,-1.921575367450714111e-01,-3.190444409847259521e-01,2.531772553920745850e-01,-4.756492078304290771e-01,-2.697351276874542236e-01,0.000000000000000000e+00,-6.980150341987609863e-01,-2.465009093284606934e-01,5.481882095336914062e-01,-1.757165044546127319e-01,0.000000000000000000e+00
-3.251753747463226318e-01,1.061626821756362915e-01,8.448708057403564453e-01,2.034463919699192047e-03,-8.607540279626846313e-03,5.021824501454830170e-03,9.999482631683349609e-01,-9.918719530105590820e-02,3.832168411463499069e-03,-1.878211647272109985e-02,4.650742188096046448e-02,-7.793481647968292236e-02,3.889754414558410645e-02,-4.909178912639617920e-01,-7.805360108613967896e-02,2.548904418945312500e-01,1.464762985706329346e-01,1.916645914316177368e-01,1.399321705102920532e-01,-1.585422083735466003e-02,-1.720919311046600342e-01,-3.858076632022857666e-01,2.044180929660797119e-01,-4.626978635787963867e-01,-2.751708328723907471e-01,0.000000000000000000e+00,-6.490045189857482910e-01,-2.744148969650268555e-01,6.006380915641784668e-01,-1.154041364789009094e-01,0.000000000000000000e+00
-3.185141682624816895e-01,1.043685227632522583e-01,8.418300151824951172e-01,4.901384469121694565e-03,-1.942466013133525848e-02,1.375793293118476868e-02,9.997046589851379395e-01,-5.497271940112113953e-02,1.516446645837277174e-04,-3.837177529931068420e-03,3.644081950187683105e-02,-8.343750238418579102e-02,4.458929225802421570e-02,-4.341556727886199951e-01,-8.198414742946624756e-02,2.491492629051208496e-01,1.315084695816040039e-01,1.984062492847442627e-01,1.459623426198959351e-01,-7.906340993940830231e-03,-1.607459187507629395e-01,-4.191001355648040771e-01,1.782327294349670410e-01,-4.553984403610229492e-01,-2.480997443199157715e-01,0.000000000000000000e+00,-6.092275977134704590e-01,-2.751960754394531250e-01,6.088615655899047852e-01,-8.091223984956741333e-02,0.000000000000000000e+00
-3.133197724819183350e-01,1.016270592808723450e-01,8.387938141822814941e-01,8.797816932201385498e-03,-2.608981356024742126e-02,1.928207464516162872e-02,9.994348883628845215e-01,-2.414034120738506317e-02,-4.888745024800300598e-03,3.343482501804828644e-03,2.553732134401798248e-02,-8.867102116346359253e-02,5.432500317692756653e-02,-3.940401077270507812e-01,-8.077736198902130127e-02,2.628934681415557861e-01,1.128544136881828308e-01,2.169208377599716187e-01,1.549145430326461792e-01,-4.080747254192829132e-03,-1.651602834463119507e-01,-4.297727048397064209e-01,1.498789191246032715e-01,-4.553399085998535156e-01,-2.200317382812500000e-01,0.000000000000000000e+00,-5.915847420692443848e-01,-2.655175328254699707e-01,6.050701141357421875e-01,-6.855108588933944702e-02,0.000000000000000000e+00
-3.077204227447509766e-01,9.640610963106155396e-02,8.355872631072998047e-01,1.453135348856449127e-02,-3.112463653087615967e-02,2.077395468950271606e-02,9.991939663887023926e-01,-1.403801259584724903e-03,-1.035655755549669266e-02,1.092321332544088364e-02,2.239602059125900269e-02,-9.377653151750564575e-02,6.295517832040786743e-02,-3.718410134315490723e-01,-9.171699732542037964e-02,2.519088089466094971e-01,1.035315617918968201e-01,2.662935853004455566e-01,1.637993007898330688e-01,-1.181347295641899109e-02,-1.633318811655044556e-01,-4.318856596946716309e-01,1.173448637127876282e-01,-4.465266466140747070e-01,-1.978636980056762695e-01,0.000000000000000000e+00,-5.923366546630859375e-01,-2.614691257476806641e-01,6.012094616889953613e-01,-6.727633625268936157e-02,0.000000000000000000e+00
-3.026530444622039795e-01,9.072901308536529541e-02,8.341330885887145996e-01,1.957288011908531189e-02,-3.410165384411811829e-02,2.189242281019687653e-02,9.989868402481079102e-01,1.191989798098802567e-02,-1.420040894299745560e-02,1.477361749857664108e-02,2.392671816051006317e-02,-9.774637967348098755e-02,7.034832239151000977e-02,-3.538904786109924316e-01,-1.027546226978302002e-01,2.370656579732894897e-01,9.539949893951416016e-02,3.134273588657379150e-01,1.738652139902114868e-01,-1.774943247437477112e-02,-1.520382910966873169e-01,-4.392868876457214355e-01,1.037606224417686462e-01,-4.351280629634857178e-01,-1.801619231700897217e-01,0.000000000000000000e+00,-5.954362154006958008e-01,-2.619720995426177979e-01,5.990677475929260254e-01,-6.664779037237167358e-02,0.000000000000000000e+00
-2.981837093830108643e-01,8.465893566608428955e-02,8.344384431838989258e-01,2.316804416477680206e-02,-3.488463908433914185e-02,2.299781702458858490e-02,9.988580346107482910e-01,1.563918404281139374e-02,-1.399286091327667236e-02,1.629604957997798920e-02,3.007529862225055695e-02,-9.882526099681854248e-02,7.358918339014053345e-02,-3.376867175102233887e-01,-1.072307601571083069e-01,2.244227379560470581e-01,8.240216225385665894e-02,3.317240476608276367e-01,1.805114746093750000e-01,-2.152141556143760681e-02,-1.358687132596969604e-01,-4.497620463371276855e-01,1.002923920750617981e-01,-4.233168661594390869e-01,-1.640776097774505615e-01,0.000000000000000000e+00,-5.987852811813354492e-01,-2.668172121047973633e-01,5.966372489929199219e-01,-6.568869203329086304e-02,0.000000000000000000e+00
-2.933881282806396484e-01,7.828289270401000977e-02,8.350549340248107910e-01,2.555665746331214905e-02,-3.504986315965652466e-02,2.413894794881343842e-02,9.987670779228210449e-01,1.599956862628459930e-02,-1.046601124107837677e-02,1.422642637044191360e-02,3.962602466344833374e-02,-9.823834151029586792e-02,7.457745820283889771e-02,-3.231787383556365967e-01,-1.079325675964355469e-01,2.153292447328567505e-01,7.289489358663558960e-02,3.392975926399230957e-01,1.834352165460586548e-01,-2.444858103990554810e-02,-1.207309290766716003e-01,-4.598950445652008057e-01,9.457533061504364014e-02,-4.156464040279388428e-01,-1.504700779914855957e-01,0.000000000000000000e+00,-6.081493496894836426e-01,-2.785924077033996582e-01,5.949676632881164551e-01,-6.795340031385421753e-02,0.000000000000000000e+00
-2.890121340751647949e-01,7.233674079179763794e-02,8.358696103096008301e-01,2.760885283350944519e-02,-3.462509065866470337e-02,2.546369470655918121e-02,9.986943602561950684e-01,1.195400953292846680e-02,-6.136342417448759079e-03,1.303577143698930740e-02,5.255707353353500366e-02,-9.659723937511444092e-02,7.325387746095657349e-02,-3.126416802406311035e-01,-1.061935052275657654e-01,2.080020010471343994e-01,6.673755496740341187e-02,3.396532535552978516e-01,1.857258081436157227e-01,-2.648069150745868683e-02,-1.087295860052108765e-01,-4.715405106544494629e-01,8.739788085222244263e-02,-4.105790257453918457e-01,-1.401104927062988281e-01,0.000000000000000000e+00,-6.192460060119628906e-01,-2.915476858615875244e-01,5.948364734649658203e-01,-7.204282283782958984e-02,0.000000000000000000e+00
-2.847981452941894531e-01,6.722741574048995972e-02,8.364015817642211914e-01,2.882689610123634338e-02,-3.411333635449409485e-02,2.769109234213829041e-02,9.986183047294616699e-01,5.176548846065998077e-03,-3.682743699755519629e-04,1.131040230393409729e-02,6.832051277160644531e-02,-9.572876244783401489e-02,7.102339714765548706e-02,-3.046672046184539795e-01,-1.046657934784889221e-01,2.012137174606323242e-01,6.447470188140869141e-02,3.371099829673767090e-01,1.822657287120819092e-01,-2.688368223607540131e-02,-1.010767593979835510e-01,-4.874123632907867432e-01,8.056120574474334717e-02,-4.068109393119812012e-01,-1.322370916604995728e-01,0.000000000000000000e+00,-6.310535669326782227e-01,-3.079237043857574463e-01,5.951626896858215332e-01,-7.799916714429855347e-02,0.000000000000000000e+00
-2.808186113834381104e-01,6.068359315395355225e-02,8.367871046066284180e-01,3.063147328794002533e-02,-3.384174779057502747e-02,3.009627573192119598e-02,9.985042214393615723e-01,-3.982623573392629623e-03,5.781813990324735641e-03,8.036544546484947205e-03,8.725912123918533325e-02,-9.347075223922729492e-02,6.680644303560256958e-02,-2.987416088581085205e-01,-1.003466248512268066e-01,1.940252482891082764e-01,6.657930463552474976e-02,3.365853726863861084e-01,1.761361509561538696e-01,-2.715077996253967285e-02,-9.800695627927780151e-02,-4.968325495719909668e-01,8.246310055255889893e-02,-4.029341936111450195e-01,-1.269100606441497803e-01,0.000000000000000000e+00,-6.404365301132202148e-01,-3.151690065860748291e-01,5.974037051200866699e-01,-8.346094936132431030e-02,0.000000000000000000e+00
-2.771990895271301270e-01,5.608647316694259644e-02,8.364965319633483887e-01,3.200182691216468811e-02,-3.484873101115226746e-02,3.317890316247940063e-02,9.983289241790771484e-01,-1.442824769765138626e-02,1.068462803959846497e-02,2.046539913862943649e-03,1.116101145744323730e-01,-8.852736651897430420e-02,5.641020834445953369e-02,-2.928339838981628418e-01,-9.813868254423141479e-02,1.903090029954910278e-01,7.158350199460983276e-02,3.382177948951721191e-01,1.697971671819686890e-01,-2.825728803873062134e-02,-9.805933386087417603e-02,-5.064487457275390625e-01,8.335091173648834229e-02,-3.984254896640777588e-01,-1.229488924145698547e-01,0.000000000000000000e+00,-6.513323783874511719e-01,-3.307245075702667236e-01,5.980707406997680664e-01,-8.954019844532012939e-02,0.000000000000000000e+00
-2.741628289222717285e-01,5.163863301277160645e-02,8.360428810119628906e-01,3.341849520802497864e-02,-3.486155346035957336e-02,3.478308767080307007e-02,9.982274174690246582e-01,-2.369417063891887665e-02,1.434111222624778748e-02,-6.447360385209321976e-03,1.303762197494506836e-01,-8.662752062082290649e-02,5.619765073060989380e-02,-2.924335002899169922e-01,-9.589250385761260986e-02,1.872678101062774658e-01,7.809226959943771362e-02,3.404690623283386230e-01,1.657541990280151367e-01,-2.770026959478855133e-02,-9.249082952737808228e-02,-5.132040381431579590e-01,8.010171353816986084e-02,-3.907256722450256348e-01,-1.189405471086502075e-01,0.000000000000000000e+00,-6.533864736557006836e-01,-3.347473442554473877e-01,5.940644145011901855e-01,-9.419506788253784180e-02,0.000000000000000000e+00
-2.722485661506652832e-01,4.839428886771202087e-02,8.350286483764648438e-01,3.441868722438812256e-02,-3.600302711129188538e-02,3.638635948300361633e-02,9.980957508087158203e-01,-3.184958174824714661e-02,1.737994141876697540e-02,-1.576765812933444977e-02,1.488518267869949341e-01,-8.223070949316024780e-02,5.738814547657966614e-02,-2.926701009273529053e-01,-9.408866614103317261e-02,1.845114231109619141e-01,8.811502903699874878e-02,3.453664481639862061e-01,1.621568351984024048e-01,-2.669861912727355957e-02,-8.761166781187057495e-02,-5.196066498756408691e-01,7.690858095884323120e-02,-3.803843557834625244e-01,-1.151219010353088379e-01,0.000000000000000000e+00,-6.504428982734680176e-01,-3.309172391891479492e-01,5.833262205123901367e-01,-9.541609138250350952e-02,0.000000000000000000e+00
-2.713517248630523682e-01,4.548708721995353699e-02,8.343449234962463379e-01,3.609005361795425415e-02,-3.768334910273551941e-02,3.729167208075523376e-02,9.979412555694580078e-01,-3.624460846185684204e-02,1.729502715170383453e-02,-2.312638796865940094e-02,1.626709550619125366e-01,-8.234377205371856689e-02,6.070699542760848999e-02,-2.943597137928009033e-01,-9.324093163013458252e-02,1.852342486381530762e-01,9.869306534528732300e-02,3.475038707256317139e-01,1.580148339271545410e-01,-2.899650111794471741e-02,-8.104321360588073730e-02,-5.283772349357604980e-01,8.243259787559509277e-02,-3.616600930690765381e-01,-1.129225492477416992e-01,0.000000000000000000e+00,-6.444985270500183105e-01,-3.287840485572814941e-01,5.628445148468017578e-01,-9.591180831193923950e-02,0.000000000000000000e+00
-2.725748717784881592e-01,4.338686168193817139e-02,8.334337472915649414e-01,3.792288154363632202e-02,-4.003548994660377502e-02,4.027152433991432190e-02,9.976658821105957031e-01,-4.078986123204231262e-02,1.808732934296131134e-02,-1.123264804482460022e-02,1.752349734306335449e-01,-8.979870378971099854e-02,6.594820320606231689e-02,-2.955885827541351318e-01,-9.547176212072372437e-02,1.857103258371353149e-01,1.075304821133613586e-01,3.451551795005798340e-01,1.538323014974594116e-01,-3.264992311596870422e-02,-8.672790974378585815e-02,-5.440553426742553711e-01,9.856303781270980835e-02,-3.252574503421783447e-01,-1.175739243626594543e-01,0.000000000000000000e+00,-6.333451271057128906e-01,-3.362952768802642822e-01,5.201578736305236816e-01,-1.041136533021926880e-01,0.000000000000000000e+00
-2.756420969963073730e-01,4.220978543162345886e-02,8.326618671417236328e-01,3.934927284717559814e-02,-4.272551834583282471e-02,4.521011561155319214e-02,9.972874522209167480e-01,-4.570057615637779236e-02,2.118532732129096985e-02,2.172760106623172760e-02,1.847378611564636230e-01,-1.038815081119537354e-01,7.527022063732147217e-02,-2.971299886703491211e-01,-1.016623526811599731e-01,1.786690056324005127e-01,1.150095686316490173e-01,3.402587175369262695e-01,1.509560644626617432e-01,-3.653446957468986511e-02,-1.016839146614074707e-01,-5.711615681648254395e-01,1.279209852218627930e-01,-2.678177654743194580e-01,-1.320168972015380859e-01,0.000000000000000000e+00,-6.061190366744995117e-01,-3.495224118232727051e-01,4.644360244274139404e-01,-1.275649070739746094e-01,0.000000000000000000e+00
-2.792636156082153320e-01,4.257005453109741211e-02,8.318631649017333984e-01,3.876782953739166260e-02,-4.562909156084060669e-02,4.795966297388076782e-02,9.970530867576599121e-01,-4.027977585792541504e-02,2.218549139797687531e-02,5.555025115609169006e-02,1.815196722745895386e-01,-1.258724927902221680e-01,8.890446275472640991e-02,-2.964329421520233154e-01,-1.028537228703498840e-01,1.745454967021942139e-01,1.191321536898612976e-01,3.292486667633056641e-01,1.508505493402481079e-01,-3.809777274727821350e-02,-1.190556809306144714e-01,-6.063342094421386719e-01,1.733759045600891113e-01,-1.919140815734863281e-01,-1.497089117765426636e-01,0.000000000000000000e+00,-5.656043291091918945e-01,-3.707276284694671631e-01,3.976884186267852783e-01,-1.662835329771041870e-01,0.000000000000000000e+00
-2.891883850097656250e-01,4.739305377006530762e-02,8.341172337532043457e-01,2.939227037131786346e-02,-2.738780155777931213e-02,4.752006754279136658e-02,9.980620741844177246e-01,-1.441238522529602051e-01,2.646898850798606873e-02,-5.759281571954488754e-03,2.527925968170166016e-01,-1.876531243324279785e-01,1.010810509324073792e-01,-3.958861231803894043e-01,-7.189832627773284912e-02,2.386708706617355347e-01,1.818783730268478394e-01,2.976379096508026123e-01,1.591210365295410156e-01,-8.686809800565242767e-03,-1.212082728743553162e-01,-6.554500460624694824e-01,2.290245741605758667e-01,1.353084482252597809e-02,-2.738498747348785400e-01,0.000000000000000000e+00,-3.830597102642059326e-01,-5.203487873077392578e-01,1.493330150842666626e-01,-5.318682193756103516e-01,0.000000000000000000e+00
-2.882034778594970703e-01,4.902337864041328430e-02,8.340595960617065430e-01,2.913120575249195099e-02,-3.864112496376037598e-02,4.874307662248611450e-02,9.976384043693542480e-01,-8.821132034063339233e-02,3.136163204908370972e-02,1.877209171652793884e-02,2.152403146028518677e-01,-1.729221642017364502e-01,8.534577488899230957e-02,-3.508244454860687256e-01,-8.359698206186294556e-02,2.088047862052917480e-01,1.625706106424331665e-01,2.932335436344146729e-01,1.590295433998107910e-01,-2.039973251521587372e-02,-1.363111585378646851e-01,-6.689085364341735840e-01,2.721780240535736084e-01,1.684151217341423035e-02,-2.664170563220977783e-01,0.000000000000000000e+00,-3.998511135578155518e-01,-4.923062324523925781e-01,1.213626191020011902e-01,-5.265063047409057617e-01,0.000000000000000000e+00
-2.881532907485961914e-01,5.124124512076377869e-02,8.340415358543395996e-01,2.732958458364009857e-02,-4.389426112174987793e-02,5.218017473816871643e-02,9.972981810569763184e-01,-5.376205220818519592e-02,3.409280627965927124e-02,3.070778772234916687e-02,1.807471662759780884e-01,-1.630192846059799194e-01,7.229432463645935059e-02,-3.284343481063842773e-01,-9.074538946151733398e-02,1.821388453245162964e-01,1.514184027910232544e-01,2.789497971534729004e-01,1.617289334535598755e-01,-2.127738110721111298e-02,-1.480601429939270020e-01,-6.745741963386535645e-01,3.141303658485412598e-01,1.145237823948264122e-03,-2.767322957515716553e-01,0.000000000000000000e+00,-4.698686301708221436e-01,-4.953119456768035889e-01,8.599377423524856567e-02,-5.470296740531921387e-01,0.000000000000000000e+00
-2.892014086246490479e-01,5.322037264704704285e-02,8.344472646713256836e-01,2.446383051574230194e-02,-4.641812667250633240e-02,5.627026408910751343e-02,9.970358610153198242e-01,-3.514616191387176514e-02,3.759662806987762451e-02,3.980865702033042908e-02,1.565499305725097656e-01,-1.533633470535278320e-01,6.941924244165420532e-02,-3.185230791568756104e-01,-9.348765760660171509e-02,1.586915254592895508e-01,1.488128602504730225e-01,2.589609622955322266e-01,1.634324789047241211e-01,-1.387676037847995758e-02,-1.482072025537490845e-01,-6.687467694282531738e-01,3.245578706264495850e-01,-3.973954916000366211e-02,-2.989124953746795654e-01,0.000000000000000000e+00,-5.793963670730590820e-01,-4.948562383651733398e-01,4.443828016519546509e-02,-5.808058977127075195e-01,0.000000000000000000e+00
-2.896995544433593750e-01,5.335526540875434875e-02,8.354486823081970215e-01,2.178865298628807068e-02,-4.758866876363754272e-02,5.859118700027465820e-02,9.969090223312377930e-01,-2.168397791683673859e-02,4.321951046586036682e-02,4.256786033511161804e-02,1.369078159332275391e-01,-1.454132199287414551e-01,7.001347094774246216e-02,-3.149698078632354736e-01,-9.016315639019012451e-02,1.430558115243911743e-01,1.532117575407028198e-01,2.362463325262069702e-01,1.650963127613067627e-01,-6.061356049031019211e-03,-1.295657455921173096e-01,-6.571816802024841309e-01,3.084631264209747314e-01,-9.356957674026489258e-02,-3.240020275115966797e-01,0.000000000000000000e+00,-7.047244906425476074e-01,-4.957143962383270264e-01,1.434495206922292709e-02,-6.071272492408752441e-01,0.000000000000000000e+00
-2.890904545783996582e-01,5.138910561800003052e-02,8.365160822868347168e-01,1.973111741244792938e-02,-4.820882156491279602e-02,6.021470203995704651e-02,9.968253374099731445e-01,-1.120543945580720901e-02,5.023740977048873901e-02,4.270642995834350586e-02,1.209906563162803650e-01,-1.337719857692718506e-01,6.619594991207122803e-02,-3.103044629096984863e-01,-8.536979556083679199e-02,1.231258958578109741e-01,1.704676598310470581e-01,2.281189411878585815e-01,1.610719114542007446e-01,-4.968405235558748245e-03,-9.839998185634613037e-02,-6.560462713241577148e-01,2.986111938953399658e-01,-1.331193000078201294e-01,-3.547179996967315674e-01,0.000000000000000000e+00,-8.251020908355712891e-01,-5.085338354110717773e-01,-9.464967995882034302e-03,-6.017203927040100098e-01,0.000000000000000000e+00
-2.886812388896942139e-01,4.581050202250480652e-02,8.367987275123596191e-01,1.982484385371208191e-02,-4.853014647960662842e-02,6.521935760974884033e-02,9.964929819107055664e-01,-5.335582420229911804e-03,5.760914087295532227e-02,3.974096477031707764e-02,1.085595563054084778e-01,-1.238039657473564148e-01,5.677373707294464111e-02,-2.977220118045806885e-01,-7.597453892230987549e-02,1.094834282994270325e-01,1.960541754961013794e-01,2.338948696851730347e-01,1.565718799829483032e-01,-1.687562651932239532e-02,-5.847968161106109619e-02,-6.800975799560546875e-01,3.071780800819396973e-01,-1.531141847372055054e-01,-3.904899060726165771e-01,0.000000000000000000e+00,-9.311822056770324707e-01,-5.310888290405273438e-01,-2.027041651308536530e-02,-5.487461686134338379e-01,0.000000000000000000e+00
-2.877364158630371094e-01,3.817951306700706482e-02,8.359324336051940918e-01,2.342760935425758362e-02,-4.822853207588195801e-02,7.146110385656356812e-02,9.960012435913085938e-01,-2.436483278870582581e-03,6.124907732009887695e-02,3.615908324718475342e-02,9.992769360542297363e-02,-1.150497868657112122e-01,4.566442966461181641e-02,-2.787947058677673340e-01,-6.824423372745513916e-02,1.116695180535316467e-01,2.070337086915969849e-01,2.602295279502868652e-01,1.536965072154998779e-01,-4.217635467648506165e-02,-2.529060095548629761e-02,-7.097776532173156738e-01,3.037400543689727783e-01,-1.738429665565490723e-01,-4.220314323902130127e-01,0.000000000000000000e+00,-1.017890930175781250e+00,-5.599969029426574707e-01,-8.409103378653526306e-03,-4.430548548698425293e-01,0.000000000000000000e+00
-2.907895743846893311e-01,2.269573509693145752e-02,8.342714309692382812e-01,4.176177084445953369e-02,-2.894170582294464111e-02,8.246427774429321289e-02,9.952979087829589844e-01,-9.310871362686157227e-02,3.180305659770965576e-02,-2.461994066834449768e-02,1.515536010265350342e-01,-1.300146877765655518e-01,2.460074424743652344e-02,-3.459597826004028320e-01,-8.207116276025772095e-02,1.758858561515808105e-01,2.259330451488494873e-01,2.518619298934936523e-01,1.421910375356674194e-01,-1.309254318475723267e-01,-1.023760288953781128e-01,-6.129236221313476562e-01,4.875899851322174072e-01,-1.736335009336471558e-01,-6.417891383171081543e-01,0.000000000000000000e+00,-1.383931636810302734e+00,-4.223087728023529053e-01,5.479256063699722290e-02,1.121833622455596924e-01,0.000000000000000000e+00
-2.870041728019714355e-01,4.081401973962783813e-03,8.359642624855041504e-01,4.615483805537223816e-02,-1.939183473587036133e-02,8.828312903642654419e-02,9.948365688323974609e-01,-1.301609128713607788e-01,5.248424038290977478e-02,-6.208712235093116760e-02,1.729416400194168091e-01,-1.654545366764068604e-01,-1.870251609943807125e-03,-3.566060662269592285e-01,-5.412974581122398376e-02,1.839977353811264038e-01,2.178646773099899292e-01,2.179877161979675293e-01,1.207548528909683228e-01,-2.373938262462615967e-01,-2.058076262474060059e-01,-5.206038951873779297e-01,6.449367403984069824e-01,-1.085149347782135010e-01,-7.063120007514953613e-01,0.000000000000000000e+00,-1.590632915496826172e+00,-2.803517282009124756e-01,4.638634249567985535e-02,5.110777616500854492e-01,0.000000000000000000e+00
-2.818556427955627441e-01,-5.822256673127412796e-03,8.365837335586547852e-01,4.676434770226478577e-02,-2.134268358349800110e-02,9.584006667137145996e-02,9.940685629844665527e-01,-1.403968632221221924e-01,6.558237224817276001e-02,-7.511536777019500732e-02,1.947200745344161987e-01,-1.613615453243255615e-01,-1.151253934949636459e-02,-3.377062678337097168e-01,-4.647516831755638123e-02,1.628229916095733643e-01,2.114693075418472290e-01,2.051078379154205322e-01,1.024918109178543091e-01,-2.660069763660430908e-01,-2.148879468441009521e-01,-5.124667286872863770e-01,6.829355359077453613e-01,-8.912008255720138550e-02,-7.130390405654907227e-01,0.000000000000000000e+00,-1.646730899810791016e+00,-2.788754999637603760e-01,8.716389536857604980e-02,6.787081956863403320e-01,0.000000000000000000e+00
-2.788967490196228027e-01,-1.442664675414562225e-02,8.368195295333862305e-01,4.617599397897720337e-02,-2.327994070947170258e-02,1.016439646482467651e-01,9.934758543968200684e-01,-1.578738689422607422e-01,7.960837334394454956e-02,-8.860062807798385620e-02,2.204377353191375732e-01,-1.442225277423858643e-01,-2.187672071158885956e-02,-3.169378638267517090e-01,-3.741880133748054504e-02,1.461002379655838013e-01,1.961280107498168945e-01,1.946094334125518799e-01,9.317964315414428711e-02,-2.838032245635986328e-01,-2.017539143562316895e-01,-5.205941200256347656e-01,6.892073750495910645e-01,-7.772980630397796631e-02,-7.110175490379333496e-01,0.000000000000000000e+00,-1.640327215194702148e+00,-2.982519567012786865e-01,1.201308071613311768e-01,6.926100850105285645e-01,0.000000000000000000e+00
-2.753018438816070557e-01,-2.531770244240760803e-02,8.365703821182250977e-01,4.590515792369842529e-02,-2.130160108208656311e-02,1.145182028412818909e-01,9.921312928199768066e-01,-2.122627943754196167e-01,9.311702847480773926e-02,-1.285149306058883667e-01,2.789913415908813477e-01,-9.749941527843475342e-02,-4.188801348209381104e-02,-3.013347089290618896e-01,-2.613121643662452698e-02,1.233232542872428894e-01,1.783161163330078125e-01,1.739850640296936035e-01,7.926171272993087769e-02,-3.037762343883514404e-01,-1.817010045051574707e-01,-5.074794292449951172e-01,6.978585720062255859e-01,-6.189666688442230225e-02,-7.200894951820373535e-01,0.000000000000000000e+00,-1.552614569664001465e+00,-3.525114357471466064e-01,1.141912043094635010e-01,5.235005617141723633e-01,0.000000000000000000e+00
-2.720028460025787354e-01,-3.273616731166839600e-02,8.353876471519470215e-01,4.431338608264923096e-02,-1.812582649290561676e-02,1.347588151693344116e-01,9.897211194038391113e-01,-2.813365459442138672e-01,9.179848432540893555e-02,-2.011926919221878052e-01,3.390881121158599854e-01,-1.236575283110141754e-02,-6.430901587009429932e-02,-2.960892319679260254e-01,-2.541507594287395477e-02,8.129397034645080566e-02,1.694022715091705322e-01,1.533483415842056274e-01,6.432415544986724854e-02,-2.849607765674591064e-01,-1.131405383348464966e-01,-5.081744790077209473e-01,6.473211050033569336e-01,-6.666050106287002563e-02,-7.376810908317565918e-01,0.000000000000000000e+00,-1.326271295547485352e+00,-4.998520016670227051e-01,5.813579261302947998e-02,1.311185359954833984e-01,0.000000000000000000e+00
-2.680042088031768799e-01,-2.592525631189346313e-02,8.299288749694824219e-01,4.429918155074119568e-02,-2.922071516513824463e-02,1.571724712848663330e-01,9.861443042755126953e-01,-2.863848507404327393e-01,6.926950067281723022e-02,-2.247159630060195923e-01,3.672554194927215576e-01,1.163382828235626221e-01,-5.286579579114913940e-02,-2.565909922122955322e-01,-6.032549589872360229e-02,6.835507228970527649e-03,1.686703711748123169e-01,1.642464846372604370e-01,5.837591364979743958e-02,-1.730923801660537720e-01,-2.636060491204261780e-02,-5.541542172431945801e-01,4.985327422618865967e-01,-7.304885983467102051e-02,-6.964484453201293945e-01,0.000000000000000000e+00,-1.220510125160217285e+00,-6.466304063796997070e-01,5.484436824917793274e-02,-9.489762783050537109e-02,0.000000000000000000e+00
-2.646373212337493896e-01,-2.821514941751956940e-02,8.297080993652343750e-01,4.497273266315460205e-02,-3.070334531366825104e-02,1.645477116107940674e-01,9.848648905754089355e-01,-3.155557215213775635e-01,6.898796558380126953e-02,-2.301564216613769531e-01,3.963331580162048340e-01,1.568289250135421753e-01,-5.216683074831962585e-02,-2.447429895401000977e-01,-6.148601695895195007e-02,-1.003135088831186295e-02,1.637321412563323975e-01,1.639905124902725220e-01,5.502368137240409851e-02,-1.555254906415939331e-01,1.351078506559133530e-02,-5.653902292251586914e-01,4.415443837642669678e-01,-8.353225141763687134e-02,-6.598711013793945312e-01,0.000000000000000000e+00,-1.160041928291320801e+00,-7.035499811172485352e-01,2.854083850979804993e-02,-2.071368247270584106e-01,0.000000000000000000e+00
-2.585277855396270752e-01,-3.433790057897567749e-02,8.317275643348693848e-01,5.470178276300430298e-02,-2.552846446633338928e-02,1.742503643035888672e-01,9.828493595123291016e-01,-3.851902782917022705e-01,4.923580959439277649e-02,-2.171535640954971313e-01,4.462398290634155273e-01,1.581838130950927734e-01,-3.784590214490890503e-02,-2.495080977678298950e-01,-8.006705343723297119e-02,-1.511340681463479996e-02,1.699569076299667358e-01,1.657021343708038330e-01,5.215662717819213867e-02,-1.701786518096923828e-01,5.075806751847267151e-02,-5.484341382980346680e-01,4.291084408760070801e-01,-8.978560566902160645e-02,-6.504892110824584961e-01,0.000000000000000000e+00,-1.138178348541259766e+00,-7.058175802230834961e-01,-2.504420839250087738e-02,-2.817602455615997314e-01,0.000000000000000000e+00
-2.514862716197967529e-01,-3.917043283581733704e-02,8.325196504592895508e-01,6.110472232103347778e-02,-2.441238239407539368e-02,1.754159778356552124e-01,9.822929501533508301e-01,-4.246889948844909668e-01,3.289994969964027405e-02,-2.087698578834533691e-01,4.540822803974151611e-01,1.215292662382125854e-01,-3.384624049067497253e-02,-2.444527298212051392e-01,-8.582127839326858521e-02,-1.530860271304845810e-02,1.733782887458801270e-01,1.499738097190856934e-01,5.782794207334518433e-02,-1.863151639699935913e-01,8.713702857494354248e-02,-5.379917025566101074e-01,4.469395875930786133e-01,-8.301237970590591431e-02,-6.543717980384826660e-01,0.000000000000000000e+00,-1.170894145965576172e+00,-6.955885887145996094e-01,-6.161978840827941895e-02,-2.173746675252914429e-01,0.000000000000000000e+00
-2.437108606100082397e-01,-5.243955180048942566e-02,8.355016112327575684e-01,6.812105327844619751e-02,-1.305969152599573135e-02,1.675714850425720215e-01,9.834168553352355957e-01,-5.050230622291564941e-01,2.081209421157836914e-02,-2.312891930341720581e-01,4.656831622123718262e-01,5.459808185696601868e-02,-5.700821056962013245e-02,-2.642162740230560303e-01,-6.340596079826354980e-02,3.495493531227111816e-02,1.695211380720138550e-01,1.247884184122085571e-01,5.793187022209167480e-02,-2.847124636173248291e-01,7.256603240966796875e-02,-4.764218032360076904e-01,5.535619258880615234e-01,-7.686885446310043335e-02,-6.977380514144897461e-01,0.000000000000000000e+00,-1.240110397338867188e+00,-6.374595761299133301e-01,-8.880013972520828247e-02,-4.466500133275985718e-02,0.000000000000000000e+00
-2.346753180027008057e-01,-6.107671186327934265e-02,8.373280763626098633e-01,7.627683132886886597e-02,-1.356891822069883347e-02,1.649919450283050537e-01,9.832473397254943848e-01,-5.215181112289428711e-01,7.932465523481369019e-03,-2.309202998876571655e-01,4.237245619297027588e-01,3.209178149700164795e-02,-6.973979622125625610e-02,-2.484478056430816650e-01,-6.132387369871139526e-02,5.258738994598388672e-02,1.674863100051879883e-01,1.142850592732429504e-01,5.001973733305931091e-02,-3.376321792602539062e-01,7.884091138839721680e-02,-4.432437121868133545e-01,6.216558218002319336e-01,-8.013671636581420898e-02,-7.328177094459533691e-01,0.000000000000000000e+00,-1.341966629028320312e+00,-6.068279743194580078e-01,-4.951994493603706360e-02,2.157108038663864136e-01,0.000000000000000000e+00
-2.258525043725967407e-01,-6.479304283857345581e-02,8.387287855148315430e-01,8.087670803070068359e-02,-1.503608468919992447e-02,1.635110825300216675e-01,9.831057786941528320e-01,-5.308617949485778809e-01,-4.084828309714794159e-03,-2.364558577537536621e-01,3.742861747741699219e-01,2.038437314331531525e-02,-7.913260161876678467e-02,-2.265992611646652222e-01,-6.137025356292724609e-02,5.419584363698959351e-02,1.618345081806182861e-01,1.112258061766624451e-01,4.064519330859184265e-02,-3.644564747810363770e-01,7.666525244712829590e-02,-4.078338444232940674e-01,6.545148491859436035e-01,-7.421783357858657837e-02,-7.539107799530029297e-01,0.000000000000000000e+00,-1.470680117607116699e+00,-5.403510928153991699e-01,-2.083455584943294525e-02,5.261293053627014160e-01,0.000000000000000000e+00
-2.179275602102279663e-01,-6.679254025220870972e-02,8.412818908691406250e-01,8.236012607812881470e-02,-1.648298464715480804e-02,1.655313223600387573e-01,9.826212525367736816e-01,-5.425305366516113281e-01,-1.221685577183961868e-02,-2.375159710645675659e-01,3.246937394142150879e-01,1.078817620873451233e-02,-8.579276502132415771e-02,-2.048456519842147827e-01,-6.021636351943016052e-02,4.145180806517601013e-02,1.535703688859939575e-01,1.145207658410072327e-01,4.139814153313636780e-02,-3.784288465976715088e-01,8.960381150245666504e-02,-3.907810151576995850e-01,6.400668621063232422e-01,-7.045621424913406372e-02,-7.454684376716613770e-01,0.000000000000000000e+00,-1.474271774291992188e+00,-5.554472804069519043e-01,1.743645034730434418e-02,6.103344559669494629e-01,0.000000000000000000e+00
-2.112353742122650146e-01,-6.777069717645645142e-02,8.421056270599365234e-01,8.386680483818054199e-02,-1.653729937970638275e-02,1.687882095575332642e-01,9.819386005401611328e-01,-5.557132959365844727e-01,-2.485307492315769196e-02,-2.480570971965789795e-01,2.832028865814208984e-01,-2.565407427027821541e-03,-9.247291088104248047e-02,-1.866569966077804565e-01,-6.079089269042015076e-02,3.107002377510070801e-02,1.419128030538558960e-01,1.154910549521446228e-01,4.570732638239860535e-02,-3.844356238842010498e-01,1.013999059796333313e-01,-3.789501190185546875e-01,6.454222798347473145e-01,-5.773536860942840576e-02,-7.492230534553527832e-01,0.000000000000000000e+00,-1.461100935935974121e+00,-5.819430947303771973e-01,3.289776667952537537e-02,5.814727544784545898e-01,0.000000000000000000e+00
-2.063139081001281738e-01,-6.885585188865661621e-02,8.414189219474792480e-01,8.451890200376510620e-02,-1.412245444953441620e-02,1.737250536680221558e-01,9.810589551925659180e-01,-5.742626786231994629e-01,-4.248632863163948059e-02,-2.736072838306427002e-01,2.504929900169372559e-01,-1.754439994692802429e-02,-9.255348891019821167e-02,-1.802987307310104370e-01,-6.125487387180328369e-02,2.408215962350368500e-02,1.329083442687988281e-01,1.188067123293876648e-01,5.474127829074859619e-02,-3.817850351333618164e-01,1.065069511532783508e-01,-3.590633571147918701e-01,6.583557724952697754e-01,-3.973182663321495056e-02,-7.690067887306213379e-01,0.000000000000000000e+00,-1.405153274536132812e+00,-6.131299734115600586e-01,3.257135301828384399e-02,4.372377693653106689e-01,0.000000000000000000e+00
-2.031510025262832642e-01,-5.341266840696334839e-02,8.381087779998779297e-01,8.259542286396026611e-02,-2.542859688401222229e-02,1.823264211416244507e-01,9.794327020645141602e-01,-5.394437909126281738e-01,-7.141847908496856689e-02,-2.681118547916412354e-01,2.126034945249557495e-01,-2.845820598304271698e-02,-8.049237728118896484e-02,-1.459219008684158325e-01,-8.926631510257720947e-02,-2.860195748507976532e-02,1.402353942394256592e-01,1.250974684953689575e-01,6.558916717767715454e-02,-2.641932666301727295e-01,1.609386652708053589e-01,-3.529245257377624512e-01,5.782376527786254883e-01,-3.083828650414943695e-02,-7.789822816848754883e-01,0.000000000000000000e+00,-1.280227184295654297e+00,-7.191340923309326172e-01,5.151456221938133240e-02,2.051688581705093384e-01,0.000000000000000000e+00
-2.005149126052856445e-01,-4.869811236858367920e-02,8.369724154472351074e-01,7.750350236892700195e-02,-3.036235645413398743e-02,1.768803149461746216e-01,9.807062149047851562e-01,-5.276840329170227051e-01,-6.828587502241134644e-02,-2.777383625507354736e-01,1.862932741641998291e-01,-4.321156814694404602e-02,-7.286977022886276245e-02,-1.256047189235687256e-01,-8.032293617725372314e-02,-3.724972158670425415e-02,1.364271044731140137e-01,1.201580762863159180e-01,7.161563634872436523e-02,-2.238649427890777588e-01,1.874503344297409058e-01,-3.618448078632354736e-01,5.223816633224487305e-01,-3.458034247159957886e-02,-7.573994398117065430e-01,0.000000000000000000e+00,-1.185687780380249023e+00,-7.469326257705688477e-01,3.004632145166397095e-02,4.420602694153785706e-02,0.000000000000000000e+00
-1.987387984991073608e-01,-4.579500108957290649e-02,8.361774682998657227e-01,7.471010833978652954e-02,-3.332505747675895691e-02,1.670093387365341187e-01,9.825556874275207520e-01,-5.147491693496704102e-01,-7.287141680717468262e-02,-3.041158616542816162e-01,1.752801239490509033e-01,-5.295886099338531494e-02,-6.654009968042373657e-02,-1.218201220035552979e-01,-7.246256619691848755e-02,-2.353983372449874878e-02,1.421746313571929932e-01,1.183212101459503174e-01,7.345011830329895020e-02,-2.016983330249786377e-01,2.050132453441619873e-01,-3.824472129344940186e-01,5.105547308921813965e-01,-2.426577359437942505e-02,-7.526476979255676270e-01,0.000000000000000000e+00,-1.061122775077819824e+00,-7.357746362686157227e-01,-2.692406997084617615e-02,-1.249614730477333069e-01,0.000000000000000000e+00
-1.972210109233856201e-01,-4.141387715935707092e-02,8.344884514808654785e-01,7.015220075845718384e-02,-3.873421251773834229e-02,1.516599059104919434e-01,9.851789474487304688e-01,-4.853960275650024414e-01,-7.235562056303024292e-02,-3.323240876197814941e-01,1.706895381212234497e-01,-4.959340021014213562e-02,-6.284052133560180664e-02,-1.094401329755783081e-01,-5.978977680206298828e-02,-8.105268701910972595e-03,1.431423723697662354e-01,1.218985021114349365e-01,7.503902912139892578e-02,-1.694784760475158691e-01,2.302210032939910889e-01,-4.302014410495758057e-01,4.819630384445190430e-01,-1.973769813776016235e-02,-7.456873059272766113e-01,0.000000000000000000e+00,-9.383583664894104004e-01,-7.125208377838134766e-01,-3.889167308807373047e-02,-2.440304011106491089e-01,0.000000000000000000e+00
-1.963068693876266479e-01,-3.690659627318382263e-02,8.324190974235534668e-01,6.573566794395446777e-02,-4.382551833987236023e-02,1.315786689519882202e-01,9.881524443626403809e-01,-4.554167091846466064e-01,-7.192417234182357788e-02,-3.584681153297424316e-01,1.712157726287841797e-01,-4.711983352899551392e-02,-6.006095185875892639e-02,-1.001744866371154785e-01,-4.690422862768173218e-02,1.525238715112209320e-02,1.459017395973205566e-01,1.227472275495529175e-01,7.565631717443466187e-02,-1.372084915637969971e-01,2.532601058483123779e-01,-5.039343833923339844e-01,4.661270678043365479e-01,-1.308690942823886871e-02,-7.452300786972045898e-01,0.000000000000000000e+00,-8.128353953361511230e-01,-6.804804801940917969e-01,-3.208689391613006592e-02,-3.399521112442016602e-01,0.000000000000000000e+00
-1.939222961664199829e-01,-2.984189614653587341e-02,8.298795223236083984e-01,5.772849172353744507e-02,-5.126983299851417542e-02,1.068641319870948792e-01,9.912713170051574707e-01,-4.238654673099517822e-01,-5.383600294589996338e-02,-3.698316514492034912e-01,1.550896018743515015e-01,2.997870324179530144e-03,-5.986165255308151245e-02,-7.819582521915435791e-02,-2.885016985237598419e-02,3.709158301353454590e-02,1.427709162235260010e-01,1.181901991367340088e-01,6.992026418447494507e-02,-9.435915946960449219e-02,2.695532441139221191e-01,-5.830981135368347168e-01,4.605304002761840820e-01,-1.317596714943647385e-02,-7.482088804244995117e-01,0.000000000000000000e+00,-6.943211555480957031e-01,-6.404340863227844238e-01,-6.389477290213108063e-03,-3.905082046985626221e-01,0.000000000000000000e+00
-1.926339119672775269e-01,-2.223098091781139374e-02,8.275814652442932129e-01,4.679166525602340698e-02,-5.438138917088508606e-02,8.194321393966674805e-02,9.940515756607055664e-01,-4.151557087898254395e-01,-1.848747394979000092e-02,-3.495000898838043213e-01,1.477580368518829346e-01,8.887487649917602539e-02,-7.070476561784744263e-02,-7.572866976261138916e-02,-4.332533571869134903e-03,7.573001086711883545e-02,1.478905826807022095e-01,1.147741004824638367e-01,5.608966574072837830e-02,-5.242460966110229492e-02,2.732583582401275635e-01,-6.722264289855957031e-01,4.702102243900299072e-01,-2.416234277188777924e-02,-7.541085481643676758e-01,0.000000000000000000e+00,-5.604242086410522461e-01,-5.862405896186828613e-01,1.791845075786113739e-02,-4.414738118648529053e-01,0.000000000000000000e+00
-1.874943077564239502e-01,-9.119977243244647980e-03,8.289232850074768066e-01,3.885727003216743469e-02,-5.436571314930915833e-02,5.484598875045776367e-02,9.962561726570129395e-01,-4.011099636554718018e-01,1.290263142436742783e-02,-3.024183511734008789e-01,1.442587971687316895e-01,1.216843351721763611e-01,-6.712856888771057129e-02,-6.897471845149993896e-02,9.983179625123739243e-04,1.062051802873611450e-01,1.452439129352569580e-01,1.174208521842956543e-01,6.130813434720039368e-02,-1.516944356262683868e-02,2.394816726446151733e-01,-7.189918160438537598e-01,4.855480194091796875e-01,-9.086696431040763855e-03,-7.866667509078979492e-01,0.000000000000000000e+00,-4.563346207141876221e-01,-5.417993664741516113e-01,3.940550610423088074e-02,-4.627400934696197510e-01,0.000000000000000000e+00
-1.843564659357070923e-01,1.578129595145583153e-03,8.297716975212097168e-01,3.418524563312530518e-02,-5.219919607043266296e-02,2.783287875354290009e-02,9.976632595062255859e-01,-3.986190259456634521e-01,3.555303439497947693e-02,-2.579462826251983643e-01,1.514855623245239258e-01,1.300473511219024658e-01,-6.191011145710945129e-02,-7.835613936185836792e-02,4.386628512293100357e-03,1.524741947650909424e-01,1.542104333639144897e-01,1.132000163197517395e-01,6.819811463356018066e-02,1.399230305105447769e-02,2.124528735876083374e-01,-7.771583795547485352e-01,5.316662788391113281e-01,1.499091275036334991e-02,-8.139816522598266602e-01,0.000000000000000000e+00,-3.498169779777526855e-01,-5.280900597572326660e-01,2.430504560470581055e-02,-5.034351348876953125e-01,0.000000000000000000e+00
-1.800477355718612671e-01,1.102746371179819107e-02,8.307824134826660156e-01,3.222823515534400940e-02,-5.347367748618125916e-02,5.588266067206859589e-04,9.980489015579223633e-01,-3.802248239517211914e-01,5.213125050067901611e-02,-2.090573310852050781e-01,1.543926745653152466e-01,1.297023296356201172e-01,-5.680247396230697632e-02,-7.140617072582244873e-02,1.418778556399047375e-03,1.897542327642440796e-01,1.521558314561843872e-01,1.115153506398200989e-01,7.853737473487854004e-02,3.193642199039459229e-02,1.773272007703781128e-01,-8.335087895393371582e-01,5.909231305122375488e-01,3.083965554833412170e-02,-8.179847598075866699e-01,0.000000000000000000e+00,-2.681061923503875732e-01,-5.160345435142517090e-01,1.522517669945955276e-02,-5.081284046173095703e-01,0.000000000000000000e+00
-1.755346208810806274e-01,2.039013057947158813e-02,8.330855965614318848e-01,3.036619909107685089e-02,-5.061595514416694641e-02,-2.959186024963855743e-02,9.978177547454833984e-01,-3.747358620166778564e-01,6.619538366794586182e-02,-1.637777686119079590e-01,1.652120798826217651e-01,1.215396076440811157e-01,-4.752406477928161621e-02,-8.134525269269943237e-02,1.211443566717207432e-03,2.468900084495544434e-01,1.569295376539230347e-01,1.065333858132362366e-01,8.264393359422683716e-02,5.157988145947456360e-02,1.457056403160095215e-01,-8.795373439788818359e-01,6.630946397781372070e-01,6.021617725491523743e-02,-8.093872070312500000e-01,0.000000000000000000e+00,-1.887414157390594482e-01,-5.265490412712097168e-01,2.251037210226058960e-02,-5.294393897056579590e-01,0.000000000000000000e+00
-1.704171746969223022e-01,2.998203225433826447e-02,8.348479270935058594e-01,2.988559566438198090e-02,-5.027635022997856140e-02,-5.726795271039009094e-02,9.966441392898559570e-01,-3.564402759075164795e-01,7.460115849971771240e-02,-1.143244951963424683e-01,1.670271605253219604e-01,1.196324229240417480e-01,-3.631284460425376892e-02,-7.799506932497024536e-02,-6.507597398012876511e-03,2.909901142120361328e-01,1.501635015010833740e-01,1.125088557600975037e-01,8.427512645721435547e-02,6.589905172586441040e-02,1.124058365821838379e-01,-9.172077178955078125e-01,7.201648354530334473e-01,4.509435594081878662e-02,-7.781209349632263184e-01,0.000000000000000000e+00,-1.313541680574417114e-01,-5.286816954612731934e-01,3.872988373041152954e-02,-5.302283763885498047e-01,0.000000000000000000e+00
-1.649477928876876831e-01,4.033641144633293152e-02,8.365010023117065430e-01,2.767169289290904999e-02,-4.617658257484436035e-02,-8.759242296218872070e-02,9.947007298469543457e-01,-3.485363423824310303e-01,8.582382649183273315e-02,-6.734415888786315918e-02,1.710529923439025879e-01,1.082922220230102539e-01,-1.460941508412361145e-02,-9.151623398065567017e-02,-7.745777722448110580e-03,3.467844128608703613e-01,1.537303328514099121e-01,1.012524664402008057e-01,1.003746837377548218e-01,8.894161880016326904e-02,8.668074756860733032e-02,-9.624275565147399902e-01,7.721209526062011719e-01,5.176546797156333923e-02,-6.979733705520629883e-01,0.000000000000000000e+00,-8.855778723955154419e-02,-5.584918856620788574e-01,4.307122528553009033e-02,-5.483827590942382812e-01,0.000000000000000000e+00
-1.586672216653823853e-01,4.994969442486763000e-02,8.380413055419921875e-01,2.690581977367401123e-02,-4.433501139283180237e-02,-1.139117106795310974e-01,9.921363592147827148e-01,-3.314564526081085205e-01,9.306178987026214600e-02,-1.796033792197704315e-02,1.707635223865509033e-01,9.638076275587081909e-02,-8.193622343242168427e-03,-9.652124345302581787e-02,-1.291235536336898804e-02,3.903649449348449707e-01,1.560893058776855469e-01,9.742702543735504150e-02,1.211222782731056213e-01,1.061301827430725098e-01,6.033535674214363098e-02,-1.004020214080810547e+00,8.223583698272705078e-01,5.942366272211074829e-02,-5.776009559631347656e-01,0.000000000000000000e+00,-6.112916395068168640e-02,-5.935810208320617676e-01,3.339521586894989014e-02,-5.544118285179138184e-01,0.000000000000000000e+00
-1.532369256019592285e-01,5.876526981592178345e-02,8.392221331596374512e-01,2.585476636886596680e-02,-4.240538924932479858e-02,-1.385781168937683105e-01,9.891053438186645508e-01,-3.155978024005889893e-01,9.859664738178253174e-02,2.624463289976119995e-02,1.684777736663818359e-01,8.544941246509552002e-02,6.569594610482454300e-03,-1.048829406499862671e-01,-1.582242920994758606e-02,4.343953728675842285e-01,1.599032580852508545e-01,9.513796120882034302e-02,1.310606449842453003e-01,1.231462508440017700e-01,2.944587357342243195e-02,-1.037423133850097656e+00,8.723060488700866699e-01,4.685420915484428406e-02,-4.233933687210083008e-01,0.000000000000000000e+00,-5.666070803999900818e-02,-6.234359741210937500e-01,3.176742047071456909e-02,-5.558182001113891602e-01,0.000000000000000000e+00
-1.483674347400665283e-01,6.855434924364089966e-02,8.404752016067504883e-01,2.354112640023231506e-02,-4.010697826743125916e-02,-1.613302677869796753e-01,9.858041405677795410e-01,-3.019706308841705322e-01,1.037978827953338623e-01,6.535080075263977051e-02,1.644907593727111816e-01,7.408332824707031250e-02,2.052161656320095062e-02,-1.174896284937858582e-01,-1.537700556218624115e-02,4.776833355426788330e-01,1.682010740041732788e-01,9.057005494832992554e-02,1.436127573251724243e-01,1.472412198781967163e-01,-2.739177551120519638e-03,-1.069748759269714355e+00,9.215298295021057129e-01,4.423385020345449448e-03,-2.060489356517791748e-01,0.000000000000000000e+00,-6.728902459144592285e-02,-6.515433192253112793e-01,3.833610936999320984e-02,-5.560661554336547852e-01,0.000000000000000000e+00
-1.435130536556243896e-01,7.714851200580596924e-02,8.415933847427368164e-01,2.180848456919193268e-02,-3.861120343208312988e-02,-1.823480725288391113e-01,9.822335243225097656e-01,-2.843016684055328369e-01,1.075562387704849243e-01,1.071061939001083374e-01,1.567765474319458008e-01,6.413496285676956177e-02,3.306715190410614014e-02,-1.262135207653045654e-01,-1.650813035666942596e-02,5.160306096076965332e-01,1.721524000167846680e-01,9.017807990312576294e-02,1.560798436403274536e-01,1.669545173645019531e-01,-3.157728165388107300e-02,-1.098854780197143555e+00,9.707065224647521973e-01,-7.392968237400054932e-02,2.534121274948120117e-02,0.000000000000000000e+00,-8.483142405748367310e-02,-6.748744249343872070e-01,4.983335733413696289e-02,-5.573385357856750488e-01,0.000000000000000000e+00
-1.386570185422897339e-01,8.420469611883163452e-02,8.427309989929199219e-01,2.090306952595710754e-02,-3.862613067030906677e-02,-2.023340463638305664e-01,9.783312678337097168e-01,-2.623367607593536377e-01,1.094484925270080566e-01,1.487302184104919434e-01,1.472778171300888062e-01,5.787722393870353699e-02,5.084683001041412354e-02,-1.265698075294494629e-01,-2.010030858218669891e-02,5.507024526596069336e-01,1.684630215167999268e-01,9.355555474758148193e-02,1.673435568809509277e-01,1.786754131317138672e-01,-6.599165499210357666e-02,-1.105808377265930176e+00,1.020591616630554199e+00,-1.392358392477035522e-01,1.819418966770172119e-01,0.000000000000000000e+00,-1.154468804597854614e-01,-6.734564900398254395e-01,6.405261904001235962e-02,-5.545426607131958008e-01,0.000000000000000000e+00
-1.338606327772140503e-01,8.899151533842086792e-02,8.434165716171264648e-01,2.141572721302509308e-02,-3.893132135272026062e-02,-2.219893187284469604e-01,9.740361571311950684e-01,-2.398490607738494873e-01,1.104708313941955566e-01,1.928178369998931885e-01,1.375639289617538452e-01,5.132666975259780884e-02,6.247946992516517639e-02,-1.250875443220138550e-01,-2.588156610727310181e-02,5.817812085151672363e-01,1.618482917547225952e-01,1.013992279767990112e-01,1.767053008079528809e-01,1.775466948747634888e-01,-9.923423826694488525e-02,-1.081593394279479980e+00,1.055085539817810059e+00,-1.574656963348388672e-01,1.765264719724655151e-01,0.000000000000000000e+00,-1.449515223503112793e-01,-6.557124257087707520e-01,6.955434381961822510e-02,-5.594732165336608887e-01,0.000000000000000000e+00
-1.306226849555969238e-01,9.400377422571182251e-02,8.432760238647460938e-01,2.203974686563014984e-02,-3.930044546723365784e-02,-2.424014210700988770e-01,9.691291451454162598e-01,-2.214409261941909790e-01,1.113983243703842163e-01,2.379904538393020630e-01,1.304292529821395874e-01,4.544037953019142151e-02,7.096781581640243530e-02,-1.271351277828216553e-01,-3.100424446165561676e-02,6.171574592590332031e-01,1.550681591033935547e-01,1.088255718350410461e-01,1.872110217809677124e-01,1.679317653179168701e-01,-1.179152652621269226e-01,-1.041861295700073242e+00,1.088107347488403320e+00,-1.523954719305038452e-01,6.798246502876281738e-02,0.000000000000000000e+00,-1.619580090045928955e-01,-6.422312855720520020e-01,7.366085797548294067e-02,-5.664458870887756348e-01,0.000000000000000000e+00
-1.281961798667907715e-01,9.760338068008422852e-02,8.430985808372497559e-01,2.186938375234603882e-02,-3.945620357990264893e-02,-2.611470222473144531e-01,9.642443656921386719e-01,-2.064970582723617554e-01,1.151545271277427673e-01,2.761441469192504883e-01,1.261495500802993774e-01,3.601890057325363159e-02,8.172405511140823364e-02,-1.275890916585922241e-01,-3.205211088061332703e-02,6.530825495719909668e-01,1.465927809476852417e-01,1.134230792522430420e-01,1.928921043872833252e-01,1.525055170059204102e-01,-1.259261369705200195e-01,-1.003603935241699219e+00,1.136664748191833496e+00,-1.287427693605422974e-01,-7.715902477502822876e-02,0.000000000000000000e+00,-1.531654149293899536e-01,-6.218468546867370605e-01,6.735891103744506836e-02,-5.610666871070861816e-01,0.000000000000000000e+00
-1.254186481237411499e-01,9.995805472135543823e-02,8.447085618972778320e-01,2.169070765376091003e-02,-3.831166774034500122e-02,-2.756357192993164062e-01,9.602534770965576172e-01,-1.994514614343643188e-01,1.186028793454170227e-01,3.043586015701293945e-01,1.277037560939788818e-01,2.848258614540100098e-02,8.476778119802474976e-02,-1.285960674285888672e-01,-3.409725800156593323e-02,6.766656041145324707e-01,1.370522528886795044e-01,1.180381625890731812e-01,2.056362032890319824e-01,1.397421509027481079e-01,-1.378225237131118774e-01,-9.478781223297119141e-01,1.201157927513122559e+00,-8.675650507211685181e-02,-1.552539616823196411e-01,0.000000000000000000e+00,-1.298171281814575195e-01,-6.111168265342712402e-01,5.708004161715507507e-02,-5.483937263488769531e-01,0.000000000000000000e+00
-1.221417263150215149e-01,1.027881950139999390e-01,8.469963073730468750e-01,2.063002064824104309e-02,-3.561284393072128296e-02,-2.848417460918426514e-01,9.576905965805053711e-01,-2.025994360446929932e-01,1.195081844925880432e-01,3.106238842010498047e-01,1.332855373620986938e-01,2.208249643445014954e-02,9.306907653808593750e-02,-1.305733621120452881e-01,-3.545321151614189148e-02,6.965000033378601074e-01,1.279592812061309814e-01,1.179082095623016357e-01,2.104894518852233887e-01,1.404722183942794800e-01,-1.548487246036529541e-01,-8.808608055114746094e-01,1.245996713638305664e+00,-3.169971704483032227e-02,-1.047858074307441711e-01,0.000000000000000000e+00,-1.026128157973289490e-01,-6.309831142425537109e-01,4.195557162165641785e-02,-5.526739954948425293e-01,0.000000000000000000e+00
-1.186176091432571411e-01,1.042837575078010559e-01,8.481253981590270996e-01,1.859879679977893829e-02,-3.478189930319786072e-02,-2.880007028579711914e-01,9.568175673484802246e-01,-2.018424570560455322e-01,1.209906116127967834e-01,3.110304474830627441e-01,1.384290009737014771e-01,1.951669901609420776e-02,1.020480319857597351e-01,-1.250831037759780884e-01,-3.736743703484535217e-02,6.991860270500183105e-01,1.199778988957405090e-01,1.198001205921173096e-01,2.106256186962127686e-01,1.399511843919754028e-01,-1.808170676231384277e-01,-8.645779490470886230e-01,1.275727152824401855e+00,-2.688888087868690491e-02,3.523219376802444458e-02,0.000000000000000000e+00,-8.075851947069168091e-02,-6.476560831069946289e-01,3.799512609839439392e-02,-5.578201413154602051e-01,0.000000000000000000e+00
-1.150322332978248596e-01,1.051804348826408386e-01,8.480823636054992676e-01,1.692880690097808838e-02,-3.323075175285339355e-02,-2.891046106815338135e-01,9.565708041191101074e-01,-2.036779373884201050e-01,1.228879019618034363e-01,3.092033863067626953e-01,1.434444487094879150e-01,1.907775364816188812e-02,1.032252982258796692e-01,-1.239908859133720398e-01,-3.705223649740219116e-02,6.981921792030334473e-01,1.191012710332870483e-01,1.217929422855377197e-01,2.121310830116271973e-01,1.367769986391067505e-01,-2.059407830238342285e-01,-8.912442326545715332e-01,1.283207893371582031e+00,-3.174474462866783142e-02,1.641414910554885864e-01,0.000000000000000000e+00,-6.979369372129440308e-02,-6.634460687637329102e-01,4.807696491479873657e-02,-5.685817599296569824e-01,0.000000000000000000e+00
-1.122438833117485046e-01,1.048330813646316528e-01,8.477458953857421875e-01,1.661655493080615997e-02,-3.234150260686874390e-02,-2.906223535537719727e-01,9.561467170715332031e-01,-1.995351910591125488e-01,1.242076754570007324e-01,3.187347054481506348e-01,1.419606059789657593e-01,1.984258368611335754e-02,1.003162711858749390e-01,-1.232228055596351624e-01,-3.611819446086883545e-02,7.010372877120971680e-01,1.202442422509193420e-01,1.243627592921257019e-01,2.122851014137268066e-01,1.232991367578506470e-01,-2.218964248895645142e-01,-9.156670570373535156e-01,1.280632019042968750e+00,-1.175404712557792664e-02,1.667936593294143677e-01,0.000000000000000000e+00,-6.000370904803276062e-02,-6.667362451553344727e-01,5.600198358297348022e-02,-5.740383267402648926e-01,0.000000000000000000e+00
-1.119293197989463806e-01,1.054489165544509888e-01,8.478075265884399414e-01,1.672496460378170013e-02,-3.161016106605529785e-02,-2.920972704887390137e-01,9.557197690010070801e-01,-1.998842060565948486e-01,1.236213445663452148e-01,3.220581412315368652e-01,1.400249153375625610e-01,2.012053504586219788e-02,9.753084927797317505e-02,-1.274402290582656860e-01,-3.467939794063568115e-02,7.057768106460571289e-01,1.233253553509712219e-01,1.253071874380111694e-01,2.121428102254867554e-01,1.108186841011047363e-01,-2.199785709381103516e-01,-9.301979541778564453e-01,1.266394972801208496e+00,6.488441955298185349e-03,1.341664046049118042e-01,0.000000000000000000e+00,-4.188936576247215271e-02,-6.785233616828918457e-01,5.458284914493560791e-02,-5.738884806632995605e-01,0.000000000000000000e+00
-1.126612946391105652e-01,1.063009575009346008e-01,8.490118980407714844e-01,1.734773069620132446e-02,-2.998906373977661133e-02,-2.911328077316284180e-01,9.560551047325134277e-01,-2.061884403228759766e-01,1.213805079460144043e-01,3.173283934593200684e-01,1.389735937118530273e-01,2.123525552451610565e-02,9.768386930227279663e-02,-1.336769759654998779e-01,-3.486030548810958862e-02,7.078545093536376953e-01,1.244082450866699219e-01,1.260015964508056641e-01,2.124971747398376465e-01,1.053659096360206604e-01,-2.091606408357620239e-01,-9.202775955200195312e-01,1.255386948585510254e+00,4.534843843430280685e-03,1.572312265634536743e-01,0.000000000000000000e+00,-1.304607558995485306e-02,-6.908182501792907715e-01,5.009554326534271240e-02,-5.681092143058776855e-01,0.000000000000000000e+00
-1.124283075332641602e-01,1.074422970414161682e-01,8.511608242988586426e-01,1.647171564400196075e-02,-2.520588040351867676e-02,-2.836346328258514404e-01,9.584595561027526855e-01,-2.275676578283309937e-01,1.198614388704299927e-01,2.903171479701995850e-01,1.455394625663757324e-01,2.055196650326251984e-02,9.427354484796524048e-02,-1.428011953830718994e-01,-3.402098640799522400e-02,6.970502734184265137e-01,1.244528293609619141e-01,1.194488555192947388e-01,2.098270654678344727e-01,1.170763149857521057e-01,-2.080024629831314087e-01,-9.006578326225280762e-01,1.250422716140747070e+00,-4.024467431008815765e-03,2.548524141311645508e-01,0.000000000000000000e+00,1.626938767731189728e-02,-7.213378548622131348e-01,4.064219444990158081e-02,-5.731123089790344238e-01,0.000000000000000000e+00
-1.120441779494285583e-01,1.067074313759803772e-01,8.520977497100830078e-01,1.558751892298460007e-02,-2.145824581384658813e-02,-2.717007100582122803e-01,9.620162844657897949e-01,-2.444712370634078979e-01,1.166560798883438110e-01,2.566916942596435547e-01,1.482707262039184570e-01,2.034991979598999023e-02,9.439264237880706787e-02,-1.452761888504028320e-01,-3.430664166808128357e-02,6.771393418312072754e-01,1.224902197718620300e-01,1.174166649580001831e-01,2.049260288476943970e-01,1.198384910821914673e-01,-2.117739915847778320e-01,-8.777657747268676758e-01,1.231448531150817871e+00,-1.182868517935276031e-02,3.040215075016021729e-01,0.000000000000000000e+00,3.333237022161483765e-02,-7.351826429367065430e-01,4.389908164739608765e-02,-5.874241590499877930e-01,0.000000000000000000e+00
-1.127260103821754456e-01,1.041463837027549744e-01,8.512104749679565430e-01,1.694142073392868042e-02,-2.044164016842842102e-02,-2.600005269050598145e-01,9.652433991432189941e-01,-2.513169348239898682e-01,1.122395396232604980e-01,2.399224340915679932e-01,1.456553786993026733e-01,2.314537391066551208e-02,8.521065860986709595e-02,-1.423417925834655762e-01,-3.881304711103439331e-02,6.539305448532104492e-01,1.192268207669258118e-01,1.197389811277389526e-01,1.997376680374145508e-01,1.000043228268623352e-01,-1.993537843227386475e-01,-8.608379960060119629e-01,1.177316188812255859e+00,-2.506177313625812531e-02,2.612745463848114014e-01,0.000000000000000000e+00,4.109612479805946350e-02,-7.112061977386474609e-01,5.907618626952171326e-02,-6.027348041534423828e-01,0.000000000000000000e+00
-1.154195368289947510e-01,1.016039103269577026e-01,8.500750064849853516e-01,1.892019994556903839e-02,-1.972899027168750763e-02,-2.458174079656600952e-01,9.689306616783142090e-01,-2.629778683185577393e-01,1.052259355783462524e-01,2.152417004108428955e-01,1.450302153825759888e-01,2.484397403895854950e-02,7.521384954452514648e-02,-1.409794986248016357e-01,-4.434850066900253296e-02,6.294022202491760254e-01,1.160010918974876404e-01,1.202260032296180725e-01,1.921665966510772705e-01,7.645639032125473022e-02,-1.660445481538772583e-01,-8.456724286079406738e-01,1.085894465446472168e+00,-4.393757507205009460e-02,1.708191931247711182e-01,0.000000000000000000e+00,3.856700658798217773e-02,-6.727760434150695801e-01,6.914007663726806641e-02,-6.207290887832641602e-01,0.000000000000000000e+00
-1.187218353152275085e-01,9.904710948467254639e-02,8.492946028709411621e-01,2.081698551774024963e-02,-1.780952885746955872e-02,-2.291261702775955200e-01,9.730111360549926758e-01,-2.837740778923034668e-01,9.739470481872558594e-02,1.802286058664321899e-01,1.518749594688415527e-01,2.259337715804576874e-02,6.672261655330657959e-02,-1.431612819433212280e-01,-4.979547858238220215e-02,5.984719395637512207e-01,1.137750744819641113e-01,1.178688555955886841e-01,1.873666793107986450e-01,5.865132063627243042e-02,-1.141988188028335571e-01,-8.183696866035461426e-01,9.503564238548278809e-01,-3.740045800805091858e-02,6.099826097488403320e-02,0.000000000000000000e+00,1.767297275364398956e-02,-6.236505508422851562e-01,6.641564518213272095e-02,-6.472790241241455078e-01,0.000000000000000000e+00
-1.206357330083847046e-01,9.554280340671539307e-02,8.487679958343505859e-01,2.342721447348594666e-02,-1.697574555873870850e-02,-2.104720175266265869e-01,9.771717190742492676e-01,-2.964879870414733887e-01,8.612805604934692383e-02,1.485652327537536621e-01,1.532998532056808472e-01,1.527005061507225037e-02,5.617021396756172180e-02,-1.383427828550338745e-01,-5.892964825034141541e-02,5.622746348381042480e-01,1.085604280233383179e-01,1.192614808678627014e-01,1.846171766519546509e-01,4.105440154671669006e-02,-5.736711248755455017e-02,-7.527696490287780762e-01,8.099033832550048828e-01,-3.266704827547073364e-02,-6.046711280941963196e-02,0.000000000000000000e+00,-3.054865822196006775e-02,-5.756466984748840332e-01,6.529682129621505737e-02,-6.800982356071472168e-01,0.000000000000000000e+00
-1.229563057422637939e-01,9.001687914133071899e-02,8.474397659301757812e-01,2.708267979323863983e-02,-1.985349133610725403e-02,-1.912160813808441162e-01,9.809733629226684570e-01,-2.992209494113922119e-01,7.428241521120071411e-02,1.204811930656433105e-01,1.550805121660232544e-01,1.168642472475767136e-02,4.962078854441642761e-02,-1.224461570382118225e-01,-6.955277174711227417e-02,5.241466164588928223e-01,1.021324098110198975e-01,1.227655932307243347e-01,1.777582913637161255e-01,1.518593449145555496e-02,-1.823180168867111206e-02,-6.484797000885009766e-01,7.284234762191772461e-01,-4.427130147814750671e-02,-1.786374002695083618e-01,0.000000000000000000e+00,-1.392822712659835815e-01,-5.364594459533691406e-01,8.157870918512344360e-02,-6.957599520683288574e-01,0.000000000000000000e+00
-1.241384595632553101e-01,8.395696431398391724e-02,8.462874889373779297e-01,3.286681324243545532e-02,-1.923704147338867188e-02,-1.695485264062881470e-01,9.847857952117919922e-01,-3.133388757705688477e-01,5.693904682993888855e-02,8.564849942922592163e-02,1.611775308847427368e-01,7.021483499556779861e-03,3.846018016338348389e-02,-1.180926337838172913e-01,-8.219797909259796143e-02,4.825999736785888672e-01,1.024057194590568542e-01,1.206854134798049927e-01,1.763457655906677246e-01,-1.313552446663379669e-02,1.904460787773132324e-02,-5.388111472129821777e-01,6.578571200370788574e-01,-5.990539118647575378e-02,-2.844844162464141846e-01,0.000000000000000000e+00,-2.729697525501251221e-01,-4.892040193080902100e-01,9.922564774751663208e-02,-7.015065550804138184e-01,0.000000000000000000e+00
-1.247567459940910339e-01,8.045811951160430908e-02,8.447281718254089355e-01,3.673342242836952209e-02,-1.945113949477672577e-02,-1.481005102396011353e-01,9.880984425544738770e-01,-3.245598375797271729e-01,3.908013924956321716e-02,5.258003249764442444e-02,1.665087789297103882e-01,5.553380120545625687e-03,3.321043774485588074e-02,-1.115548238158226013e-01,-9.355496615171432495e-02,4.423322677612304688e-01,1.039126887917518616e-01,1.258383542299270630e-01,1.651976555585861206e-01,-3.601645305752754211e-02,5.668250471353530884e-02,-4.360968470573425293e-01,5.824027061462402344e-01,-5.571575090289115906e-02,-3.531819283962249756e-01,0.000000000000000000e+00,-4.184735715389251709e-01,-4.720755815505981445e-01,8.444315940141677856e-02,-6.911467313766479492e-01,0.000000000000000000e+00
-1.247281208634376526e-01,7.830329984426498413e-02,8.444518446922302246e-01,3.918662667274475098e-02,-1.996212266385555267e-02,-1.254549026489257812e-01,9.911240935325622559e-01,-3.331856131553649902e-01,2.145559154450893402e-02,2.055385708808898926e-02,1.705448031425476074e-01,4.944762680679559708e-03,3.312082961201667786e-02,-1.012763828039169312e-01,-1.031277850270271301e-01,4.030803143978118896e-01,1.033655554056167603e-01,1.292091906070709229e-01,1.534182131290435791e-01,-5.076325684785842896e-02,9.536099433898925781e-02,-3.416294753551483154e-01,5.282788276672363281e-01,-7.305123656988143921e-02,-3.934792876243591309e-01,0.000000000000000000e+00,-5.554379224777221680e-01,-4.761143624782562256e-01,5.540554225444793701e-02,-6.751196980476379395e-01,0.000000000000000000e+00
-1.231113001704216003e-01,7.411835342645645142e-02,8.442996740341186523e-01,4.208359494805335999e-02,-1.907315291464328766e-02,-1.017579287290573120e-01,9.937356114387512207e-01,-3.420477807521820068e-01,4.918809048831462860e-03,-1.450330857187509537e-02,1.753364950418472290e-01,1.038668327964842319e-03,2.767072804272174835e-02,-9.073755145072937012e-02,-1.117427498102188110e-01,3.563641607761383057e-01,1.038450375199317932e-01,1.340249627828598022e-01,1.473675072193145752e-01,-6.710560619831085205e-02,1.235305815935134888e-01,-2.517651617527008057e-01,5.097684860229492188e-01,-6.778659671545028687e-02,-4.298695623874664307e-01,0.000000000000000000e+00,-6.883056163787841797e-01,-4.786707758903503418e-01,1.557649765163660049e-02,-6.613849401473999023e-01,0.000000000000000000e+00
-1.204149648547172546e-01,6.968882679939270020e-02,8.443604707717895508e-01,4.531341791152954102e-02,-1.868649385869503021e-02,-7.558964937925338745e-02,9.959335923194885254e-01,-3.460995554924011230e-01,-1.522368751466274261e-02,-5.459447950124740601e-02,1.771146953105926514e-01,-3.723011817783117294e-03,2.386661246418952942e-02,-7.443127781152725220e-02,-1.217600181698799133e-01,3.037345409393310547e-01,1.013470143079757690e-01,1.366699188947677612e-01,1.454805284738540649e-01,-8.164411038160324097e-02,1.491453200578689575e-01,-1.783324182033538818e-01,5.109375715255737305e-01,-4.707387834787368774e-02,-4.589186906814575195e-01,0.000000000000000000e+00,-8.103475570678710938e-01,-4.856339097023010254e-01,-3.499920666217803955e-02,-6.405453085899353027e-01,0.000000000000000000e+00
-1.174421608448028564e-01,6.521160155534744263e-02,8.450420498847961426e-01,4.694737121462821960e-02,-1.827056705951690674e-02,-5.099559202790260315e-02,9.974274635314941406e-01,-3.473744094371795654e-01,-3.065908700227737427e-02,-9.253326058387756348e-02,1.758827716112136841e-01,-3.694590879604220390e-03,1.624775119125843048e-02,-5.816415324807167053e-02,-1.253434568643569946e-01,2.554402053356170654e-01,9.970974922180175781e-02,1.389078795909881592e-01,1.453185379505157471e-01,-9.356025606393814087e-02,1.825821697711944580e-01,-1.340243518352508545e-01,5.250427126884460449e-01,-1.695890910923480988e-02,-4.828674793243408203e-01,0.000000000000000000e+00,-9.042711853981018066e-01,-5.263371467590332031e-01,-8.308316022157669067e-02,-6.114955544471740723e-01,0.000000000000000000e+00
-1.133616715669631958e-01,6.208316609263420105e-02,8.453572988510131836e-01,4.543082788586616516e-02,-1.863319799304008484e-02,-2.914227358996868134e-02,9.983684420585632324e-01,-3.427699804306030273e-01,-3.720402345061302185e-02,-1.223052218556404114e-01,1.704405844211578369e-01,3.995476290583610535e-03,5.821005906909704208e-03,-3.837127983570098877e-02,-1.230005845427513123e-01,2.047677934169769287e-01,9.627363830804824829e-02,1.501216143369674683e-01,1.408632993698120117e-01,-9.428104758262634277e-02,2.249191403388977051e-01,-1.145651862025260925e-01,5.251480340957641602e-01,9.153397753834724426e-03,-4.957678914070129395e-01,0.000000000000000000e+00,-9.733277559280395508e-01,-5.754839777946472168e-01,-1.056550219655036926e-01,-5.771485567092895508e-01,0.000000000000000000e+00
-1.097989231348037720e-01,5.753905698657035828e-02,8.456960916519165039e-01,4.672880098223686218e-02,-1.605725660920143127e-02,-4.094628617167472839e-03,9.987701773643493652e-01,-3.517679870128631592e-01,-5.209827050566673279e-02,-1.621104478836059570e-01,1.735663414001464844e-01,1.007594354450702667e-02,-8.921800181269645691e-03,-2.974170446395874023e-02,-1.239282488822937012e-01,1.608962565660476685e-01,9.740396589040756226e-02,1.572523564100265503e-01,1.360075920820236206e-01,-1.097125560045242310e-01,2.468458414077758789e-01,-1.023287698626518250e-01,5.607662796974182129e-01,3.943740949034690857e-02,-5.279190540313720703e-01,0.000000000000000000e+00,-1.047312021255493164e+00,-6.083591580390930176e-01,-1.314491778612136841e-01,-5.139537453651428223e-01,0.000000000000000000e+00
-1.050345227122306824e-01,5.483508855104446411e-02,8.464800119400024414e-01,4.509415850043296814e-02,-1.607334986329078674e-02,1.677223108708858490e-02,9.987125992774963379e-01,-3.464942574501037598e-01,-5.725592747330665588e-02,-1.895465403795242310e-01,1.675511300563812256e-01,1.487291697412729263e-02,-2.086441777646541595e-02,-1.131413038820028305e-02,-1.178825646638870239e-01,1.225026845932006836e-01,9.480787813663482666e-02,1.657207608222961426e-01,1.353078335523605347e-01,-1.119968369603157043e-01,2.805421948432922363e-01,-1.028520762920379639e-01,5.515042543411254883e-01,5.658442527055740356e-02,-5.364246964454650879e-01,0.000000000000000000e+00,-1.090502381324768066e+00,-6.542602181434631348e-01,-1.309766620397567749e-01,-4.541192352771759033e-01,0.000000000000000000e+00
-1.007670313119888306e-01,5.167890340089797974e-02,8.468961715698242188e-01,4.503863304853439331e-02,-1.538312528282403946e-02,3.696822375059127808e-02,9.981824755668640137e-01,-3.453487157821655273e-01,-6.516568362712860107e-02,-2.156649082899093628e-01,1.652406156063079834e-01,1.796745508909225464e-02,-3.258258104324340820e-02,1.377045176923274994e-03,-1.157895475625991821e-01,8.444828540086746216e-02,9.477615356445312500e-02,1.747678369283676147e-01,1.312132179737091064e-01,-1.220568045973777771e-01,3.064984679222106934e-01,-1.126307025551795959e-01,5.505091547966003418e-01,7.300989329814910889e-02,-5.486464500427246094e-01,0.000000000000000000e+00,-1.129468441009521484e+00,-6.985686421394348145e-01,-1.263784766197204590e-01,-3.772363364696502686e-01,0.000000000000000000e+00
-9.636712074279785156e-02,4.748939722776412964e-02,8.472923040390014648e-01,4.750135913491249084e-02,-1.237150002270936966e-02,5.756225436925888062e-02,9.971344470977783203e-01,-3.516404926776885986e-01,-8.074303716421127319e-02,-2.503274381160736084e-01,1.685024499893188477e-01,1.697544939815998077e-02,-4.187959060072898865e-02,7.154508493840694427e-03,-1.175061538815498352e-01,4.932084307074546814e-02,9.622383862733840942e-02,1.803866326808929443e-01,1.279504001140594482e-01,-1.437687575817108154e-01,3.234190940856933594e-01,-1.212020143866539001e-01,5.682896375656127930e-01,9.207070618867874146e-02,-5.682668089866638184e-01,0.000000000000000000e+00,-1.178210616111755371e+00,-7.351174354553222656e-01,-1.253813356161117554e-01,-2.604597508907318115e-01,0.000000000000000000e+00
-9.182570129632949829e-02,4.413734003901481628e-02,8.479606509208679199e-01,4.865898936986923218e-02,-1.079985126852989197e-02,7.328204065561294556e-02,9.960649609565734863e-01,-3.524461686611175537e-01,-8.926026523113250732e-02,-2.720677256584167480e-01,1.688373982906341553e-01,2.552923560142517090e-02,-5.366813018918037415e-02,1.472453679889440536e-02,-1.161317452788352966e-01,2.051079273223876953e-02,9.772080183029174805e-02,1.894307434558868408e-01,1.238937154412269592e-01,-1.630351841449737549e-01,3.424043953418731689e-01,-1.286185681819915771e-01,5.693360567092895508e-01,9.380469471216201782e-02,-5.840601921081542969e-01,0.000000000000000000e+00,-1.215253233909606934e+00,-7.619556784629821777e-01,-9.788113832473754883e-02,-1.278208643198013306e-01,0.000000000000000000e+00
-8.836442232131958008e-02,3.920734301209449768e-02,8.478372097015380859e-01,5.120372772216796875e-02,-1.052262168377637863e-02,8.544860035181045532e-02,9.949703216552734375e-01,-3.501492142677307129e-01,-9.610861539840698242e-02,-2.878255844116210938e-01,1.680194586515426636e-01,3.709125891327857971e-02,-6.768471747636795044e-02,2.087338082492351532e-02,-1.149190962314605713e-01,2.330464543774724007e-03,1.014719009399414062e-01,1.936733573675155640e-01,1.166448220610618591e-01,-1.837336868047714233e-01,3.742100298404693604e-01,-1.567182838916778564e-01,5.777574181556701660e-01,8.988384902477264404e-02,-5.868124365806579590e-01,0.000000000000000000e+00,-1.245787024497985840e+00,-7.937023043632507324e-01,-6.077630817890167236e-02,2.379583194851875305e-02,0.000000000000000000e+00
-8.326413482427597046e-02,3.862107172608375549e-02,8.483488559722900391e-01,5.017873644828796387e-02,-8.968932554125785828e-03,9.557506442070007324e-02,9.941162467002868652e-01,-3.473441600799560547e-01,-9.991237521171569824e-02,-3.077044188976287842e-01,1.654525548219680786e-01,4.053835943341255188e-02,-7.924636453390121460e-02,2.749104984104633331e-02,-1.104931756854057312e-01,-1.135193835943937302e-02,1.022199094295501709e-01,1.994932591915130615e-01,1.161641255021095276e-01,-1.954107582569122314e-01,3.928706347942352295e-01,-1.613830775022506714e-01,5.697016716003417969e-01,8.694951236248016357e-02,-5.995148420333862305e-01,0.000000000000000000e+00,-1.280729055404663086e+00,-8.319576978683471680e-01,-9.860969148576259613e-03,1.794561147689819336e-01,0.000000000000000000e+00
-7.984635233879089355e-02,3.570892289280891418e-02,8.488534688949584961e-01,5.362742394208908081e-02,-7.594750728458166122e-03,1.049780696630477905e-01,9.929984807968139648e-01,-3.479999601840972900e-01,-1.112864166498184204e-01,-3.223348855972290039e-01,1.672695726156234741e-01,4.517538845539093018e-02,-8.017464727163314819e-02,2.936225198209285736e-02,-1.149049773812294006e-01,-2.747658640146255493e-02,1.073783934116363525e-01,2.024433165788650513e-01,1.101784780621528625e-01,-2.162765562534332275e-01,4.060267508029937744e-01,-1.762376725673675537e-01,5.761312842369079590e-01,9.027419239282608032e-02,-5.983916521072387695e-01,0.000000000000000000e+00,-1.346498608589172363e+00,-7.953978776931762695e-01,3.540982725098729134e-04,4.000381231307983398e-01,0.000000000000000000e+00
-7.575525343418121338e-02,3.507148474454879761e-02,8.496536016464233398e-01,5.181430652737617493e-02,-8.766917511820793152e-03,1.119273751974105835e-01,9.923259019851684570e-01,-3.379873037338256836e-01,-1.086659207940101624e-01,-3.319000303745269775e-01,1.607191413640975952e-01,5.460884422063827515e-02,-8.545348793268203735e-02,4.328750446438789368e-02,-1.083910316228866577e-01,-4.553837329149246216e-02,1.026050969958305359e-01,2.119554579257965088e-01,1.066163256764411926e-01,-2.191224694252014160e-01,4.297663867473602295e-01,-1.873971074819564819e-01,5.588733553886413574e-01,8.691745251417160034e-02,-5.922004580497741699e-01,0.000000000000000000e+00,-1.329101324081420898e+00,-8.253638148307800293e-01,3.444847464561462402e-02,4.737876057624816895e-01,0.000000000000000000e+00
-7.177358865737915039e-02,3.369317576289176941e-02,8.502820134162902832e-01,5.228617787361145020e-02,-6.719450466334819794e-03,1.201196387410163879e-01,9.913588166236877441e-01,-3.374705314636230469e-01,-1.120427772402763367e-01,-3.411004543304443359e-01,1.571106016635894775e-01,5.979420989751815796e-02,-8.806718140840530396e-02,4.797619208693504333e-02,-1.060592532157897949e-01,-5.914086475968360901e-02,9.983023256063461304e-02,2.164774686098098755e-01,1.077487915754318237e-01,-2.273195534944534302e-01,4.512442350387573242e-01,-2.036244571208953857e-01,5.614976882934570312e-01,9.390448033809661865e-02,-5.944676995277404785e-01,0.000000000000000000e+00,-1.296310544013977051e+00,-8.641231656074523926e-01,2.561978064477443695e-02,4.561703205108642578e-01,0.000000000000000000e+00
-6.873493641614913940e-02,3.364543989300727844e-02,8.496367335319519043e-01,5.211717635393142700e-02,-3.672818653285503387e-03,1.291711181402206421e-01,9.902449846267700195e-01,-3.413410782814025879e-01,-1.177890375256538391e-01,-3.545212149620056152e-01,1.548389643430709839e-01,6.631921976804733276e-02,-8.844244480133056641e-02,4.933808371424674988e-02,-1.063273996114730835e-01,-7.816685736179351807e-02,9.750383347272872925e-02,2.258553802967071533e-01,1.089429706335067749e-01,-2.240823060274124146e-01,4.639551341533660889e-01,-2.091914564371109009e-01,5.509067773818969727e-01,1.019565686583518982e-01,-5.949462056159973145e-01,0.000000000000000000e+00,-1.249731183052062988e+00,-9.043368101119995117e-01,-5.300357588566839695e-04,3.594464361667633057e-01,0.000000000000000000e+00
-6.586728245019912720e-02,3.261652588844299316e-02,8.493016958236694336e-01,5.293744057416915894e-02,2.658909186720848083e-03,1.419202387332916260e-01,9.884579777717590332e-01,-3.584005534648895264e-01,-1.328895390033721924e-01,-3.821608126163482666e-01,1.630535721778869629e-01,6.719670444726943970e-02,-8.845656365156173706e-02,4.086179658770561218e-02,-1.077479943633079529e-01,-9.257195889949798584e-02,9.855163097381591797e-02,2.285910546779632568e-01,1.100441664457321167e-01,-2.284273207187652588e-01,4.599379599094390869e-01,-2.061859816312789917e-01,5.528875589370727539e-01,1.181027144193649292e-01,-6.041574478149414062e-01,0.000000000000000000e+00,-1.169647455215454102e+00,-9.731340408325195312e-01,-5.838141962885856628e-02,1.870706677436828613e-01,0.000000000000000000e+00
-6.260264664888381958e-02,3.569822385907173157e-02,8.484997749328613281e-01,4.948110133409500122e-02,4.713195376098155975e-03,1.500284820795059204e-01,9.874314665794372559e-01,-3.616598546504974365e-01,-1.357879787683486938e-01,-3.955501317977905273e-01,1.650504469871520996e-01,7.047115266323089600e-02,-8.244998008012771606e-02,4.623974487185478210e-02,-1.035781055688858032e-01,-1.105343252420425415e-01,9.411425143480300903e-02,2.321035563945770264e-01,1.057485267519950867e-01,-2.043670564889907837e-01,4.685547947883605957e-01,-1.893113851547241211e-01,5.171601176261901855e-01,1.227629333734512329e-01,-5.992133021354675293e-01,0.000000000000000000e+00,-1.120998144149780273e+00,-9.967323541641235352e-01,-1.000446826219558716e-01,5.214875936508178711e-02,0.000000000000000000e+00
-5.912870913743972778e-02,3.842879459261894226e-02,8.482671380043029785e-01,4.713346809148788452e-02,7.790639530867338181e-03,1.551980078220367432e-01,9.867275953292846680e-01,-3.612317740917205811e-01,-1.390580534934997559e-01,-4.114213287830352783e-01,1.593827903270721436e-01,7.624369114637374878e-02,-7.111898064613342285e-02,4.732864722609519958e-02,-1.010850369930267334e-01,-1.175286620855331421e-01,9.096806496381759644e-02,2.353591024875640869e-01,1.049811989068984985e-01,-1.893090456724166870e-01,4.725967049598693848e-01,-1.633461713790893555e-01,4.897707998752593994e-01,1.244658529758453369e-01,-6.034507751464843750e-01,0.000000000000000000e+00,-1.097509503364562988e+00,-1.005337357521057129e+00,-1.512152105569839478e-01,-6.225557625293731689e-02,0.000000000000000000e+00
-5.500780418515205383e-02,4.059483855962753296e-02,8.485034108161926270e-01,4.504789784550666809e-02,1.107971742749214172e-02,1.593075394630432129e-01,9.861384630203247070e-01,-3.661908507347106934e-01,-1.417674571275711060e-01,-4.179560840129852295e-01,1.637798696756362915e-01,7.898630946874618530e-02,-7.221595942974090576e-02,4.699153080582618713e-02,-9.837223589420318604e-02,-1.236699745059013367e-01,9.003660827875137329e-02,2.339304536581039429e-01,1.016411334276199341e-01,-1.826888322830200195e-01,4.797109961509704590e-01,-1.484374403953552246e-01,4.911363422870635986e-01,1.426794826984405518e-01,-6.040935516357421875e-01,0.000000000000000000e+00,-1.086758494377136230e+00,-1.015179038047790527e+00,-2.013615816831588745e-01,-1.235802769660949707e-01,0.000000000000000000e+00
-5.065853148698806763e-02,4.244083166122436523e-02,8.488896489143371582e-01,4.421482607722282410e-02,1.471459027379751205e-02,1.609275043010711670e-01,9.858655333518981934e-01,-3.737280070781707764e-01,-1.449646949768066406e-01,-4.201292991638183594e-01,1.723630130290985107e-01,7.846566289663314819e-02,-7.639842480421066284e-02,4.585966840386390686e-02,-9.790109097957611084e-02,-1.233713105320930481e-01,8.853152394294738770e-02,2.316532880067825317e-01,9.673213213682174683e-02,-1.850432008504867554e-01,4.828305244445800781e-01,-1.325168460607528687e-01,4.970552027225494385e-01,1.480147242546081543e-01,-6.080957651138305664e-01,0.000000000000000000e+00,-1.103452086448669434e+00,-1.011276245117187500e+00,-2.308621704578399658e-01,-1.107901632785797119e-01,0.000000000000000000e+00
-4.711485654115676880e-02,4.197322204709053040e-02,8.493399024009704590e-01,4.691005498170852661e-02,2.002914249897003174e-02,1.599859446287155151e-01,9.858005642890930176e-01,-3.888026177883148193e-01,-1.537117660045623779e-01,-4.167182743549346924e-01,1.886207461357116699e-01,7.391251623630523682e-02,-8.301832526922225952e-02,3.356083482503890991e-02,-1.040117666125297546e-01,-1.127051413059234619e-01,9.513147175312042236e-02,2.256276011466979980e-01,9.043084084987640381e-02,-2.072672694921493530e-01,4.798744022846221924e-01,-1.277815252542495728e-01,5.300872921943664551e-01,1.508802622556686401e-01,-6.199375987052917480e-01,0.000000000000000000e+00,-1.159025669097900391e+00,-9.913113713264465332e-01,-2.292790710926055908e-01,5.355371627956628799e-03,0.000000000000000000e+00
-4.425953328609466553e-02,4.118387773633003235e-02,8.501555323600769043e-01,4.949916899204254150e-02,2.371520362794399261e-02,1.568835824728012085e-01,9.860907196998596191e-01,-3.944071233272552490e-01,-1.569944322109222412e-01,-4.101275801658630371e-01,1.929590106010437012e-01,7.203709334135055542e-02,-9.095013886690139771e-02,2.560734376311302185e-02,-1.089111864566802979e-01,-9.866458922624588013e-02,9.829938411712646484e-02,2.230383455753326416e-01,8.715860545635223389e-02,-2.341171652078628540e-01,4.691015481948852539e-01,-1.266735792160034180e-01,5.639907717704772949e-01,1.436080485582351685e-01,-6.311264038085937500e-01,0.000000000000000000e+00,-1.243907690048217773e+00,-9.613969326019287109e-01,-2.107495814561843872e-01,2.147823274135589600e-01,0.000000000000000000e+00
-4.236584156751632690e-02,3.833618387579917908e-02,8.518607616424560547e-01,5.412993207573890686e-02,2.527679875493049622e-02,1.549918651580810547e-01,9.861077666282653809e-01,-3.950197100639343262e-01,-1.618584692478179932e-01,-4.032926559448242188e-01,1.946809589862823486e-01,7.015166431665420532e-02,-9.403859078884124756e-02,2.461831644177436829e-02,-1.153756007552146912e-01,-9.069781750440597534e-02,9.780078381299972534e-02,2.235546559095382690e-01,8.096136897802352905e-02,-2.695668935775756836e-01,4.559422731399536133e-01,-1.383485943078994751e-01,6.185283660888671875e-01,1.401482969522476196e-01,-6.406921148300170898e-01,0.000000000000000000e+00,-1.274114251136779785e+00,-9.562164545059204102e-01,-1.881607472896575928e-01,4.018307328224182129e-01,0.000000000000000000e+00
-4.177969694137573242e-02,4.042445868253707886e-02,8.524723052978515625e-01,5.179258063435554504e-02,2.273225784301757812e-02,1.489512920379638672e-01,9.872255325317382812e-01,-3.847663402557373047e-01,-1.506768763065338135e-01,-3.903017342090606689e-01,1.879279017448425293e-01,7.186861336231231689e-02,-9.466638416051864624e-02,3.350985422730445862e-02,-1.122260093688964844e-01,-8.635178208351135254e-02,9.240503609180450439e-02,2.306262254714965820e-01,8.120490610599517822e-02,-2.621041536331176758e-01,4.586521387100219727e-01,-1.477319002151489258e-01,6.250131726264953613e-01,1.225742250680923462e-01,-6.477798819541931152e-01,0.000000000000000000e+00,-1.255667686462402344e+00,-9.538580775260925293e-01,-1.465816050767898560e-01,4.239985048770904541e-01,0.000000000000000000e+00
-4.259622097015380859e-02,4.250154271721839905e-02,8.519163131713867188e-01,5.034888535737991333e-02,2.200723625719547272e-02,1.440437436103820801e-01,9.880445599555969238e-01,-3.828967511653900146e-01,-1.457047611474990845e-01,-3.795422315597534180e-01,1.860250085592269897e-01,7.233022153377532959e-02,-9.113929420709609985e-02,3.318170085549354553e-02,-1.126937791705131531e-01,-7.713665813207626343e-02,9.121716767549514771e-02,2.375622242689132690e-01,8.799871802330017090e-02,-2.490465939044952393e-01,4.507237374782562256e-01,-1.565398275852203369e-01,6.237625479698181152e-01,1.144647598266601562e-01,-6.562860608100891113e-01,0.000000000000000000e+00,-1.233771562576293945e+00,-9.275088310241699219e-01,-1.302487701177597046e-01,3.720791041851043701e-01,0.000000000000000000e+00
-4.473895952105522156e-02,4.518459364771842957e-02,8.509057164192199707e-01,4.846607148647308350e-02,2.137682214379310608e-02,1.384225636720657349e-01,9.889556169509887695e-01,-3.834628462791442871e-01,-1.420592069625854492e-01,-3.720678687095642090e-01,1.854930669069290161e-01,7.129738479852676392e-02,-8.314935863018035889e-02,2.930616401135921478e-02,-1.131357625126838684e-01,-6.087926030158996582e-02,9.183654189109802246e-02,2.462456375360488892e-01,9.419970214366912842e-02,-2.291096448898315430e-01,4.296399652957916260e-01,-1.561470180749893188e-01,6.078505516052246094e-01,1.056224182248115540e-01,-6.633362770080566406e-01,0.000000000000000000e+00,-1.195724844932556152e+00,-8.853052258491516113e-01,-1.019396185874938965e-01,2.726098001003265381e-01,0.000000000000000000e+00
-4.738526046276092529e-02,4.683530703186988831e-02,8.503999114036560059e-01,4.757390171289443970e-02,2.051763236522674561e-02,1.297695487737655640e-01,9.901896715164184570e-01,-3.834314048290252686e-01,-1.370195597410202026e-01,-3.600879013538360596e-01,1.839888393878936768e-01,7.277289032936096191e-02,-7.696463167667388916e-02,2.164718136191368103e-02,-1.150190085172653198e-01,-3.996870666742324829e-02,9.577910602092742920e-02,2.514050602912902832e-01,9.805551171302795410e-02,-2.166009247303009033e-01,4.067045152187347412e-01,-1.548373997211456299e-01,6.020218729972839355e-01,1.059914752840995789e-01,-6.688314676284790039e-01,0.000000000000000000e+00,-1.118071556091308594e+00,-8.585044741630554199e-01,-7.590915262699127197e-02,1.519078016281127930e-01,0.000000000000000000e+00
-5.094322189688682556e-02,5.064192786812782288e-02,8.496708869934082031e-01,4.565497115254402161e-02,1.848283223807811737e-02,1.163657680153846741e-01,9.919843673706054688e-01,-3.813059329986572266e-01,-1.289295405149459839e-01,-3.417786061763763428e-01,1.830546706914901733e-01,7.152746617794036865e-02,-6.453272700309753418e-02,1.034153252840042114e-02,-1.178131327033042908e-01,-1.454451493918895721e-02,1.052286848425865173e-01,2.563779652118682861e-01,1.026976555585861206e-01,-1.919466257095336914e-01,3.899224102497100830e-01,-1.589178144931793213e-01,5.770742297172546387e-01,9.701975435018539429e-02,-6.741805076599121094e-01,0.000000000000000000e+00,-1.037737727165222168e+00,-7.929354310035705566e-01,-5.195426940917968750e-02,3.237320110201835632e-02,0.000000000000000000e+00
-5.474483594298362732e-02,5.305959284305572510e-02,8.495720624923706055e-01,4.483736306428909302e-02,1.663596555590629578e-02,1.018123030662536621e-01,9.936534166336059570e-01,-3.840596973896026611e-01,-1.234591975808143616e-01,-3.253370523452758789e-01,1.916821002960205078e-01,6.186646968126296997e-02,-4.642195254564285278e-02,-4.031110089272260666e-03,-1.197556480765342712e-01,1.679640449583530426e-02,1.165014728903770447e-01,2.560474574565887451e-01,1.074655726552009583e-01,-1.798764616250991821e-01,3.638068139553070068e-01,-1.742033660411834717e-01,5.779096484184265137e-01,9.711578488349914551e-02,-6.852619051933288574e-01,0.000000000000000000e+00,-9.308582544326782227e-01,-7.246584296226501465e-01,-4.361438006162643433e-02,-9.299635887145996094e-02,0.000000000000000000e+00
-5.817287787795066833e-02,5.710855498909950256e-02,8.494002819061279297e-01,4.173594340682029724e-02,1.295915991067886353e-02,8.366855978965759277e-02,9.955348968505859375e-01,-3.755203783512115479e-01,-1.075287163257598877e-01,-2.985377609729766846e-01,1.872193813323974609e-01,5.878015980124473572e-02,-3.436167165637016296e-02,-7.880538702011108398e-03,-1.187550425529479980e-01,3.910756856203079224e-02,1.175381392240524292e-01,2.571040093898773193e-01,1.125065460801124573e-01,-1.566465348005294800e-01,3.467988073825836182e-01,-2.051344066858291626e-01,5.565316677093505859e-01,8.026392757892608643e-02,-6.978940367698669434e-01,0.000000000000000000e+00,-8.210638761520385742e-01,-6.673097610473632812e-01,-2.218694798648357391e-02,-1.696422696113586426e-01,0.000000000000000000e+00
-6.186168640851974487e-02,6.043258681893348694e-02,8.489490747451782227e-01,3.978171944618225098e-02,9.940609335899353027e-03,6.511209905147552490e-02,9.970350861549377441e-01,-3.693805932998657227e-01,-9.402740746736526489e-02,-2.717774510383605957e-01,1.846088618040084839e-01,5.559289082884788513e-02,-2.070162259042263031e-02,-1.342394482344388962e-02,-1.184922307729721069e-01,6.871408224105834961e-02,1.177641525864601135e-01,2.588102817535400391e-01,1.150700002908706665e-01,-1.387983113527297974e-01,3.277120888233184814e-01,-2.595882117748260498e-01,5.504659414291381836e-01,6.331731379032135010e-02,-7.178280949592590332e-01,0.000000000000000000e+00,-7.012249827384948730e-01,-6.103376150131225586e-01,4.520740825682878494e-03,-2.325849533081054688e-01,0.000000000000000000e+00
-6.548633426427841187e-02,6.405100971460342407e-02,8.484592437744140625e-01,3.760351985692977905e-02,7.700004149228334427e-03,4.626505449414253235e-02,9.981914758682250977e-01,-3.645998239517211914e-01,-8.008059859275817871e-02,-2.405823767185211182e-01,1.819990277290344238e-01,5.073025077581405640e-02,-1.318965852260589600e-02,-2.115181088447570801e-02,-1.183346733450889587e-01,9.950695931911468506e-02,1.175986379384994507e-01,2.547212243080139160e-01,1.200229227542877197e-01,-1.198288425803184509e-01,3.040329217910766602e-01,-3.268075287342071533e-01,5.363892316818237305e-01,4.065090790390968323e-02,-7.364217638969421387e-01,0.000000000000000000e+00,-5.766953825950622559e-01,-5.582568049430847168e-01,4.024929553270339966e-02,-2.768374383449554443e-01,0.000000000000000000e+00
-6.812351197004318237e-02,6.845486909151077271e-02,8.480401039123535156e-01,3.488690033555030823e-02,5.572815425693988800e-03,2.611556090414524078e-02,9.990344643592834473e-01,-3.573283553123474121e-01,-6.606704741716384888e-02,-2.113600075244903564e-01,1.782032996416091919e-01,3.806560859084129333e-02,-2.136963186785578728e-03,-2.727760933339595795e-02,-1.166974902153015137e-01,1.323615908622741699e-01,1.165538281202316284e-01,2.497988045215606689e-01,1.240923479199409485e-01,-9.899958223104476929e-02,2.799860537052154541e-01,-4.070766866207122803e-01,5.284964442253112793e-01,1.602185703814029694e-02,-7.515546083450317383e-01,0.000000000000000000e+00,-4.528391659259796143e-01,-5.250967144966125488e-01,7.868299633264541626e-02,-3.101767003536224365e-01,0.000000000000000000e+00
-7.130565494298934937e-02,7.245022803544998169e-02,8.473444581031799316e-01,3.232108429074287415e-02,2.852989826351404190e-03,4.810742102563381195e-03,9.994618892669677734e-01,-3.504373431205749512e-01,-5.045383051037788391e-02,-1.783533990383148193e-01,1.766448765993118286e-01,3.286795690655708313e-02,5.376088432967662811e-03,-3.206390142440795898e-02,-1.146453395485877991e-01,1.658905297517776489e-01,1.140451803803443909e-01,2.433644980192184448e-01,1.266239732503890991e-01,-8.005179464817047119e-02,2.493061274290084839e-01,-4.946387410163879395e-01,5.244605541229248047e-01,1.210247445851564407e-02,-7.567396759986877441e-01,0.000000000000000000e+00,-3.421854674816131592e-01,-5.040535926818847656e-01,1.051508560776710510e-01,-3.268477320671081543e-01,0.000000000000000000e+00
-7.264664024114608765e-02,7.682321965694427490e-02,8.467116355895996094e-01,2.940773777663707733e-02,1.651500351727008820e-03,-1.731639727950096130e-02,9.994161128997802734e-01,-3.442403376102447510e-01,-3.433915972709655762e-02,-1.439542621374130249e-01,1.749635636806488037e-01,2.860993333160877228e-02,9.973986074328422546e-03,-3.798908367753028870e-02,-1.114104464650154114e-01,2.003122121095657349e-01,1.104546710848808289e-01,2.363613545894622803e-01,1.286714524030685425e-01,-6.070774421095848083e-02,2.244827598333358765e-01,-5.879682302474975586e-01,5.211951732635498047e-01,2.032766304910182953e-02,-7.523515224456787109e-01,0.000000000000000000e+00,-2.303012609481811523e-01,-4.983997642993927002e-01,1.095706373453140259e-01,-3.467641174793243408e-01,0.000000000000000000e+00
-7.343652844429016113e-02,8.024789392948150635e-02,8.464835882186889648e-01,2.643909305334091187e-02,1.739320432534441352e-04,-3.888442739844322205e-02,9.988938570022583008e-01,-3.376636207103729248e-01,-1.751902699470520020e-02,-1.095827296376228333e-01,1.754448711872100830e-01,2.439605444669723511e-02,1.836812309920787811e-02,-4.178662970662117004e-02,-1.069609299302101135e-01,2.320892363786697388e-01,1.060894206166267395e-01,2.289436012506484985e-01,1.325386762619018555e-01,-4.256547242403030396e-02,1.966369450092315674e-01,-6.764286160469055176e-01,5.207575559616088867e-01,3.347633406519889832e-02,-7.357092499732971191e-01,0.000000000000000000e+00,-1.304734796285629272e-01,-4.963941872119903564e-01,1.031661108136177063e-01,-3.633938431739807129e-01,0.000000000000000000e+00
-7.423368841409683228e-02,8.409471809864044189e-02,8.467233180999755859e-01,2.301382459700107574e-02,1.782244216883555055e-04,-5.999185889959335327e-02,9.979335069656372070e-01,-3.386223018169403076e-01,-1.757634687237441540e-03,-7.844553142786026001e-02,1.816846728324890137e-01,1.778762787580490112e-02,2.364855259656906128e-02,-5.392708629369735718e-02,-1.008401215076446533e-01,2.694495618343353271e-01,1.085164472460746765e-01,2.177515327930450439e-01,1.418687552213668823e-01,-2.207308821380138397e-02,1.751089245080947876e-01,-7.686642408370971680e-01,5.243173837661743164e-01,6.957913190126419067e-02,-7.008688449859619141e-01,0.000000000000000000e+00,-3.321909159421920776e-02,-5.202886462211608887e-01,7.869800925254821777e-02,-3.854919075965881348e-01,0.000000000000000000e+00
-7.388076186180114746e-02,8.497110754251480103e-02,8.471967577934265137e-01,2.197666279971599579e-02,-2.251712139695882797e-03,-8.043820410966873169e-02,9.965147376060485840e-01,-3.234860301017761230e-01,1.473340578377246857e-02,-4.263612627983093262e-02,1.779984384775161743e-01,1.503839157521724701e-02,2.389060333371162415e-02,-5.159914121031761169e-02,-9.789631515741348267e-02,2.996974885463714600e-01,1.023412346839904785e-01,2.149253487586975098e-01,1.465065777301788330e-01,-1.248439308255910873e-02,1.486791670322418213e-01,-8.329981565475463867e-01,5.546672940254211426e-01,9.992016106843948364e-02,-6.821198463439941406e-01,0.000000000000000000e+00,2.350849471986293793e-02,-5.330496430397033691e-01,6.923994421958923340e-02,-3.881972134113311768e-01,0.000000000000000000e+00
-7.341264188289642334e-02,8.690232783555984497e-02,8.474460244178771973e-01,2.107397653162479401e-02,-3.153262892737984657e-03,-1.010935679078102112e-01,9.946486949920654297e-01,-3.141464293003082275e-01,2.642502263188362122e-02,-1.264549139887094498e-02,1.768766939640045166e-01,1.113978493958711624e-02,3.178541362285614014e-02,-5.660678818821907043e-02,-9.572314471006393433e-02,3.356503546237945557e-01,1.000188365578651428e-01,2.102027386426925659e-01,1.568731218576431274e-01,-2.389352070167660713e-03,1.262001544237136841e-01,-8.964152336120605469e-01,5.843791365623474121e-01,1.289612650871276855e-01,-6.610062122344970703e-01,0.000000000000000000e+00,6.840640306472778320e-02,-5.607600808143615723e-01,5.898267403244972229e-02,-3.962863385677337646e-01,0.000000000000000000e+00
-7.328618317842483521e-02,9.009001404047012329e-02,8.481330871582031250e-01,1.739270798861980438e-02,-7.150211604312062263e-04,-1.212326735258102417e-01,9.924714565277099609e-01,-3.170827031135559082e-01,4.204462841153144836e-02,1.847474277019500732e-02,1.786340177059173584e-01,8.555099368095397949e-03,3.024245053529739380e-02,-7.312910258769989014e-02,-8.634688705205917358e-02,3.809214830398559570e-01,1.030448004603385925e-01,2.073142230510711670e-01,1.598638147115707397e-01,2.168011665344238281e-02,1.024504080414772034e-01,-9.589477777481079102e-01,6.104494929313659668e-01,1.422711014747619629e-01,-6.281192898750305176e-01,0.000000000000000000e+00,1.033841669559478760e-01,-6.222158670425415039e-01,3.967026248574256897e-02,-4.241176545619964600e-01,0.000000000000000000e+00
-7.272891700267791748e-02,9.068113565444946289e-02,8.487704992294311523e-01,1.768281683325767517e-02,-5.143919843249022961e-04,-1.398723721504211426e-01,9.900115132331848145e-01,-3.069499731063842773e-01,5.177123844623565674e-02,5.248889699578285217e-02,1.725527197122573853e-01,7.177399005740880966e-03,3.851979598402976990e-02,-7.898443937301635742e-02,-8.548808842897415161e-02,4.101099967956542969e-01,9.884140640497207642e-02,2.028280198574066162e-01,1.726478040218353271e-01,3.118450194597244263e-02,8.260285109281539917e-02,-1.002095103263854980e+00,6.531362533569335938e-01,1.456421166658401489e-01,-5.999408960342407227e-01,0.000000000000000000e+00,1.117309927940368652e-01,-6.391878724098205566e-01,1.856077462434768677e-02,-4.371358156204223633e-01,0.000000000000000000e+00
-7.250594347715377808e-02,9.146989136934280396e-02,8.495106697082519531e-01,1.729179732501506805e-02,1.941693190019577742e-04,-1.560337543487548828e-01,9.876003265380859375e-01,-3.009473383426666260e-01,6.063120812177658081e-02,7.764536887407302856e-02,1.703799813985824585e-01,1.705347746610641479e-02,4.024611786007881165e-02,-8.726253360509872437e-02,-8.216915279626846313e-02,4.387075901031494141e-01,9.765446186065673828e-02,2.019845396280288696e-01,1.772900968790054321e-01,4.577621817588806152e-02,5.969587713479995728e-02,-1.036216497421264648e+00,6.939884424209594727e-01,1.472772657871246338e-01,-5.649627447128295898e-01,0.000000000000000000e+00,1.108040139079093933e-01,-6.575487852096557617e-01,4.548958968371152878e-03,-4.514403641223907471e-01,0.000000000000000000e+00
-7.269668579101562500e-02,9.196340292692184448e-02,8.506401777267456055e-01,1.713916100561618805e-02,1.417726627551019192e-03,-1.701775640249252319e-01,9.852633476257324219e-01,-2.976737916469573975e-01,6.865846365690231323e-02,9.927682578563690186e-02,1.669171601533889771e-01,2.072193659842014313e-02,4.038830101490020752e-02,-9.833099693059921265e-02,-7.780199497938156128e-02,4.630398452281951904e-01,9.956922382116317749e-02,2.013504803180694580e-01,1.816509813070297241e-01,6.096140295267105103e-02,3.596898540854454041e-02,-1.062272667884826660e+00,7.312559485435485840e-01,1.422581970691680908e-01,-5.172709822654724121e-01,0.000000000000000000e+00,1.069333329796791077e-01,-6.667981147766113281e-01,-4.831744357943534851e-03,-4.653865396976470947e-01,0.000000000000000000e+00
-7.378730177879333496e-02,9.368886053562164307e-02,8.518326282501220703e-01,1.541700214147567749e-02,3.899214556440711021e-03,-1.810698807239532471e-01,9.833416342735290527e-01,-3.021701872348785400e-01,7.692522555589675903e-02,1.116018593311309814e-01,1.667675524950027466e-01,2.336430177092552185e-02,4.414134100079536438e-02,-1.144039258360862732e-01,-6.944957375526428223e-02,4.886116981506347656e-01,1.055404394865036011e-01,1.968575716018676758e-01,1.862322092056274414e-01,8.476295322179794312e-02,1.014115661382675171e-02,-1.084894776344299316e+00,7.770284414291381836e-01,1.518506109714508057e-01,-4.182652235031127930e-01,0.000000000000000000e+00,9.835539013147354126e-02,-6.858448982238769531e-01,-1.817679405212402344e-02,-4.781305193901062012e-01,0.000000000000000000e+00
-7.509855180978775024e-02,9.398040175437927246e-02,8.527350425720214844e-01,1.457738690078258514e-02,4.645968321710824966e-03,-1.900357007980346680e-01,9.816579818725585938e-01,-2.992973327636718750e-01,8.465859293937683105e-02,1.272159516811370850e-01,1.625159829854965210e-01,2.667600847780704498e-02,4.558064788579940796e-02,-1.227385848760604858e-01,-6.291915476322174072e-02,5.069107413291931152e-01,1.088883578777313232e-01,1.907144337892532349e-01,1.914963275194168091e-01,1.032325029373168945e-01,-1.393919531255960464e-02,-1.100270628929138184e+00,8.286966681480407715e-01,1.370802372694015503e-01,-2.673834264278411865e-01,0.000000000000000000e+00,8.895400166511535645e-02,-6.866462230682373047e-01,-2.587709575891494751e-02,-4.835818409919738770e-01,0.000000000000000000e+00
-7.661109417676925659e-02,9.450244903564453125e-02,8.533685803413391113e-01,1.251896657049655914e-02,5.784542765468358994e-03,-1.965434998273849487e-01,9.803981184959411621e-01,-2.994863688945770264e-01,9.321853518486022949e-02,1.352837234735488892e-01,1.592661887407302856e-01,2.758347429335117340e-02,4.699909687042236328e-02,-1.313536167144775391e-01,-5.396416783332824707e-02,5.193313956260681152e-01,1.135561168193817139e-01,1.790201812982559204e-01,1.968581378459930420e-01,1.263506114482879639e-01,-3.747411444783210754e-02,-1.131934046745300293e+00,8.847456574440002441e-01,9.795774519443511963e-02,-4.848048090934753418e-02,0.000000000000000000e+00,7.958043366670608521e-02,-6.997766494750976562e-01,-2.630234137177467346e-02,-4.886057674884796143e-01,0.000000000000000000e+00
-7.739912718534469604e-02,9.328295290470123291e-02,8.538384437561035156e-01,1.288296468555927277e-02,6.386405788362026215e-03,-2.018533796072006226e-01,9.793102145195007324e-01,-2.949323058128356934e-01,9.807355701923370361e-02,1.490679532289505005e-01,1.533708125352859497e-01,3.071653470396995544e-02,4.586502537131309509e-02,-1.336858570575714111e-01,-5.071954801678657532e-02,5.297178030014038086e-01,1.116488873958587646e-01,1.703460365533828735e-01,1.984668374061584473e-01,1.381366848945617676e-01,-6.314095854759216309e-02,-1.147348046302795410e+00,9.478315114974975586e-01,5.137013271450996399e-02,7.218454033136367798e-02,0.000000000000000000e+00,6.886781752109527588e-02,-6.983878016471862793e-01,-1.865930110216140747e-02,-4.950438737869262695e-01,0.000000000000000000e+00
-7.923562824726104736e-02,9.153711050748825073e-02,8.539661169052124023e-01,1.421176549047231674e-02,5.357407499104738235e-03,-2.097441703081130981e-01,9.776383042335510254e-01,-2.857635021209716797e-01,1.030840352177619934e-01,1.698525398969650269e-01,1.461067348718643188e-01,3.453132510185241699e-02,4.768214002251625061e-02,-1.344610005617141724e-01,-4.870454967021942139e-02,5.416628718376159668e-01,1.098687723278999329e-01,1.670707613229751587e-01,1.986266970634460449e-01,1.381658911705017090e-01,-8.747303485870361328e-02,-1.136288404464721680e+00,1.010816812515258789e+00,2.844052016735076904e-02,8.572465181350708008e-02,0.000000000000000000e+00,5.351486057043075562e-02,-7.001268863677978516e-01,-9.769696742296218872e-03,-4.972278475761413574e-01,0.000000000000000000e+00
-8.289363235235214233e-02,8.996910601854324341e-02,8.540798425674438477e-01,1.550294365733861923e-02,4.324128851294517517e-03,-2.178929299116134644e-01,9.758399724960327148e-01,-2.821875214576721191e-01,1.091361418366432190e-01,1.858977824449539185e-01,1.434766799211502075e-01,3.815393894910812378e-02,4.771339893341064453e-02,-1.384043693542480469e-01,-4.443365335464477539e-02,5.609727501869201660e-01,1.098855808377265930e-01,1.657637655735015869e-01,1.994905769824981689e-01,1.323246061801910400e-01,-1.113905087113380432e-01,-1.116420149803161621e+00,1.024383544921875000e+00,3.312514722347259521e-02,5.273844301700592041e-02,0.000000000000000000e+00,4.250704869627952576e-02,-7.217065691947937012e-01,8.762803627178072929e-04,-5.010685324668884277e-01,0.000000000000000000e+00
-8.727725595235824585e-02,8.890400826930999756e-02,8.541157841682434082e-01,1.645894534885883331e-02,5.069022066891193390e-03,-2.257272005081176758e-01,9.740383028984069824e-01,-2.900079488754272461e-01,1.154945939779281616e-01,1.904570162296295166e-01,1.489401459693908691e-01,3.145426511764526367e-02,4.398333281278610229e-02,-1.502318382263183594e-01,-3.810392692685127258e-02,5.800668597221374512e-01,1.133423447608947754e-01,1.563568115234375000e-01,1.980297863483428955e-01,1.269610673189163208e-01,-1.317308396100997925e-01,-1.090271711349487305e+00,1.038413643836975098e+00,6.826002895832061768e-02,1.451899949461221695e-02,0.000000000000000000e+00,4.169351980090141296e-02,-7.699350714683532715e-01,-1.124528236687183380e-02,-4.979473054409027100e-01,0.000000000000000000e+00
-9.086935222148895264e-02,8.675948530435562134e-02,8.540696501731872559e-01,1.785757392644882202e-02,5.147614981979131699e-03,-2.319001704454421997e-01,9.725620150566101074e-01,-2.964886724948883057e-01,1.211637631058692932e-01,1.947776675224304199e-01,1.567847281694412231e-01,2.783681824803352356e-02,4.547562822699546814e-02,-1.556356847286224365e-01,-3.414289653301239014e-02,5.893190503120422363e-01,1.130159497261047363e-01,1.458350419998168945e-01,1.977530270814895630e-01,1.166145652532577515e-01,-1.589671373367309570e-01,-1.049876689910888672e+00,1.065741300582885742e+00,1.054384186863899231e-01,-7.790048141032457352e-03,0.000000000000000000e+00,4.976329579949378967e-02,-8.145806193351745605e-01,-3.773902729153633118e-02,-4.816074073314666748e-01,0.000000000000000000e+00
-9.420964866876602173e-02,8.455465734004974365e-02,8.537147045135498047e-01,1.970279589295387268e-02,4.950278904289007187e-03,-2.369346469640731812e-01,9.713131785392761230e-01,-3.026180267333984375e-01,1.244632229208946228e-01,1.983970254659652710e-01,1.634124070405960083e-01,2.414844930171966553e-02,4.566273465752601624e-02,-1.597458720207214355e-01,-3.184323385357856750e-02,5.974964499473571777e-01,1.129589304327964783e-01,1.322246938943862915e-01,1.924198269844055176e-01,1.035128533840179443e-01,-1.916504353284835815e-01,-9.992491602897644043e-01,1.090673923492431641e+00,1.525359004735946655e-01,-2.584629319608211517e-02,0.000000000000000000e+00,5.666121095418930054e-02,-8.587542176246643066e-01,-7.986390590667724609e-02,-4.495626091957092285e-01,0.000000000000000000e+00
-9.753371030092239380e-02,8.186494559049606323e-02,8.529727458953857422e-01,2.239208295941352844e-02,4.596493206918239594e-03,-2.402149587869644165e-01,9.704505205154418945e-01,-3.102115094661712646e-01,1.262770891189575195e-01,1.979824006557464600e-01,1.728884279727935791e-01,2.340660430490970612e-02,4.530165344476699829e-02,-1.644957661628723145e-01,-3.096259385347366333e-02,6.034367084503173828e-01,1.142524406313896179e-01,1.266261041164398193e-01,1.862479448318481445e-01,8.461461961269378662e-02,-2.239201366901397705e-01,-9.498077630996704102e-01,1.105780124664306641e+00,2.056557983160018921e-01,-4.947288706898689270e-02,0.000000000000000000e+00,6.317716836929321289e-02,-8.904788494110107422e-01,-1.343091875314712524e-01,-3.985331058502197266e-01,0.000000000000000000e+00
-1.016628220677375793e-01,7.907132059335708618e-02,8.521026968955993652e-01,2.465218305587768555e-02,3.822396509349346161e-03,-2.392999976873397827e-01,9.706251621246337891e-01,-3.209219872951507568e-01,1.268694996833801270e-01,1.879006177186965942e-01,1.820997893810272217e-01,2.558629959821701050e-02,3.805779665708541870e-02,-1.659093648195266724e-01,-3.144571185111999512e-02,6.013090014457702637e-01,1.119116097688674927e-01,1.295856982469558716e-01,1.765294224023818970e-01,6.528728455305099487e-02,-2.493673861026763916e-01,-9.057634472846984863e-01,1.098406553268432617e+00,2.562839984893798828e-01,-9.226303547620773315e-02,0.000000000000000000e+00,6.824665516614913940e-02,-9.132697582244873047e-01,-2.000687569379806519e-01,-3.316971361637115479e-01,0.000000000000000000e+00
-1.058022007346153259e-01,7.514504343271255493e-02,8.520082235336303711e-01,2.654516696929931641e-02,2.615575445815920830e-03,-2.330992817878723145e-01,9.720870256423950195e-01,-3.287983238697052002e-01,1.254616677761077881e-01,1.710631102323532104e-01,1.859980374574661255e-01,2.877191081643104553e-02,2.839355729520320892e-02,-1.600392609834671021e-01,-3.405605256557464600e-02,5.874357819557189941e-01,1.029256135225296021e-01,1.308572590351104736e-01,1.632861942052841187e-01,4.319223016500473022e-02,-2.696388065814971924e-01,-8.712249994277954102e-01,1.067581892013549805e+00,3.046625554561614990e-01,-1.504731178283691406e-01,0.000000000000000000e+00,9.159383177757263184e-02,-9.020218253135681152e-01,-2.811278700828552246e-01,-2.464099675416946411e-01,0.000000000000000000e+00
-1.099971309304237366e-01,7.303382456302642822e-02,8.520167469978332520e-01,2.767821401357650757e-02,2.434029709547758102e-03,-2.246169596910476685e-01,9.740509390830993652e-01,-3.374391496181488037e-01,1.236098408699035645e-01,1.627697646617889404e-01,1.845106035470962524e-01,3.190401196479797363e-02,2.020886540412902832e-02,-1.558225899934768677e-01,-3.663072362542152405e-02,5.718991756439208984e-01,9.358474612236022949e-02,1.371264308691024780e-01,1.548433601856231689e-01,2.917124703526496887e-02,-2.729302048683166504e-01,-8.401457071304321289e-01,1.020454049110412598e+00,3.486051857471466064e-01,-2.202093005180358887e-01,0.000000000000000000e+00,1.210869029164314270e-01,-8.836532831192016602e-01,-3.757120072841644287e-01,-1.479363143444061279e-01,0.000000000000000000e+00
-1.133337542414665222e-01,7.011386752128601074e-02,8.522416949272155762e-01,2.773275040090084076e-02,2.579080872237682343e-03,-2.151325047016143799e-01,9.761875867843627930e-01,-3.449011743068695068e-01,1.226258948445320129e-01,1.417815387248992920e-01,1.830679923295974731e-01,3.629961609840393066e-02,7.021045777946710587e-03,-1.517264544963836670e-01,-3.588228300213813782e-02,5.514644980430603027e-01,8.732448518276214600e-02,1.352794617414474487e-01,1.457828283309936523e-01,1.784833520650863647e-02,-2.629009187221527100e-01,-8.095262646675109863e-01,9.788447022438049316e-01,3.827757239341735840e-01,-3.006691336631774902e-01,0.000000000000000000e+00,1.563879847526550293e-01,-8.484887480735778809e-01,-4.735613465309143066e-01,-3.036982193589210510e-02,0.000000000000000000e+00
-1.165688931941986084e-01,6.771478056907653809e-02,8.519640564918518066e-01,3.008273430168628693e-02,3.080999711528420448e-03,-1.984955221414566040e-01,9.796351790428161621e-01,-3.599666953086853027e-01,1.102980673313140869e-01,1.103903651237487793e-01,1.845752894878387451e-01,3.958377614617347717e-02,-7.475407910533249378e-04,-1.467061638832092285e-01,-4.419259354472160339e-02,5.256265997886657715e-01,7.832224667072296143e-02,1.327772736549377441e-01,1.394129842519760132e-01,5.865067243576049805e-03,-2.487592399120330811e-01,-7.873339056968688965e-01,9.396497011184692383e-01,3.987498581409454346e-01,-3.785375356674194336e-01,0.000000000000000000e+00,1.954295337200164795e-01,-8.186321854591369629e-01,-5.564978122711181641e-01,1.123522371053695679e-01,0.000000000000000000e+00
-1.181376427412033081e-01,6.476610153913497925e-02,8.510372042655944824e-01,2.857648395001888275e-02,3.017985494807362556e-03,-1.827624738216400146e-01,9.827370643615722656e-01,-3.679395318031311035e-01,1.085566356778144836e-01,8.493854850530624390e-02,1.834093779325485229e-01,4.885757341980934143e-02,-1.695470139384269714e-02,-1.403442025184631348e-01,-4.018637537956237793e-02,4.952078759670257568e-01,7.862456887960433960e-02,1.378843933343887329e-01,1.194733381271362305e-01,3.616993781179189682e-03,-2.147106677293777466e-01,-7.711198925971984863e-01,8.906688094139099121e-01,3.991990089416503906e-01,-4.476542174816131592e-01,0.000000000000000000e+00,2.561627328395843506e-01,-7.971511483192443848e-01,-5.983599424362182617e-01,2.537106871604919434e-01,0.000000000000000000e+00
-1.195428371429443359e-01,6.216526031494140625e-02,8.506423830986022949e-01,2.906811423599720001e-02,5.097129382193088531e-03,-1.571019589900970459e-01,9.871413707733154297e-01,-3.905253708362579346e-01,9.206441789865493774e-02,3.772867843508720398e-02,1.883117854595184326e-01,5.159879475831985474e-02,-2.356275171041488647e-02,-1.344373077154159546e-01,-4.544278979301452637e-02,4.534085392951965332e-01,7.123888283967971802e-02,1.336435377597808838e-01,1.185216754674911499e-01,3.860733006149530411e-03,-1.764214932918548584e-01,-7.660519480705261230e-01,8.314502239227294922e-01,3.884788155555725098e-01,-5.046978592872619629e-01,0.000000000000000000e+00,2.916048169136047363e-01,-7.584200501441955566e-01,-6.312001943588256836e-01,4.224011301994323730e-01,0.000000000000000000e+00
-1.199670955538749695e-01,6.047151610255241394e-02,8.489072918891906738e-01,2.942321822047233582e-02,6.724335253238677979e-03,-1.366616487503051758e-01,9.901579022407531738e-01,-4.057210087776184082e-01,7.819189876317977905e-02,-3.182934015057981014e-04,1.912678480148315430e-01,6.088600307703018188e-02,-3.697345405817031860e-02,-1.302787959575653076e-01,-4.877885058522224426e-02,4.214940965175628662e-01,6.856472790241241455e-02,1.390390545129776001e-01,1.040781661868095398e-01,5.410560872405767441e-03,-1.417535692453384399e-01,-7.654474973678588867e-01,7.853466272354125977e-01,3.516622781753540039e-01,-5.460615754127502441e-01,0.000000000000000000e+00,3.257453441619873047e-01,-7.596654295921325684e-01,-5.858902931213378906e-01,5.468124151229858398e-01,0.000000000000000000e+00
-1.192617937922477722e-01,5.969864502549171448e-02,8.483476638793945312e-01,2.702233009040355682e-02,9.393877349793910980e-03,-1.111668050289154053e-01,9.933899044990539551e-01,-4.241940379142761230e-01,6.380917876958847046e-02,-5.078743398189544678e-02,1.953887790441513062e-01,6.230924651026725769e-02,-4.217488691210746765e-02,-1.219616457819938660e-01,-5.081219226121902466e-02,3.734774589538574219e-01,6.003074347972869873e-02,1.399998813867568970e-01,9.703882783651351929e-02,2.362197637557983398e-02,-7.173921167850494385e-02,-7.760899066925048828e-01,6.916568875312805176e-01,2.904849350452423096e-01,-5.737218856811523438e-01,0.000000000000000000e+00,3.703705966472625732e-01,-7.284511327743530273e-01,-5.086612701416015625e-01,6.283726692199707031e-01,0.000000000000000000e+00
-1.177481487393379211e-01,5.971572548151016235e-02,8.468285799026489258e-01,2.422138862311840057e-02,1.018289010971784592e-02,-9.232822805643081665e-02,9.953818917274475098e-01,-4.302825033664703369e-01,5.464414134621620178e-02,-7.840031385421752930e-02,1.921065151691436768e-01,7.212667167186737061e-02,-4.424295574426651001e-02,-1.086811125278472900e-01,-5.115909501910209656e-02,3.348632156848907471e-01,5.054279044270515442e-02,1.379071772098541260e-01,9.197514504194259644e-02,4.073134064674377441e-02,4.417392425239086151e-03,-7.930644750595092773e-01,6.127657294273376465e-01,2.162949442863464355e-01,-5.853366851806640625e-01,0.000000000000000000e+00,3.765353262424468994e-01,-6.721645593643188477e-01,-4.497145712375640869e-01,6.479583978652954102e-01,0.000000000000000000e+00
-1.174184307456016541e-01,6.078794598579406738e-02,8.447396159172058105e-01,2.050002664327621460e-02,1.340776495635509491e-02,-7.247306406497955322e-02,9.970695376396179199e-01,-4.525058567523956299e-01,4.400873556733131409e-02,-1.135980784893035889e-01,2.005286216735839844e-01,7.782943546772003174e-02,-4.687304049730300903e-02,-1.064425557851791382e-01,-4.878105223178863525e-02,2.986620664596557617e-01,4.624084383249282837e-02,1.364452391862869263e-01,9.047374874353408813e-02,6.205683201551437378e-02,7.487846165895462036e-02,-8.302494883537292480e-01,5.236986279487609863e-01,1.584615111351013184e-01,-5.869426131248474121e-01,0.000000000000000000e+00,3.401736915111541748e-01,-6.405985355377197266e-01,-3.737839758396148682e-01,6.229395270347595215e-01,0.000000000000000000e+00
-1.173809915781021118e-01,6.211186945438385010e-02,8.422509431838989258e-01,1.779329217970371246e-02,1.376866269856691360e-02,-5.642955005168914795e-02,9.981530308723449707e-01,-4.625323414802551270e-01,3.426659107208251953e-02,-1.422882974147796631e-01,2.042245417833328247e-01,8.203207701444625854e-02,-4.697443172335624695e-02,-1.004402264952659607e-01,-4.885390400886535645e-02,2.657317221164703369e-01,4.380832985043525696e-02,1.351448446512222290e-01,8.989909291267395020e-02,7.555633038282394409e-02,1.486192494630813599e-01,-8.731679916381835938e-01,4.394381344318389893e-01,1.121374964714050293e-01,-5.748608112335205078e-01,0.000000000000000000e+00,2.436443120241165161e-01,-5.824847221374511719e-01,-3.082464933395385742e-01,5.601751208305358887e-01,0.000000000000000000e+00
-1.181418374180793762e-01,6.260719895362854004e-02,8.392512202262878418e-01,1.649999991059303284e-02,1.344833057373762131e-02,-4.620984196662902832e-02,9.987049102783203125e-01,-4.672774970531463623e-01,2.850048989057540894e-02,-1.587622612714767456e-01,2.040972262620925903e-01,8.779166638851165771e-02,-4.522658139467239380e-02,-9.777171164751052856e-02,-4.869158193469047546e-02,2.473857402801513672e-01,4.397214949131011963e-02,1.303709894418716431e-01,9.694224596023559570e-02,8.158519119024276733e-02,2.238935679197311401e-01,-9.138778448104858398e-01,3.631916046142578125e-01,6.486275047063827515e-02,-5.521734952926635742e-01,0.000000000000000000e+00,8.626007288694381714e-02,-5.218551754951477051e-01,-2.368306964635848999e-01,4.683225750923156738e-01,0.000000000000000000e+00
-1.187727823853492737e-01,6.209811195731163025e-02,8.362990617752075195e-01,1.731490343809127808e-02,1.137571316212415695e-02,-4.236723855137825012e-02,9.988873004913330078e-01,-4.631172716617584229e-01,2.588775195181369781e-02,-1.612259894609451294e-01,2.018888890743255615e-01,9.510117024183273315e-02,-4.499540105462074280e-02,-9.194669872522354126e-02,-5.061113461852073669e-02,2.412616163492202759e-01,4.421636089682579041e-02,1.315770149230957031e-01,9.834527969360351562e-02,7.809244096279144287e-02,2.888088226318359375e-01,-9.401662945747375488e-01,3.042122125625610352e-01,-2.304958878085017204e-03,-5.269291400909423828e-01,0.000000000000000000e+00,-1.343879252672195435e-01,-4.531838297843933105e-01,-1.454809308052062988e-01,3.506582677364349365e-01,0.000000000000000000e+00
-1.178444027900695801e-01,6.128709763288497925e-02,8.331478834152221680e-01,2.093060314655303955e-02,8.468927815556526184e-03,-3.997094929218292236e-02,9.989457130432128906e-01,-4.527526795864105225e-01,1.926683448255062103e-02,-1.552569121122360229e-01,2.002428025007247925e-01,9.608591347932815552e-02,-4.520902782678604126e-02,-8.216148614883422852e-02,-5.894029885530471802e-02,2.330210208892822266e-01,4.433027282357215881e-02,1.323875933885574341e-01,1.039131134748458862e-01,6.683015078306198120e-02,3.292979896068572998e-01,-9.478880167007446289e-01,2.735393047332763672e-01,-6.597717106342315674e-02,-5.047340989112854004e-01,0.000000000000000000e+00,-4.050418436527252197e-01,-3.884133994579315186e-01,-5.736998096108436584e-02,2.259064912796020508e-01,0.000000000000000000e+00
-1.160287037491798401e-01,5.940221995115280151e-02,8.306455016136169434e-01,2.641230076551437378e-02,9.364664554595947266e-03,-3.721455484628677368e-02,9.989143013954162598e-01,-4.533818364143371582e-01,7.996005937457084656e-03,-1.530567109584808350e-01,2.035915553569793701e-01,9.030054509639739990e-02,-4.375214874744415283e-02,-8.434689790010452271e-02,-6.904130429029464722e-02,2.321991473436355591e-01,4.892332106828689575e-02,1.271752417087554932e-01,1.081363931298255920e-01,4.521387070417404175e-02,3.416413664817810059e-01,-9.319744706153869629e-01,3.199763596057891846e-01,-9.884889423847198486e-02,-5.135715007781982422e-01,0.000000000000000000e+00,-7.228754758834838867e-01,-3.053672611713409424e-01,6.243065465241670609e-03,1.166295558214187622e-01,0.000000000000000000e+00
-1.125790998339653015e-01,5.211454629898071289e-02,8.296593427658081055e-01,3.814787417650222778e-02,1.013818662613630295e-02,-2.580968290567398071e-02,9.988873004913330078e-01,-4.491460919380187988e-01,-1.722845993936061859e-02,-1.570915281772613525e-01,2.047935128211975098e-01,8.558714389801025391e-02,-4.813574254512786865e-02,-7.921092957258224487e-02,-8.912977576255798340e-02,2.152385115623474121e-01,5.196614563465118408e-02,1.206978708505630493e-01,1.053351312875747681e-01,-1.199968345463275909e-02,2.790359556674957275e-01,-8.490778803825378418e-01,4.708139002323150635e-01,-8.110705018043518066e-02,-5.966732501983642578e-01,0.000000000000000000e+00,-1.099915742874145508e+00,-1.395634710788726807e-01,-2.020380087196826935e-02,9.880305826663970947e-02,0.000000000000000000e+00
-1.081378906965255737e-01,4.775222018361091614e-02,8.309552669525146484e-01,4.330961778759956360e-02,1.109775714576244354e-02,-8.328973315656185150e-03,9.989653229713439941e-01,-4.460163116455078125e-01,-3.665901720523834229e-02,-1.750529706478118896e-01,2.040236294269561768e-01,8.304377645254135132e-02,-5.472420901060104370e-02,-6.455413252115249634e-02,-9.910121560096740723e-02,1.811699271202087402e-01,4.604016244411468506e-02,1.147976592183113098e-01,1.047292128205299377e-01,-5.175404623150825500e-02,2.159669697284698486e-01,-7.861923575401306152e-01,5.780295729637145996e-01,-2.793831378221511841e-02,-6.487693190574645996e-01,0.000000000000000000e+00,-1.363461732864379883e+00,-7.187110930681228638e-02,-8.671545982360839844e-02,5.662960186600685120e-02,0.000000000000000000e+00
-1.049794927239418030e-01,4.698073491454124451e-02,8.323331475257873535e-01,4.255367070436477661e-02,9.358029812574386597e-03,6.714518181979656219e-03,9.990277886390686035e-01,-4.366343319416046143e-01,-4.472102597355842590e-02,-1.950681209564208984e-01,1.979377269744873047e-01,8.055513352155685425e-02,-5.581779778003692627e-02,-4.377446323633193970e-02,-9.982198476791381836e-02,1.429546028375625610e-01,3.817585855722427368e-02,1.144518479704856873e-01,1.014275327324867249e-01,-6.484343111515045166e-02,2.036908566951751709e-01,-7.817815542221069336e-01,5.944097638130187988e-01,-1.733622141182422638e-02,-6.502818465232849121e-01,0.000000000000000000e+00,-1.476071834564208984e+00,-1.290400624275207520e-01,-8.915654569864273071e-02,4.801061004400253296e-04,0.000000000000000000e+00
-1.046548411250114441e-01,4.625067114830017090e-02,8.330726027488708496e-01,4.105693101882934570e-02,6.489420775324106216e-03,1.982519030570983887e-02,9.989390373229980469e-01,-4.291325509548187256e-01,-4.983103647828102112e-02,-2.160420119762420654e-01,1.924981325864791870e-01,8.195371925830841064e-02,-5.917983129620552063e-02,-2.858036570250988007e-02,-9.651061147451400757e-02,1.134153530001640320e-01,3.478398174047470093e-02,1.161668524146080017e-01,9.681186079978942871e-02,-7.205832004547119141e-02,1.903005987405776978e-01,-7.802280783653259277e-01,6.019704341888427734e-01,-2.093808166682720184e-02,-6.394834518432617188e-01,0.000000000000000000e+00,-1.497563481330871582e+00,-2.168182134628295898e-01,-7.395533472299575806e-02,-2.124225534498691559e-02,0.000000000000000000e+00
-1.053026095032691956e-01,4.593871906399726868e-02,8.327065706253051758e-01,4.084096848964691162e-02,3.814729396253824234e-03,2.587979845702648163e-02,9.988231658935546875e-01,-4.237740635871887207e-01,-5.296760424971580505e-02,-2.248504012823104858e-01,1.901225894689559937e-01,8.414029330015182495e-02,-5.775677785277366638e-02,-1.991137675940990448e-02,-9.611804783344268799e-02,9.697906672954559326e-02,3.392015025019645691e-02,1.199275031685829163e-01,9.551584720611572266e-02,-7.698310911655426025e-02,1.839821338653564453e-01,-7.804949879646301270e-01,6.017243862152099609e-01,-2.673099562525749207e-02,-6.303963065147399902e-01,0.000000000000000000e+00,-1.484472155570983887e+00,-2.491391748189926147e-01,-6.694832444190979004e-02,-2.837104722857475281e-02,0.000000000000000000e+00
-1.070712655782699585e-01,4.548121616244316101e-02,8.316862583160400391e-01,3.929077461361885071e-02,-1.555723254568874836e-03,3.944569826126098633e-02,9.984477162361145020e-01,-4.147808551788330078e-01,-5.926172062754631042e-02,-2.489517331123352051e-01,1.870567053556442261e-01,8.437056094408035278e-02,-5.303358659148216248e-02,-7.154009304940700531e-03,-9.234485030174255371e-02,6.597184389829635620e-02,4.000443592667579651e-02,1.195543408393859863e-01,9.235516190528869629e-02,-7.286000996828079224e-02,1.797672808170318604e-01,-7.753008008003234863e-01,5.946468710899353027e-01,-2.652732469141483307e-02,-5.983430743217468262e-01,0.000000000000000000e+00,-1.405418634414672852e+00,-3.339444100856781006e-01,-6.102639809250831604e-02,-1.899070665240287781e-02,0.000000000000000000e+00
-1.077464371919631958e-01,4.484110325574874878e-02,8.313593864440917969e-01,3.746896982192993164e-02,-6.034809630364179611e-03,4.346533864736557007e-02,9.983338117599487305e-01,-4.031699001789093018e-01,-5.553666502237319946e-02,-2.557024657726287842e-01,1.804714798927307129e-01,8.971951901912689209e-02,-5.298916250467300415e-02,2.076336881145834923e-03,-8.706955611705780029e-02,4.940262064337730408e-02,4.460919275879859924e-02,1.146586090326309204e-01,8.677237480878829956e-02,-6.286475807428359985e-02,2.077014744281768799e-01,-7.725260257720947266e-01,5.887187123298645020e-01,-4.150840267539024353e-02,-5.612724423408508301e-01,0.000000000000000000e+00,-1.335903644561767578e+00,-3.600062727928161621e-01,-5.299496650695800781e-02,-1.233676169067621231e-02,0.000000000000000000e+00
-1.059327125549316406e-01,4.678408056497573853e-02,8.311294317245483398e-01,3.380888327956199646e-02,-1.218933798372745514e-02,4.262763634324073792e-02,9.984444379806518555e-01,-3.740761876106262207e-01,-4.281483218073844910e-02,-2.457980215549468994e-01,1.608283519744873047e-01,9.973566234111785889e-02,-4.991184175014495850e-02,2.552029304206371307e-02,-8.014218509197235107e-02,3.147427737712860107e-02,3.960657492280006409e-02,1.167061775922775269e-01,7.847893983125686646e-02,-4.107222706079483032e-02,2.563495337963104248e-01,-7.725852131843566895e-01,5.590720772743225098e-01,-6.528452038764953613e-02,-5.209217071533203125e-01,0.000000000000000000e+00,-1.296816825866699219e+00,-3.954536318778991699e-01,-3.093586862087249756e-02,3.295677481219172478e-03,0.000000000000000000e+00
-1.087354123592376709e-01,4.057892411947250366e-02,8.323259949684143066e-01,4.281725734472274780e-02,-5.508460104465484619e-03,4.906009882688522339e-02,9.978624582290649414e-01,-4.101788699626922607e-01,-7.044484466314315796e-02,-2.740680277347564697e-01,1.900000721216201782e-01,9.118297696113586426e-02,-4.638518765568733215e-02,-4.381668753921985626e-03,-9.266974776983261108e-02,4.590418934822082520e-02,5.424955114722251892e-02,1.037129461765289307e-01,7.960570603609085083e-02,-7.076500356197357178e-02,2.368694692850112915e-01,-6.624123454093933105e-01,7.535603046417236328e-01,1.305080763995647430e-02,-5.420758128166198730e-01,0.000000000000000000e+00,-1.308871984481811523e+00,-3.868849277496337891e-01,-8.248224854469299316e-02,-3.387212380766868591e-02,0.000000000000000000e+00
-1.075927913188934326e-01,3.579985350370407104e-02,8.332971930503845215e-01,4.737024381756782532e-02,-6.691657472401857376e-03,5.223997682332992554e-02,9.974879622459411621e-01,-4.051603972911834717e-01,-7.655640691518783569e-02,-2.771426141262054443e-01,1.894408315420150757e-01,8.807608485221862793e-02,-4.496685788035392761e-02,6.837375927716493607e-03,-9.762160480022430420e-02,3.182765841484069824e-02,4.506763070821762085e-02,9.697176516056060791e-02,9.540023654699325562e-02,-7.868420332670211792e-02,2.757434844970703125e-01,-5.745233893394470215e-01,8.990783691406250000e-01,7.939965277910232544e-02,-5.007545948028564453e-01,0.000000000000000000e+00,-1.309887170791625977e+00,-4.236994981765747070e-01,-1.090985834598541260e-01,-4.352625459432601929e-02,0.000000000000000000e+00
-1.067123115062713623e-01,3.130033239722251892e-02,8.345372080802917480e-01,5.241180956363677979e-02,-7.175136357545852661e-03,5.455390363931655884e-02,9.971085190773010254e-01,-4.013335704803466797e-01,-8.299709111452102661e-02,-2.776727080345153809e-01,1.888323426246643066e-01,8.864299952983856201e-02,-4.583992063999176025e-02,1.456502079963684082e-02,-1.029105037450790405e-01,2.482626028358936310e-02,3.894853591918945312e-02,9.553684294223785400e-02,9.951553493738174438e-02,-8.734829723834991455e-02,3.179933130741119385e-01,-4.662238657474517822e-01,1.032218933105468750e+00,1.102340221405029297e-01,-4.305667877197265625e-01,0.000000000000000000e+00,-1.313856363296508789e+00,-4.577037394046783447e-01,-1.250904202461242676e-01,-6.027754023671150208e-02,0.000000000000000000e+00
-1.055094227194786072e-01,2.852789871394634247e-02,8.355132937431335449e-01,5.465080961585044861e-02,-7.500438019633293152e-03,5.604188889265060425e-02,9.969033598899841309e-01,-3.967306017875671387e-01,-8.381665498018264771e-02,-2.769810259342193604e-01,1.860198676586151123e-01,9.334919601678848267e-02,-5.342586711049079895e-02,2.045066654682159424e-02,-1.042193397879600525e-01,1.839599385857582092e-02,3.556406870484352112e-02,9.423278272151947021e-02,9.432086348533630371e-02,-8.222870528697967529e-02,3.772506415843963623e-01,-3.573473393917083740e-01,1.122995615005493164e+00,1.146646142005920410e-01,-3.210742175579071045e-01,0.000000000000000000e+00,-1.304384231567382812e+00,-5.217785835266113281e-01,-1.221868693828582764e-01,-8.379560708999633789e-02,0.000000000000000000e+00
-1.039662808179855347e-01,2.527206018567085266e-02,8.364863395690917969e-01,5.723262578248977661e-02,-8.354360237717628479e-03,5.989739298820495605e-02,9.965274333953857422e-01,-3.909686505794525146e-01,-8.674693107604980469e-02,-2.791031002998352051e-01,1.839570701122283936e-01,8.951989561319351196e-02,-5.059097334742546082e-02,2.835097908973693848e-02,-1.059177145361900330e-01,3.025069367140531540e-03,3.270047530531883240e-02,9.019055217504501343e-02,1.097052767872810364e-01,-7.945141941308975220e-02,4.434038400650024414e-01,-2.603557109832763672e-01,1.211726546287536621e+00,1.222660839557647705e-01,-1.813232600688934326e-01,0.000000000000000000e+00,-1.275011420249938965e+00,-6.040691733360290527e-01,-1.439967453479766846e-01,-1.126115694642066956e-01,0.000000000000000000e+00
-1.027777493000030518e-01,2.296842075884342194e-02,8.374708294868469238e-01,5.912600457668304443e-02,-8.445739746093750000e-03,6.215994432568550110e-02,9.962775111198425293e-01,-3.886584043502807617e-01,-8.905524015426635742e-02,-2.815230786800384521e-01,1.839573979377746582e-01,8.885048329830169678e-02,-5.043790116906166077e-02,3.059628605842590332e-02,-1.068821772933006287e-01,-1.933475490659475327e-03,3.387350961565971375e-02,8.510345220565795898e-02,1.151117235422134399e-01,-7.258803397417068481e-02,5.080252289772033691e-01,-1.556230336427688599e-01,1.280375242233276367e+00,9.543975442647933960e-02,-3.075255639851093292e-02,0.000000000000000000e+00,-1.241635203361511230e+00,-6.806609630584716797e-01,-1.556856036186218262e-01,-1.348427385091781616e-01,0.000000000000000000e+00
-1.015489622950553894e-01,2.150212228298187256e-02,8.388694524765014648e-01,5.959717929363250732e-02,-6.818499881774187088e-03,6.331459432840347290e-02,9.961892366409301758e-01,-3.917529881000518799e-01,-8.975944668054580688e-02,-2.844165265560150146e-01,1.862034052610397339e-01,8.997397869825363159e-02,-4.821757599711418152e-02,2.569388225674629211e-02,-1.062159016728401184e-01,-8.158254204317927361e-04,3.827397525310516357e-02,8.260875195264816284e-02,1.212204992771148682e-01,-6.287989765405654907e-02,5.656757950782775879e-01,-4.419783875346183777e-02,1.310342192649841309e+00,3.210163488984107971e-02,1.461835801601409912e-01,0.000000000000000000e+00,-1.206861972808837891e+00,-7.460285425186157227e-01,-1.611161082983016968e-01,-1.523368954658508301e-01,0.000000000000000000e+00
-9.985981881618499756e-02,2.141324989497661591e-02,8.409604430198669434e-01,5.935541167855262756e-02,-4.626400768756866455e-03,6.287903338670730591e-02,9.962438344955444336e-01,-3.942544758319854736e-01,-8.906489610671997070e-02,-2.822402417659759521e-01,1.870922297239303589e-01,8.967496454715728760e-02,-4.301102831959724426e-02,2.090742625296115875e-02,-1.057630106806755066e-01,1.129575539380311966e-03,4.032173007726669312e-02,7.935284823179244995e-02,1.291778236627578735e-01,-5.512792244553565979e-02,6.053398251533508301e-01,7.268924266099929810e-02,1.285402536392211914e+00,-1.739964261651039124e-02,3.433941304683685303e-01,0.000000000000000000e+00,-1.172856688499450684e+00,-7.911446690559387207e-01,-1.756444275379180908e-01,-1.621913462877273560e-01,0.000000000000000000e+00
-9.861035645008087158e-02,2.335550263524055481e-02,8.430612683296203613e-01,5.767526850104331970e-02,-2.030266914516687393e-03,5.790450051426887512e-02,9.966526627540588379e-01,-3.963061273097991943e-01,-8.517141640186309814e-02,-2.791188359260559082e-01,1.855730265378952026e-01,8.758718520402908325e-02,-3.587261587381362915e-02,1.218338962644338608e-02,-1.043665260076522827e-01,1.573347114026546478e-02,4.349761828780174255e-02,8.304782211780548096e-02,1.286517232656478882e-01,-4.930850863456726074e-02,6.271520853042602539e-01,2.073865979909896851e-01,1.242123126983642578e+00,-5.460940673947334290e-02,5.195730328559875488e-01,0.000000000000000000e+00,-1.139200687408447266e+00,-8.238922357559204102e-01,-1.830205619335174561e-01,-1.707159280776977539e-01,0.000000000000000000e+00
-9.758885949850082397e-02,2.651666849851608276e-02,8.447809219360351562e-01,5.418005213141441345e-02,1.927612931467592716e-03,5.041820555925369263e-02,9.972556233406066895e-01,-4.022888541221618652e-01,-7.626756280660629272e-02,-2.678028047084808350e-01,1.831702142953872681e-01,8.710870146751403809e-02,-2.928622066974639893e-02,3.801626444328576326e-04,-1.002126708626747131e-01,3.506645932793617249e-02,4.280760139226913452e-02,8.025714755058288574e-02,1.376937627792358398e-01,-4.249621182680130005e-02,6.249942779541015625e-01,3.512741625308990479e-01,1.176208972930908203e+00,-1.044712066650390625e-01,6.561127305030822754e-01,0.000000000000000000e+00,-1.127396464347839355e+00,-8.215028643608093262e-01,-1.682220399379730225e-01,-1.755814701318740845e-01,0.000000000000000000e+00
-9.694129228591918945e-02,2.828886546194553375e-02,8.446217179298400879e-01,5.227505415678024292e-02,4.365952219814062119e-03,4.329745471477508545e-02,9.976841211318969727e-01,-4.050629436969757080e-01,-7.042738795280456543e-02,-2.565702795982360840e-01,1.828575432300567627e-01,8.565843850374221802e-02,-2.443934231996536255e-02,-8.792763575911521912e-03,-9.926329553127288818e-02,5.388467758893966675e-02,4.541642218828201294e-02,8.134777843952178955e-02,1.339772641658782959e-01,-4.591801762580871582e-02,6.110143661499023438e-01,4.606363475322723389e-01,1.095177173614501953e+00,-1.098087355494499207e-01,7.277978062629699707e-01,0.000000000000000000e+00,-1.120511054992675781e+00,-8.063100576400756836e-01,-1.520679742097854614e-01,-1.820312887430191040e-01,0.000000000000000000e+00
-9.579843282699584961e-02,3.213991597294807434e-02,8.460416793823242188e-01,5.130162462592124939e-02,7.738854736089706421e-03,2.941276133060455322e-02,9.982199668884277344e-01,-4.085325300693511963e-01,-6.260383874177932739e-02,-2.382978796958923340e-01,1.826414465904235840e-01,8.089609444141387939e-02,-1.536897756159305573e-02,-2.431938610970973969e-02,-9.965151548385620117e-02,8.629512786865234375e-02,5.000632256269454956e-02,8.125319331884384155e-02,1.340408325195312500e-01,-5.895654112100601196e-02,5.715932846069335938e-01,5.900767445564270020e-01,1.005215048789978027e+00,-1.432320475578308105e-01,7.343100309371948242e-01,0.000000000000000000e+00,-1.127237439155578613e+00,-7.641774415969848633e-01,-1.377414017915725708e-01,-1.846966296434402466e-01,0.000000000000000000e+00
-9.496378898620605469e-02,3.427435457706451416e-02,8.459014296531677246e-01,5.044670403003692627e-02,8.735900744795799255e-03,1.747717522084712982e-02,9.985356330871582031e-01,-4.069601595401763916e-01,-5.420665070414543152e-02,-2.217649817466735840e-01,1.816910654306411743e-01,7.792036235332489014e-02,-1.049382518976926804e-02,-3.508498892188072205e-02,-9.878783673048019409e-02,1.115662157535552979e-01,5.713370442390441895e-02,8.170428872108459473e-02,1.316375434398651123e-01,-7.009571790695190430e-02,5.310215950012207031e-01,6.496983170509338379e-01,9.371322989463806152e-01,-1.646952033042907715e-01,6.811599731445312500e-01,0.000000000000000000e+00,-1.139855623245239258e+00,-7.177855968475341797e-01,-1.201220974326133728e-01,-1.833489537239074707e-01,0.000000000000000000e+00
-9.495660662651062012e-02,3.514573350548744202e-02,8.451676368713378906e-01,5.055384710431098938e-02,8.606655523180961609e-03,5.213004536926746368e-03,9.986706376075744629e-01,-4.016609787940979004e-01,-4.586618021130561829e-02,-2.039265781641006470e-01,1.788766831159591675e-01,7.806912809610366821e-02,-5.453429184854030609e-03,-4.381566494703292847e-02,-9.837754815816879272e-02,1.368052661418914795e-01,6.407337635755538940e-02,8.377622812986373901e-02,1.308758407831192017e-01,-8.314520865678787231e-02,4.870355725288391113e-01,6.446315050125122070e-01,8.548922538757324219e-01,-1.520121097564697266e-01,6.025137901306152344e-01,0.000000000000000000e+00,-1.158506512641906738e+00,-6.642714738845825195e-01,-1.056439653038978577e-01,-1.771559715270996094e-01,0.000000000000000000e+00
-9.567666798830032349e-02,3.542165458202362061e-02,8.438782095909118652e-01,5.123171582818031311e-02,7.228481117635965347e-03,-4.659622907638549805e-03,9.986497759819030762e-01,-3.948740363121032715e-01,-3.785286471247673035e-02,-1.832970082759857178e-01,1.739813089370727539e-01,8.051332086324691772e-02,-6.148710846900939941e-03,-4.848660901188850403e-02,-9.831443428993225098e-02,1.574746668338775635e-01,6.927307695150375366e-02,8.952188491821289062e-02,1.278655678033828735e-01,-9.738186001777648926e-02,4.309508800506591797e-01,5.874373316764831543e-01,7.711114287376403809e-01,-1.177717819809913635e-01,5.033563971519470215e-01,0.000000000000000000e+00,-1.184212446212768555e+00,-5.913217067718505859e-01,-9.067457169294357300e-02,-1.626413911581039429e-01,0.000000000000000000e+00
-9.800007194280624390e-02,3.460041061043739319e-02,8.417745232582092285e-01,5.247486755251884460e-02,4.828726407140493393e-03,-1.112234499305486679e-02,9.985486268997192383e-01,-3.888974189758300781e-01,-3.248042240738868713e-02,-1.669103950262069702e-01,1.702564060688018799e-01,8.071804046630859375e-02,-9.210597723722457886e-03,-4.958581924438476562e-02,-9.956445544958114624e-02,1.689982265233993530e-01,7.139040529727935791e-02,8.960820734500885010e-02,1.214589476585388184e-01,-1.111165657639503479e-01,3.620336949825286865e-01,4.715313315391540527e-01,7.031411528587341309e-01,-9.012108296155929565e-02,3.808425366878509521e-01,0.000000000000000000e+00,-1.215651988983154297e+00,-5.025820732116699219e-01,-7.872465252876281738e-02,-1.448877155780792236e-01,0.000000000000000000e+00
-1.010906547307968140e-01,3.390890732407569885e-02,8.394308686256408691e-01,5.325684323906898499e-02,1.746851601637899876e-03,-1.606740243732929230e-02,9.984500408172607422e-01,-3.807847499847412109e-01,-2.780134975910186768e-02,-1.547250896692276001e-01,1.632308661937713623e-01,8.327466994524002075e-02,-9.447210468351840973e-03,-5.007402971386909485e-02,-9.909038990736007690e-02,1.803608089685440063e-01,7.462105154991149902e-02,9.515308588743209839e-02,1.125876531004905701e-01,-1.243997514247894287e-01,2.845099270343780518e-01,3.034868538379669189e-01,6.636714935302734375e-01,-8.063402026891708374e-02,2.347537875175476074e-01,0.000000000000000000e+00,-1.240973711013793945e+00,-4.159471988677978516e-01,-6.618055701255798340e-02,-1.304021924734115601e-01,0.000000000000000000e+00
-1.045463457703590393e-01,3.452417626976966858e-02,8.369413614273071289e-01,5.244523286819458008e-02,-1.170885399915277958e-03,-1.893201284110546112e-02,9.984436631202697754e-01,-3.749335408210754395e-01,-2.281840890645980835e-02,-1.448763757944107056e-01,1.560508757829666138e-01,8.274421095848083496e-02,-1.167944353073835373e-02,-5.122111365199089050e-02,-9.709552675485610962e-02,1.876053512096405029e-01,7.792714983224868774e-02,9.457427263259887695e-02,1.093590632081031799e-01,-1.300687044858932495e-01,2.104518711566925049e-01,7.389781624078750610e-02,6.252986192703247070e-01,-6.626015156507492065e-02,9.019187092781066895e-02,0.000000000000000000e+00,-1.256022691726684570e+00,-3.380714058876037598e-01,-5.099765956401824951e-02,-1.240351423621177673e-01,0.000000000000000000e+00
-1.083031147718429565e-01,3.488111868500709534e-02,8.346244692802429199e-01,5.254440009593963623e-02,-2.145737642422318459e-03,-1.928856410086154938e-02,9.984300136566162109e-01,-3.783501088619232178e-01,-2.443677186965942383e-02,-1.486138999462127686e-01,1.557736694812774658e-01,9.354588389396667480e-02,-1.435573212802410126e-02,-6.119301915168762207e-02,-9.637119621038436890e-02,1.972274184226989746e-01,8.842530101537704468e-02,1.062549352645874023e-01,9.246921539306640625e-02,-1.397969722747802734e-01,1.312741339206695557e-01,-1.953471601009368896e-01,5.906281471252441406e-01,-4.131790623068809509e-02,-4.297486320137977600e-02,0.000000000000000000e+00,-1.266919970512390137e+00,-2.743961811065673828e-01,-2.909018099308013916e-02,-1.205534562468528748e-01,0.000000000000000000e+00
-1.097875386476516724e-01,3.816747665405273438e-02,8.323652744293212891e-01,4.701678827404975891e-02,-6.914444733411073685e-03,-2.311589196324348450e-02,9.986026287078857422e-01,-3.660086095333099365e-01,-1.212493237107992172e-02,-1.403457224369049072e-01,1.491264700889587402e-01,9.198508411645889282e-02,-9.237368591129779816e-03,-5.076287314295768738e-02,-8.854036033153533936e-02,1.945048570632934570e-01,8.679835498332977295e-02,1.026476770639419556e-01,9.634254872798919678e-02,-1.240496635437011719e-01,8.671335130929946899e-02,-4.868371188640594482e-01,5.403863191604614258e-01,-3.191069513559341431e-02,-1.254165917634963989e-01,0.000000000000000000e+00,-1.249984502792358398e+00,-2.383443564176559448e-01,4.696006653830409050e-04,-1.266069561243057251e-01,0.000000000000000000e+00
-1.110320612788200378e-01,4.278635978698730469e-02,8.315894603729248047e-01,4.272410273551940918e-02,-5.748456344008445740e-03,-3.019667603075504303e-02,9.986138939857482910e-01,-3.727646470069885254e-01,-4.509131424129009247e-03,-1.345698535442352295e-01,1.533637046813964844e-01,9.102243185043334961e-02,-5.681204609572887421e-03,-6.145346537232398987e-02,-8.335289359092712402e-02,2.104723155498504639e-01,9.172320365905761719e-02,1.023479253053665161e-01,9.753704816102981567e-02,-1.071264520287513733e-01,5.433804914355278015e-02,-7.743492722511291504e-01,4.854050874710083008e-01,-3.146178787574172020e-03,-1.775702536106109619e-01,0.000000000000000000e+00,-1.225348830223083496e+00,-2.430213093757629395e-01,3.374500945210456848e-02,-1.575672030448913574e-01,0.000000000000000000e+00
-1.108549162745475769e-01,4.851797223091125488e-02,8.321311473846435547e-01,3.780058398842811584e-02,-5.090004764497280121e-03,-4.385505244135856628e-02,9.983095526695251465e-01,-3.723435997962951660e-01,8.712057024240493774e-03,-1.154951155185699463e-01,1.547110676765441895e-01,8.814689517021179199e-02,-2.717501251026988029e-03,-6.796039640903472900e-02,-7.715513557195663452e-02,2.315511107444763184e-01,9.369593858718872070e-02,1.036207675933837891e-01,1.056921631097793579e-01,-7.903793454170227051e-02,5.145028233528137207e-02,-1.008782982826232910e+00,4.310779571533203125e-01,2.390207536518573761e-02,-2.147447466850280762e-01,0.000000000000000000e+00,-1.183231234550476074e+00,-2.810006141662597656e-01,5.929949507117271423e-02,-1.987962573766708374e-01,0.000000000000000000e+00
-1.073509454727172852e-01,5.296922847628593445e-02,8.325914740562438965e-01,3.314361348748207092e-02,-1.327903848141431808e-02,-5.882872641086578369e-02,9.976293444633483887e-01,-3.309963345527648926e-01,2.734828926622867584e-02,-7.707800716161727905e-02,1.380650401115417480e-01,8.776106685400009155e-02,2.127178246155381203e-03,-3.695004805922508240e-02,-7.474517077207565308e-02,2.281729876995086670e-01,8.153631538152694702e-02,1.095639094710350037e-01,1.091077700257301331e-01,-5.295563861727714539e-02,5.742533132433891296e-02,-1.141514539718627930e+00,3.904568552970886230e-01,3.561041876673698425e-02,-2.207846641540527344e-01,0.000000000000000000e+00,-1.150231003761291504e+00,-2.872864305973052979e-01,6.940552592277526855e-02,-1.893816888332366943e-01,0.000000000000000000e+00
-1.070174425840377808e-01,5.676739662885665894e-02,8.332014083862304688e-01,3.091716766357421875e-02,-1.621902920305728912e-02,-7.334280759096145630e-02,9.966955184936523438e-01,-3.096402585506439209e-01,3.818210214376449585e-02,-4.652466624975204468e-02,1.247005164623260498e-01,8.567795902490615845e-02,1.002524141222238541e-02,-2.666110917925834656e-02,-7.556439191102981567e-02,2.424113452434539795e-01,6.894383579492568970e-02,1.132446676492691040e-01,1.182175576686859131e-01,-3.165625035762786865e-02,7.565540820360183716e-02,-1.232800602912902832e+00,3.743688464164733887e-01,4.115244373679161072e-02,-2.170781493186950684e-01,0.000000000000000000e+00,-1.116231560707092285e+00,-2.979211509227752686e-01,7.272562384605407715e-02,-1.944458484649658203e-01,0.000000000000000000e+00
-1.087137833237648010e-01,5.869464203715324402e-02,8.333654999732971191e-01,2.967352233827114105e-02,-1.805487088859081268e-02,-8.243106305599212646e-02,9.959912896156311035e-01,-3.012292385101318359e-01,4.501238465309143066e-02,-2.889260090887546539e-02,1.193585395812988281e-01,8.676317334175109863e-02,1.167243719100952148e-02,-2.308188565075397491e-02,-7.512361556291580200e-02,2.535460591316223145e-01,6.002333387732505798e-02,1.175641641020774841e-01,1.230132207274436951e-01,-1.869925484061241150e-02,9.455678611993789673e-02,-1.266138553619384766e+00,3.598746359348297119e-01,3.938931971788406372e-02,-1.991765946149826050e-01,0.000000000000000000e+00,-1.081438899040222168e+00,-3.092495203018188477e-01,6.409487873315811157e-02,-2.094596475362777710e-01,0.000000000000000000e+00
-1.108507588505744934e-01,5.891092494130134583e-02,8.325538039207458496e-01,2.948858961462974548e-02,-1.935472711920738220e-02,-8.784739673137664795e-02,9.955092668533325195e-01,-2.994565963745117188e-01,4.990916699171066284e-02,-1.665276475250720978e-02,1.191604882478713989e-01,8.896525204181671143e-02,1.089622545987367630e-02,-2.233492024242877960e-02,-7.450421899557113647e-02,2.611541450023651123e-01,5.548435822129249573e-02,1.220571622252464294e-01,1.230955272912979126e-01,-1.317097526043653488e-02,1.149101480841636658e-01,-1.253790378570556641e+00,3.494383096694946289e-01,3.261082619428634644e-02,-1.783922165632247925e-01,0.000000000000000000e+00,-1.048734307289123535e+00,-3.224761486053466797e-01,4.613486304879188538e-02,-2.365876883268356323e-01,0.000000000000000000e+00
-1.128322333097457886e-01,5.908573418855667114e-02,8.306412696838378906e-01,2.922629565000534058e-02,-2.156417630612850189e-02,-8.941884338855743408e-02,9.953316450119018555e-01,-2.970739901065826416e-01,5.271791294217109680e-02,-8.335682563483715057e-03,1.200395524501800537e-01,8.968728780746459961e-02,1.143158599734306335e-02,-1.859114319086074829e-02,-7.439506798982620239e-02,2.630898058414459229e-01,5.351398140192031860e-02,1.251245290040969849e-01,1.234661564230918884e-01,-1.315834373235702515e-02,1.325408071279525757e-01,-1.225291013717651367e+00,3.453373312950134277e-01,2.685691229999065399e-02,-1.615489125251770020e-01,0.000000000000000000e+00,-1.023187160491943359e+00,-3.390751183032989502e-01,2.225011587142944336e-02,-2.685564458370208740e-01,0.000000000000000000e+00
-1.185914799571037292e-01,5.857805907726287842e-02,8.315951228141784668e-01,3.278836607933044434e-02,-1.289208699017763138e-02,-7.664455473423004150e-02,9.964358210563659668e-01,-3.698239624500274658e-01,3.119738586246967316e-02,-6.711838394403457642e-02,1.776551157236099243e-01,7.860867679119110107e-02,5.003183614462614059e-03,-6.714454293251037598e-02,-7.590878754854202271e-02,2.744811475276947021e-01,8.487395942211151123e-02,1.127248555421829224e-01,1.211453452706336975e-01,-1.799193955957889557e-02,1.458260565996170044e-01,-1.137726902961730957e+00,3.461878299713134766e-01,5.019805952906608582e-02,-2.459059059619903564e-01,0.000000000000000000e+00,-9.380527138710021973e-01,-4.077211022377014160e-01,-4.575141146779060364e-02,-4.970802068710327148e-01,0.000000000000000000e+00
-1.159051731228828430e-01,5.784259364008903503e-02,8.305777311325073242e-01,3.007253631949424744e-02,-2.056142315268516541e-02,-7.438335567712783813e-02,9.965640902519226074e-01,-3.331469297409057617e-01,4.186416789889335632e-02,-4.342296719551086426e-02,1.563185006380081177e-01,8.275594562292098999e-02,2.737812232226133347e-03,-3.430460020899772644e-02,-7.305359840393066406e-02,2.534914612770080566e-01,7.455652207136154175e-02,1.179595664143562317e-01,1.127828061580657959e-01,-1.521732658147811890e-02,1.645219773054122925e-01,-1.105871319770812988e+00,3.279854655265808105e-01,3.466254472732543945e-02,-2.219417840242385864e-01,0.000000000000000000e+00,-9.599409699440002441e-01,-3.950479328632354736e-01,-4.605596140027046204e-02,-4.956705868244171143e-01,0.000000000000000000e+00
-1.132074892520904541e-01,5.682434141635894775e-02,8.306490182876586914e-01,2.915164269506931305e-02,-2.407186105847358704e-02,-6.600484997034072876e-02,9.971028566360473633e-01,-3.154610097408294678e-01,4.228550195693969727e-02,-4.136514663696289062e-02,1.442920267581939697e-01,8.744726330041885376e-02,-1.341615919955074787e-03,-1.195771433413028717e-02,-7.205643504858016968e-02,2.326676845550537109e-01,6.624556332826614380e-02,1.208527907729148865e-01,1.068902537226676941e-01,-1.444891188293695450e-02,1.860205829143524170e-01,-1.076375246047973633e+00,3.124864995479583740e-01,1.994003728032112122e-02,-2.146835327148437500e-01,0.000000000000000000e+00,-1.002357721328735352e+00,-4.044650197029113770e-01,-4.949784278869628906e-02,-5.181950330734252930e-01,0.000000000000000000e+00
-1.111268773674964905e-01,5.498427152633666992e-02,8.305287361145019531e-01,2.807038091123104095e-02,-2.574081160128116608e-02,-5.222078040242195129e-02,9.979090690612792969e-01,-3.089370727539062500e-01,3.920862451195716858e-02,-5.714451894164085388e-02,1.382049918174743652e-01,8.883777260780334473e-02,-5.768898874521255493e-03,5.207215901464223862e-03,-6.921490281820297241e-02,2.055467665195465088e-01,6.050739437341690063e-02,1.191779375076293945e-01,1.049383953213691711e-01,-1.360294595360755920e-02,2.169262021780014038e-01,-1.056342959403991699e+00,2.967520058155059814e-01,-4.801115486770868301e-03,-2.219147831201553345e-01,0.000000000000000000e+00,-1.064695954322814941e+00,-4.341575801372528076e-01,-5.203032493591308594e-02,-5.450204014778137207e-01,0.000000000000000000e+00
-1.088448688387870789e-01,5.252766609191894531e-02,8.305350542068481445e-01,2.785012871026992798e-02,-2.628907188773155212e-02,-3.680799901485443115e-02,9.985882043838500977e-01,-3.079058229923248291e-01,3.344737365841865540e-02,-7.926718890666961670e-02,1.353985667228698730e-01,9.049358963966369629e-02,-1.288958173245191574e-02,1.815091073513031006e-02,-6.674245744943618774e-02,1.783252805471420288e-01,5.672867968678474426e-02,1.219724267721176147e-01,1.036732271313667297e-01,-1.990626007318496704e-02,2.499800175428390503e-01,-1.052676796913146973e+00,2.752758264541625977e-01,-3.026034496724605560e-02,-2.411407530307769775e-01,0.000000000000000000e+00,-1.124365568161010742e+00,-4.656981229782104492e-01,-4.757042601704597473e-02,-5.387831330299377441e-01,0.000000000000000000e+00
-1.081298813223838806e-01,5.003705620765686035e-02,8.307113051414489746e-01,2.851571328938007355e-02,-2.656881697475910187e-02,-2.391242794692516327e-02,9.989539980888366699e-01,-3.100262284278869629e-01,2.722301706671714783e-02,-9.720427542924880981e-02,1.351688206195831299e-01,9.401418268680572510e-02,-2.368432842195034027e-02,2.564447373151779175e-02,-6.593432277441024780e-02,1.546998918056488037e-01,5.544160306453704834e-02,1.244866624474525452e-01,9.988495707511901855e-02,-2.634763531386852264e-02,2.833477854728698730e-01,-1.053810119628906250e+00,2.588558793067932129e-01,-6.761646270751953125e-02,-2.611043751239776611e-01,0.000000000000000000e+00,-1.176135540008544922e+00,-5.000197887420654297e-01,-2.933050319552421570e-02,-4.859739243984222412e-01,0.000000000000000000e+00
-1.075749993324279785e-01,4.704842343926429749e-02,8.313387632369995117e-01,2.906012907624244690e-02,-2.744308300316333771e-02,-1.367371156811714172e-02,9.991073012351989746e-01,-3.096844851970672607e-01,2.346484921872615814e-02,-1.142987385392189026e-01,1.340785026550292969e-01,9.072916209697723389e-02,-2.813187614083290100e-02,3.255504369735717773e-02,-6.356562674045562744e-02,1.334329098463058472e-01,5.451133102178573608e-02,1.205166801810264587e-01,1.026527732610702515e-01,-3.722384572029113770e-02,3.162657916545867920e-01,-1.053456425666809082e+00,2.485271245241165161e-01,-1.026423797011375427e-01,-2.751891016960144043e-01,0.000000000000000000e+00,-1.213901638984680176e+00,-5.400398969650268555e-01,-7.579596247524023056e-03,-3.875238895416259766e-01,0.000000000000000000e+00
-1.115848943591117859e-01,3.969528898596763611e-02,8.320308923721313477e-01,4.199725016951560974e-02,-1.269990857690572739e-02,1.147823501378297806e-02,9.989710450172424316e-01,-3.899375200271606445e-01,-3.060035035014152527e-02,-1.957760304212570190e-01,1.917770653963088989e-01,7.211083918809890747e-02,-3.725879639387130737e-02,-2.911871299147605896e-02,-8.366026729345321655e-02,1.299167871475219727e-01,9.397435188293457031e-02,1.040140315890312195e-01,9.841191768646240234e-02,-9.975961595773696899e-02,2.316085994243621826e-01,-9.550645351409912109e-01,4.012724757194519043e-01,-1.261674761772155762e-01,-4.755190014839172363e-01,0.000000000000000000e+00,-1.441226005554199219e+00,-4.965224862098693848e-01,6.428050249814987183e-02,-7.143118418753147125e-03,0.000000000000000000e+00
-1.113751232624053955e-01,3.442040458321571350e-02,8.322992920875549316e-01,4.696570709347724915e-02,-1.334073208272457123e-02,2.079055644571781158e-02,9.985910058021545410e-01,-3.890679776668548584e-01,-4.129610955715179443e-02,-2.046855390071868896e-01,1.915859580039978027e-01,6.686509400606155396e-02,-4.734067618846893311e-02,-2.619381435215473175e-02,-8.873220533132553101e-02,1.146158277988433838e-01,9.670362621545791626e-02,9.572912007570266724e-02,9.744375944137573242e-02,-1.351254582405090332e-01,1.842922121286392212e-01,-8.978896141052246094e-01,4.823170602321624756e-01,-9.677164256572723389e-02,-5.284453034400939941e-01,0.000000000000000000e+00,-1.566552996635437012e+00,-4.091916680335998535e-01,1.190443783998489380e-01,2.557647526264190674e-01,0.000000000000000000e+00
-1.109286919236183167e-01,3.128696978092193604e-02,8.324974179267883301e-01,4.863682389259338379e-02,-1.505502685904502869e-02,2.769446186721324921e-02,9.983189702033996582e-01,-3.830370903015136719e-01,-4.456776753067970276e-02,-2.128600478172302246e-01,1.873050630092620850e-01,7.281740754842758179e-02,-5.439667031168937683e-02,-1.522528938949108124e-02,-8.912701904773712158e-02,9.769722074270248413e-02,9.185384213924407959e-02,9.884458780288696289e-02,8.890562504529953003e-02,-1.552621424198150635e-01,1.774414926767349243e-01,-8.814325332641601562e-01,4.999266266822814941e-01,-1.201338395476341248e-01,-5.434309244155883789e-01,0.000000000000000000e+00,-1.602934241294860840e+00,-4.019752144813537598e-01,1.716208457946777344e-01,4.131735563278198242e-01,0.000000000000000000e+00
-1.104177385568618774e-01,3.003531135618686676e-02,8.324512839317321777e-01,4.718623310327529907e-02,-1.791598834097385406e-02,3.231088817119598389e-02,9.982026219367980957e-01,-3.712781071662902832e-01,-4.053825139999389648e-02,-2.153757065534591675e-01,1.769307106733322144e-01,7.875358313322067261e-02,-5.800369754433631897e-02,1.140416134148836136e-03,-8.479046076536178589e-02,7.781732082366943359e-02,8.233801275491714478e-02,1.011266335844993591e-01,8.688477426767349243e-02,-1.599979847669601440e-01,2.006275504827499390e-01,-8.918790817260742188e-01,4.752307534217834473e-01,-1.307137161493301392e-01,-5.268964767456054688e-01,0.000000000000000000e+00,-1.569805860519409180e+00,-4.443253278732299805e-01,2.129584252834320068e-01,4.060286283493041992e-01,0.000000000000000000e+00
-1.114624589681625366e-01,2.830233052372932434e-02,8.317347168922424316e-01,4.899536818265914917e-02,-1.638928800821304321e-02,4.293692484498023987e-02,9.977411031723022461e-01,-3.816716074943542480e-01,-5.423434451222419739e-02,-2.398100048303604126e-01,1.812136620283126831e-01,8.007951080799102783e-02,-5.471293628215789795e-02,2.483285497874021530e-04,-8.846735954284667969e-02,5.773796513676643372e-02,7.972723990678787231e-02,1.033297851681709290e-01,8.893924206495285034e-02,-1.681260168552398682e-01,2.048020213842391968e-01,-8.806341886520385742e-01,4.815444350242614746e-01,-1.339671015739440918e-01,-5.412738323211669922e-01,0.000000000000000000e+00,-1.493683576583862305e+00,-4.969095289707183838e-01,1.819226294755935669e-01,2.663543522357940674e-01,0.000000000000000000e+00
-1.125110536813735962e-01,2.997492812573909760e-02,8.298191428184509277e-01,4.660836607217788696e-02,-1.765033788979053497e-02,4.854769632220268250e-02,9.975767135620117188e-01,-3.829566240310668945e-01,-5.553736165165901184e-02,-2.503182590007781982e-01,1.815924495458602905e-01,8.257538080215454102e-02,-5.149609595537185669e-02,6.444129627197980881e-03,-8.577737957239151001e-02,4.182751849293708801e-02,7.610583305358886719e-02,1.045582666993141174e-01,8.934754133224487305e-02,-1.492990553379058838e-01,2.295898348093032837e-01,-8.839379549026489258e-01,4.380268752574920654e-01,-1.328146308660507202e-01,-5.352481007575988770e-01,0.000000000000000000e+00,-1.415929675102233887e+00,-5.329914689064025879e-01,1.391303092241287231e-01,1.373832523822784424e-01,0.000000000000000000e+00
-1.113482043147087097e-01,3.510646522045135498e-02,8.279294371604919434e-01,4.077848792076110840e-02,-2.487521991133689880e-02,4.982100427150726318e-02,9.976152777671813965e-01,-3.545506894588470459e-01,-4.350714385509490967e-02,-2.405053079128265381e-01,1.623547077178955078e-01,9.258155524730682373e-02,-4.610720276832580566e-02,3.499263152480125427e-02,-7.923851907253265381e-02,1.664897613227367401e-02,6.708545237779617310e-02,1.109344512224197388e-01,8.642610907554626465e-02,-1.070648804306983948e-01,2.751582264900207520e-01,-8.936769366264343262e-01,3.501897454261779785e-01,-1.344793885946273804e-01,-4.998922049999237061e-01,0.000000000000000000e+00,-1.373031854629516602e+00,-5.613578557968139648e-01,1.452195048332214355e-01,9.405805170536041260e-02,0.000000000000000000e+00
-1.108244061470031738e-01,3.841948881745338440e-02,8.270430564880371094e-01,3.612509742379188538e-02,-2.834542654454708099e-02,5.025998875498771667e-02,9.976800084114074707e-01,-3.406678736209869385e-01,-3.426750749349594116e-02,-2.377426922321319580e-01,1.508082449436187744e-01,9.808199852705001831e-02,-3.915043175220489502e-02,5.223912745714187622e-02,-7.219918817281723022e-02,4.117519594728946686e-03,5.498019605875015259e-02,1.141574457287788391e-01,8.545722067356109619e-02,-7.874060422182083130e-02,3.001007437705993652e-01,-8.978437781333923340e-01,2.972438037395477295e-01,-1.360042393207550049e-01,-4.684702754020690918e-01,0.000000000000000000e+00,-1.338186502456665039e+00,-5.874408483505249023e-01,1.286370009183883667e-01,2.910665795207023621e-02,0.000000000000000000e+00
-1.113556027412414551e-01,3.931818529963493347e-02,8.266697525978088379e-01,3.324163705110549927e-02,-3.041417337954044342e-02,4.945994541049003601e-02,9.977593421936035156e-01,-3.334974348545074463e-01,-2.667522244155406952e-02,-2.352630048990249634e-01,1.449831873178482056e-01,1.007370501756668091e-01,-3.753054141998291016e-02,6.160110235214233398e-02,-6.642072647809982300e-02,-2.848466392606496811e-04,4.727955162525177002e-02,1.168164759874343872e-01,8.478254079818725586e-02,-6.686584651470184326e-02,3.145418167114257812e-01,-9.076079130172729492e-01,2.685232162475585938e-01,-1.399940550327301025e-01,-4.451478123664855957e-01,0.000000000000000000e+00,-1.304035544395446777e+00,-6.098666191101074219e-01,1.139771267771720886e-01,-1.978435926139354706e-02,0.000000000000000000e+00
-1.100339218974113464e-01,4.008236527442932129e-02,8.275065422058105469e-01,3.177684918045997620e-02,-3.044407255947589874e-02,4.987676441669464111e-02,9.977853894233703613e-01,-3.302984833717346191e-01,-2.414638176560401917e-02,-2.358595728874206543e-01,1.418937891721725464e-01,1.018671020865440369e-01,-3.603967651724815369e-02,6.756839901208877563e-02,-6.320140510797500610e-02,-1.875400193966925144e-03,4.081318899989128113e-02,1.169468313455581665e-01,8.419916778802871704e-02,-5.586480721831321716e-02,3.380630314350128174e-01,-9.100694656372070312e-01,2.407493442296981812e-01,-1.490572392940521240e-01,-4.272185862064361572e-01,0.000000000000000000e+00,-1.294174671173095703e+00,-6.035099029541015625e-01,7.624915987253189087e-02,-5.020087584853172302e-02,0.000000000000000000e+00
-1.096311509609222412e-01,3.930880129337310791e-02,8.286160826683044434e-01,3.132839873433113098e-02,-3.094774484634399414e-02,4.663857445120811462e-02,9.979406595230102539e-01,-3.273457288742065430e-01,-1.901054754853248596e-02,-2.311460524797439575e-01,1.407985240221023560e-01,1.044799834489822388e-01,-4.010524228215217590e-02,6.901916861534118652e-02,-6.029377877712249756e-02,2.518159104511141777e-03,3.864087909460067749e-02,1.189041435718536377e-01,8.310689777135848999e-02,-5.757684260606765747e-02,3.579726815223693848e-01,-9.181544184684753418e-01,2.165581583976745605e-01,-1.670639365911483765e-01,-4.134102165699005127e-01,0.000000000000000000e+00,-1.286198854446411133e+00,-5.994658470153808594e-01,5.818589404225349426e-02,-2.050033956766128540e-02,0.000000000000000000e+00
-1.145400479435920715e-01,2.949619106948375702e-02,8.301679491996765137e-01,4.668917134404182434e-02,-1.770723238587379456e-02,5.078791081905364990e-02,9.974603652954101562e-01,-3.911207914352416992e-01,-6.005729362368583679e-02,-2.611464858055114746e-01,1.907659173011779785e-01,7.744349539279937744e-02,-4.458840191364288330e-02,2.635649871081113815e-03,-8.553510904312133789e-02,4.258928820490837097e-02,7.784831523895263672e-02,9.993284195661544800e-02,8.457624167203903198e-02,-1.348378211259841919e-01,2.674045562744140625e-01,-8.471140861511230469e-01,3.946636319160461426e-01,-1.756548583507537842e-01,-5.388098955154418945e-01,0.000000000000000000e+00,-1.431565523147583008e+00,-4.930923283100128174e-01,3.593664616346359253e-02,2.053573429584503174e-01,0.000000000000000000e+00
-1.139978542923927307e-01,2.719740569591522217e-02,8.312813043594360352e-01,4.765272513031959534e-02,-1.799528114497661591e-02,4.744431748986244202e-02,9.975742697715759277e-01,-3.848960995674133301e-01,-5.439693853259086609e-02,-2.530713677406311035e-01,1.846247464418411255e-01,7.864228636026382446e-02,-5.282761529088020325e-02,3.713834332302212715e-03,-8.379315584897994995e-02,5.080661550164222717e-02,7.666782289743423462e-02,1.018648073077201843e-01,8.195056021213531494e-02,-1.468159109354019165e-01,2.569592297077178955e-01,-8.302245736122131348e-01,4.152886569499969482e-01,-1.897173225879669189e-01,-5.547887086868286133e-01,0.000000000000000000e+00,-1.480419635772705078e+00,-4.715595543384552002e-01,9.563270956277847290e-02,3.604505956172943115e-01,0.000000000000000000e+00
-1.157224178314208984e-01,2.537832967936992645e-02,8.313695192337036133e-01,5.082837492227554321e-02,-1.850342005491256714e-02,4.447291418910026550e-02,9.975451231002807617e-01,-3.821732997894287109e-01,-5.613166838884353638e-02,-2.434387058019638062e-01,1.818649917840957642e-01,7.780934870243072510e-02,-5.406296253204345703e-02,2.827371936291456223e-04,-8.900563418865203857e-02,5.793533846735954285e-02,7.919172942638397217e-02,1.032759919762611389e-01,8.091712743043899536e-02,-1.586443036794662476e-01,2.214604318141937256e-01,-8.021952509880065918e-01,4.505566954612731934e-01,-1.876365989446640015e-01,-5.810970067977905273e-01,0.000000000000000000e+00,-1.566775441169738770e+00,-3.784504830837249756e-01,1.267303526401519775e-01,5.627121925354003906e-01,0.000000000000000000e+00
-1.174894198775291443e-01,2.436093986034393311e-02,8.309515714645385742e-01,4.930688813328742981e-02,-2.193266712129116058e-02,3.748349845409393311e-02,9.978390336036682129e-01,-3.657324910163879395e-01,-4.120491817593574524e-02,-2.250877469778060913e-01,1.664512455463409424e-01,8.439133316278457642e-02,-5.820482969284057617e-02,1.109763886779546738e-02,-8.343981951475143433e-02,6.025362014770507812e-02,7.031905651092529297e-02,1.103557273745536804e-01,8.605442196130752563e-02,-1.526770144701004028e-01,2.312503606081008911e-01,-8.160954117774963379e-01,4.186083078384399414e-01,-2.119785100221633911e-01,-5.685232281684875488e-01,0.000000000000000000e+00,-1.525876283645629883e+00,-3.887910246849060059e-01,1.931468993425369263e-01,5.592344999313354492e-01,0.000000000000000000e+00
-1.203067153692245483e-01,2.289815805852413177e-02,8.301985859870910645e-01,5.055576190352439880e-02,-2.192376367747783661e-02,3.258419409394264221e-02,9.979487657546997070e-01,-3.651442527770996094e-01,-3.770972043275833130e-02,-2.163040935993194580e-01,1.597808152437210083e-01,8.957428485155105591e-02,-5.503166839480400085e-02,6.989436689764261246e-03,-8.483371138572692871e-02,7.090917229652404785e-02,6.564670801162719727e-02,1.169521734118461609e-01,9.470023214817047119e-02,-1.551326960325241089e-01,2.246586978435516357e-01,-8.255957365036010742e-01,4.300583004951477051e-01,-2.181038111448287964e-01,-5.813689231872558594e-01,0.000000000000000000e+00,-1.448527574539184570e+00,-4.075360596179962158e-01,2.343956083059310913e-01,4.407317340373992920e-01,0.000000000000000000e+00
-1.245740428566932678e-01,2.475114353001117706e-02,8.303166031837463379e-01,5.010984465479850769e-02,-2.253836952149868011e-02,2.421335689723491669e-02,9.981957674026489258e-01,-3.675569295883178711e-01,-3.330747410655021667e-02,-2.074615508317947388e-01,1.569695323705673218e-01,9.204259514808654785e-02,-4.709396883845329285e-02,-3.738975385203957558e-03,-8.558794856071472168e-02,8.813001215457916260e-02,6.657406687736511230e-02,1.221216320991516113e-01,1.008196771144866943e-01,-1.392647176980972290e-01,2.235864400863647461e-01,-8.270174860954284668e-01,4.167458117008209229e-01,-2.093905955553054810e-01,-6.097778081893920898e-01,0.000000000000000000e+00,-1.311651945114135742e+00,-4.153747856616973877e-01,2.249622792005538940e-01,2.615889012813568115e-01,0.000000000000000000e+00
-1.279020905494689941e-01,2.671073004603385925e-02,8.290619850158691406e-01,4.826864600181579590e-02,-2.456523291766643524e-02,1.418571546673774719e-02,9.984315037727355957e-01,-3.609648048877716064e-01,-2.251410111784934998e-02,-1.893505454063415527e-01,1.506167054176330566e-01,9.546018391847610474e-02,-4.092130810022354126e-02,-3.219162579625844955e-03,-8.331030607223510742e-02,1.020569950342178345e-01,6.317130476236343384e-02,1.263163387775421143e-01,1.077146679162979126e-01,-1.132755652070045471e-01,2.340604215860366821e-01,-8.390492796897888184e-01,3.789506554603576660e-01,-2.018860727548599243e-01,-6.175697445869445801e-01,0.000000000000000000e+00,-1.193335771560668945e+00,-4.371444284915924072e-01,2.288988232612609863e-01,1.404677927494049072e-01,0.000000000000000000e+00
-1.314738839864730835e-01,2.911326847970485687e-02,8.303372859954833984e-01,4.643702507019042969e-02,-2.578558586537837982e-02,-2.245488576591014862e-03,9.985858201980590820e-01,-3.560268878936767578e-01,-9.275131858885288239e-03,-1.684138774871826172e-01,1.446797847747802734e-01,9.418224543333053589e-02,-3.366294130682945251e-02,-1.300256326794624329e-02,-8.054417371749877930e-02,1.340642720460891724e-01,6.353793293237686157e-02,1.314665824174880981e-01,1.146786138415336609e-01,-9.200676530599594116e-02,2.448263168334960938e-01,-8.588244318962097168e-01,3.554302155971527100e-01,-1.726962327957153320e-01,-6.421124339103698730e-01,0.000000000000000000e+00,-1.023201942443847656e+00,-4.733078181743621826e-01,2.332442551851272583e-01,-2.895617485046386719e-02,0.000000000000000000e+00
-1.348108798265457153e-01,3.104762360453605652e-02,8.308556675910949707e-01,4.495805874466896057e-02,-2.802733704447746277e-02,-1.817260496318340302e-02,9.984302520751953125e-01,-3.434048593044281006e-01,5.506508983671665192e-03,-1.386403292417526245e-01,1.328673958778381348e-01,9.809692949056625366e-02,-2.446197718381881714e-02,-1.320524234324693680e-02,-7.819668948650360107e-02,1.593360453844070435e-01,5.621519312262535095e-02,1.399691700935363770e-01,1.203314661979675293e-01,-7.588904350996017456e-02,2.529912889003753662e-01,-8.882037401199340820e-01,3.417368233203887939e-01,-1.432775557041168213e-01,-6.528738141059875488e-01,0.000000000000000000e+00,-8.726179003715515137e-01,-5.004749894142150879e-01,2.261829972267150879e-01,-1.256211847066879272e-01,0.000000000000000000e+00
-1.381448209285736084e-01,3.322188928723335266e-02,8.320562243461608887e-01,4.227438941597938538e-02,-2.845016308128833771e-02,-3.626439347863197327e-02,9.980422854423522949e-01,-3.348503112792968750e-01,2.379526570439338684e-02,-1.058635413646697998e-01,1.215572655200958252e-01,1.057844385504722595e-01,-2.637958712875843048e-02,-2.167070843279361725e-02,-7.190687954425811768e-02,1.921677142381668091e-01,5.337271839380264282e-02,1.483796536922454834e-01,1.225240975618362427e-01,-5.781417712569236755e-02,2.603152692317962646e-01,-9.264150261878967285e-01,3.302017748355865479e-01,-1.171303018927574158e-01,-6.706646084785461426e-01,0.000000000000000000e+00,-7.227470278739929199e-01,-5.235943794250488281e-01,2.204309254884719849e-01,-2.090876400470733643e-01,0.000000000000000000e+00
-1.395596265792846680e-01,3.422377258539199829e-02,8.324457406997680664e-01,4.007709771394729614e-02,-3.040145523846149445e-02,-5.318606272339820862e-02,9.973168373107910156e-01,-3.151537775993347168e-01,4.133930802345275879e-02,-7.239052653312683105e-02,1.044693142175674438e-01,1.073009669780731201e-01,-2.287388965487480164e-02,-1.681314967572689056e-02,-6.721344590187072754e-02,2.143831402063369751e-01,4.220975935459136963e-02,1.500412523746490479e-01,1.346513628959655762e-01,-4.105261340737342834e-02,2.564589679241180420e-01,-9.623149037361145020e-01,3.384553492069244385e-01,-7.821457087993621826e-02,-6.811177134513854980e-01,0.000000000000000000e+00,-5.984219908714294434e-01,-5.187546610832214355e-01,2.113451659679412842e-01,-2.409981042146682739e-01,0.000000000000000000e+00
-1.422645002603530884e-01,3.627879917621612549e-02,8.332833051681518555e-01,3.790299966931343079e-02,-2.956874668598175049e-02,-7.181565463542938232e-02,9.962587952613830566e-01,-3.075725138187408447e-01,5.777088180184364319e-02,-3.879585489630699158e-02,9.331899881362915039e-02,1.067532971501350403e-01,-2.139354310929775238e-02,-2.823666483163833618e-02,-6.123588234186172485e-02,2.484752833843231201e-01,4.040843248367309570e-02,1.509974449872970581e-01,1.439212262630462646e-01,-2.517266944050788879e-02,2.494830638170242310e-01,-1.006447792053222656e+00,3.518216907978057861e-01,-3.317035734653472900e-02,-6.934740543365478516e-01,0.000000000000000000e+00,-4.702733159065246582e-01,-5.392535328865051270e-01,1.925830096006393433e-01,-2.912339866161346436e-01,0.000000000000000000e+00
-1.440017521381378174e-01,3.965016454458236694e-02,8.346111178398132324e-01,3.375912457704544067e-02,-2.668520249426364899e-02,-8.975587785243988037e-02,9.950337409973144531e-01,-3.036827147006988525e-01,7.641544193029403687e-02,-5.674865562468767166e-03,8.315415680408477783e-02,1.138752624392509460e-01,-2.049566619098186493e-02,-4.287120699882507324e-02,-5.149389803409576416e-02,2.857906818389892578e-01,3.959172219038009644e-02,1.580686271190643311e-01,1.430058032274246216e-01,-3.463466884568333626e-03,2.315485924482345581e-01,-1.050522923469543457e+00,3.621650040149688721e-01,-6.269990932196378708e-03,-6.961013674736022949e-01,0.000000000000000000e+00,-3.603892624378204346e-01,-5.709025263786315918e-01,1.759544163942337036e-01,-3.212160170078277588e-01,0.000000000000000000e+00
-1.439594775438308716e-01,4.033281281590461731e-02,8.349187374114990234e-01,3.161038458347320557e-02,-2.878556214272975922e-02,-1.034393161535263062e-01,9.937164783477783203e-01,-2.822721004486083984e-01,9.038800001144409180e-02,2.408279106020927429e-02,6.809112429618835449e-02,1.115404739975929260e-01,-1.315564662218093872e-02,-3.527378290891647339e-02,-4.606312140822410583e-02,3.007514476776123047e-01,3.205667063593864441e-02,1.570765823125839233e-01,1.597488671541213989e-01,8.120700716972351074e-03,2.036270648241043091e-01,-1.077671408653259277e+00,3.863314092159271240e-01,2.016454935073852539e-02,-6.795418262481689453e-01,0.000000000000000000e+00,-2.908309400081634521e-01,-5.678787231445312500e-01,1.504646688699722290e-01,-3.188211023807525635e-01,0.000000000000000000e+00
-1.443572938442230225e-01,4.215776175260543823e-02,8.358734846115112305e-01,2.915209904313087463e-02,-2.835759334266185760e-02,-1.209453865885734558e-01,9.918256998062133789e-01,-2.706177234649658203e-01,1.052014082670211792e-01,6.004158034920692444e-02,6.110329553484916687e-02,1.109738498926162720e-01,-1.453206501901149750e-02,-4.040690883994102478e-02,-3.956154733896255493e-02,3.358094990253448486e-01,2.888612635433673859e-02,1.635843664407730103e-01,1.586004495620727539e-01,1.905854418873786926e-02,1.689071804285049438e-01,-1.117318272590637207e+00,4.309297502040863037e-01,4.001475498080253601e-02,-6.535196900367736816e-01,0.000000000000000000e+00,-2.112550586462020874e-01,-5.776257514953613281e-01,1.372690200805664062e-01,-3.106243312358856201e-01,0.000000000000000000e+00
-1.441965848207473755e-01,4.327226802706718445e-02,8.367484211921691895e-01,2.769215591251850128e-02,-2.759643830358982086e-02,-1.368019133806228638e-01,9.898266792297363281e-01,-2.622848451137542725e-01,1.175100356340408325e-01,8.876921981573104858e-02,5.849504843354225159e-02,1.116132289171218872e-01,-1.209742110222578049e-02,-4.397628456354141235e-02,-3.465836867690086365e-02,3.668178915977478027e-01,2.517343126237392426e-02,1.633788645267486572e-01,1.618809401988983154e-01,2.985673956573009491e-02,1.396439671516418457e-01,-1.145427465438842773e+00,4.696264564990997314e-01,5.614846572279930115e-02,-6.019665598869323730e-01,0.000000000000000000e+00,-1.511830240488052368e-01,-5.867880582809448242e-01,1.165533885359764099e-01,-3.068295717239379883e-01,0.000000000000000000e+00
-1.442482769489288330e-01,4.504461586475372314e-02,8.380568027496337891e-01,2.468325942754745483e-02,-2.564897947013378143e-02,-1.507494896650314331e-01,9.879308938980102539e-01,-2.636010050773620605e-01,1.313154548406600952e-01,1.086909100413322449e-01,6.366948038339614868e-02,1.094926819205284119e-01,-1.000167056918144226e-02,-5.195437744259834290e-02,-2.631060034036636353e-02,3.946584165096282959e-01,2.467823959887027740e-02,1.623928248882293701e-01,1.669965684413909912e-01,4.869962483644485474e-02,1.088428050279617310e-01,-1.173922300338745117e+00,5.050826668739318848e-01,8.019837737083435059e-02,-4.999865889549255371e-01,0.000000000000000000e+00,-9.696007519960403442e-02,-6.223186850547790527e-01,8.356039971113204956e-02,-3.162012994289398193e-01,0.000000000000000000e+00
-1.440962851047515869e-01,4.598608613014221191e-02,8.394133448600769043e-01,2.291242405772209167e-02,-2.558388188481330872e-02,-1.641845852136611938e-01,9.858315587043762207e-01,-2.579863965511322021e-01,1.420241892337799072e-01,1.295067220926284790e-01,6.648727506399154663e-02,1.094738468527793884e-01,-6.378518883138895035e-03,-5.298382043838500977e-02,-2.127584442496299744e-02,4.189471006393432617e-01,2.135556749999523163e-02,1.627193391323089600e-01,1.714291870594024658e-01,6.267090886831283569e-02,7.892709970474243164e-02,-1.191944241523742676e+00,5.562371611595153809e-01,8.728649467229843140e-02,-3.436166346073150635e-01,0.000000000000000000e+00,-5.869912356138229370e-02,-6.435062289237976074e-01,6.475771963596343994e-02,-3.166460692882537842e-01,0.000000000000000000e+00
-1.441263258457183838e-01,4.647225141525268555e-02,8.404488563537597656e-01,2.183707803487777710e-02,-2.605282515287399292e-02,-1.764982789754867554e-01,9.837137460708618164e-01,-2.517378926277160645e-01,1.511627286672592163e-01,1.496166586875915527e-01,7.012689113616943359e-02,1.103959977626800537e-01,-3.702710615471005440e-03,-5.268875882029533386e-02,-1.750745996832847595e-02,4.414620697498321533e-01,1.792359724640846252e-02,1.626284569501876831e-01,1.772728264331817627e-01,7.612649351358413696e-02,5.030357837677001953e-02,-1.214670538902282715e+00,5.994557738304138184e-01,7.242608070373535156e-02,-1.203074976801872253e-01,0.000000000000000000e+00,-3.561412543058395386e-02,-6.643653512001037598e-01,5.615620315074920654e-02,-3.165202140808105469e-01,0.000000000000000000e+00
-1.434169858694076538e-01,4.652658849954605103e-02,8.412799239158630371e-01,2.104677259922027588e-02,-2.628241106867790222e-02,-1.875641494989395142e-01,9.816750884056091309e-01,-2.461337894201278687e-01,1.590680330991744995e-01,1.686519384384155273e-01,7.465957850217819214e-02,1.094270497560501099e-01,7.905023085186257958e-05,-5.104822665452957153e-02,-1.522776950150728226e-02,4.616228640079498291e-01,1.339366938918828964e-02,1.610335558652877808e-01,1.819361299276351929e-01,8.874473720788955688e-02,1.815222948789596558e-02,-1.246850132942199707e+00,6.296398639678955078e-01,4.757847264409065247e-02,9.121936559677124023e-02,0.000000000000000000e+00,-2.349402196705341339e-02,-6.875905990600585938e-01,4.976715520024299622e-02,-3.204992413520812988e-01,0.000000000000000000e+00
-1.423256546258926392e-01,4.592007771134376526e-02,8.416609168052673340e-01,2.184510789811611176e-02,-2.622654661536216736e-02,-2.001138180494308472e-01,9.791779518127441406e-01,-2.365477979183197021e-01,1.657022982835769653e-01,1.854181587696075439e-01,7.636322081089019775e-02,1.076654344797134399e-01,1.194573240354657173e-03,-5.105827748775482178e-02,-1.487038191407918930e-02,4.752663373947143555e-01,9.807805530726909637e-03,1.523808240890502930e-01,2.032189518213272095e-01,9.478019177913665771e-02,-1.568549871444702148e-02,-1.252474546432495117e+00,6.850738525390625000e-01,2.814255282282829285e-02,1.264342367649078369e-01,0.000000000000000000e+00,-3.906964138150215149e-02,-6.891153454780578613e-01,5.524538457393646240e-02,-3.305245637893676758e-01,0.000000000000000000e+00
-1.425316333770751953e-01,4.592815041542053223e-02,8.417227864265441895e-01,2.229537256062030792e-02,-2.594780549407005310e-02,-2.126395553350448608e-01,9.765316247940063477e-01,-2.341989576816558838e-01,1.721255630254745483e-01,2.125310748815536499e-01,8.021862804889678955e-02,1.109328120946884155e-01,5.045048426836729050e-03,-5.616776272654533386e-02,-1.296888571232557297e-02,4.971848428249359131e-01,1.118907891213893890e-02,1.540768146514892578e-01,2.096873074769973755e-01,9.942219406366348267e-02,-3.411415219306945801e-02,-1.237526893615722656e+00,7.252660989761352539e-01,1.535632740706205368e-02,5.188822001218795776e-02,0.000000000000000000e+00,-4.699308797717094421e-02,-7.068112492561340332e-01,5.482468754053115845e-02,-3.463406860828399658e-01,0.000000000000000000e+00
-1.440889090299606323e-01,4.500275477766990662e-02,8.416395187377929688e-01,2.262816391885280609e-02,-2.714706398546695709e-02,-2.253493517637252808e-01,9.736368060111999512e-01,-2.284148484468460083e-01,1.814142465591430664e-01,2.319079488515853882e-01,8.688914030790328979e-02,1.086382567882537842e-01,-1.458722836105152965e-04,-5.746766552329063416e-02,-9.765263646841049194e-03,5.197110772132873535e-01,1.156668085604906082e-02,1.561053544282913208e-01,2.148965597152709961e-01,9.731462597846984863e-02,-4.034512117505073547e-02,-1.225103259086608887e+00,7.289596199989318848e-01,1.320820674300193787e-02,-5.285716801881790161e-02,0.000000000000000000e+00,-4.611967131495475769e-02,-7.081159353256225586e-01,4.734462872147560120e-02,-3.555388748645782471e-01,0.000000000000000000e+00
-1.448496282100677490e-01,4.324826970696449280e-02,8.419504761695861816e-01,2.272783406078815460e-02,-2.798058837652206421e-02,-2.367266118526458740e-01,9.709073305130004883e-01,-2.240358740091323853e-01,1.913054585456848145e-01,2.539114356040954590e-01,9.453500807285308838e-02,1.071164011955261230e-01,4.150100518018007278e-03,-5.662721022963523865e-02,-6.190862040966749191e-03,5.371305942535400391e-01,8.956005796790122986e-03,1.547433286905288696e-01,2.254121601581573486e-01,9.471552073955535889e-02,-4.250727966427803040e-02,-1.211712121963500977e+00,7.361579537391662598e-01,2.333139069378376007e-02,-1.297284960746765137e-01,0.000000000000000000e+00,-3.369874879717826843e-02,-7.019823789596557617e-01,2.598480135202407837e-02,-3.624943792819976807e-01,0.000000000000000000e+00
-1.450269371271133423e-01,4.192399978637695312e-02,8.427536487579345703e-01,2.352061308920383453e-02,-2.861692570149898529e-02,-2.464833855628967285e-01,9.684388637542724609e-01,-2.202878594398498535e-01,1.977642178535461426e-01,2.713023424148559570e-01,1.026138812303543091e-01,1.117556318640708923e-01,1.041357126086950302e-02,-5.583455413579940796e-02,-5.756804719567298889e-03,5.523856282234191895e-01,6.573597434908151627e-03,1.542960405349731445e-01,2.266572415828704834e-01,9.625347703695297241e-02,-4.448746144771575928e-02,-1.185461997985839844e+00,7.456049323081970215e-01,3.140091150999069214e-02,-1.292232125997543335e-01,0.000000000000000000e+00,-2.088465541601181030e-02,-7.004178166389465332e-01,1.459605153650045395e-02,-3.694369792938232422e-01,0.000000000000000000e+00
-1.450085639953613281e-01,4.063659906387329102e-02,8.430900573730468750e-01,2.316555567085742950e-02,-2.943083457648754120e-02,-2.522611916065216064e-01,9.669340848922729492e-01,-2.217257916927337646e-01,2.039923518896102905e-01,2.833408117294311523e-01,1.116307005286216736e-01,1.178151145577430725e-01,2.396387793123722076e-02,-5.292272940278053284e-02,-3.492637770250439644e-03,5.619078278541564941e-01,4.636771976947784424e-03,1.534589976072311401e-01,2.231125235557556152e-01,9.995106607675552368e-02,-5.132494494318962097e-02,-1.173011064529418945e+00,7.620623111724853516e-01,3.098755702376365662e-02,-4.238063842058181763e-02,0.000000000000000000e+00,-1.373567804694175720e-02,-7.059945464134216309e-01,8.333001285791397095e-03,-3.798190355300903320e-01,0.000000000000000000e+00
-1.452275812625885010e-01,4.007958620786666870e-02,8.432203531265258789e-01,2.172910980880260468e-02,-2.901645004749298096e-02,-2.576122879981994629e-01,9.655681252479553223e-01,-2.293434888124465942e-01,2.119497060775756836e-01,2.755396664142608643e-01,1.263587474822998047e-01,1.262724250555038452e-01,2.907848730683326721e-02,-5.256866663694381714e-02,1.895746565423905849e-03,5.741490125656127930e-01,2.944655716419219971e-03,1.526024788618087769e-01,2.215483784675598145e-01,1.101245731115341187e-01,-6.306279450654983521e-02,-1.190971732139587402e+00,7.983729243278503418e-01,2.152416668832302094e-02,1.495995670557022095e-01,0.000000000000000000e+00,-2.125247381627559662e-02,-7.271472811698913574e-01,1.430144347250461578e-02,-3.917004168033599854e-01,0.000000000000000000e+00
-1.447883844375610352e-01,4.069582745432853699e-02,8.441556692123413086e-01,2.019503153860569000e-02,-2.725302986800670624e-02,-2.626416087150573730e-01,9.642970561981201172e-01,-2.385444343090057373e-01,2.204450219869613647e-01,2.716836631298065186e-01,1.397400647401809692e-01,1.341989487409591675e-01,2.955609373748302460e-02,-5.637580528855323792e-02,6.226915400475263596e-03,5.854858756065368652e-01,3.186832647770643234e-03,1.512953788042068481e-01,2.265960872173309326e-01,1.291738599538803101e-01,-7.652522623538970947e-02,-1.224433898925781250e+00,8.284616470336914062e-01,-2.720002643764019012e-02,4.068907499313354492e-01,0.000000000000000000e+00,-3.746554255485534668e-02,-7.599726319313049316e-01,3.118092007935047150e-02,-3.998572528362274170e-01,0.000000000000000000e+00
-1.437760144472122192e-01,4.152788221836090088e-02,8.459332585334777832e-01,1.770209334790706635e-02,-2.516276389360427856e-02,-2.676312625408172607e-01,9.630300998687744141e-01,-2.459066957235336304e-01,2.290692925453186035e-01,2.747911810874938965e-01,1.465259641408920288e-01,1.530387699604034424e-01,3.189424425363540649e-02,-5.878650397062301636e-02,1.126945856958627701e-02,5.935803055763244629e-01,8.369827410206198692e-04,1.483505070209503174e-01,2.290361076593399048e-01,1.536511182785034180e-01,-9.060081839561462402e-02,-1.241467237472534180e+00,8.653701543807983398e-01,-1.063407137989997864e-01,6.557352542877197266e-01,0.000000000000000000e+00,-5.764613300561904907e-02,-7.950497269630432129e-01,4.652484133839607239e-02,-4.015644788742065430e-01,0.000000000000000000e+00
-1.433318704366683960e-01,4.327971860766410828e-02,8.483110666275024414e-01,1.581666991114616394e-02,-2.264331094920635223e-02,-2.733138501644134521e-01,9.615283012390136719e-01,-2.531368732452392578e-01,2.363885939121246338e-01,2.823133468627929688e-01,1.510011702775955200e-01,1.685994416475296021e-01,3.600047156214714050e-02,-6.430906802415847778e-02,1.363140624016523361e-02,6.019290685653686523e-01,-2.162965247407555580e-03,1.481843292713165283e-01,2.369875013828277588e-01,1.807239651679992676e-01,-9.954147040843963623e-02,-1.232073068618774414e+00,9.012761116027832031e-01,-2.096486836671829224e-01,8.615559339523315430e-01,0.000000000000000000e+00,-7.632494717836380005e-02,-8.365284800529479980e-01,6.106066331267356873e-02,-4.032311439514160156e-01,0.000000000000000000e+00
-1.437228024005889893e-01,4.421656951308250427e-02,8.505994677543640137e-01,1.593286171555519104e-02,-2.086845599114894867e-02,-2.798600792884826660e-01,9.596816897392272949e-01,-2.562020719051361084e-01,2.407885193824768066e-01,2.990047037601470947e-01,1.512128114700317383e-01,1.857559382915496826e-01,3.533601015806198120e-02,-6.955713033676147461e-02,1.396483927965164185e-02,6.128825545310974121e-01,-5.337185692042112350e-03,1.491898745298385620e-01,2.475848793983459473e-01,1.990562528371810913e-01,-1.017596200108528137e-01,-1.186147093772888184e+00,9.408602714538574219e-01,-3.253523707389831543e-01,9.840212464332580566e-01,0.000000000000000000e+00,-8.341969549655914307e-02,-8.556377291679382324e-01,7.261395454406738281e-02,-3.943611681461334229e-01,0.000000000000000000e+00
-1.451295614242553711e-01,4.226919263601303101e-02,8.518014550209045410e-01,1.848460361361503601e-02,-2.005404978990554810e-02,-2.882863283157348633e-01,9.571557641029357910e-01,-2.493555694818496704e-01,2.414084672927856445e-01,3.142412900924682617e-01,1.445224285125732422e-01,2.029364556074142456e-01,4.354842379689216614e-02,-7.497652620077133179e-02,1.394448801875114441e-02,6.234050393104553223e-01,-7.768255658447742462e-03,1.529969722032546997e-01,2.550643384456634521e-01,1.997464150190353394e-01,-9.778330475091934204e-02,-1.129316449165344238e+00,9.553446769714355469e-01,-4.120126366615295410e-01,1.042265892028808594e+00,0.000000000000000000e+00,-8.005796372890472412e-02,-8.388045430183410645e-01,1.003248691558837891e-01,-3.689316809177398682e-01,0.000000000000000000e+00
