-1.749810075884089267e-01,6.167320984546140195e-02,7.600000000000000089e-01,0.000000000000000000e+00,0.000000000000000000e+00,0.000000000000000000e+00,1.000000000000000000e+00,-1.000000000000000056e-01,0.000000000000000000e+00,0.000000000000000000e+00,2.999999999999999889e-01,-2.000000000000000111e-01,0.000000000000000000e+00,-1.000000000000000056e-01,0.000000000000000000e+00,0.000000000000000000e+00,2.999999999999999889e-01,-2.000000000000000111e-01,0.000000000000000000e+00,0.000000000000000000e+00,0.000000000000000000e+00,3.499999999999999778e-01,1.799999999999999933e-01,0.000000000000000000e+00,8.699999999999999956e-01,0.000000000000000000e+00,3.499999999999999778e-01,-1.799999999999999933e-01,0.000000000000000000e+00,8.699999999999999956e-01,0.000000000000000000e+00
-1.749810075884089267e-01,6.167320984546140195e-02,7.600000000000000089e-01,0.000000000000000000e+00,0.000000000000000000e+00,0.000000000000000000e+00,1.000000000000000000e+00,-1.000000000000000056e-01,0.000000000000000000e+00,0.000000000000000000e+00,2.999999999999999889e-01,-2.000000000000000111e-01,0.000000000000000000e+00,-1.000000000000000056e-01,0.000000000000000000e+00,0.000000000000000000e+00,2.999999999999999889e-01,-2.000000000000000111e-01,0.000000000000000000e+00,0.000000000000000000e+00,0.000000000000000000e+00,3.499999999999999778e-01,1.799999999999999933e-01,0.000000000000000000e+00,8.699999999999999956e-01,0.000000000000000000e+00,3.499999999999999778e-01,-1.799999999999999933e-01,0.000000000000000000e+00,8.699999999999999956e-01,0.000000000000000000e+00
-1.749810075884089267e-01,6.167320984546140195e-02,7.600000000000000089e-01,0.000000000000000000e+00,0.000000000000000000e+00,0.000000000000000000e+00,1.000000000000000000e+00,-1.000000000000000056e-01,0.000000000000000000e+00,0.000000000000000000e+00,2.999999999999999889e-01,-2.000000000000000111e-01,0.000000000000000000e+00,-1.000000000000000056e-01,0.000000000000000000e+00,0.000000000000000000e+00,2.999999999999999889e-01,-2.000000000000000111e-01,0.000000000000000000e+00,0.000000000000000000e+00,0.000000000000000000e+00,3.499999999999999778e-01,1.799999999999999933e-01,0.000000000000000000e+00,8.699999999999999956e-01,0.000000000000000000e+00,3.499999999999999778e-01,-1.799999999999999933e-01,0.000000000000000000e+00,8.699999999999999956e-01,0.000000000000000000e+00
-1.749810075884089267e-01,6.167320984546140195e-02,7.600000000000000089e-01,0.000000000000000000e+00,0.000000000000000000e+00,0.000000000000000000e+00,1.000000000000000000e+00,-1.000000000000000056e-01,0.000000000000000000e+00,0.000000000000000000e+00,2.999999999999999889e-01,-2.000000000000000111e-01,0.000000000000000000e+00,-1.000000000000000056e-01,0.000000000000000000e+00,0.000000000000000000e+00,2.999999999999999889e-01,-2.000000000000000111e-01,0.000000000000000000e+00,0.000000000000000000e+00,0.000000000000000000e+00,3.499999999999999778e-01,1.799999999999999933e-01,0.000000000000000000e+00,8.699999999999999956e-01,0.000000000000000000e+00,3.499999999999999778e-01,-1.799999999999999933e-01,0.000000000000000000e+00,8.699999999999999956e-01,0.000000000000000000e+00
-1.749810075884089267e-01,6.167320984546140195e-02,7.600000000000000089e-01,0.000000000000000000e+00,0.000000000000000000e+00,0.000000000000000000e+00,1.000000000000000000e+00,-1.000000000000000056e-01,0.000000000000000000e+00,0.000000000000000000e+00,2.999999999999999889e-01,-2.000000000000000111e-01,0.000000000000000000e+00,-1.000000000000000056e-01,0.000000000000000000e+00,0.000000000000000000e+00,2.999999999999999889e-01,-2.000000000000000111e-01,0.000000000000000000e+00,0.000000000000000000e+00,0.000000000000000000e+00,3.499999999999999778e-01,1.799999999999999933e-01,0.000000000000000000e+00,8.699999999999999956e-01,0.000000000000000000e+00,3.499999999999999778e-01,-1.799999999999999933e-01,0.000000000000000000e+00,8.699999999999999956e-01,0.000000000000000000e+00
-1.749810075884089267e-01,6.167320984546140195e-02,7.600000000000000089e-01,0.000000000000000000e+00,0.000000000000000000e+00,0.000000000000000000e+00,1.000000000000000000e+00,-1.000000000000000056e-01,0.000000000000000000e+00,0.000000000000000000e+00,2.999999999999999889e-01,-2.000000000000000111e-01,0.000000000000000000e+00,-1.000000000000000056e-01,0.000000000000000000e+00,0.000000000000000000e+00,2.999999999999999889e-01,-2.000000000000000111e-01,0.000000000000000000e+00,0.000000000000000000e+00,0.000000000000000000e+00,3.499999999999999778e-01,1.799999999999999933e-01,0.000000000000000000e+00,8.699999999999999956e-01,0.000000000000000000e+00,3.499999999999999778e-01,-1.799999999999999933e-01,0.000000000000000000e+00,8.699999999999999956e-01,0.000000000000000000e+00
-1.749810075884089267e-01,6.167320984546140195e-02,7.600000000000000089e-01,0.000000000000000000e+00,0.000000000000000000e+00,0.000000000000000000e+00,1.000000000000000000e+00,-1.000000000000000056e-01,0.000000000000000000e+00,0.000000000000000000e+00,2.999999999999999889e-01,-2.000000000000000111e-01,0.000000000000000000e+00,-1.000000000000000056e-01,0.000000000000000000e+00,0.000000000000000000e+00,2.999999999999999889e-01,-2.000000000000000111e-01,0.000000000000000000e+00,0.000000000000000000e+00,0.000000000000000000e+00,3.499999999999999778e-01,1.799999999999999933e-01,0.000000000000000000e+00,8.699999999999999956e-01,0.000000000000000000e+00,3.499999999999999778e-01,-1.799999999999999933e-01,0.000000000000000000e+00,8.699999999999999956e-01,0.000000000000000000e+00
-1.749810075884089267e-01,6.167320984546140195e-02,7.600000000000000089e-01,0.000000000000000000e+00,0.000000000000000000e+00,0.000000000000000000e+00,1.000000000000000000e+00,-1.000000000000000056e-01,0.000000000000000000e+00,0.000000000000000000e+00,2.999999999999999889e-01,-2.000000000000000111e-01,0.000000000000000000e+00,-1.000000000000000056e-01,0.000000000000000000e+00,0.000000000000000000e+00,2.999999999999999889e-01,-2.000000000000000111e-01,0.000000000000000000e+00,0.000000000000000000e+00,0.000000000000000000e+00,3.499999999999999778e-01,1.799999999999999933e-01,0.000000000000000000e+00,8.699999999999999956e-01,0.000000000000000000e+00,3.499999999999999778e-01,-1.799999999999999933e-01,0.000000000000000000e+00,8.699999999999999956e-01,0.000000000000000000e+00
-1.749810075884089267e-01,6.167320984546140195e-02,7.600000000000000089e-01,0.000000000000000000e+00,0.000000000000000000e+00,0.000000000000000000e+00,1.000000000000000000e+00,-1.000000000000000056e-01,0.000000000000000000e+00,0.000000000000000000e+00,2.999999999999999889e-01,-2.000000000000000111e-01,0.000000000000000000e+00,-1.000000000000000056e-01,0.000000000000000000e+00,0.000000000000000000e+00,2.999999999999999889e-01,-2.000000000000000111e-01,0.000000000000000000e+00,0.000000000000000000e+00,0.000000000000000000e+00,3.499999999999999778e-01,1.799999999999999933e-01,0.000000000000000000e+00,8.699999999999999956e-01,0.000000000000000000e+00,3.499999999999999778e-01,-1.799999999999999933e-01,0.000000000000000000e+00,8.699999999999999956e-01,0.000000000000000000e+00
-1.749810075884089267e-01,6.167320984546140195e-02,7.600000000000000089e-01,0.000000000000000000e+00,0.000000000000000000e+00,0.000000000000000000e+00,1.000000000000000000e+00,-1.000000000000000056e-01,0.000000000000000000e+00,0.000000000000000000e+00,2.999999999999999889e-01,-2.000000000000000111e-01,0.000000000000000000e+00,-1.000000000000000056e-01,0.000000000000000000e+00,0.000000000000000000e+00,2.999999999999999889e-01,-2.000000000000000111e-01,0.000000000000000000e+00,0.000000000000000000e+00,0.000000000000000000e+00,3.499999999999999778e-01,1.799999999999999933e-01,0.000000000000000000e+00,8.699999999999999956e-01,0.000000000000000000e+00,3.499999999999999778e-01,-1.799999999999999933e-01,0.000000000000000000e+00,8.699999999999999956e-01,0.000000000000000000e+00
-1.749810075884089267e-01,6.167320984546140195e-02,7.600000000000000089e-01,0.000000000000000000e+00,0.000000000000000000e+00,0.000000000000000000e+00,1.000000000000000000e+00,-1.000000000000000056e-01,0.000000000000000000e+00,0.000000000000000000e+00,2.999999999999999889e-01,-2.000000000000000111e-01,0.000000000000000000e+00,-1.000000000000000056e-01,0.000000000000000000e+00,0.000000000000000000e+00,2.999999999999999889e-01,-2.000000000000000111e-01,0.000000000000000000e+00,0.000000000000000000e+00,0.000000000000000000e+00,3.499999999999999778e-01,1.799999999999999933e-01,0.000000000000000000e+00,8.699999999999999956e-01,0.000000000000000000e+00,3.499999999999999778e-01,-1.799999999999999933e-01,0.000000000000000000e+00,8.699999999999999956e-01,0.000000000000000000e+00
-1.749810075884089267e-01,6.167320984546140195e-02,7.600000000000000089e-01,0.000000000000000000e+00,0.000000000000000000e+00,0.000000000000000000e+00,1.000000000000000000e+00,-1.000000000000000056e-01,0.000000000000000000e+00,0.000000000000000000e+00,2.999999999999999889e-01,-2.000000000000000111e-01,0.000000000000000000e+00,-1.000000000000000056e-01,0.000000000000000000e+00,0.000000000000000000e+00,2.999999999999999889e-01,-2.000000000000000111e-01,0.000000000000000000e+00,0.000000000000000000e+00,0.000000000000000000e+00,3.499999999999999778e-01,1.799999999999999933e-01,0.000000000000000000e+00,8.699999999999999956e-01,0.000000000000000000e+00,3.499999999999999778e-01,-1.799999999999999933e-01,0.000000000000000000e+00,8.699999999999999956e-01,0.000000000000000000e+00
-1.749810075884089267e-01,6.167320984546140195e-02,7.600000000000000089e-01,0.000000000000000000e+00,0.000000000000000000e+00,0.000000000000000000e+00,1.000000000000000000e+00,-1.000000000000000056e-01,0.000000000000000000e+00,0.000000000000000000e+00,2.999999999999999889e-01,-2.000000000000000111e-01,0.000000000000000000e+00,-1.000000000000000056e-01,0.000000000000000000e+00,0.000000000000000000e+00,2.999999999999999889e-01,-2.000000000000000111e-01,0.000000000000000000e+00,0.000000000000000000e+00,0.000000000000000000e+00,3.499999999999999778e-01,1.799999999999999933e-01,0.000000000000000000e+00,8.699999999999999956e-01,0.000000000000000000e+00,3.499999999999999778e-01,-1.799999999999999933e-01,0.000000000000000000e+00,8.699999999999999956e-01,0.000000000000000000e+00
-1.749810075884089267e-01,6.167320984546140195e-02,7.600000000000000089e-01,0.000000000000000000e+00,0.000000000000000000e+00,0.000000000000000000e+00,1.000000000000000000e+00,-1.000000000000000056e-01,0.000000000000000000e+00,0.000000000000000000e+00,2.999999999999999889e-01,-2.000000000000000111e-01,0.000000000000000000e+00,-1.000000000000000056e-01,0.000000000000000000e+00,0.000000000000000000e+00,2.999999999999999889e-01,-2.000000000000000111e-01,0.000000000000000000e+00,0.000000000000000000e+00,0.000000000000000000e+00,3.499999999999999778e-01,1.799999999999999933e-01,0.000000000000000000e+00,8.699999999999999956e-01,0.000000000000000000e+00,3.499999999999999778e-01,-1.799999999999999933e-01,0.000000000000000000e+00,8.699999999999999956e-01,0.000000000000000000e+00
-1.749810075884089267e-01,6.167320984546140195e-02,7.600000000000000089e-01,0.000000000000000000e+00,0.000000000000000000e+00,0.000000000000000000e+00,1.000000000000000000e+00,-1.000000000000000056e-01,0.000000000000000000e+00,0.000000000000000000e+00,2.999999999999999889e-01,-2.000000000000000111e-01,0.000000000000000000e+00,-1.000000000000000056e-01,0.000000000000000000e+00,0.000000000000000000e+00,2.999999999999999889e-01,-2.000000000000000111e-01,0.000000000000000000e+00,0.000000000000000000e+00,0.000000000000000000e+00,3.499999999999999778e-01,1.799999999999999933e-01,0.000000000000000000e+00,8.699999999999999956e-01,0.000000000000000000e+00,3.499999999999999778e-01,-1.799999999999999933e-01,0.000000000000000000e+00,8.699999999999999956e-01,0.000000000000000000e+00
-1.749810075884089267e-01,6.167320984546140195e-02,7.600000000000000089e-01,0.000000000000000000e+00,0.000000000000000000e+00,0.000000000000000000e+00,1.000000000000000000e+00,-1.000000000000000056e-01,0.000000000000000000e+00,0.000000000000000000e+00,2.999999999999999889e-01,-2.000000000000000111e-01,0.000000000000000000e+00,-1.000000000000000056e-01,0.000000000000000000e+00,0.000000000000000000e+00,2.999999999999999889e-01,-2.000000000000000111e-01,0.000000000000000000e+00,0.000000000000000000e+00,0.000000000000000000e+00,3.499999999999999778e-01,1.799999999999999933e-01,0.000000000000000000e+00,8.699999999999999956e-01,0.000000000000000000e+00,3.499999999999999778e-01,-1.799999999999999933e-01,0.000000000000000000e+00,8.699999999999999956e-01,0.000000000000000000e+00
-1.749810075884089267e-01,6.167320984546140195e-02,7.601333854180095662e-01,4.095961849179639163e-05,-2.259864380796662057e-05,6.067210100683769798e-07,9.999999989056214122e-01,-1.001755286446142229e-01,2.083345060516638857e-05,5.518773999320557732e-06,2.996144256627489844e-01,-1.996295970779578544e-01,-7.402294368401259996e-06,-1.000620519726276303e-01,-1.478131183868821414e-04,1.061627923655810032e-04,2.997138548350265497e-01,-1.993881122251114912e-01,1.487068425735233444e-04,-6.835656280816161407e-05,1.846859695153362836e-04,3.490368498731362679e-01,1.802803164241089662e-01,1.114446009984372950e-04,8.679539467570400735e-01,0.000000000000000000e+00,3.492320662242612839e-01,-1.802926942329100835e-01,2.160183242210806244e-04,8.680569507748975289e-01,0.000000000000000000e+00
-1.749810075884088989e-01,6.167320984546140195e-02,7.605253333386221559e-01,1.613178812060322032e-04,-8.900388898791007511e-05,2.389547350081329750e-06,9.999999830245693833e-01,-1.006913128157113507e-01,8.205174392188607899e-05,2.173547913578557976e-05,2.984814303025188909e-01,-1.985411823378032126e-01,-2.915365166631880782e-05,-1.002443893075795484e-01,-5.821562816467973703e-04,4.181180745475190203e-04,2.988730282733352284e-01,-1.975901035327467248e-01,5.856761799818765513e-04,-2.692196935213749974e-04,7.273785876296321156e-04,3.462066702695827392e-01,1.811040154549521941e-01,4.389202747015376457e-04,8.619416979969577453e-01,0.000000000000000000e+00,3.469755223601675431e-01,-1.811527649788458594e-01,8.507798615476407046e-04,8.623473753595960467e-01,0.000000000000000000e+00
-1.749810075884089267e-01,6.167320984546140195e-02,7.611635312617138771e-01,3.572938930564537215e-04,-1.971297028941246211e-04,5.292473896696367710e-06,9.999999167264685962e-01,-1.015311498691731651e-01,1.817317922019898245e-04,4.814069011715008172e-05,2.966366053965945881e-01,-1.967689468184938284e-01,-6.457078318282328166e-05,-1.005412841304593741e-01,-1.289385201928648595e-03,9.260662041736064274e-04,2.975039337147698526e-01,-1.946624558713569986e-01,1.297181226756734165e-03,-5.962795555727326904e-04,1.611029918695317670e-03,3.415983673548962374e-01,1.824452217303042800e-01,9.721398271709836289e-04,8.521521201729495010e-01,0.000000000000000000e+00,3.433012546024024059e-01,-1.825531943086156905e-01,1.884344458974656928e-03,8.530506321441054807e-01,0.000000000000000000e+00
-1.749810075884089267e-01,6.167320984546139501e-02,7.620356666871607176e-01,6.251067400979753649e-04,-3.448900424759242397e-04,9.259495247221486669e-06,9.999997451033094675e-01,-1.026788371608814421e-01,3.179505076973085679e-04,8.422498165116912327e-05,2.941155424222607340e-01,-1.943470815589874168e-01,-1.129704002069853875e-04,-1.009470085668707218e-01,-2.255855591381339918e-03,1.620207538871636360e-03,2.956329845591741390e-01,-1.906616511893935162e-01,2.269495197429771596e-03,-1.043226312395328101e-03,2.818592027064824312e-03,3.353008472946332752e-01,1.842780598879397713e-01,1.700816064468458526e-03,8.387740797382113866e-01,0.000000000000000000e+00,3.382801491456493559e-01,-1.844669642930277798e-01,3.296771963497107608e-03,8.403460795184348742e-01,0.000000000000000000e+00
-1.749810075884088989e-01,6.167320984546140195e-02,7.631294271148387764e-01,9.609754720038353026e-04,-5.301988446097665201e-04,1.423460546005518584e-05,9.999993976061702927e-01,-1.041181720467179439e-01,4.887848026596729135e-04,1.294789284455976752e-04,2.909538328568020416e-01,-1.913097775982417204e-01,-1.736692140278756839e-04,-1.014558347424171780e-01,-3.467923162153772974e-03,2.490742436269400163e-03,2.932865942063916931e-01,-1.856441714353075922e-01,3.488891306532663009e-03,-1.603750127422253228e-03,4.333016977090581485e-03,3.274030162543505873e-01,1.865766545656332154e-01,2.614661792655644142e-03,8.219964431459398924e-01,0.000000000000000000e+00,3.319830921845919880e-01,-1.868670570028904965e-01,5.068122222109968864e-03,8.244130758725940478e-01,0.000000000000000000e+00
-1.749810075884089267e-01,6.167320984546140195e-02,7.644325000446242635e-01,1.361119082071299453e-03,-7.509700150678025841e-04,2.016179775851770521e-05,9.999987914954612256e-01,-1.058329518825644328e-01,6.923115893409136686e-04,1.833931052081908030e-04,2.871870681775032796e-01,-1.876912259752145373e-01,-2.459839359345648954e-04,-1.020620347827023711e-01,-4.911943626394851999e-03,3.527871253994691297e-03,2.904911760562662870e-01,-1.796664985575504303e-01,4.941642768597083110e-03,-2.271541164086601262e-03,6.137256833125020149e-03,3.179937803996047974e-01,1.893151304011592151e-01,3.703389817794223472e-03,8.020080768493312862e-01,0.000000000000000000e+00,3.244809699139139525e-01,-1.897264545090121546e-01,7.178455081808217571e-03,8.054309795965922669e-01,0.000000000000000000e+00
-1.749810075884089267e-01,6.167320984546140195e-02,7.659325729763928337e-01,1.821756486945817332e-03,-1.005117417331089424e-03,2.698506423051179535e-05,9.999978351046996394e-01,-1.078069740243026570e-01,9.266077799928618304e-04,2.454580866467035317e-04,2.828508398616490505e-01,-1.835256177288634716e-01,-3.292312772161236790e-04,-1.027598808133298736e-01,-6.574272696253480146e-03,4.721794349675302246e-03,2.872731435086415819e-01,-1.727851145045732617e-01,6.614022798154707040e-03,-3.040289585821464528e-03,8.214263659520571262e-03,3.071620458959525291e-01,1.924676120322922346e-01,4.956712945945879190e-03,7.789978473015817251e-01,0.000000000000000000e+00,3.158446685282987887e-01,-1.930181388822009847e-01,9.607830389586831041e-03,7.835791490804389081e-01,0.000000000000000000e+00
-1.749810075884089267e-01,6.167320984546140195e-02,7.676173334100209189e-01,2.339106507898172389e-03,-1.290554862259634099e-03,3.464839555118744396e-05,9.999964309178213107e-01,-1.100240358278144065e-01,1.189750286867348071e-03,3.151644474688908727e-04,2.779807393865241227e-01,-1.788471438981463768e-01,-4.227279491616226913e-04,-1.035436449599033137e-01,-8.441266083878561435e-03,6.062712080939025930e-03,2.836589099633612943e-01,-1.650565012248273455e-01,8.492304609737209506e-03,-3.903685556059936865e-03,1.054698952062966405e-02,2.949967189089505171e-01,1.960082240968069045e-01,6.364343983172295917e-03,7.531546209558878102e-01,0.000000000000000000e+00,3.061450742224299804e-01,-1.967150921932653007e-01,1.233630799244078875e-02,7.590369427141436809e-01,0.000000000000000000e+00
-1.749810075884089267e-01,6.167320984546140195e-02,7.694744688453842851e-01,2.909387855153525507e-03,-1.605196099446260828e-03,4.309578075081330474e-05,9.999944784600284242e-01,-1.124679346489814574e-01,1.479816022216203387e-03,3.920027623825079457e-04,2.726123582294132097e-01,-1.736899955220209957e-01,-5.257906630601326707e-04,-1.044075993480263059e-01,-1.049927950141899859e-02,7.540824805413654831e-03,2.796748888202691408e-01,-1.565371406667639964e-01,1.056276141787626695e-02,-4.855419238235111033e-03,1.311838648080473381e-02,2.815867056041552741e-01,1.999110912324778278e-01,7.915995735535153940e-03,7.246672642654455876e-01,0.000000000000000000e+00,2.954530731909911223e-01,-2.007902965130134720e-01,1.534394773736506845e-02,7.319837188877159617e-01,0.000000000000000000e+00
-1.749810075884089544e-01,6.167320984546140195e-02,7.714916667823591423e-01,3.528819116455365196e-03,-1.946954810906999407e-03,5.227120704537834109e-05,9.999918770021727354e-01,-1.151224678436855442e-01,1.794881898291257692e-03,4.754636060953094912e-04,2.667812878676010802e-01,-1.680883636394450154e-01,-6.377361302007237588e-04,-1.053460161033024367e-01,-1.273466866102368998e-02,9.146332880726977532e-03,2.753474934792088935e-01,-1.472835147788343901e-01,1.281166643710354713e-02,-5.889180795780076319e-03,1.591140660439820109e-02,2.670209121471235902e-01,2.041503380770794407e-01,9.601381009096134414e-03,6.937246436834515473e-01,0.000000000000000000e+00,2.838395516286659759e-01,-2.052167339122537293e-01,1.861080947135463487e-02,7.025988359911652381e-01,0.000000000000000000e+00
-1.749810075884089544e-01,6.167320984546140195e-02,7.736566147208213673e-01,4.193618750751236003e-03,-2.313744607597313999e-03,6.211865974306064221e-05,9.999885280786656727e-01,-1.179714327678084429e-01,2.133024827344343066e-03,5.650375533150509000e-04,2.605231197783723363e-01,-1.620764392893761507e-01,-7.578810618724673986e-04,-1.063531673513352926e-01,-1.513378927484154701e-02,1.086943666450679302e-02,2.707031373400241026e-01,-1.373521055094897858e-01,1.522529288195073605e-02,-6.998660392127931118e-03,1.890900195576250553e-02,2.513882447034120338e-01,2.087000892683863462e-01,1.141021260991692543e-02,6.605156256631016243e-01,0.000000000000000000e+00,2.713753957301378028e-01,-2.099673864617943586e-01,2.211695304140448570e-02,6.710616524145006645e-01,0.000000000000000000e+00
-1.749810075884088989e-01,6.167320984546139501e-02,7.759570001606471701e-01,4.900005087610656389e-03,-2.703479029090951821e-03,7.258212223560525449e-05,9.999843378189061660e-01,-1.209986267772319157e-01,2.492321721627289207e-03,6.602151787494869124e-04,2.538734454390117468e-01,-1.556884135107722000e-01,-8.855421693644336236e-04,-1.074233252177285020e-01,-1.768299705502146546e-02,1.270033651438088815e-02,2.657682338025585955e-01,-1.267993948071814425e-01,1.778991396694949711e-02,-8.177548190711763851e-03,2.209412459925006941e-02,2.347776094385773393e-01,2.135344694441731472e-01,1.333220334405920381e-02,6.252290766575925307e-01,0.000000000000000000e+00,2.581314916900904199e-01,-2.150152362324437294e-01,2.584243829450957874e-02,6.375515265477321725e-01,0.000000000000000000e+00
-1.749810075884089267e-01,6.167320984546140195e-02,7.783805106017125386e-01,5.644196332729015976e-03,-3.114071546616605218e-03,8.360557607985154315e-05,9.999792190922108803e-01,-1.241878472278377527e-01,2.870849493391928412e-03,7.604870571063729193e-04,2.468678563268040527e-01,-1.489584773425908504e-01,-1.020036163965693660e-03,-1.085507618280856790e-01,-2.036864771371236019e-02,1.462923278797706450e-02,2.605691962666560335e-01,-1.156818646203606055e-01,2.049180290663151979e-02,-9.419534354964672479e-03,2.544972659921334451e-02,2.172779125181760196e-01,2.186276032422143911e-01,1.535706601758466197e-02,5.880538631201204236e-01,0.000000000000000000e+00,2.441787257032072278e-01,-2.203332652950101278e-01,2.976732507766491689e-02,6.022478167808689165e-01,0.000000000000000000e+00
-1.749810075884089267e-01,6.167320984546140195e-02,7.809148335438935717e-01,6.422410579634214682e-03,-3.543435569516815813e-03,9.513300117113968133e-05,9.999730934662309778e-01,-1.275228914755076881e-01,3.266685054890089510e-03,8.653437630934633900e-04,2.395419439190339395e-01,-1.419208218237898722e-01,-1.160679756965317432e-03,-1.097297493080104103e-01,-2.317709696306312003e-02,1.664632584292310286e-02,2.551324381321601331e-01,-1.040559968974785476e-01,2.331723291552846231e-02,-1.071830904831974109e-02,2.895876002000472710e-02,1.989780601077649203e-01,2.239536153002845698e-01,1.747451343655496633e-02,5.491788515038816820e-01,0.000000000000000000e+00,2.295879839641719600e-01,-2.258944557203017567e-01,3.387167323786544060e-02,5.653298815039206060e-01,0.000000000000000000e+00
-1.749810075884089267e-01,6.167320984546140195e-02,7.835476564870661464e-01,7.230865827495691275e-03,-3.989484455073747521e-03,1.071083760071097984e-04,9.999658929788372008e-01,-1.309875568761234843e-01,3.677905318373604366e-03,9.742758714185137696e-04,2.319312996929861481e-01,-1.346096379933270082e-01,-1.306789659652376166e-03,-1.109545597831062963e-01,-2.609470051522265119e-02,1.874181603684679787e-02,2.494843727989146109e-01,-9.197827358698650035e-02,2.625247720817200370e-02,-1.206756243421006937e-02,3.260417692597666894e-02,1.799669583729006095e-01,2.294866302561583138e-01,1.967425840703181453e-02,5.087929082620723520e-01,0.000000000000000000e+00,2.144301526676681557e-01,-2.316717895791270410e-01,3.813554262210615275e-02,5.269770791068963955e-01,0.000000000000000000e+00
-1.749810075884089267e-01,6.167320984546140195e-02,7.862666669311064727e-01,8.065780004737918216e-03,-4.450131521537453380e-03,1.194756780374807117e-04,9.999575617234556235e-01,-1.345656407855669312e-01,4.102587196094303543e-03,1.086773956789278961e-03,2.240715151259453086e-01,-1.270591168901599732e-01,-1.457682583315940113e-03,-1.122194653789769514e-01,-2.910781408233986331e-02,2.090590372737594765e-02,2.436514136667631281e-01,-7.950517663733572271e-02,2.928380899909382648e-02,-1.346098467606874662e-02,3.636892938148159754e-02,1.603335134791396277e-01,2.352007727476101429e-01,2.194601373507687816e-02,4.670848998478890901e-01,0.000000000000000000e+00,1.987761180083792711e-01,-2.376382489422942390e-01,4.253899307738202851e-02,4.873687679798061057e-01,0.000000000000000000e+00
-1.749810075884089267e-01,6.167320984546140195e-02,7.890595523758905383e-01,8.923370997982776193e-03,-4.923290064094251912e-03,1.321788840927635642e-04,9.999480572478351981e-01,-1.382409405597198049e-01,4.538807600304018038e-03,1.202328593913513976e-03,2.159981816951961897e-01,-1.193034495532464961e-01,-1.612675239245080607e-03,-1.135187382212259899e-01,-3.220279337656365565e-02,2.312878927213834687e-02,2.376599741355494289e-01,-6.669318799697740441e-02,3.239750150282560276e-02,-1.489226593732887079e-02,4.023596945087195426e-02,1.401666315920387373e-01,2.410701674124146043e-01,2.427949222675185315e-02,4.242436927145277759e-01,0.000000000000000000e+00,1.826967661809889565e-01,-2.437668158806115815e-01,4.706208445068803953e-02,4.466843065126587797e-01,0.000000000000000000e+00
-1.749810075884089544e-01,6.167320984546140195e-02,7.919140003212944423e-01,9.799856685687231839e-03,-5.406873373425632838e-03,1.451619708825253505e-04,9.999373517662324407e-01,-1.419972535544638537e-01,4.984643443254579281e-03,1.320430357498974042e-03,2.077468908780235601e-01,-1.113768270215443612e-01,-1.771084338728867681e-03,-1.148466504354570122e-01,-3.536599411004293786e-02,2.540067302876178323e-02,2.315364676051172022e-01,-5.359878961436287392e-02,3.557982793389900811e-02,-1.635509638142353117e-02,4.418824919850015270e-02,1.195552188771546315e-01,2.470689388883463289e-01,2.666440668811841455e-02,3.804581533151851769e-01,0.000000000000000000e+00,1.662629833801808066e-01,-2.500304724648875210e-01,5.168487658901917831e-02,4.051030530954643494e-01,0.000000000000000000e+00
-1.749810075884089267e-01,6.167320984546140195e-02,7.948176982671940616e-01,1.069145497570448029e-02,-5.898794756431859597e-03,1.583689155517694475e-04,9.999254331850003785e-01,-1.458183771256807981e-01,5.438171637197816537e-03,1.440569822253413845e-03,1.993532341517120221e-01,-1.033134403340112695e-01,-1.932226593056371802e-03,-1.161974741472736050e-01,-3.858377199492660226e-02,2.771175535487404445e-02,2.253073074753101368e-01,-4.027846343794336259e-02,3.881706150684569728e-02,-1.784316617178581532e-02,4.820872068871862037e-02,9.858818150004393377e-02,2.531712118131797529e-01,2.909046992523823746e-02,3.359171481030572837e-01,0.000000000000000000e+00,1.495456558006383885e-01,-2.564022007659301217e-01,5.638742933937038182e-02,3.628043661182319690e-01,0.000000000000000000e+00
-1.749810075884089267e-01,6.167320984546140195e-02,7.977583337134654951e-01,1.159438384587828906e-02,-6.396967558629087364e-03,1.717436962822460513e-04,9.999123059415716552e-01,-1.496881086292524699e-01,5.897469094385560801e-03,1.562237562884588290e-03,1.908528029935463999e-01,-9.514748052960497748e-02,-2.095418713516663655e-03,-1.175654814822793826e-01,-4.184248274336355156e-02,3.005223660810292519e-02,2.189989071459720049e-01,-2.678869141617010174e-02,4.209547543619737014e-02,-1.935016547184882293e-02,5.228033598587979863e-02,7.735442562626326790e-02,2.593511108246895347e-01,3.154739474417301431e-02,2.908095435313405863e-01,0.000000000000000000e+00,1.326156696370452415e-01,-2.628549828545479472e-01,6.114980254873666338e-02,3.199676039709712372e-01,0.000000000000000000e+00
-1.749810075884088989e-01,6.167320984546140195e-02,8.007235941599850637e-01,1.250486138668146889e-02,-6.899305187674276835e-03,1.852302929240413464e-04,9.998979916568319082e-01,-1.535902454210606172e-01,6.360612727069645672e-03,1.684924154100253361e-03,1.822811888808112402e-01,-8.691313864728314464e-02,-2.259977411398815441e-03,-1.189449445660779592e-01,-4.512848206750270930e-02,3.241231714607623743e-02,2.126376800169463843e-01,-1.318595549749426721e-02,4.540134293648571268e-02,-2.086978444504565197e-02,5.638604715433613579e-02,5.594285742136917428e-02,2.655827605606502217e-01,3.402489395098443753e-02,2.453242060532309088e-01,0.000000000000000000e+00,1.155439110840848632e-01,-2.693618008015491450e-01,6.595205606411301547e-02,2.767721250436913083e-01,0.000000000000000000e+00
-1.749810075884089267e-01,6.167320984546140195e-02,8.037011671066284224e-01,1.341910584483055162e-02,-7.403721137428705829e-03,1.987726876416269896e-04,9.998825296008841956e-01,-1.575085848569869884e-01,6.825679447501897812e-03,1.808120170608162880e-03,1.736739832907915060e-01,-7.864460572600365240e-02,-2.425219397991895676e-03,-1.203301355242729215e-01,-4.842812567949295044e-02,3.478219732642173767e-02,2.062500394880771581e-01,4.732623696327153962e-04,4.872093722224235535e-02,-2.239571325480937958e-02,6.050880625844001770e-02,3.444238305091856800e-02,2.718402856588363337e-01,3.651268035173416138e-02,1.996500021219253518e-01,0.000000000000000000e+00,9.840126633644102894e-02,-2.758956366777419733e-01,7.077424973249435425e-02,2.333972877264022805e-01,0.000000000000000000e+00
-1.749810075884089267e-01,6.167320984546140195e-02,8.066787400532717811e-01,1.433333566674946727e-02,-7.908129011938188138e-03,2.123148655576730483e-04,9.998659769722103574e-01,-1.614269242929133874e-01,7.290746167934149952e-03,1.931316187116072398e-03,1.650667777007717163e-01,-7.037607280472413240e-02,-2.590461384584975910e-03,-1.217153264824678838e-01,-5.172776929148319158e-02,3.715207750676724485e-02,1.998623989592078765e-01,1.413248023675973963e-02,5.204053150799900496e-02,-2.392164206457311065e-02,6.463156536254391349e-02,1.294190868046793397e-02,2.780978107570224456e-01,3.900046675248389216e-02,1.539757981906196282e-01,0.000000000000000000e+00,8.125862158879716690e-02,-2.824294725539349127e-01,7.559644340087570691e-02,1.900224504091131139e-01,0.000000000000000000e+00
-1.749810075884089267e-01,6.167320984546140195e-02,8.096440004997912387e-01,1.524376954071557377e-02,-8.410442548686291458e-03,2.258008153773427790e-04,9.998484089902411887e-01,-1.653290610847215070e-01,7.753889800618233089e-03,2.054002778331737254e-03,1.564951635880366398e-01,-6.214173092240236201e-02,-2.755020082467126829e-03,-1.230947895662664604e-01,-5.501376861562234238e-02,3.951215804474054322e-02,1.935011718301823391e-01,2.773521615543549090e-02,5.534639900828732667e-02,-2.544126103776993275e-02,6.873727653100022983e-02,-8.469659524426076391e-03,2.843294604929831326e-01,4.147796595929530150e-02,1.084904607125102838e-01,0.000000000000000000e+00,6.418686303583685804e-02,-2.889362905009360549e-01,8.039869691625203818e-02,1.468269714818334626e-01,0.000000000000000000e+00
-1.749810075884089267e-01,6.167320984546140195e-02,8.125846359460627832e-01,1.614662643650178683e-02,-8.908575640466077916e-03,2.391745299754980683e-04,9.998299188013541894e-01,-1.691987925882932065e-01,8.213187257805979954e-03,2.175670518962912348e-03,1.479947324298709621e-01,-5.397577111799600758e-02,-2.918212202927419983e-03,-1.244627969012722379e-01,-5.827247936405931250e-02,4.185263929796943783e-02,1.871927715008441240e-01,4.122498817720883502e-02,5.862481293763902035e-02,-2.694826033783294730e-02,7.280889182816142891e-02,-2.970341539820683940e-02,2.905093595044929700e-01,4.393489077823009570e-02,6.338285614079325336e-02,0.000000000000000000e+00,4.725687687224362776e-02,-2.953890725895538805e-01,8.516107012561834055e-02,1.039902093345724532e-01,0.000000000000000000e+00
-1.749810075884089267e-01,6.167320984546140195e-02,8.154883338919624025e-01,1.703812564132845681e-02,-9.400442355215837820e-03,2.523800069292427895e-04,9.998106171983215384e-01,-1.730199161595101787e-01,8.666715451749218077e-03,2.295809983717352152e-03,1.396010757035594241e-01,-4.591238443046290890e-02,-3.079354457254924321e-03,-1.258136206130888168e-01,-6.149025724894297690e-02,4.416372162408170599e-02,1.809636113710370864e-01,5.454531435362836023e-02,6.186204651058572340e-02,-2.843633012819523492e-02,7.682936331837990351e-02,-5.067045277531759262e-02,2.966116324293264217e-01,4.636095401534991861e-02,1.884185092866536015e-02,0.000000000000000000e+00,3.053954929270118190e-02,-3.017608008905965367e-01,8.986362287596955101e-02,6.169152235734004508e-02,0.000000000000000000e+00
-1.749810075884089267e-01,6.167320984546140195e-02,8.183427818373663065e-01,1.791448679095884039e-02,-9.883956953175379936e-03,2.653612489785290738e-04,9.997906321532383789e-01,-1.767762291542541997e-01,9.112551294699778454e-03,2.413911747302812001e-03,1.313497848863867945e-01,-3.798576189876076703e-02,-3.237763556738710961e-03,-1.271415328273198531e-01,-6.465345798242225217e-02,4.643560538070513194e-02,1.748401048406048874e-01,6.763971273624287683e-02,6.504437294165911487e-02,-2.989916057228989010e-02,8.078164306600808808e-02,-7.128186549020167073e-02,3.026104039052581185e-01,4.874586847671647655e-02,-2.494368847067718331e-02,0.000000000000000000e+00,1.410576649189305976e-02,-3.080244574748724484e-01,9.448641501430067591e-02,2.011026894014567024e-02,0.000000000000000000e+00
-1.749810075884089267e-01,6.167320984546140195e-02,8.211356672821503722e-01,1.877192989481096461e-02,-1.035703390074100248e-02,2.780622643981310832e-04,9.997701081639620568e-01,-1.804515289284070734e-01,9.548771698909492081e-03,2.529466384427046799e-03,1.232764514556377033e-01,-3.023009456184732463e-02,-3.392756212667851021e-03,-1.284408056695688638e-01,-6.774843727664603410e-02,4.865849092546752769e-02,1.688486653093911882e-01,8.045170137660115350e-02,6.815806544539088074e-02,-3.133044183355001427e-02,8.464868313539843092e-02,-9.144874737730250558e-02,3.084797985700626355e-01,5.107934696839144112e-02,-6.778489560403833103e-02,0.000000000000000000e+00,-1.973585335497227145e-03,-3.141530244131898186e-01,9.900950638760667999e-02,-2.057419252700148915e-02,0.000000000000000000e+00
-1.749810075884089267e-01,6.167320984546140195e-02,8.238546777261906984e-01,1.960667535401879394e-02,-1.081758788043037621e-02,2.904270672651793235e-04,9.997492054141028373e-01,-1.840296128378504925e-01,9.973453576630191691e-03,2.641964469797811882e-03,1.154166668885968916e-01,-2.267957345868029315e-02,-3.543649136331415185e-03,-1.297057112654395328e-01,-7.076155084376324622e-02,5.082257861599667748e-02,1.630157061772397054e-01,9.292479832625193115e-02,7.118939723631270700e-02,-3.272386407540869152e-02,8.841343559090336646e-02,-1.110821922710634180e-01,3.141939410615144368e-01,5.335110229643651170e-02,-1.094929040182217039e-01,0.000000000000000000e+00,-1.762761999478608399e-02,-3.201194837763569612e-01,1.034129568428825557e-01,-6.018250365409189007e-02,0.000000000000000000e+00
-1.749810075884089267e-01,6.167320984546140195e-02,8.264875006693632731e-01,2.041494397145396031e-02,-1.126353379641182630e-02,3.023996776076084947e-04,9.997280987466015123e-01,-1.874942782384663165e-01,1.038467384011370655e-02,2.750896578122862153e-03,1.078060226625490725e-01,-1.536838962821742566e-02,-3.689759039018473703e-03,-1.309305217405354327e-01,-7.367915439592277738e-02,5.291806880992037249e-02,1.573676408439941832e-01,1.050025216367439784e-01,7.412464152895624492e-02,-3.407311746129901980e-02,9.205885249687530136e-02,-1.300932940059277843e-01,3.197269560173881531e-01,5.555084726691335295e-02,-1.498788472600308952e-01,0.000000000000000000e+00,-3.278545129128992985e-02,-3.258968176351822454e-01,1.076768262271232679e-01,-9.853530605111596175e-02,0.000000000000000000e+00
-1.749810075884089267e-01,6.167320984546140195e-02,8.290218236115443062e-01,2.119295695281859376e-02,-1.169278677510729447e-02,3.139241214203457135e-04,9.997069764509367573e-01,-1.908293224861362658e-01,1.078050940161186938e-02,2.855753284109953383e-03,1.004801102547789315e-01,-8.330734109416433608e-03,-3.830402632018098125e-03,-1.321095092204601640e-01,-7.648760364527354416e-02,5.493516186486641778e-02,1.519308827094982828e-01,1.166283893596260779e-01,7.695007153785320131e-02,-3.537189215465409015e-02,9.556788591766671170e-02,-1.483931464163389669e-01,3.250529680754583595e-01,5.766829468588367119e-02,-1.887538588762698311e-01,0.000000000000000000e+00,-4.737619303032523932e-02,-3.314580080604739298e-01,1.117811743873238089e-01,-1.354532413280644665e-01,0.000000000000000000e+00
-1.749810075884088989e-01,6.167320984546140195e-02,8.314453340526096747e-01,2.193693589803808949e-02,-1.210326216044345198e-02,3.249444305378143007e-04,9.996860388640015360e-01,-1.940185429367420611e-01,1.115903717337650598e-02,2.956025162466838739e-03,9.347452114257123745e-02,-1.600797941235111710e-03,-3.964896626619357836e-03,-1.332369458308173271e-01,-7.917325430396443542e-02,5.686405813846258372e-02,1.467318451735957208e-01,1.277459195464468733e-01,7.965196047753521358e-02,-3.661387831890699357e-02,9.892348791762996252e-02,-1.658928433367401478e-01,3.301461018734995756e-01,5.969315735940911721e-02,-2.259290724137418827e-01,0.000000000000000000e+00,-6.132895901720834819e-02,-3.367760371230402727e-01,1.157060611704791298e-01,-1.707569510949276115e-01,0.000000000000000000e+00
-1.749810075884089544e-01,6.167320984546140195e-02,8.337457194924354775e-01,2.264310278232094242e-02,-1.249287550340185890e-02,3.354046423533795017e-04,9.996654967846853035e-01,-1.970457369461655617e-01,1.151833406765945256e-02,3.051202787901274860e-03,8.682484680321067572e-02,4.787227837368845940e-03,-4.092557734111323953e-03,-1.343071036972105503e-01,-8.172246208414435387e-02,5.869495798833668232e-02,1.417969416361302137e-01,1.382986302487552166e-01,8.221658156253397465e-02,-3.779276611749082804e-02,1.021086105611175299e-01,-1.825034786015748978e-01,3.349804820492863766e-01,6.161514809355139732e-02,-2.612156214192509762e-01,0.000000000000000000e+00,-7.457286305725574493e-02,-3.418238868936896435e-01,1.194315464235842228e-01,-2.042670769616961590e-01,0.000000000000000000e+00
-1.749810075884089267e-01,6.167320984546140195e-02,8.359106674308977025e-01,2.330767992641073760e-02,-1.285954254560609487e-02,3.452487993787012929e-04,9.996455697021982001e-01,-1.998947018702884604e-01,1.185647699671253663e-02,3.140776735121015781e-03,8.056667871398195957e-02,1.079915218743767585e-02,-4.212702665783067159e-03,-1.353142549452434062e-01,-8.412158269796220222e-02,6.041806177211649087e-02,1.371525854969454783e-01,1.482300395180997932e-01,8.463020800738114968e-02,-3.890224571383867763e-02,1.051062059124818204e-01,-1.981361460452863987e-01,3.395302332405932821e-01,6.342397969437217620e-02,-2.944246394396006217e-01,0.000000000000000000e+00,-8.703701895578383474e-02,-3.465745394432303006e-01,1.229376899936340667e-01,-2.358042605383605106e-01,0.000000000000000000e+00
-1.749810075884089267e-01,6.167320984546140195e-02,8.379278653678725597e-01,2.392688995573307234e-02,-1.320117919678190366e-02,3.544209486385914930e-04,9.996264838381643258e-01,-2.025492350649925333e-01,1.217154287278759267e-02,3.224237578833817706e-03,7.473560835216977449e-02,1.640078407001368740e-02,-4.324648132923658572e-03,-1.362526717005195231e-01,-8.635697185756691097e-02,6.202356984742982138e-02,1.328251901558851478e-01,1.574836654060294272e-01,8.687911302660844548e-02,-3.993600727138364725e-02,1.078992260360753103e-01,-2.127019395023181658e-01,3.437694800851949228e-01,6.510936496793316708e-02,-3.253672600215948840e-01,0.000000000000000000e+00,-9.865054051810911995e-02,-3.510009768424705578e-01,1.262045517276236539e-01,-2.651891434349114007e-01,0.000000000000000000e+00
-1.749810075884089267e-01,6.167320984546140195e-02,8.397850008032359259e-01,2.449695574833755940e-02,-1.351570150603522910e-02,3.628651408998963268e-04,9.996084700025071879e-01,-2.049931338861595842e-01,1.246160860813644820e-02,3.301075893747435104e-03,6.936722719505886148e-02,2.155793244613911711e-02,-4.427710846822169310e-03,-1.371166260886425015e-01,-8.841498527510735506e-02,6.350168257190445809e-02,1.288411690127929943e-01,1.660030259640928318e-01,8.894956983474751333e-02,-4.088774095355882793e-02,1.104706229962503783e-01,-2.261119528071134088e-01,3.476723472208658183e-01,6.666101672029603464e-02,-3.538546167120372732e-01,0.000000000000000000e+00,-1.093425415495479641e-01,-3.550761811622187292e-01,1.292121914725479215e-01,-2.922423672613393419e-01,0.000000000000000000e+00
-1.749810075884089267e-01,6.167320984546140195e-02,8.414697612368640112e-01,2.501410037175198775e-02,-1.380102562701278172e-02,3.705254297361381885e-04,9.995917612631370908e-01,-2.072101956896713337e-01,1.272475111501093423e-02,3.370782254569622445e-03,6.449712671993394764e-02,2.623640627685619453e-02,-4.521207518767667889e-03,-1.379003902352159694e-01,-9.028197866273242334e-02,6.484260030316817136e-02,1.252269354675127344e-01,1.737316392438387203e-01,9.082785164633000452e-02,-4.175113692379729680e-02,1.128033488573594728e-01,-2.382772797941154763e-01,3.512129592853804883e-01,6.806864775752244356e-02,-3.796978430577311880e-01,0.000000000000000000e+00,-1.190421358554167586e-01,-3.587731344732830729e-01,1.319406690754018896e-01,-3.167845736276345137e-01,0.000000000000000000e+00
-1.749810075884089267e-01,6.167320984546140195e-02,8.429698341686326923e-01,2.547454700910276384e-02,-1.405506777714047965e-02,3.773458704331627894e-04,9.995765904294453552e-01,-2.091842178314095857e-01,1.295904730566288174e-02,3.432847236008135065e-03,6.016089840407973927e-02,3.040201452320720477e-02,-4.604454860049226293e-03,-1.385982362658434719e-01,-9.194430773259104628e-02,6.603652339884878708e-02,1.220089029198880431e-01,1.806130232968158611e-01,9.250023167588762585e-02,-4.251988534553215876e-02,1.148803556837550144e-01,-2.491090142977676891e-01,3.543654409165135077e-01,6.932197088567410015e-02,-4.027080726054806381e-01,0.000000000000000000e+00,-1.276784372410319501e-01,-3.620648188464718475e-01,1.343700443831805091e-01,-3.386364041437877614e-01,0.000000000000000000e+00
-1.749810075884089267e-01,6.167320984546140195e-02,8.442729070984179574e-01,2.587451887511195425e-02,-1.427574419127651019e-02,3.832705187448318747e-04,9.995631873495923747e-01,-2.108989976672560884e-01,1.316257409234412347e-02,3.486761412770728302e-03,5.639413372478092878e-02,3.402056614623444331e-02,-4.676769581955915640e-03,-1.392044363061286649e-01,-9.338832819683214048e-02,6.707365221657407561e-02,1.192134847697626093e-01,1.865906961745730230e-01,9.395298313795205636e-02,-4.318767638219651178e-02,1.166845955397894652e-01,-2.585182501525135068e-01,3.571039167520395075e-01,7.041069891081268295e-02,-4.226964389020892998e-01,0.000000000000000000e+00,-1.351805595117100134e-01,-3.649242163525934779e-01,1.364803772428787587e-01,-3.576185004197895978e-01,0.000000000000000000e+00
-1.749810075884089267e-01,6.167320984546140195e-02,8.453666675260961272e-01,2.621023912285759191e-02,-1.446097107026820400e-02,3.882434295118946136e-04,9.995517760215660852e-01,-2.123383325530925625e-01,1.333340838730648695e-02,3.532015359565156623e-03,5.323242415932227106e-02,3.705787010698009115e-02,-4.737468395776806181e-03,-1.397132624816751212e-01,-9.460039576760455315e-02,6.794418711397183508e-02,1.168670944169802051e-01,1.916081759286589470e-01,9.517237924705493346e-02,-4.374820019722342607e-02,1.181990204898152041e-01,-2.664160811927961392e-01,3.594025114297328960e-01,7.132454463899985664e-02,-4.394740754943606276e-01,0.000000000000000000e+00,-1.414776164727672703e-01,-3.673243090624561669e-01,1.382517275014915892e-01,-3.735515040656303687e-01,0.000000000000000000e+00
-1.749810075884089267e-01,6.167320984546140195e-02,8.462388029515429677e-01,2.647793074247985212e-02,-1.460866452506521911e-02,3.922086551615570687e-04,9.995425715179726556e-01,-2.134860198448008395e-01,1.346962710280180490e-02,3.568099651099175800e-03,5.071136118498840994e-02,3.947973536648650972e-02,-4.785868012800968165e-03,-1.401189869180864689e-01,-9.556686615705725640e-02,6.863832844866986360e-02,1.149961452613844221e-01,1.956089806106224294e-01,9.614469321772797783e-02,-4.419514695404602733e-02,1.194065825981847212e-01,-2.727136012530591014e-01,3.612353495873684150e-01,7.205322087629734140e-02,-4.528521159290987419e-01,0.000000000000000000e+00,-1.464987219295203480e-01,-3.692380790468682839e-01,1.396641550060140624e-01,-3.862560566913008642e-01,0.000000000000000000e+00
-1.749810075884089267e-01,6.167320984546140195e-02,8.468770008746347999e-01,2.667381645333106663e-02,-1.471674051721547777e-02,3.951102441099358818e-04,9.995357767245042213e-01,-2.143258568982626677e-01,1.356930715108191007e-02,3.594504862080540302e-03,4.886653627906410724e-02,4.125197088579592164e-02,-4.821285144317472710e-03,-1.404158817409663085e-01,-9.627409507733911131e-02,6.914627657829595930e-02,1.136270507028190602e-01,1.985366282720121556e-01,9.685619826450284076e-02,-4.452220681609738578e-02,1.202902339292504091e-01,-2.773219041677457142e-01,3.625765558627205287e-01,7.258644042876678804e-02,-4.626416937531071527e-01,0.000000000000000000e+00,-1.501729896872855408e-01,-3.706385083766381427e-01,1.406977196034410738e-01,-3.955527999067916523e-01,0.000000000000000000e+00
-1.749810075884089267e-01,6.167320984546140195e-02,8.472689487952472787e-01,2.679411859140335209e-02,-1.478311479675562846e-02,3.968922390945625969e-04,9.995315788920159372e-01,-2.148416410693597955e-01,1.363052544439862998e-02,3.610721567217005466e-03,4.773354091883407618e-02,4.234038562595055649e-02,-4.843036501615390066e-03,-1.405982190759182404e-01,-9.670843824059902061e-02,6.945823186047789255e-02,1.127862241411277944e-01,2.003346369643769220e-01,9.729316760191118740e-02,-4.472306994681059938e-02,1.208329265473647024e-01,-2.801520837712991319e-01,3.634002548935638122e-01,7.291391610246988897e-02,-4.686539425131894254e-01,0.000000000000000000e+00,-1.524295335513792260e-01,-3.714985791225739464e-01,1.413324811407676296e-01,-4.012623753220929679e-01,0.000000000000000000e+00
-1.749810075884089267e-01,6.167320984546140195e-02,8.474023342132568359e-01,2.683505899422236260e-02,-1.480570283870349946e-02,3.974986754693527954e-04,9.995301460021261963e-01,-2.150171697139739990e-01,1.365135889500379562e-02,3.616240341216325760e-03,4.734796658158302307e-02,4.271078854799270630e-02,-4.850438795983791351e-03,-1.406602710485458374e-01,-9.685625135898590088e-02,6.956439465284347534e-02,1.125000789761543274e-01,2.009465247392654419e-01,9.744187444448471069e-02,-4.479142650961875916e-02,1.210176125168800354e-01,-2.811152338981628418e-01,3.636805713176727295e-01,7.302536070346832275e-02,-4.706999957561492920e-01,0.000000000000000000e+00,-1.531974673271179199e-01,-3.717912733554840088e-01,1.415484994649887085e-01,-4.032054245471954346e-01,0.000000000000000000e+00
-1.749810075884089267e-01,6.167320984546140195e-02,8.474023342132568359e-01,2.683505899422236260e-02,-1.480570283870349946e-02,3.974986754693527954e-04,9.995301460021261963e-01,-2.150171697139739990e-01,1.365135889500379562e-02,3.616240341216325760e-03,4.734796658158302307e-02,4.271078854799270630e-02,-4.850438795983791351e-03,-1.406602710485458374e-01,-9.685625135898590088e-02,6.956439465284347534e-02,1.125000789761543274e-01,2.009465247392654419e-01,9.744187444448471069e-02,-4.479142650961875916e-02,1.210176125168800354e-01,-2.811152338981628418e-01,3.636805713176727295e-01,7.302536070346832275e-02,-4.706999957561492920e-01,0.000000000000000000e+00,-1.531974673271179199e-01,-3.717912733554840088e-01,1.415484994649887085e-01,-4.032054245471954346e-01,0.000000000000000000e+00
-1.738985626989742461e-01,5.812736280366272851e-02,8.474338054656982422e-01,2.692078588689824151e-02,-1.794012583272306879e-02,-4.592868281395858822e-03,9.994660218002849872e-01,-1.980938166379928589e-01,2.226230315864086151e-02,2.131333760917186737e-02,3.780866041779518127e-02,4.584192112088203430e-02,-9.241199120879173279e-03,-1.189575120806694031e-01,-9.048298001289367676e-02,6.565159559249877930e-02,9.335350245237350464e-02,2.002003043889999390e-01,9.708274900913238525e-02,-4.179981723427772522e-02,1.248545572161674500e-01,-2.764977514743804932e-01,3.600282967090606689e-01,6.065376847982406616e-02,-4.629240632057189941e-01,0.000000000000000000e+00,-1.472506076097488403e-01,-3.713326454162597656e-01,1.474869996309280396e-01,-3.953944742679595947e-01,0.000000000000000000e+00
-1.738039903645972606e-01,5.478312587975409792e-02,8.475305438041687012e-01,2.745462897051918413e-02,-1.898677463287665526e-02,-8.907336349358344410e-03,9.994030243581870643e-01,-1.904487907886505127e-01,2.865830250084400177e-02,3.423597663640975952e-02,3.153329342603683472e-02,4.994753375649452209e-02,-1.135694235563278198e-02,-1.072583720088005066e-01,-8.578397333621978760e-02,6.485612690448760986e-02,7.841796427965164185e-02,2.007005214691162109e-01,9.737212210893630981e-02,-3.974031284451484680e-02,1.259769499301910400e-01,-2.737675309181213379e-01,3.567514717578887939e-01,5.098118260502815247e-02,-4.574590623378753662e-01,0.000000000000000000e+00,-1.437840461730957031e-01,-3.748917281627655029e-01,1.542908996343612671e-01,-3.911448419094085693e-01,0.000000000000000000e+00
-1.744283744160232130e-01,5.153668659215016046e-02,8.476136922836303711e-01,2.802567494976805976e-02,-1.918644187686099206e-02,-1.207152814181527631e-02,9.993501489468230581e-01,-1.876608729362487793e-01,3.354644402861595154e-02,4.224038869142532349e-02,2.770092152059078217e-02,5.314964428544044495e-02,-1.222033519297838211e-02,-1.005140021443367004e-01,-8.144016563892364502e-02,6.801740080118179321e-02,6.635919213294982910e-02,2.006568610668182373e-01,9.887056052684783936e-02,-3.756088763475418091e-02,1.247189417481422424e-01,-2.735868096351623535e-01,3.545897901058197021e-01,4.146542027592658997e-02,-4.541273713111877441e-01,0.000000000000000000e+00,-1.400152891874313354e-01,-3.794130682945251465e-01,1.603948920965194702e-01,-3.887316584587097168e-01,0.000000000000000000e+00
-1.753906266355947097e-01,4.840520098865869897e-02,8.476438522338867188e-01,2.888341648215304522e-02,-1.935973120827596400e-02,-1.459830162250159470e-02,9.992886663270029723e-01,-1.871118694543838501e-01,3.736386820673942566e-02,4.820440709590911865e-02,2.604570798575878143e-02,5.678856372833251953e-02,-1.348728965967893600e-02,-9.555662423372268677e-02,-7.780470699071884155e-02,7.190571725368499756e-02,5.645668134093284607e-02,2.009415477514266968e-01,9.918440878391265869e-02,-3.554200008511543274e-02,1.241339519619941711e-01,-2.763130366802215576e-01,3.541284501552581787e-01,3.479015827178955078e-02,-4.528607130050659180e-01,0.000000000000000000e+00,-1.340866833925247192e-01,-3.833642005920410156e-01,1.649016737937927246e-01,-3.862689733505249023e-01,0.000000000000000000e+00
-1.764128456300905479e-01,4.517156694127400646e-02,8.476576805114746094e-01,2.960085874275053888e-02,-1.951007993361785278e-02,-1.684614281657981910e-02,9.992293797796775179e-01,-1.886805295944213867e-01,4.158013314008712769e-02,5.179122835397720337e-02,2.671047486364841461e-02,6.240766495466232300e-02,-1.672089844942092896e-02,-9.239777922630310059e-02,-7.426973432302474976e-02,7.477623969316482544e-02,4.817228019237518311e-02,2.052541673183441162e-01,1.019765436649322510e-01,-3.369271755218505859e-02,1.240582466125488281e-01,-2.797231674194335938e-01,3.523745536804199219e-01,2.987062744796276093e-02,-4.522859752178192139e-01,0.000000000000000000e+00,-1.259348392486572266e-01,-3.858259618282318115e-01,1.697723716497421265e-01,-3.841615617275238037e-01,0.000000000000000000e+00
-1.777186712713931527e-01,4.200680587375131558e-02,8.478035926818847656e-01,3.033151401645411277e-02,-1.949070758499862888e-02,-1.886808226310296085e-02,9.991717104917545722e-01,-1.915059238672256470e-01,4.598890617489814758e-02,5.275489017367362976e-02,2.819209359586238861e-02,6.466563045978546143e-02,-1.649351045489311218e-02,-8.923124521970748901e-02,-7.039830088615417480e-02,7.797377556562423706e-02,3.957708179950714111e-02,2.060494273900985718e-01,1.052757129073143005e-01,-3.215669840574264526e-02,1.240152120590209961e-01,-2.838068008422851562e-01,3.515699505805969238e-01,2.702068164944648743e-02,-4.527177512645721436e-01,0.000000000000000000e+00,-1.163049414753913879e-01,-3.887666463851928711e-01,1.736211925745010376e-01,-3.817318975925445557e-01,0.000000000000000000e+00
-1.791872474388601644e-01,3.896564677242571328e-02,8.479179739952087402e-01,3.103807539935356935e-02,-1.970698258567749050e-02,-2.052969475638684663e-02,9.991130087963431272e-01,-1.956764459609985352e-01,4.958699643611907959e-02,5.310407280921936035e-02,3.241470828652381897e-02,6.652522087097167969e-02,-1.792349480092525482e-02,-8.635410666465759277e-02,-6.712956726551055908e-02,7.995197176933288574e-02,3.194599226117134094e-02,2.076469212770462036e-01,1.088099926710128784e-01,-2.994003705680370331e-02,1.249230429530143738e-01,-2.872587144374847412e-01,3.509911000728607178e-01,2.434186078608036041e-02,-4.527516961097717285e-01,0.000000000000000000e+00,-1.062925755977630615e-01,-3.911173641681671143e-01,1.765226572751998901e-01,-3.799509108066558838e-01,0.000000000000000000e+00
-1.807391249885417772e-01,3.596154844991118760e-02,8.480584621429443359e-01,3.216886280563572426e-02,-1.969764341010544345e-02,-2.239201056439951015e-02,9.990374192054891633e-01,-2.005353569984436035e-01,5.231168866157531738e-02,5.275481939315795898e-02,3.717428073287010193e-02,6.667128950357437134e-02,-1.763905026018619537e-02,-8.384618908166885376e-02,-6.472590565681457520e-02,8.268225938081741333e-02,2.387610077857971191e-02,2.085961401462554932e-01,1.115861982107162476e-01,-2.870300039649009705e-02,1.265420466661453247e-01,-2.894415557384490967e-01,3.488959372043609619e-01,2.303850464522838593e-02,-4.519461691379547119e-01,0.000000000000000000e+00,-9.732199460268020630e-02,-3.938305974006652832e-01,1.783372908830642700e-01,-3.791398704051971436e-01,0.000000000000000000e+00
-1.824566196818870334e-01,3.268632052109865516e-02,8.480436801910400391e-01,3.349867042951124724e-02,-2.003898629878680601e-02,-2.393993930463555325e-02,9.989510285362653841e-01,-2.064090371131896973e-01,5.496410280466079712e-02,5.232891067862510681e-02,4.435187205672264099e-02,6.593188643455505371e-02,-1.729990355670452118e-02,-8.057251572608947754e-02,-6.312716752290725708e-02,9.013056755065917969e-02,1.453169155865907669e-02,2.044119983911514282e-01,1.144496276974678040e-01,-2.792820148169994354e-02,1.290925294160842896e-01,-2.924999892711639404e-01,3.466936051845550537e-01,2.149736881256103516e-02,-4.519658684730529785e-01,0.000000000000000000e+00,-8.894170820713043213e-02,-3.947255015373229980e-01,1.816270202398300171e-01,-3.791105747222900391e-01,0.000000000000000000e+00
-1.841202359006413325e-01,2.980154924419770729e-02,8.478547930717468262e-01,3.510173810015104756e-02,-2.051458195002993368e-02,-2.718282732975497995e-02,9.988033409075705027e-01,-2.134139984846115112e-01,5.786544457077980042e-02,5.286124348640441895e-02,5.504908412694931030e-02,6.606129556894302368e-02,-1.806292682886123657e-02,-7.896679639816284180e-02,-6.136181578040122986e-02,9.033994376659393311e-02,1.065700408071279526e-02,2.075441181659698486e-01,1.172904446721076965e-01,-2.686340920627117157e-02,1.358162611722946167e-01,-2.932947576045989990e-01,3.473676741123199463e-01,2.018376998603343964e-02,-4.511238932609558105e-01,0.000000000000000000e+00,-8.290773630142211914e-02,-3.966025114059448242e-01,1.843746006488800049e-01,-3.802055716514587402e-01,0.000000000000000000e+00
-1.856840045498822367e-01,2.668664915753193867e-02,8.475047945976257324e-01,3.679768467477471244e-02,-2.142389398891373503e-02,-3.062901698459724945e-02,9.986234578095415371e-01,-2.215526700019836426e-01,6.023138388991355896e-02,5.195183679461479187e-02,6.897608190774917603e-02,6.733758747577667236e-02,-1.650698110461235046e-02,-7.701903581619262695e-02,-5.975267663598060608e-02,9.485123306512832642e-02,6.313079968094825745e-03,2.077909111976623535e-01,1.173139587044715881e-01,-2.656319364905357361e-02,1.423590183258056641e-01,-2.908024191856384277e-01,3.435576260089874268e-01,1.974907331168651581e-02,-4.487067162990570068e-01,0.000000000000000000e+00,-7.867500931024551392e-02,-3.979024589061737061e-01,1.867433786392211914e-01,-3.817203938961029053e-01,0.000000000000000000e+00
-1.871633988747259947e-01,2.376344368882553348e-02,8.468377590179443359e-01,3.825708044087559878e-02,-2.264577746009075257e-02,-3.398691573837752528e-02,9.984329993134045678e-01,-2.319996953010559082e-01,6.314032524824142456e-02,5.088339000940322876e-02,8.769886940717697144e-02,7.108413428068161011e-02,-1.538129895925521851e-02,-7.468847930431365967e-02,-5.750104412436485291e-02,1.018363907933235168e-01,2.658759243786334991e-03,2.067027986049652100e-01,1.179399117827415466e-01,-2.491702325642108917e-02,1.488951146602630615e-01,-2.859644591808319092e-01,3.420330584049224854e-01,1.852038130164146423e-02,-4.460774660110473633e-01,0.000000000000000000e+00,-7.700537145137786865e-02,-4.015116989612579346e-01,1.880009323358535767e-01,-3.844634294509887695e-01,0.000000000000000000e+00
-1.887537399618186285e-01,2.126740037507379721e-02,8.458141088485717773e-01,3.904763796351885113e-02,-2.429974242108285526e-02,-3.724117394121545521e-02,9.982474139466724905e-01,-2.449138015508651733e-01,6.773466616868972778e-02,4.745391011238098145e-02,1.106394603848457336e-01,7.947161048650741577e-02,-1.439463440328836441e-02,-7.079507410526275635e-02,-5.467874184250831604e-02,1.124657019972801208e-01,-2.554350765421986580e-03,2.001695483922958374e-01,1.208443343639373779e-01,-2.172349020838737488e-02,1.538182049989700317e-01,-2.812118828296661377e-01,3.420178592205047607e-01,1.627019792795181274e-02,-4.451145827770233154e-01,0.000000000000000000e+00,-7.689699530601501465e-02,-4.065267145633697510e-01,1.895504295825958252e-01,-3.876370489597320557e-01,0.000000000000000000e+00
-1.906198932299774107e-01,1.924000206340232416e-02,8.443820476531982422e-01,3.962986372168132709e-02,-2.585200007839816988e-02,-4.149886771905660771e-02,9.980175308938133982e-01,-2.586632668972015381e-01,7.284229993820190430e-02,4.213675484061241150e-02,1.330690085887908936e-01,8.528149873018264771e-02,-1.409913040697574615e-02,-6.780585646629333496e-02,-5.143126845359802246e-02,1.168940514326095581e-01,-6.457514595240354538e-03,1.954586654901504517e-01,1.126664355397224426e-01,-1.904553733766078949e-02,1.592449992895126343e-01,-2.755354642868041992e-01,3.395951986312866211e-01,1.527957711368799210e-02,-4.450977742671966553e-01,0.000000000000000000e+00,-7.790924608707427979e-02,-4.132935702800750732e-01,1.903081536293029785e-01,-3.905187845230102539e-01,0.000000000000000000e+00
-1.927325274839076230e-01,1.703958991590499850e-02,8.425236344337463379e-01,3.971274272692461305e-02,-2.779732953323240524e-02,-4.330567640577809296e-02,9.978851762236796707e-01,-2.719037532806396484e-01,7.847070693969726562e-02,3.672618791460990906e-02,1.545761823654174805e-01,9.148530662059783936e-02,-1.756040751934051514e-02,-6.276332587003707886e-02,-4.765501618385314941e-02,1.257731169462203979e-01,-1.270220708101987839e-02,1.893705129623413086e-01,1.089038699865341187e-01,-1.596065796911716461e-02,1.587258279323577881e-01,-2.704018354415893555e-01,3.320253491401672363e-01,1.087205111980438232e-02,-4.449258744716644287e-01,0.000000000000000000e+00,-8.000201731920242310e-02,-4.175029695034027100e-01,1.909795403480529785e-01,-3.936577439308166504e-01,0.000000000000000000e+00
-1.952628980554942106e-01,1.542613707053520911e-02,8.407272696495056152e-01,3.926664328010075894e-02,-2.940711550670980362e-02,-4.419618342191989485e-02,9.978176434870373868e-01,-2.857381999492645264e-01,8.543504774570465088e-02,3.599141910672187805e-02,1.746472418308258057e-01,1.025815010070800781e-01,-2.598300389945507050e-02,-6.030261889100074768e-02,-4.330782964825630188e-02,1.275193840265274048e-01,-1.504849735647439957e-02,1.894040554761886597e-01,1.154861971735954285e-01,-1.101924292743206024e-02,1.559193581342697144e-01,-2.641656696796417236e-01,3.287914097309112549e-01,3.193251555785536766e-03,-4.460291862487792969e-01,0.000000000000000000e+00,-8.196087181568145752e-02,-4.224180579185485840e-01,1.902942508459091187e-01,-3.956642448902130127e-01,0.000000000000000000e+00
-1.980639679511902451e-01,1.287330321047023413e-02,8.392204046249389648e-01,3.871168163247894201e-02,-3.155949710687621507e-02,-4.472709668689601320e-02,9.977499138910049803e-01,-2.931859195232391357e-01,9.110906720161437988e-02,2.675966359674930573e-02,1.855545639991760254e-01,1.071088239550590515e-01,-2.773017250001430511e-02,-5.719074234366416931e-02,-3.768766298890113831e-02,1.298609972000122070e-01,-1.816487684845924377e-02,1.893052458763122559e-01,1.194760352373123169e-01,-7.960489019751548767e-03,1.541373282670974731e-01,-2.584943175315856934e-01,3.216343820095062256e-01,-1.834293361753225327e-03,-4.447968900203704834e-01,0.000000000000000000e+00,-8.142887055873870850e-02,-4.230763316154479980e-01,1.896424889564514160e-01,-3.955495357513427734e-01,0.000000000000000000e+00
-2.005827222489999229e-01,1.080686974068846562e-02,8.383966684341430664e-01,3.818749939924499098e-02,-3.347229623893768075e-02,-4.349395441774768500e-02,9.977622944385262649e-01,-2.999134361743927002e-01,9.603184461593627930e-02,2.286759205162525177e-02,1.940784156322479248e-01,1.120297610759735107e-01,-2.917243540287017822e-02,-5.549750104546546936e-02,-3.277365863323211670e-02,1.288261860609054565e-01,-1.857361942529678345e-02,1.877451837062835693e-01,1.191717013716697693e-01,-4.045932553708553314e-03,1.520522832870483398e-01,-2.546535134315490723e-01,3.285117745399475098e-01,3.846586449071764946e-03,-4.454978704452514648e-01,0.000000000000000000e+00,-7.704932242631912231e-02,-4.223234653472900391e-01,1.848851889371871948e-01,-3.936997354030609131e-01,0.000000000000000000e+00
-2.031273043018076430e-01,8.422512985699029398e-03,8.380878567695617676e-01,3.791122417554633472e-02,-3.550841164587713317e-02,-4.202577354589259045e-02,9.977653662769458975e-01,-3.018740415573120117e-01,9.983264654874801636e-02,2.006237581372261047e-02,1.971451938152313232e-01,1.155660375952720642e-01,-2.805977128446102142e-02,-5.490052700042724609e-02,-2.827271260321140289e-02,1.253368109464645386e-01,-1.633707620203495026e-02,1.912222206592559814e-01,1.118928417563438416e-01,-1.858795993030071259e-03,1.465195715427398682e-01,-2.490478754043579102e-01,3.291733264923095703e-01,1.988700823858380318e-03,-4.470069110393524170e-01,0.000000000000000000e+00,-7.083798944950103760e-02,-4.189481139183044434e-01,1.831613481044769287e-01,-3.926230669021606445e-01,0.000000000000000000e+00
-2.054645415300369871e-01,5.889558857431670402e-03,8.381277322769165039e-01,3.834804960720906292e-02,-3.776647646436417233e-02,-4.057100651029010852e-02,9.977259712854686935e-01,-2.988715767860412598e-01,1.005821973085403442e-01,1.513628475368022919e-02,1.951967775821685791e-01,1.138605475425720215e-01,-2.507387287914752960e-02,-5.348524451255798340e-02,-2.527921274304389954e-02,1.226924285292625427e-01,-1.395123172551393509e-02,1.927208155393600464e-01,1.074092909693717957e-01,-2.416503848508000374e-03,1.459950655698776245e-01,-2.463511079549789429e-01,3.327856063842773438e-01,5.364719312638044357e-03,-4.484712779521942139e-01,0.000000000000000000e+00,-6.051569059491157532e-02,-4.152988195419311523e-01,1.824400722980499268e-01,-3.908782899379730225e-01,0.000000000000000000e+00
-2.075656347284801084e-01,3.408539704000249082e-03,8.382950425148010254e-01,3.914848319168125895e-02,-4.002453775589315255e-02,-3.927616605802726479e-02,9.976586667898996730e-01,-2.924834191799163818e-01,9.945089370012283325e-02,8.982144296169281006e-03,1.902046799659729004e-01,1.099206507205963135e-01,-1.939491555094718933e-02,-5.201445519924163818e-02,-2.349415607750415802e-02,1.193585619330406189e-01,-1.140884123742580414e-02,1.950797587633132935e-01,1.037242263555526733e-01,-3.624588251113891602e-03,1.466819792985916138e-01,-2.441995441913604736e-01,3.343718349933624268e-01,9.426887147128582001e-03,-4.501080811023712158e-01,0.000000000000000000e+00,-4.799804836511611938e-02,-4.127766191959381104e-01,1.821114420890808105e-01,-3.897734582424163818e-01,0.000000000000000000e+00
-2.094978809857858670e-01,1.187709367017855677e-03,8.383150696754455566e-01,3.978484349311975365e-02,-4.188382236547250059e-02,-3.670744985197575694e-02,9.976549878478282452e-01,-2.876046895980834961e-01,9.907787293195724487e-02,8.846426382660865784e-03,1.854642331600189209e-01,1.080229282379150391e-01,-1.768609881401062012e-02,-5.043294653296470642e-02,-2.178805880248546600e-02,1.151569187641143799e-01,-1.022293511778116226e-02,1.953758746385574341e-01,1.012997552752494812e-01,-4.282573703676462173e-03,1.463268548250198364e-01,-2.438887804746627808e-01,3.336426913738250732e-01,1.374843530356884003e-02,-4.522494971752166748e-01,0.000000000000000000e+00,-3.385102376341819763e-02,-4.137329757213592529e-01,1.833308786153793335e-01,-3.901829123497009277e-01,0.000000000000000000e+00
-2.111193679964548930e-01,-1.267606530093001727e-03,8.380557298660278320e-01,4.034116112159119583e-02,-4.368569076291445308e-02,-3.412876727719710984e-02,9.976469207019423857e-01,-2.821863591670989990e-01,9.890530258417129517e-02,4.770162981003522873e-03,1.795990765094757080e-01,1.028685569763183594e-01,-1.534677762538194656e-02,-4.764299467206001282e-02,-1.989671215415000916e-02,1.091711670160293579e-01,-1.016369462013244629e-02,1.956838369369506836e-01,1.007803529500961304e-01,-5.533546209335327148e-03,1.462414562702178955e-01,-2.460934966802597046e-01,3.287049829959869385e-01,1.827397197484970093e-02,-4.549757540225982666e-01,0.000000000000000000e+00,-1.961231604218482971e-02,-4.172647297382354736e-01,1.861381679773330688e-01,-3.922747671604156494e-01,0.000000000000000000e+00
-2.128276592567323877e-01,-2.725811619677137587e-03,8.376360535621643066e-01,4.034221066747863821e-02,-4.566295553617052277e-02,-3.148437006834082369e-02,9.976452951683590920e-01,-2.797943949699401855e-01,9.952912479639053345e-02,2.163466764613986015e-03,1.776759922504425049e-01,1.047745123505592346e-01,-1.792348176240921021e-02,-4.436849057674407959e-02,-1.825634017586708069e-02,1.031097918748855591e-01,-1.032935827970504761e-02,1.967768371105194092e-01,1.029667630791664124e-01,-5.783622153103351593e-03,1.450224816799163818e-01,-2.476713508367538452e-01,3.164468407630920410e-01,1.937277056276798248e-02,-4.551244676113128662e-01,0.000000000000000000e+00,-5.783759523183107376e-03,-4.206660091876983643e-01,1.884593069553375244e-01,-3.942374289035797119e-01,0.000000000000000000e+00
-2.143169739902587578e-01,-3.848377985086720576e-03,8.374268412590026855e-01,4.051344900891006712e-02,-4.728580572553173905e-02,-2.883872391354829270e-02,9.976427421824547448e-01,-2.798797786235809326e-01,1.001589372754096985e-01,1.448137390980264172e-05,1.780477166175842285e-01,1.085125505924224854e-01,-2.200064994394779205e-02,-4.174548387527465820e-02,-1.785092987120151520e-02,9.781114012002944946e-02,-1.072317920625209808e-02,1.975011676549911499e-01,1.045417264103889465e-01,-3.020029980689287186e-03,1.478105187416076660e-01,-2.481542676687240601e-01,3.163792192935943604e-01,1.945492066442966461e-02,-4.545611739158630371e-01,0.000000000000000000e+00,4.344765096902847290e-03,-4.278635978698730469e-01,1.890226453542709351e-01,-3.965350389480590820e-01,0.000000000000000000e+00
-2.153087049952988330e-01,-5.339807834356780081e-03,8.370103836059570312e-01,4.059623991119869213e-02,-4.859227895314462836e-02,-2.765919393236583937e-02,9.976099963022744266e-01,-2.794221341609954834e-01,1.020991653203964233e-01,-1.375831081531941891e-03,1.787003576755523682e-01,1.117758229374885559e-01,-2.823116257786750793e-02,-3.941169008612632751e-02,-1.610123179852962494e-02,9.356402605772018433e-02,-1.131050661206245422e-02,1.964733302593231201e-01,1.081366017460823059e-01,-4.261956550180912018e-03,1.427760422229766846e-01,-2.577678561210632324e-01,2.857100963592529297e-01,5.156788509339094162e-03,-4.524908959865570068e-01,0.000000000000000000e+00,7.496847305446863174e-03,-4.277624189853668213e-01,1.954579800367355347e-01,-4.002845883369445801e-01,0.000000000000000000e+00
-2.166920356968158046e-01,-5.755438520002709168e-03,8.369683623313903809e-01,4.027008649906425874e-02,-4.915193234776012166e-02,-2.530131138837138707e-02,9.976583840783717072e-01,-2.810472548007965088e-01,1.025547534227371216e-01,-4.269056487828493118e-03,1.779024899005889893e-01,1.150562539696693420e-01,-2.999018505215644836e-02,-3.908380493521690369e-02,-1.503361109644174576e-02,9.138274192810058594e-02,-1.209636218845844269e-02,1.959616541862487793e-01,1.095751971006393433e-01,2.433137735351920128e-03,1.486661583185195923e-01,-2.492531836032867432e-01,3.089005053043365479e-01,9.367819875478744507e-03,-4.496688246726989746e-01,0.000000000000000000e+00,7.934862747788429260e-03,-4.390302002429962158e-01,1.854662001132965088e-01,-4.012336432933807373e-01,0.000000000000000000e+00
-2.178026834168192982e-01,-6.601018594324464805e-03,8.364989757537841797e-01,3.950216544204907670e-02,-4.993978583932937032e-02,-2.402273411085943666e-02,9.976815649101420380e-01,-2.821638584136962891e-01,1.060656383633613586e-01,-2.811489393934607506e-04,1.777700930833816528e-01,1.190293878316879272e-01,-3.272875770926475525e-02,-3.861392289400100708e-02,-1.209405343979597092e-02,8.928485214710235596e-02,-1.187728717923164368e-02,1.966576129198074341e-01,1.098084449768066406e-01,5.123726092278957367e-03,1.480763405561447144e-01,-2.443723082542419434e-01,3.216768503189086914e-01,1.339745055884122849e-02,-4.504672884941101074e-01,0.000000000000000000e+00,8.459404343739151955e-04,-4.426001906394958496e-01,1.773758828639984131e-01,-4.041349589824676514e-01,0.000000000000000000e+00
-2.189201759731588259e-01,-7.441452156996333778e-03,8.363379836082458496e-01,3.930511469056513496e-02,-5.069186191891696808e-02,-2.313333414253295958e-02,9.976724371986053219e-01,-2.820594906806945801e-01,1.076435297727584839e-01,2.975967654492706060e-04,1.767840087413787842e-01,1.214237809181213379e-01,-3.377961367368698120e-02,-3.848263248801231384e-02,-1.060075964778661728e-02,8.682118356227874756e-02,-1.148832868784666061e-02,1.977552175521850586e-01,1.093081235885620117e-01,6.453504785895347595e-03,1.468502283096313477e-01,-2.396239638328552246e-01,3.271864354610443115e-01,1.580616645514965057e-02,-4.522463679313659668e-01,0.000000000000000000e+00,-8.341081440448760986e-03,-4.418785870075225830e-01,1.714375913143157959e-01,-4.073959887027740479e-01,0.000000000000000000e+00
-2.199368170104274434e-01,-8.244166212099335311e-03,8.361746072769165039e-01,3.938950105450508138e-02,-5.166560837225032260e-02,-2.244735622286424953e-02,9.976348271370674148e-01,-2.808267474174499512e-01,1.076477542519569397e-01,-3.303847741335630417e-03,1.755538135766983032e-01,1.212122514843940735e-01,-3.127486631274223328e-02,-3.736745566129684448e-02,-9.896020404994487762e-03,8.485456556081771851e-02,-1.174919027835130692e-02,1.979494690895080566e-01,1.102039813995361328e-01,7.361435331404209137e-03,1.460352391004562378e-01,-2.353487610816955566e-01,3.285246491432189941e-01,1.684479601681232452e-02,-4.539500474929809570e-01,0.000000000000000000e+00,-1.853078044950962067e-02,-4.393296241760253906e-01,1.662627011537551880e-01,-4.107169806957244873e-01,0.000000000000000000e+00
-2.209882218739578907e-01,-9.040689847813421220e-03,8.359280228614807129e-01,3.943568986281097144e-02,-5.249862703447439466e-02,-2.107486236592306245e-02,9.976194518456408256e-01,-2.808488607406616211e-01,1.076821759343147278e-01,-5.061670672148466110e-03,1.753877848386764526e-01,1.202200427651405334e-01,-3.056672774255275726e-02,-3.642435744404792786e-02,-8.828639984130859375e-03,8.406642079353332520e-02,-1.202121842652559280e-02,1.975525170564651489e-01,1.118186563253402710e-01,8.540483191609382629e-03,1.443144530057907104e-01,-2.315461337566375732e-01,3.281795084476470947e-01,1.817804016172885895e-02,-4.547422826290130615e-01,0.000000000000000000e+00,-2.866919152438640594e-02,-4.326789677143096924e-01,1.612985283136367798e-01,-4.133798480033874512e-01,0.000000000000000000e+00
-2.219336105305313445e-01,-9.942282548691339095e-03,8.356039524078369141e-01,3.939037097859399844e-02,-5.345341990788003012e-02,-1.975925352889177505e-02,9.975974651502987900e-01,-2.810813784599304199e-01,1.084489449858665466e-01,-7.391849532723426819e-03,1.761910319328308105e-01,1.195885390043258667e-01,-3.018842823803424835e-02,-3.506127744913101196e-02,-7.634761743247509003e-03,8.287287503480911255e-02,-1.213607657700777054e-02,1.968148648738861084e-01,1.137734055519104004e-01,9.418617002665996552e-03,1.429088860750198364e-01,-2.289517670869827271e-01,3.274965584278106689e-01,2.050115168094635010e-02,-4.551143348217010498e-01,0.000000000000000000e+00,-3.777283802628517151e-02,-4.267716109752655029e-01,1.565867662429809570e-01,-4.153992533683776855e-01,0.000000000000000000e+00
-2.228299643096579019e-01,-1.069850012622802771e-02,8.350986838340759277e-01,3.943657499640775693e-02,-5.446603872175318634e-02,-1.916070265047351354e-02,9.975525423016340376e-01,-2.806309461593627930e-01,1.084135845303535461e-01,-1.266398187726736069e-02,1.767347902059555054e-01,1.168770045042037964e-01,-2.768653631210327148e-02,-3.366515785455703735e-02,-6.903065368533134460e-03,8.154866844415664673e-02,-1.249331142753362656e-02,1.971839517354965210e-01,1.169193908572196960e-01,9.605219587683677673e-03,1.434119194746017456e-01,-2.296121865510940552e-01,3.260684609413146973e-01,2.160532213747501373e-02,-4.568229913711547852e-01,0.000000000000000000e+00,-4.468169063329696655e-02,-4.210367202758789062e-01,1.537101417779922485e-01,-4.165674746036529541e-01,0.000000000000000000e+00
-2.237146884820294668e-01,-1.147948423393767292e-02,8.346986770629882812e-01,3.950829657327993572e-02,-5.511282292548198847e-02,-1.858231489341359566e-02,9.975251219013305803e-01,-2.810169756412506104e-01,1.081718131899833679e-01,-1.875754445791244507e-02,1.778536885976791382e-01,1.143718063831329346e-01,-2.578013762831687927e-02,-3.302413597702980042e-02,-5.778091028332710266e-03,8.072867989540100098e-02,-1.312253251671791077e-02,1.968866288661956787e-01,1.168715059757232666e-01,9.221795015037059784e-03,1.447664350271224976e-01,-2.298334538936614990e-01,3.230561316013336182e-01,2.216385118663311005e-02,-4.577709734439849854e-01,0.000000000000000000e+00,-4.859173670411109924e-02,-4.168007373809814453e-01,1.531575620174407959e-01,-4.165429770946502686e-01,0.000000000000000000e+00
-2.246451459664688954e-01,-1.225739913128365277e-02,8.341779708862304688e-01,3.965153382234416768e-02,-5.604040284485523049e-02,-1.771147956449742322e-02,9.974836001690244869e-01,-2.819916009902954102e-01,1.078791916370391846e-01,-2.415739186108112335e-02,1.797884106636047363e-01,1.118520572781562805e-01,-2.379351109266281128e-02,-3.209720179438591003e-02,-5.136715248227119446e-03,7.950141280889511108e-02,-1.300624199211597443e-02,1.975715607404708862e-01,1.169509887695312500e-01,8.738230913877487183e-03,1.462784409523010254e-01,-2.303817123174667358e-01,3.214638233184814453e-01,2.234411798417568207e-02,-4.585327804088592529e-01,0.000000000000000000e+00,-4.979966580867767334e-02,-4.140906929969787598e-01,1.538987010717391968e-01,-4.158032834529876709e-01,0.000000000000000000e+00
-2.255013692377069168e-01,-1.286710493173688630e-02,8.337286114692687988e-01,3.949228719990480196e-02,-5.693300266030330153e-02,-1.733940794465898411e-02,9.974459070004402239e-01,-2.837667167186737061e-01,1.082405820488929749e-01,-2.827934361994266510e-02,1.828401237726211548e-01,1.106920391321182251e-01,-2.210608869791030884e-02,-3.112191148102283478e-02,-3.543543163686990738e-03,7.959207892417907715e-02,-1.296904031187295914e-02,1.962322443723678589e-01,1.152759417891502380e-01,8.305440656840801239e-03,1.471284925937652588e-01,-2.302676141262054443e-01,3.182506859302520752e-01,2.199827320873737335e-02,-4.584057927131652832e-01,0.000000000000000000e+00,-4.915840923786163330e-02,-4.140587747097015381e-01,1.562049537897109985e-01,-4.143546819686889648e-01,0.000000000000000000e+00
-2.262100516150411522e-01,-1.355487885785840174e-02,8.330904841423034668e-01,3.923522620300366054e-02,-5.791043549694208092e-02,-1.678847794411622574e-02,9.974092066417241664e-01,-2.852143943309783936e-01,1.088301762938499451e-01,-3.202688694000244141e-02,1.861247867345809937e-01,1.102751046419143677e-01,-2.129277214407920837e-02,-2.972089499235153198e-02,-2.112111775204539299e-03,7.909028232097625732e-02,-1.275447104126214981e-02,1.963428109884262085e-01,1.125555783510208130e-01,7.990340702235698700e-03,1.480447202920913696e-01,-2.290714085102081299e-01,3.144088089466094971e-01,2.164628356695175171e-02,-4.574196636676788330e-01,0.000000000000000000e+00,-4.581208527088165283e-02,-4.147984683513641357e-01,1.601690202951431274e-01,-4.131787419319152832e-01,0.000000000000000000e+00
-2.269413277298027998e-01,-1.438983272607584352e-02,8.324208855628967285e-01,3.874158236978359621e-02,-5.929057482864207029e-02,-1.678277628861362877e-02,9.973475101247412100e-01,-2.859692275524139404e-01,1.115663424134254456e-01,-3.208753839135169983e-02,1.888652592897415161e-01,1.082384660840034485e-01,-2.180928178131580353e-02,-2.828813903033733368e-02,7.627435843460261822e-04,7.769972085952758789e-02,-1.140417251735925674e-02,1.959656178951263428e-01,1.118259355425834656e-01,6.968119647353887558e-03,1.478635221719741821e-01,-2.327519804239273071e-01,3.003187179565429688e-01,1.460585091263055801e-02,-4.554558098316192627e-01,0.000000000000000000e+00,-4.063542187213897705e-02,-4.130007624626159668e-01,1.665510982275009155e-01,-4.124526679515838623e-01,0.000000000000000000e+00
-2.276908394763736687e-01,-1.480361840039291776e-02,8.320064544677734375e-01,3.831289167605992502e-02,-6.043759258306467819e-02,-1.708268973681444439e-02,9.972901290224113202e-01,-2.858359217643737793e-01,1.130147725343704224e-01,-3.438667953014373779e-02,1.914077252149581909e-01,1.062998920679092407e-01,-2.170603163540363312e-02,-2.725632302463054657e-02,2.605709247291088104e-03,7.818195223808288574e-02,-1.024656184017658234e-02,1.943619698286056519e-01,1.113494485616683960e-01,7.283121813088655472e-03,1.497343182563781738e-01,-2.357206940650939941e-01,2.867372930049896240e-01,7.203864865005016327e-03,-4.514201581478118896e-01,0.000000000000000000e+00,-3.329703956842422485e-02,-4.140182137489318848e-01,1.727033704519271851e-01,-4.116016924381256104e-01,0.000000000000000000e+00
-2.283043817815456344e-01,-1.525852754262939370e-02,8.315969705581665039e-01,3.815697714989231548e-02,-6.148543080622155543e-02,-1.751115269178757719e-02,9.972246218504440263e-01,-2.857600748538970947e-01,1.142835468053817749e-01,-3.737194836139678955e-02,1.940788477659225464e-01,1.046942993998527527e-01,-2.017484791576862335e-02,-2.654505521059036255e-02,3.930597566068172455e-03,7.856147736310958862e-02,-8.681745268404483795e-03,1.942528933286666870e-01,1.102468073368072510e-01,8.294132538139820099e-03,1.519241482019424438e-01,-2.333682030439376831e-01,2.856938540935516357e-01,4.091299604624509811e-03,-4.470236003398895264e-01,0.000000000000000000e+00,-2.680692821741104126e-02,-4.173952639102935791e-01,1.750688105821609497e-01,-4.114182591438293457e-01,0.000000000000000000e+00
-2.290742391355445051e-01,-1.575282264459693105e-02,8.313367366790771484e-01,3.791351260750443902e-02,-6.251310296705428482e-02,-1.790274788394433450e-02,9.971630604557085720e-01,-2.851716876029968262e-01,1.149795129895210266e-01,-4.032741487026214600e-02,1.956514865159988403e-01,1.030042693018913269e-01,-1.921912282705307007e-02,-2.567561157047748566e-02,5.612307228147983551e-03,7.924017310142517090e-02,-7.978126406669616699e-03,1.945319026708602905e-01,1.088140606880187988e-01,9.690778329968452454e-03,1.551848649978637695e-01,-2.298127710819244385e-01,2.960242629051208496e-01,5.704354960471391678e-03,-4.451038837432861328e-01,0.000000000000000000e+00,-1.917870901525020599e-02,-4.219924509525299072e-01,1.736378818750381470e-01,-4.102943837642669678e-01,0.000000000000000000e+00
-2.297557293460381345e-01,-1.624963618262938170e-02,8.311427235603332520e-01,3.772424985599669156e-02,-6.354625190184920447e-02,-1.849627282332031927e-02,9.970940992372157030e-01,-2.845912873744964600e-01,1.161554679274559021e-01,-4.224104806780815125e-02,1.976395994424819946e-01,1.018683165311813354e-01,-1.853589899837970734e-02,-2.471075765788555145e-02,7.195014972239732742e-03,8.057533204555511475e-02,-7.201100233942270279e-03,1.948235929012298584e-01,1.087345629930496216e-01,1.031516306102275848e-02,1.566532105207443237e-01,-2.243706434965133667e-01,3.070892095565795898e-01,9.299745783209800720e-03,-4.448669850826263428e-01,0.000000000000000000e+00,-1.426220405846834183e-02,-4.259721636772155762e-01,1.709212809801101685e-01,-4.109158813953399658e-01,0.000000000000000000e+00
-2.304156218937646050e-01,-1.679465283706069179e-02,8.310728669166564941e-01,3.810790253195385502e-02,-6.433350306701053622e-02,-1.934235619724504820e-02,9.970129695267163639e-01,-2.833693027496337891e-01,1.178045421838760376e-01,-4.470084607601165771e-02,2.004193216562271118e-01,1.006554290652275085e-01,-1.847930625081062317e-02,-2.406049147248268127e-02,7.382814772427082062e-03,8.090446889400482178e-02,-6.738808937370777130e-03,1.939457803964614868e-01,1.074125394225120544e-01,8.854318410158157349e-03,1.567834317684173584e-01,-2.200843244791030884e-01,3.100264966487884521e-01,1.262319926172494888e-02,-4.465211927890777588e-01,0.000000000000000000e+00,-9.328876622021198273e-03,-4.280049204826354980e-01,1.689769178628921509e-01,-4.122257828712463379e-01,0.000000000000000000e+00
-2.309047408819498159e-01,-1.733348580464931510e-02,8.307336568832397461e-01,3.792043535103818003e-02,-6.540838339604231055e-02,-1.997999711432851475e-02,9.969376027011999097e-01,-2.829909026622772217e-01,1.185656264424324036e-01,-4.201929643750190735e-02,2.014107704162597656e-01,1.006312370300292969e-01,-1.860122010111808777e-02,-2.294260449707508087e-02,8.706961758434772491e-03,7.800418883562088013e-02,-5.591378547251224518e-03,1.958488970994949341e-01,1.047409623861312866e-01,9.026296436786651611e-03,1.563881337642669678e-01,-2.168165743350982666e-01,3.114008307456970215e-01,1.411158405244350433e-02,-4.484110772609710693e-01,0.000000000000000000e+00,-8.387884125113487244e-03,-4.290658533573150635e-01,1.686998158693313599e-01,-4.148889780044555664e-01,0.000000000000000000e+00
-2.313912864069436748e-01,-1.794214881228214931e-02,8.305673003196716309e-01,3.811997766867110393e-02,-6.626701658144915075e-02,-2.024231929918489381e-02,9.968679944332268228e-01,-2.811651527881622314e-01,1.202761754393577576e-01,-4.358634352684020996e-02,2.033468186855316162e-01,9.915403276681900024e-02,-1.853258907794952393e-02,-2.122382633388042450e-02,9.231369942426681519e-03,7.970731705427169800e-02,-5.986154079437255859e-03,1.950743347406387329e-01,1.046490520238876343e-01,8.492982946336269379e-03,1.547214984893798828e-01,-2.146060615777969360e-01,3.124690055847167969e-01,1.552648842334747314e-02,-4.508139491081237793e-01,0.000000000000000000e+00,-8.558477275073528290e-03,-4.308742880821228027e-01,1.680340915918350220e-01,-4.172703623771667480e-01,0.000000000000000000e+00
-2.318081272240075930e-01,-1.841945867907582302e-02,8.302884697914123535e-01,3.810620044078154300e-02,-6.705081969867986158e-02,-2.042467356836013756e-02,9.968123884539799029e-01,-2.812073826789855957e-01,1.217740923166275024e-01,-3.957070410251617432e-02,2.043945491313934326e-01,9.839897602796554565e-02,-1.875879801809787750e-02,-1.995101384818553925e-02,9.820186533033847809e-03,7.872922718524932861e-02,-5.901077296584844589e-03,1.948456019163131714e-01,1.036805883049964905e-01,8.466112427413463593e-03,1.529535353183746338e-01,-2.137927263975143433e-01,3.126768469810485840e-01,1.695378310978412628e-02,-4.530814588069915771e-01,0.000000000000000000e+00,-9.548958390951156616e-03,-4.310452640056610107e-01,1.666797101497650146e-01,-4.193890690803527832e-01,0.000000000000000000e+00
-2.321378631929570946e-01,-1.888668447286777352e-02,8.299244642257690430e-01,3.798890707876909079e-02,-6.789095972785308408e-02,-2.036161316487415662e-02,9.967612879900160650e-01,-2.815732359886169434e-01,1.231449618935585022e-01,-3.241540491580963135e-02,2.041668444871902466e-01,9.741791337728500366e-02,-1.955712586641311646e-02,-1.810733787715435028e-02,1.127983909100294113e-02,7.879240065813064575e-02,-6.283380091190338135e-03,1.944263875484466553e-01,1.029765456914901733e-01,8.589571341872215271e-03,1.515765190124511719e-01,-2.153380513191223145e-01,3.103409707546234131e-01,1.821951009333133698e-02,-4.551218152046203613e-01,0.000000000000000000e+00,-9.480600245296955109e-03,-4.318101704120635986e-01,1.652798205614089966e-01,-4.211500585079193115e-01,0.000000000000000000e+00
-2.325184852793263923e-01,-1.943123366128335361e-02,8.297122120857238770e-01,3.821707205369485189e-02,-6.872756222580857222e-02,-2.094942970432224494e-02,9.966830484106791177e-01,-2.795765995979309082e-01,1.237974911928176880e-01,-3.062975406646728516e-02,2.043989747762680054e-01,9.576324373483657837e-02,-1.966478116810321808e-02,-1.693809404969215393e-02,1.134656462818384171e-02,7.790837436914443970e-02,-5.903293844312429428e-03,1.954043060541152954e-01,1.030988693237304688e-01,8.008271455764770508e-03,1.515645384788513184e-01,-2.174199968576431274e-01,3.060274124145507812e-01,1.825089752674102783e-02,-4.559617042541503906e-01,0.000000000000000000e+00,-1.120119541883468628e-02,-4.312232434749603271e-01,1.662021726369857788e-01,-4.229812622070312500e-01,0.000000000000000000e+00
-2.328851917123304638e-01,-1.977861988304482899e-02,8.296447992324829102e-01,3.831561511886442256e-02,-6.920170287638953421e-02,-2.121534592874029651e-02,9.966408315206611856e-01,-2.783613502979278564e-01,1.247452870011329651e-01,-2.700701542198657990e-02,2.045437395572662354e-01,9.510383754968643188e-02,-2.224358730018138885e-02,-1.600916683673858643e-02,1.225209701806306839e-02,7.901961356401443481e-02,-6.505356635898351669e-03,1.951603293418884277e-01,1.031290069222450256e-01,8.114062249660491943e-03,1.502151787281036377e-01,-2.187188565731048584e-01,3.057355284690856934e-01,1.848209276795387268e-02,-4.568827748298645020e-01,0.000000000000000000e+00,-1.274543907493352890e-02,-4.322276711463928223e-01,1.660599261522293091e-01,-4.235711991786956787e-01,0.000000000000000000e+00
-2.331998188746132183e-01,-2.021559470747930076e-02,8.296825289726257324e-01,3.865683388398986203e-02,-6.967489666091174205e-02,-2.202120353292442642e-02,9.965772045177023752e-01,-2.762461602687835693e-01,1.254075467586517334e-01,-2.505500242114067078e-02,2.034794837236404419e-01,9.306319057941436768e-02,-2.220466360449790955e-02,-1.540658809244632721e-02,1.210209541022777557e-02,7.914289832115173340e-02,-6.397296208888292313e-03,1.957672834396362305e-01,1.024706512689590454e-01,8.113520219922065735e-03,1.503289788961410522e-01,-2.180537432432174683e-01,3.043624162673950195e-01,1.905137114226818085e-02,-4.567026197910308838e-01,0.000000000000000000e+00,-1.440717279911041260e-02,-4.320425987243652344e-01,1.658099442720413208e-01,-4.242012500762939453e-01,0.000000000000000000e+00
-2.333836141542622034e-01,-2.056135233114746164e-02,8.297781348228454590e-01,3.921038196443805968e-02,-6.996491458832264365e-02,-2.254634809420448874e-02,9.965235164613360785e-01,-2.752177417278289795e-01,1.253316551446914673e-01,-2.270178869366645813e-02,2.034279108047485352e-01,9.077670425176620483e-02,-2.240630052983760834e-02,-1.516830455511808395e-02,1.123573910444974899e-02,7.896184176206588745e-02,-6.426305510103702545e-03,1.949033588171005249e-01,1.023958995938301086e-01,7.637211587280035019e-03,1.506544351577758789e-01,-2.169399559497833252e-01,3.053322732448577881e-01,2.075451053678989410e-02,-4.571491181850433350e-01,0.000000000000000000e+00,-1.478495355695486069e-02,-4.327813684940338135e-01,1.650018841028213501e-01,-4.244360625743865967e-01,0.000000000000000000e+00
-2.335655212136200365e-01,-2.103376266303232101e-02,8.295548558235168457e-01,3.956715560085461575e-02,-7.026540055721526568e-02,-2.333615459774241244e-02,9.964700886483156550e-01,-2.744739949703216553e-01,1.259996891021728516e-01,-2.113252319395542145e-02,2.040793299674987793e-01,9.096214920282363892e-02,-2.399102784693241119e-02,-1.522122137248516083e-02,1.108847931027412415e-02,7.906015217304229736e-02,-5.604593548923730850e-03,1.959026753902435303e-01,1.021799743175506592e-01,6.726077292114496231e-03,1.497992873191833496e-01,-2.174072563648223877e-01,3.035801351070404053e-01,2.158043719828128815e-02,-4.575452804565429688e-01,0.000000000000000000e+00,-1.363235060125589371e-02,-4.339483380317687988e-01,1.643678992986679077e-01,-4.244615137577056885e-01,0.000000000000000000e+00
-2.337205874523088922e-01,-2.172047491356704496e-02,8.292726874351501465e-01,3.991977081599624999e-02,-7.078995967340270812e-02,-2.350048345723231361e-02,9.964150344031913464e-01,-2.735589146614074707e-01,1.266564577817916870e-01,-2.004921995103359222e-02,2.047712951898574829e-01,9.014154225587844849e-02,-2.547405287623405457e-02,-1.446279976516962051e-02,1.145124994218349457e-02,7.939567416906356812e-02,-5.109134130179882050e-03,1.952913999557495117e-01,1.015850305557250977e-01,4.694214090704917908e-03,1.482844054698944092e-01,-2.235735058784484863e-01,2.910340428352355957e-01,1.810951903462409973e-02,-4.571131467819213867e-01,0.000000000000000000e+00,-1.209870167076587677e-02,-4.316960275173187256e-01,1.673044562339782715e-01,-4.253752529621124268e-01,0.000000000000000000e+00
-2.337942007943983880e-01,-2.186050261028549269e-02,8.292112350463867188e-01,4.002001543984690102e-02,-7.096967055581378248e-02,-2.315369522523355247e-02,9.964063481445764037e-01,-2.736290693283081055e-01,1.266847997903823853e-01,-1.963342726230621338e-02,2.052491605281829834e-01,8.889167755842208862e-02,-2.511771023273468018e-02,-1.383661478757858276e-02,1.140789873898029327e-02,7.830707728862762451e-02,-5.422162823379039764e-03,1.953762769699096680e-01,1.012162566184997559e-01,6.165363360196352005e-03,1.477134376764297485e-01,-2.227569520473480225e-01,2.937409579753875732e-01,1.722533628344535828e-02,-4.555887579917907715e-01,0.000000000000000000e+00,-1.228638924658298492e-02,-4.332672357559204102e-01,1.675333231687545776e-01,-4.265353679656982422e-01,0.000000000000000000e+00
-2.337829531236993441e-01,-2.219425156116901221e-02,8.290011286735534668e-01,4.008565708484047863e-02,-7.115128172833001807e-02,-2.236865492841897188e-02,9.964086904885895990e-01,-2.749048173427581787e-01,1.269458681344985962e-01,-1.989775709807872772e-02,2.071781903505325317e-01,8.779904246330261230e-02,-2.572978101670742035e-02,-1.297080703079700470e-02,1.184422988444566727e-02,7.881894707679748535e-02,-5.752934142947196960e-03,1.951913982629776001e-01,1.015736013650894165e-01,6.677338387817144394e-03,1.460969597101211548e-01,-2.216231524944305420e-01,2.982976138591766357e-01,1.865212991833686829e-02,-4.548559486865997314e-01,0.000000000000000000e+00,-1.011821441352367401e-02,-4.361042678356170654e-01,1.662084609270095825e-01,-4.263815879821777344e-01,0.000000000000000000e+00
-2.339049079051525870e-01,-2.205653870618604073e-02,8.292515873908996582e-01,4.003742746995778840e-02,-7.106697421382446311e-02,-2.182187498378754253e-02,9.964287708360650697e-01,-2.764596045017242432e-01,1.262924224138259888e-01,-2.152322232723236084e-02,2.080684602260589600e-01,8.692595362663269043e-02,-2.013376913964748383e-02,-1.301682740449905396e-02,1.173017546534538269e-02,7.932202517986297607e-02,-6.212329026311635971e-03,1.945158839225769043e-01,1.009990796446800232e-01,1.042624842375516891e-02,1.477248221635818481e-01,-2.132985740900039673e-01,3.248430490493774414e-01,3.175262734293937683e-02,-4.553260207176208496e-01,0.000000000000000000e+00,-7.090662140399217606e-03,-4.450325369834899902e-01,1.577390879392623901e-01,-4.240182936191558838e-01,0.000000000000000000e+00
-2.338063533901370006e-01,-2.237939125348906155e-02,8.290573954582214355e-01,3.997769951300128577e-02,-7.110764400135333174e-02,-2.211891100709046515e-02,9.964217180903301996e-01,-2.769518494606018066e-01,1.264041066169738770e-01,-2.331655658781528473e-02,2.093619853258132935e-01,8.674116432666778564e-02,-1.880835741758346558e-02,-1.326079387217760086e-02,1.252567861229181290e-02,7.920752465724945068e-02,-5.354346707463264465e-03,1.935215145349502563e-01,9.973362833261489868e-02,1.050128042697906494e-02,1.475995630025863647e-01,-2.080578207969665527e-01,3.360188901424407959e-01,4.141015931963920593e-02,-4.580213427543640137e-01,0.000000000000000000e+00,-5.238022189587354660e-03,-4.475017488002777100e-01,1.528119891881942749e-01,-4.242864847183227539e-01,0.000000000000000000e+00
-2.337799760390174286e-01,-2.258994843480043035e-02,8.290682435035705566e-01,3.986926238126781152e-02,-7.117203861034036849e-02,-2.199394737182009882e-02,9.964242314979235848e-01,-2.776039838790893555e-01,1.269970238208770752e-01,-2.412534505128860474e-02,2.103498876094818115e-01,8.670771121978759766e-02,-1.770355924963951111e-02,-1.333312224596738815e-02,1.283384952694177628e-02,7.826396077871322632e-02,-4.788450431078672409e-03,1.931777745485305786e-01,9.923143684864044189e-02,1.071467064321041107e-02,1.471525430679321289e-01,-2.040990889072418213e-01,3.408726453781127930e-01,4.632684215903282166e-02,-4.612647593021392822e-01,0.000000000000000000e+00,-3.394145518541336060e-03,-4.478982090950012207e-01,1.505357772111892700e-01,-4.247079491615295410e-01,0.000000000000000000e+00
-2.336739905052603317e-01,-2.282929349167266142e-02,8.291381001472473145e-01,4.002406290656326110e-02,-7.131450416598993092e-02,-2.199675100226331295e-02,9.964077773830124496e-01,-2.773336768150329590e-01,1.265564560890197754e-01,-2.521860785782337189e-02,2.112065851688385010e-01,8.771470189094543457e-02,-1.772810891270637512e-02,-1.286175008863210678e-02,1.304570864886045456e-02,7.847630232572555542e-02,-4.747810773551464081e-03,1.932532340288162231e-01,9.769043326377868652e-02,1.063347794115543365e-02,1.478507816791534424e-01,-2.010579258203506470e-01,3.439380824565887451e-01,4.977331310510635376e-02,-4.643919765949249268e-01,0.000000000000000000e+00,-1.902029849588871002e-03,-4.477948844432830811e-01,1.497956216335296631e-01,-4.250644445419311523e-01,0.000000000000000000e+00
-2.335165517484699693e-01,-2.317242023460508449e-02,8.292714953422546387e-01,4.026361084418380448e-02,-7.140601311743795254e-02,-2.203866606304901582e-02,9.963906463484198950e-01,-2.765405178070068359e-01,1.264133900403976440e-01,-2.485226653516292572e-02,2.104138135910034180e-01,8.654569834470748901e-02,-1.577024906873703003e-02,-1.207031682133674622e-02,1.294794119894504547e-02,7.778565585613250732e-02,-5.256649572402238846e-03,1.933032423257827759e-01,9.692572057247161865e-02,1.025163941085338593e-02,1.493947803974151611e-01,-1.993768364191055298e-01,3.449417054653167725e-01,5.307892709970474243e-02,-4.676152765750885010e-01,0.000000000000000000e+00,-1.821696758270263672e-03,-4.454668164253234863e-01,1.499208658933639526e-01,-4.264315664768218994e-01,0.000000000000000000e+00
-2.332506134128994602e-01,-2.334183255318340866e-02,8.293347954750061035e-01,4.051240280855042397e-02,-7.149880727122501223e-02,-2.177639954457425212e-02,9.963796737189820618e-01,-2.757342159748077393e-01,1.258094012737274170e-01,-2.482421696186065674e-02,2.102580815553665161e-01,8.632094413042068481e-02,-1.562050264328718185e-02,-1.063169445842504501e-02,1.278404425829648972e-02,7.841440290212631226e-02,-6.423768587410449982e-03,1.933799833059310913e-01,9.548038989305496216e-02,1.017990987747907639e-02,1.504959166049957275e-01,-1.980849802494049072e-01,3.451703488826751709e-01,5.591462925076484680e-02,-4.700286090373992920e-01,0.000000000000000000e+00,-2.488109283149242401e-03,-4.434333443641662598e-01,1.493900120258331299e-01,-4.276262819766998291e-01,0.000000000000000000e+00
-2.329355840835445612e-01,-2.356980782936742014e-02,8.292874097824096680e-01,4.087646603035331033e-02,-7.138379628760745110e-02,-2.184430418379788852e-02,9.963715644914624692e-01,-2.753420472145080566e-01,1.253931522369384766e-01,-2.418010681867599487e-02,2.101766765117645264e-01,8.672335743904113770e-02,-1.667248271405696869e-02,-1.046254672110080719e-02,1.208506245166063309e-02,7.771960645914077759e-02,-6.507438607513904572e-03,1.947064101696014404e-01,9.432554244995117188e-02,9.849321097135543823e-03,1.524053514003753662e-01,-1.979082971811294556e-01,3.450430035591125488e-01,5.820124596357345581e-02,-4.719165861606597900e-01,0.000000000000000000e+00,-2.421700395643711090e-03,-4.435291290283203125e-01,1.494831442832946777e-01,-4.275816977024078369e-01,0.000000000000000000e+00
-2.325606851645453110e-01,-2.401884360965519938e-02,8.288404345512390137e-01,4.088165910524961533e-02,-7.152178612446856432e-02,-2.180156072840339770e-02,9.963623919077705393e-01,-2.747209072113037109e-01,1.264082640409469604e-01,-2.334717102348804474e-02,2.105187177658081055e-01,8.668698370456695557e-02,-2.044811658561229706e-02,-9.433233179152011871e-03,1.279072836041450500e-02,7.673394680023193359e-02,-6.582885514944791794e-03,1.952789127826690674e-01,9.474337846040725708e-02,7.102146744728088379e-03,1.502039283514022827e-01,-2.027953267097473145e-01,3.188077509403228760e-01,4.384312033653259277e-02,-4.721690416336059570e-01,0.000000000000000000e+00,-5.104748532176017761e-03,-4.357149899005889893e-01,1.576011627912521362e-01,-4.307214915752410889e-01,0.000000000000000000e+00
-2.321864228621672854e-01,-2.412226301256542582e-02,8.284434676170349121e-01,4.049181043031691019e-02,-7.145688292461731261e-02,-2.172028097746156461e-02,9.963847432418025951e-01,-2.745022475719451904e-01,1.277890205383300781e-01,-2.369314618408679962e-02,2.106929123401641846e-01,8.748829364776611328e-02,-2.346418611705303192e-02,-8.933360688388347626e-03,1.402821950614452362e-02,7.571388036012649536e-02,-6.783038377761840820e-03,1.955177187919616699e-01,9.217746555805206299e-02,7.663141004741191864e-03,1.512680500745773315e-01,-2.085600495338439941e-01,3.055039048194885254e-01,3.692766651511192322e-02,-4.704500734806060791e-01,0.000000000000000000e+00,-7.118556182831525803e-03,-4.350822269916534424e-01,1.605589538812637329e-01,-4.318878948688507080e-01,0.000000000000000000e+00
-2.319068391770481297e-01,-2.404152570801498801e-02,8.283535838127136230e-01,4.014470171899103823e-02,-7.138622860658597191e-02,-2.080567799473491408e-02,9.964233703865045255e-01,-2.754256129264831543e-01,1.278403401374816895e-01,-2.546937949955463409e-02,2.112592160701751709e-01,8.815433084964752197e-02,-2.488036826252937317e-02,-8.006573654711246490e-03,1.437880937010049820e-02,7.469224184751510620e-02,-7.741562556475400925e-03,1.951859891414642334e-01,9.046226739883422852e-02,9.687221609055995941e-03,1.521790772676467896e-01,-2.100725620985031128e-01,3.042325377464294434e-01,3.460446372628211975e-02,-4.678013622760772705e-01,0.000000000000000000e+00,-9.880501776933670044e-03,-4.368027150630950928e-01,1.607270091772079468e-01,-4.325058162212371826e-01,0.000000000000000000e+00
-2.317084823184675513e-01,-2.413999535479599556e-02,8.281669020652770996e-01,3.953243094986500644e-02,-7.114730991427163642e-02,-2.030454888735568758e-02,9.964752743995396456e-01,-2.766844034194946289e-01,1.294009536504745483e-01,-2.681545540690422058e-02,2.120056897401809692e-01,8.951432257890701294e-02,-2.626278437674045563e-02,-8.164794184267520905e-03,1.629908755421638489e-02,7.444964349269866943e-02,-7.788322400301694870e-03,1.943762153387069702e-01,8.991511911153793335e-02,1.070260070264339447e-02,1.513127535581588745e-01,-2.122818380594253540e-01,3.016887307167053223e-01,3.172250092029571533e-02,-4.660121500492095947e-01,0.000000000000000000e+00,-1.036954578012228012e-02,-4.378878474235534668e-01,1.591869145631790161e-01,-4.322723746299743652e-01,0.000000000000000000e+00
-2.313682652469967738e-01,-2.399427901769426996e-02,8.281615972518920898e-01,3.925527593714066982e-02,-7.123472909554193211e-02,-1.904857088104727758e-02,9.965047860543236879e-01,-2.777524888515472412e-01,1.286133527755737305e-01,-2.961770631372928619e-02,2.130654752254486084e-01,9.135318547487258911e-02,-2.710459381341934204e-02,-7.634447421878576279e-03,1.603499054908752441e-02,6.986466795206069946e-02,-7.087939884513616562e-03,1.947871595621109009e-01,8.943401277065277100e-02,1.195309031754732132e-02,1.509093344211578369e-01,-2.141003161668777466e-01,3.030333518981933594e-01,3.142090886831283569e-02,-4.648233056068420410e-01,0.000000000000000000e+00,-1.361658889800310135e-02,-4.373515844345092773e-01,1.585980355739593506e-01,-4.331868588924407959e-01,0.000000000000000000e+00
-2.311785420314075024e-01,-2.399014266650256744e-02,8.281782865524291992e-01,3.906166716813946893e-02,-7.120676600903383391e-02,-1.783256875283984605e-02,9.965368945123183053e-01,-2.786463797092437744e-01,1.280862390995025635e-01,-3.216443583369255066e-02,2.135635316371917725e-01,9.400769323110580444e-02,-2.854578197002410889e-02,-7.121141534298658371e-03,1.614831760525703430e-02,6.883529573678970337e-02,-7.337632123380899429e-03,1.945486962795257568e-01,8.921213448047637939e-02,1.188909355551004410e-02,1.491243094205856323e-01,-2.153451889753341675e-01,3.044723570346832275e-01,3.112929500639438629e-02,-4.639662504196166992e-01,0.000000000000000000e+00,-1.486084796488285065e-02,-4.375326633453369141e-01,1.577760130167007446e-01,-4.323603510856628418e-01,0.000000000000000000e+00
-2.309012991955526339e-01,-2.419530303473410582e-02,8.282495737075805664e-01,3.886178324455428351e-02,-7.124022333583471256e-02,-1.657378289269350116e-02,9.965640481688768926e-01,-2.780824601650238037e-01,1.266979277133941650e-01,-3.953920304775238037e-02,2.133421152830123901e-01,9.691761434078216553e-02,-2.836056426167488098e-02,-5.862301215529441833e-03,1.673113740980625153e-02,6.516252458095550537e-02,-8.340113796293735504e-03,1.952230632305145264e-01,8.851315826177597046e-02,1.188043970614671707e-02,1.481613963842391968e-01,-2.153932452201843262e-01,3.072698116302490234e-01,3.030890598893165588e-02,-4.639165103435516357e-01,0.000000000000000000e+00,-1.403445005416870117e-02,-4.370316267013549805e-01,1.578158140182495117e-01,-4.305836558341979980e-01,0.000000000000000000e+00
-2.306540882715941709e-01,-2.430738419314584786e-02,8.283830285072326660e-01,3.879164348806737883e-02,-7.105702077379619230e-02,-1.513578662234809150e-02,9.966027373821374491e-01,-2.782118022441864014e-01,1.257238984107971191e-01,-4.404759407043457031e-02,2.127677053213119507e-01,9.961095452308654785e-02,-2.898110635578632355e-02,-5.347264930605888367e-03,1.651750877499580383e-02,6.233783438801765442e-02,-9.073621593415737152e-03,1.961466968059539795e-01,8.835464715957641602e-02,1.178821362555027008e-02,1.479057371616363525e-01,-2.160973995923995972e-01,3.091151416301727295e-01,3.024626709520816803e-02,-4.643367528915405273e-01,0.000000000000000000e+00,-1.366300135850906372e-02,-4.365688562393188477e-01,1.580824553966522217e-01,-4.299916326999664307e-01,0.000000000000000000e+00
-2.304601014647199020e-01,-2.465238563924701531e-02,8.285633921623229980e-01,3.910555532485724545e-02,-7.076900276036536541e-02,-1.379054494513000904e-02,9.966304855166504550e-01,-2.780394256114959717e-01,1.242778152227401733e-01,-4.649334028363227844e-02,2.108398824930191040e-01,1.007372289896011353e-01,-2.981273457407951355e-02,-5.253259092569351196e-03,1.574410870671272278e-02,6.109784170985221863e-02,-9.364372119307518005e-03,1.964963674545288086e-01,8.889435231685638428e-02,1.095312647521495819e-02,1.486508101224899292e-01,-2.163023948669433594e-01,3.111545145511627197e-01,3.019978664815425873e-02,-4.645395576953887939e-01,0.000000000000000000e+00,-1.403199695050716400e-02,-4.352459609508514404e-01,1.592677682638168335e-01,-4.305933415889739990e-01,0.000000000000000000e+00
-2.303316006038447494e-01,-2.479337817560042789e-02,8.288422226905822754e-01,3.942208663971388111e-02,-7.032302621979226454e-02,-1.313869752701850302e-02,9.966583896679719334e-01,-2.779945135116577148e-01,1.234384626150131226e-01,-4.668696597218513489e-02,2.091734409332275391e-01,1.009270474314689636e-01,-3.148604556918144226e-02,-6.027647294104099274e-03,1.513856835663318634e-02,5.941652134060859680e-02,-9.795998223125934601e-03,1.956466138362884521e-01,8.906942605972290039e-02,1.021256204694509506e-02,1.500066518783569336e-01,-2.156701385974884033e-01,3.127160072326660156e-01,2.914693206548690796e-02,-4.646764695644378662e-01,0.000000000000000000e+00,-1.380197890102863312e-02,-4.352985024452209473e-01,1.603993475437164307e-01,-4.309542179107666016e-01,0.000000000000000000e+00
-2.300522012708102193e-01,-2.509122332094577967e-02,8.289015293121337891e-01,3.970871634935385641e-02,-7.018815515631122992e-02,-1.239747672827016742e-02,9.966660139145973041e-01,-2.776823043823242188e-01,1.226983070373535156e-01,-4.722010344266891479e-02,2.083153873682022095e-01,1.021593064069747925e-01,-3.330530598759651184e-02,-6.015764083713293076e-03,1.443081721663475037e-02,5.780316889286041260e-02,-9.441902860999107361e-03,1.962548345327377319e-01,8.883988112211227417e-02,9.618030861020088196e-03,1.520060747861862183e-01,-2.164935618638992310e-01,3.124667406082153320e-01,2.830813638865947723e-02,-4.652193188667297363e-01,0.000000000000000000e+00,-1.571498438715934753e-02,-4.349704682826995850e-01,1.628240793943405151e-01,-4.324964582920074463e-01,0.000000000000000000e+00
-2.298693890002580786e-01,-2.534009000302274439e-02,8.289687633514404297e-01,3.994848539075039617e-02,-6.989802083407001265e-02,-1.160044689976512389e-02,9.966864175006052706e-01,-2.782532274723052979e-01,1.220516413450241089e-01,-4.831428453326225281e-02,2.078289687633514404e-01,1.034392565488815308e-01,-3.495908901095390320e-02,-6.033771205693483353e-03,1.414717826992273331e-02,5.578345432877540588e-02,-9.915467351675033569e-03,1.957271993160247803e-01,8.803378790616989136e-02,9.037407115101814270e-03,1.537599116563796997e-01,-2.178789526224136353e-01,3.106820881366729736e-01,2.859995514154434204e-02,-4.651544988155364990e-01,0.000000000000000000e+00,-1.689850725233554840e-02,-4.358315467834472656e-01,1.649960875511169434e-01,-4.331451654434204102e-01,0.000000000000000000e+00
-2.297008748238004439e-01,-2.556995839443497454e-02,8.288918733596801758e-01,4.023319671935530334e-02,-6.976055776777709272e-02,-1.054256525288961230e-02,9.966963473292952402e-01,-2.789705395698547363e-01,1.212641745805740356e-01,-4.890660569071769714e-02,2.075840979814529419e-01,1.033759564161300659e-01,-3.652052953839302063e-02,-6.046243011951446533e-03,1.312833838164806366e-02,5.373073369264602661e-02,-9.824663400650024414e-03,1.967257857322692871e-01,8.603309839963912964e-02,8.985785767436027527e-03,1.542461663484573364e-01,-2.193856537342071533e-01,3.098170459270477295e-01,2.915346436202526093e-02,-4.648908078670501709e-01,0.000000000000000000e+00,-1.863489300012588501e-02,-4.372254014015197754e-01,1.664018183946609497e-01,-4.336576461791992188e-01,0.000000000000000000e+00
-2.296334973481523045e-01,-2.574448470140414114e-02,8.288501501083374023e-01,4.024876296369326450e-02,-6.946584800166205609e-02,-9.347992831937594616e-03,9.967282217692627899e-01,-2.805061340332031250e-01,1.207820400595664978e-01,-5.036547407507896423e-02,2.076259404420852661e-01,1.036685109138488770e-01,-3.730514645576477051e-02,-6.143285892903804779e-03,1.325913146138191223e-02,5.086085200309753418e-02,-1.069037243723869324e-02,1.954445987939834595e-01,8.535395562648773193e-02,9.106021374464035034e-03,1.543108075857162476e-01,-2.198751866817474365e-01,3.092872798442840576e-01,2.814515680074691772e-02,-4.641463756561279297e-01,0.000000000000000000e+00,-2.036505378782749176e-02,-4.392993450164794922e-01,1.677390486001968384e-01,-4.341563284397125244e-01,0.000000000000000000e+00
-2.294480525715981711e-01,-2.594124702917111058e-02,8.287411332130432129e-01,4.019155049493607773e-02,-6.922257465171413604e-02,-8.107550440059351632e-03,9.967583167715545756e-01,-2.816151082515716553e-01,1.201913729310035706e-01,-5.275322124361991882e-02,2.078148573637008667e-01,1.044675558805465698e-01,-3.880265727639198303e-02,-6.457872223109006882e-03,1.354610081762075424e-02,4.823867976665496826e-02,-1.012722868472337723e-02,1.958044320344924927e-01,8.457760512828826904e-02,9.761423803865909576e-03,1.544392108917236328e-01,-2.195969521999359131e-01,3.069263994693756104e-01,2.672630175948143005e-02,-4.627768993377685547e-01,0.000000000000000000e+00,-2.207104861736297607e-02,-4.412306845188140869e-01,1.714563965797424316e-01,-4.355856478214263916e-01,0.000000000000000000e+00
-2.293611760931084931e-01,-2.599687548405900384e-02,8.287285566329956055e-01,3.994716856645726122e-02,-6.920347647510506628e-02,-6.645305100456822336e-03,9.967802879709272146e-01,-2.824764847755432129e-01,1.199085414409637451e-01,-5.601138249039649963e-02,2.079617828130722046e-01,1.042474582791328430e-01,-3.973337635397911072e-02,-5.907711572945117950e-03,1.389235071837902069e-02,4.646373540163040161e-02,-1.045908033847808838e-02,1.952677518129348755e-01,8.385019749402999878e-02,1.113311201333999634e-02,1.527821123600006104e-01,-2.195303589105606079e-01,3.080112934112548828e-01,2.603539265692234039e-02,-4.626317024230957031e-01,0.000000000000000000e+00,-2.443604171276092529e-02,-4.410222172737121582e-01,1.689679622650146484e-01,-4.361047148704528809e-01,0.000000000000000000e+00
-2.294647572627329657e-01,-2.627921277415479206e-02,8.286299705505371094e-01,3.957425327542031523e-02,-6.925323014064806160e-02,-4.906732918823280068e-03,9.968017819831798132e-01,-2.840411067008972168e-01,1.200218573212623596e-01,-5.854930728673934937e-02,2.082597762346267700e-01,1.055447161197662354e-01,-4.172381386160850525e-02,-5.664425902068614960e-03,1.467315666377544403e-02,4.420597851276397705e-02,-1.064381934702396393e-02,1.948920190334320068e-01,8.462965488433837891e-02,1.246525812894105911e-02,1.523023694753646851e-01,-2.190274298191070557e-01,3.099477589130401611e-01,2.452761679887771606e-02,-4.623606503009796143e-01,0.000000000000000000e+00,-2.471655607223510742e-02,-4.402031302452087402e-01,1.675019711256027222e-01,-4.352364540100097656e-01,0.000000000000000000e+00
-2.295038925929117901e-01,-2.658168686560956340e-02,8.285921216011047363e-01,3.950346413572886073e-02,-6.912508663868571768e-02,-3.433520342620376316e-03,9.968196475072751417e-01,-2.853970825672149658e-01,1.197675764560699463e-01,-6.058277189731597900e-02,2.081896960735321045e-01,1.067037358880043030e-01,-4.285444691777229309e-02,-6.014650687575340271e-03,1.487429067492485046e-02,4.242269694805145264e-02,-1.039603911340236664e-02,1.940854340791702271e-01,8.515322208404541016e-02,1.296968292444944382e-02,1.527007818222045898e-01,-2.189539223909378052e-01,3.112036585807800293e-01,2.400532178580760956e-02,-4.625854492187500000e-01,0.000000000000000000e+00,-2.356492727994918823e-02,-4.395519196987152100e-01,1.677400916814804077e-01,-4.341334402561187744e-01,0.000000000000000000e+00
-2.295447539880806631e-01,-2.697097285815994172e-02,8.287164568901062012e-01,3.955618891950907212e-02,-6.892875054587689621e-02,-2.155341868170387865e-03,9.968347354340034716e-01,-2.865587770938873291e-01,1.196891292929649353e-01,-6.066974624991416931e-02,2.074763178825378418e-01,1.071795970201492310e-01,-4.475945234298706055e-02,-6.766189821064472198e-03,1.526726037263870239e-02,3.897779062390327454e-02,-9.883708320558071136e-03,1.935291588306427002e-01,8.579935878515243530e-02,1.345679443329572678e-02,1.543525308370590210e-01,-2.180596888065338135e-01,3.086540400981903076e-01,2.507481165230274200e-02,-4.618673026561737061e-01,0.000000000000000000e+00,-2.213467843830585480e-02,-4.408300220966339111e-01,1.721760630607604980e-01,-4.361884891986846924e-01,0.000000000000000000e+00
-2.296739180726041218e-01,-2.730297936586500995e-02,8.288466334342956543e-01,3.979804270991166987e-02,-6.928742921277980527e-02,-2.079380946991418039e-03,9.968004033528585772e-01,-2.845097780227661133e-01,1.180858388543128967e-01,-6.688475608825683594e-02,2.060908079147338867e-01,1.048446148633956909e-01,-4.327455908060073853e-02,-6.372666917741298676e-03,1.495402306318283081e-02,3.887558728456497192e-02,-9.155565872788429260e-03,1.928264647722244263e-01,8.488392829895019531e-02,1.370781473815441132e-02,1.560031473636627197e-01,-2.178619652986526489e-01,3.090295195579528809e-01,2.566866576671600342e-02,-4.618392884731292725e-01,0.000000000000000000e+00,-2.222306467592716217e-02,-4.376561045646667480e-01,1.714171469211578369e-01,-4.357689917087554932e-01,0.000000000000000000e+00
-2.297247283017270492e-01,-2.764744914652855767e-02,8.289131522178649902e-01,3.999411505651166709e-02,-6.942496092817584952e-02,-7.567594985555989003e-04,9.967848679008070034e-01,-2.850720286369323730e-01,1.176158711314201355e-01,-6.773877888917922974e-02,2.061979472637176514e-01,1.050083786249160767e-01,-4.341759532690048218e-02,-6.347889546304941177e-03,1.471255626529455185e-02,3.800519928336143494e-02,-8.504299446940422058e-03,1.924260854721069336e-01,8.591733872890472412e-02,1.362408977001905441e-02,1.569163799285888672e-01,-2.190525978803634644e-01,3.096827864646911621e-01,2.620019949972629547e-02,-4.629938006401062012e-01,0.000000000000000000e+00,-2.161329053342342377e-02,-4.364773035049438477e-01,1.728307902812957764e-01,-4.353808462619781494e-01,0.000000000000000000e+00
-2.298093653983734885e-01,-2.805080182001459810e-02,8.289386630058288574e-01,4.005774347644001226e-02,-6.944683779506836963e-02,2.328002194199995856e-05,9.967810759469111215e-01,-2.854093611240386963e-01,1.174542233347892761e-01,-6.887128949165344238e-02,2.060723453760147095e-01,1.070224419236183167e-01,-4.433664679527282715e-02,-6.443973630666732788e-03,1.485527586191892624e-02,3.576470538973808289e-02,-8.224281482398509979e-03,1.917486786842346191e-01,8.536301553249359131e-02,1.397241931408643723e-02,1.582607030868530273e-01,-2.195650488138198853e-01,3.080317676067352295e-01,2.722968161106109619e-02,-4.625931084156036377e-01,0.000000000000000000e+00,-2.030634135007858276e-02,-4.345919191837310791e-01,1.738732755184173584e-01,-4.350220859050750732e-01,0.000000000000000000e+00
-2.298814569912193129e-01,-2.840486880985919338e-02,8.289567828178405762e-01,4.006381538337700637e-02,-6.946724235172624384e-02,5.593446221795915149e-04,9.967792534310527808e-01,-2.852962911128997803e-01,1.175652295351028442e-01,-7.070922106504440308e-02,2.053444683551788330e-01,1.069482192397117615e-01,-4.441796615719795227e-02,-6.577878259122371674e-03,1.537210959941148758e-02,3.406852856278419495e-02,-7.724577095359563828e-03,1.915243119001388550e-01,8.395411819219589233e-02,1.393190119415521622e-02,1.592575311660766602e-01,-2.206424623727798462e-01,3.084052503108978271e-01,2.802503667771816254e-02,-4.632589519023895264e-01,0.000000000000000000e+00,-2.063366398215293884e-02,-4.361732006072998047e-01,1.746092587709426880e-01,-4.353090822696685791e-01,0.000000000000000000e+00
-2.298934972141997157e-01,-2.906100182637957885e-02,8.289054632186889648e-01,4.025090479508477981e-02,-6.965253777743982133e-02,1.760045993871939621e-03,9.967573881754973053e-01,-2.855758368968963623e-01,1.174760311841964722e-01,-7.170303165912628174e-02,2.049848288297653198e-01,1.067866384983062744e-01,-4.509110376238822937e-02,-6.358688697218894958e-03,1.576257310807704926e-02,3.293292969465255737e-02,-7.459633052349090576e-03,1.906303912401199341e-01,8.562640845775604248e-02,1.311800163239240646e-02,1.606728434562683105e-01,-2.206672877073287964e-01,3.009603023529052734e-01,3.093391098082065582e-02,-4.623162150382995605e-01,0.000000000000000000e+00,-1.987624913454055786e-02,-4.367858171463012695e-01,1.753126233816146851e-01,-4.354747235774993896e-01,0.000000000000000000e+00
-2.300228342212370936e-01,-2.935684928064366539e-02,8.288803696632385254e-01,4.038896713701924102e-02,-6.988133157441669963e-02,2.436539329070313252e-03,9.967343648671340706e-01,-2.855729162693023682e-01,1.177544370293617249e-01,-7.150208204984664917e-02,2.051291018724441528e-01,1.065009236335754395e-01,-4.479065164923667908e-02,-5.895754788070917130e-03,1.571147143840789795e-02,3.157413750886917114e-02,-7.549771573394536972e-03,1.892983913421630859e-01,8.706756681203842163e-02,1.350600738078355789e-02,1.609630584716796875e-01,-2.210830003023147583e-01,2.977488636970520020e-01,3.273278102278709412e-02,-4.613423645496368408e-01,0.000000000000000000e+00,-2.068537287414073944e-02,-4.369822442531585693e-01,1.743142455816268921e-01,-4.359926879405975342e-01,0.000000000000000000e+00
-2.300638887325050230e-01,-2.976388227259810226e-02,8.288051486015319824e-01,4.064041742468837981e-02,-7.003568450659934663e-02,2.988324401307665152e-03,9.967118085407195016e-01,-2.857260704040527344e-01,1.180529147386550903e-01,-6.975135207176208496e-02,2.048947513103485107e-01,1.061233803629875183e-01,-4.577410593628883362e-02,-5.648646503686904907e-03,1.546887401491403580e-02,3.009739145636558533e-02,-6.945708766579627991e-03,1.906469762325286865e-01,8.628948777914047241e-02,1.315456163138151169e-02,1.615601330995559692e-01,-2.213705927133560181e-01,2.971176505088806152e-01,3.412747010588645935e-02,-4.612527787685394287e-01,0.000000000000000000e+00,-2.098687365651130676e-02,-4.383428990840911865e-01,1.728604733943939209e-01,-4.360678493976593018e-01,0.000000000000000000e+00
-2.301572480322733316e-01,-3.026304243737140687e-02,8.288416862487792969e-01,4.095734554299240715e-02,-7.030751667312533371e-02,3.336752822317283831e-03,9.966785916362069786e-01,-2.852643430233001709e-01,1.177836284041404724e-01,-6.949333846569061279e-02,2.047863006591796875e-01,1.055105626583099365e-01,-4.486380144953727722e-02,-4.934084601700305939e-03,1.543323509395122528e-02,2.995795942842960358e-02,-7.624400779604911804e-03,1.908014714717864990e-01,8.664119243621826172e-02,1.267076004296541214e-02,1.623593270778656006e-01,-2.222300916910171509e-01,2.961580157279968262e-01,3.531936928629875183e-02,-4.613618552684783936e-01,0.000000000000000000e+00,-2.206744812428951263e-02,-4.393428862094879150e-01,1.731327325105667114e-01,-4.366713464260101318e-01,0.000000000000000000e+00
-2.302293105279122065e-01,-3.067537825654968742e-02,8.289445042610168457e-01,4.130245694008734952e-02,-7.042704364126130268e-02,3.156839536812343534e-03,9.966564969631226401e-01,-2.843720316886901855e-01,1.175303161144256592e-01,-7.014467567205429077e-02,2.040814608335494995e-01,1.029268801212310791e-01,-4.394455254077911377e-02,-4.488724283874034882e-03,1.526805013418197632e-02,2.933871746063232422e-02,-8.007834665477275848e-03,1.914902776479721069e-01,8.640546351671218872e-02,1.247287727892398834e-02,1.628574430942535400e-01,-2.211657464504241943e-01,2.978712320327758789e-01,3.577720373868942261e-02,-4.610038101673126221e-01,0.000000000000000000e+00,-2.401484735310077667e-02,-4.412949383258819580e-01,1.708691865205764771e-01,-4.367432296276092529e-01,0.000000000000000000e+00
-2.302335828378689886e-01,-3.101436618175512638e-02,8.290519714355468750e-01,4.151672684376096073e-02,-7.049052530895882906e-02,2.926906463753038094e-03,9.966438082145497868e-01,-2.846436202526092529e-01,1.185823604464530945e-01,-6.637538224458694458e-02,2.043984383344650269e-01,1.017976552248001099e-01,-4.354407638311386108e-02,-4.557415843009948730e-03,1.508693490177392960e-02,2.612187340855598450e-02,-7.499700877815485001e-03,1.921346187591552734e-01,8.518750220537185669e-02,1.225823815912008286e-02,1.645288467407226562e-01,-2.213462144136428833e-01,2.974784374237060547e-01,3.744903579354286194e-02,-4.608836174011230469e-01,0.000000000000000000e+00,-2.520537748932838440e-02,-4.428990185260772705e-01,1.715501546859741211e-01,-4.370956718921661377e-01,0.000000000000000000e+00
-2.301869884925045184e-01,-3.144413511856908316e-02,8.290292620658874512e-01,4.198572144778044829e-02,-7.060651287428311440e-02,2.224043167092877062e-03,9.966177668325174599e-01,-2.827319204807281494e-01,1.174324303865432739e-01,-6.994520127773284912e-02,2.039278596639633179e-01,9.946503490209579468e-02,-4.111240431666374207e-02,-3.910237923264503479e-03,1.481611467897891998e-02,2.794270776212215424e-02,-8.147249929606914520e-03,1.916249394416809082e-01,8.546900004148483276e-02,1.182029210031032562e-02,1.667685061693191528e-01,-2.217238247394561768e-01,2.969603538513183594e-01,3.779106214642524719e-02,-4.609958529472351074e-01,0.000000000000000000e+00,-2.592614106833934784e-02,-4.441043436527252197e-01,1.736859679222106934e-01,-4.377315938472747803e-01,0.000000000000000000e+00
-2.302350564179232728e-01,-3.164949033463761163e-02,8.286838531494140625e-01,4.224831957010630190e-02,-7.051304850541062486e-02,2.549484337864566484e-03,9.966125072532386886e-01,-2.842138707637786865e-01,1.183499321341514587e-01,-6.463564932346343994e-02,2.047762274742126465e-01,9.838771820068359375e-02,-4.150514677166938782e-02,-4.319465253502130508e-03,1.455324515700340271e-02,2.662908099591732025e-02,-7.899512536823749542e-03,1.930097341537475586e-01,8.647825568914413452e-02,1.219382416456937790e-02,1.665287464857101440e-01,-2.225911319255828857e-01,2.974590659141540527e-01,3.617887943983078003e-02,-4.613673985004425049e-01,0.000000000000000000e+00,-2.942290902137756348e-02,-4.533055126667022705e-01,1.761803030967712402e-01,-4.404721856117248535e-01,0.000000000000000000e+00
-2.303165756505888839e-01,-3.184073181262626895e-02,8.287059664726257324e-01,4.249859357768640683e-02,-7.042908474496988036e-02,2.070666009314718354e-03,9.966089132193141076e-01,-2.841133475303649902e-01,1.184220686554908752e-01,-6.339925527572631836e-02,2.049220353364944458e-01,9.683132916688919067e-02,-4.056280478835105896e-02,-4.427219275385141373e-03,1.431125309318304062e-02,2.895784936845302582e-02,-8.517359383404254913e-03,1.924874037504196167e-01,8.797661960124969482e-02,1.227335911244153976e-02,1.659021079540252686e-01,-2.220644354820251465e-01,2.963226437568664551e-01,3.635276854038238525e-02,-4.607210159301757812e-01,0.000000000000000000e+00,-3.033827245235443115e-02,-4.576396346092224121e-01,1.768534481525421143e-01,-4.414622783660888672e-01,0.000000000000000000e+00
-2.302020557837956560e-01,-3.177733917973731004e-02,8.286500573158264160e-01,4.265483146014496796e-02,-7.026174787490210849e-02,9.821551977502746694e-04,9.966157170694418532e-01,-2.831646502017974854e-01,1.177868172526359558e-01,-6.583514064550399780e-02,2.054049074649810791e-01,9.631814807653427124e-02,-4.018113762140274048e-02,-4.527727607637643814e-03,1.405242923647165298e-02,3.074854239821434021e-02,-8.835999295115470886e-03,1.927144974470138550e-01,8.689644187688827515e-02,1.309162378311157227e-02,1.652515828609466553e-01,-2.228671461343765259e-01,3.023014068603515625e-01,3.130425512790679932e-02,-4.623683393001556396e-01,0.000000000000000000e+00,-3.107759729027748108e-02,-4.604016542434692383e-01,1.791513413190841675e-01,-4.430525004863739014e-01,0.000000000000000000e+00
-2.301695329906033316e-01,-3.201611305074777980e-02,8.288777470588684082e-01,4.263720266501708211e-02,-7.024803960455190677e-02,4.644315333530105866e-04,9.966178134992221826e-01,-2.835640311241149902e-01,1.180623918771743774e-01,-6.542753428220748901e-02,2.058043777942657471e-01,9.547504037618637085e-02,-3.832692280411720276e-02,-4.669836722314357758e-03,1.454560179263353348e-02,3.040286153554916382e-02,-8.771278895437717438e-03,1.940182447433471680e-01,8.628046512603759766e-02,1.249492261558771133e-02,1.636129021644592285e-01,-2.212134450674057007e-01,2.967521250247955322e-01,3.379637375473976135e-02,-4.615744054317474365e-01,0.000000000000000000e+00,-2.719167247414588928e-02,-4.497538208961486816e-01,1.754986047744750977e-01,-4.411640763282775879e-01,0.000000000000000000e+00
-2.301479487508687471e-01,-3.214466771359344999e-02,8.289254903793334961e-01,4.277832418615749172e-02,-7.037292713809788214e-02,2.219432983431015791e-04,9.966030387506413790e-01,-2.826950848102569580e-01,1.181822046637535095e-01,-6.611812114715576172e-02,2.063367813825607300e-01,9.429582953453063965e-02,-3.774138540029525757e-02,-3.758179023861885071e-03,1.464494783431291580e-02,3.225054219365119934e-02,-9.775180369615554810e-03,1.929607987403869629e-01,8.602668344974517822e-02,1.214954536408185959e-02,1.614943444728851318e-01,-2.228081673383712769e-01,3.007961511611938477e-01,3.206029534339904785e-02,-4.629797935485839844e-01,0.000000000000000000e+00,-2.618308551609516144e-02,-4.458874166011810303e-01,1.736909002065658569e-01,-4.399347305297851562e-01,0.000000000000000000e+00
-2.300362645395262473e-01,-3.257351472699623884e-02,8.289151787757873535e-01,4.323080713423312071e-02,-7.046530818254748141e-02,-4.386373735689392053e-04,9.965769138679241301e-01,-2.817972004413604736e-01,1.179729029536247253e-01,-6.525796651840209961e-02,2.062581777572631836e-01,9.170027077198028564e-02,-3.605379164218902588e-02,-3.620513482019305229e-03,1.423287019133567810e-02,3.256414085626602173e-02,-9.496039710938930511e-03,1.935260593891143799e-01,8.586522936820983887e-02,1.010468881577253342e-02,1.617230921983718872e-01,-2.237033247947692871e-01,2.975594103336334229e-01,3.446584194898605347e-02,-4.628939926624298096e-01,0.000000000000000000e+00,-2.532025426626205444e-02,-4.437757432460784912e-01,1.722628027200698853e-01,-4.391302168369293213e-01,0.000000000000000000e+00
-2.299495702437738542e-01,-3.267241871591322622e-02,8.289175629615783691e-01,4.340799197118385550e-02,-7.037233920067850756e-02,-7.527748026337167594e-04,9.965755934391283821e-01,-2.819552421569824219e-01,1.183643192052841187e-01,-6.254415214061737061e-02,2.064419984817504883e-01,8.970641344785690308e-02,-3.601719439029693604e-02,-3.859512740746140480e-03,1.395256631076335907e-02,3.153921663761138916e-02,-9.510372765362262726e-03,1.945699751377105713e-01,8.552671223878860474e-02,9.845070540904998779e-03,1.598691195249557495e-01,-2.247765213251113892e-01,2.990292012691497803e-01,3.402917832136154175e-02,-4.634250402450561523e-01,0.000000000000000000e+00,-2.408497035503387451e-02,-4.395038187503814697e-01,1.699118167161941528e-01,-4.381021261215209961e-01,0.000000000000000000e+00
-2.298729425930991221e-01,-3.289503361763979061e-02,8.289619088172912598e-01,4.361151017452875867e-02,-7.045870909279322580e-02,-1.279467815549448564e-03,9.965600681621671342e-01,-2.808415591716766357e-01,1.182355508208274841e-01,-6.278654932975769043e-02,2.062325477600097656e-01,8.830357342958450317e-02,-3.405722975730895996e-02,-3.026221180334687233e-03,1.422466244548559189e-02,3.489362448453903198e-02,-1.041911076754331589e-02,1.931221187114715576e-01,8.677323162555694580e-02,9.198721498250961304e-03,1.585532277822494507e-01,-2.261892855167388916e-01,3.059217929840087891e-01,3.176044300198554993e-02,-4.646077156066894531e-01,0.000000000000000000e+00,-2.384159713983535767e-02,-4.385874569416046143e-01,1.688724607229232788e-01,-4.376144707202911377e-01,0.000000000000000000e+00
-2.297003945917176493e-01,-3.319131583885789882e-02,8.288720846176147461e-01,4.398503499027921898e-02,-7.050126474479048722e-02,-1.582637517593334098e-03,9.965402067276447617e-01,-2.810367941856384277e-01,1.190792992711067200e-01,-5.730876326560974121e-02,2.064930498600006104e-01,8.670361340045928955e-02,-3.584783896803855896e-02,-2.962819533422589302e-03,1.376498583704233170e-02,3.441838920116424561e-02,-9.890491142868995667e-03,1.932172477245330811e-01,8.693096041679382324e-02,7.417691405862569809e-03,1.581064164638519287e-01,-2.274783402681350708e-01,3.001759648323059082e-01,3.383971005678176880e-02,-4.641111791133880615e-01,0.000000000000000000e+00,-2.447778545320034027e-02,-4.430188834667205811e-01,1.713597625494003296e-01,-4.399085342884063721e-01,0.000000000000000000e+00
-2.295653237833599758e-01,-3.305840944228509437e-02,8.288155198097229004e-01,4.412317031829555980e-02,-7.049955739782072517e-02,-2.398921690771581468e-03,9.965325902460470120e-01,-2.799842655658721924e-01,1.188532114028930664e-01,-5.669652298092842102e-02,2.065624892711639404e-01,8.542902767658233643e-02,-3.466284647583961487e-02,-2.477710833773016930e-03,1.358450576663017273e-02,3.625813499093055725e-02,-1.039336062967777252e-02,1.933154165744781494e-01,8.646606653928756714e-02,7.844951935112476349e-03,1.569623053073883057e-01,-2.287004292011260986e-01,3.008406460285186768e-01,3.285994753241539001e-02,-4.645484685897827148e-01,0.000000000000000000e+00,-2.521926723420619965e-02,-4.436899721622467041e-01,1.719445437192916870e-01,-4.418065845966339111e-01,0.000000000000000000e+00
-2.294215697173045410e-01,-3.303775448154824823e-02,8.288763165473937988e-01,4.424432379389740821e-02,-7.057481105678826971e-02,-2.909706475197332623e-03,9.965205313813397803e-01,-2.789257168769836426e-01,1.186209246516227722e-01,-5.708486959338188171e-02,2.066004723310470581e-01,8.404225856065750122e-02,-3.373595699667930603e-02,-1.781445113010704517e-03,1.323857903480529785e-02,3.979603946208953857e-02,-1.183738652616739273e-02,1.915284693241119385e-01,8.567421138286590576e-02,7.676794193685054779e-03,1.551220417022705078e-01,-2.289980351924896240e-01,3.028014004230499268e-01,3.199825063347816467e-02,-4.647316932678222656e-01,0.000000000000000000e+00,-2.735244296491146088e-02,-4.460770487785339355e-01,1.719422936439514160e-01,-4.442290067672729492e-01,0.000000000000000000e+00
-2.292905181197461839e-01,-3.298110278216320745e-02,8.288563489913940430e-01,4.416105748943512793e-02,-7.052410867008006290e-02,-3.213116837912018652e-03,9.965268822153728889e-01,-2.795999348163604736e-01,1.193003132939338684e-01,-5.386811494827270508e-02,2.072670608758926392e-01,8.278608322143554688e-02,-3.431772813200950623e-02,-1.966864336282014847e-03,1.352710276842117310e-02,3.832935169339179993e-02,-1.070752087980508804e-02,1.931595653295516968e-01,8.767037093639373779e-02,7.494643330574035645e-03,1.527904421091079712e-01,-2.283993810415267944e-01,3.014708459377288818e-01,3.191189095377922058e-02,-4.648571908473968506e-01,0.000000000000000000e+00,-2.971222065389156342e-02,-4.448744654655456543e-01,1.684014648199081421e-01,-4.448845684528350830e-01,0.000000000000000000e+00
-2.291538450796400672e-01,-3.302256802384134771e-02,8.288072347640991211e-01,4.419549320709006968e-02,-7.028487367229442617e-02,-3.590595225262518952e-03,9.965409688211419592e-01,-2.795298099517822266e-01,1.195452213287353516e-01,-5.301273241639137268e-02,2.070652842521667480e-01,8.299808949232101440e-02,-3.365673497319221497e-02,-2.327701076865196228e-03,1.344674546271562576e-02,3.951131179928779602e-02,-1.160746160894632339e-02,1.913097947835922241e-01,8.364085108041763306e-02,7.138406857848167419e-03,1.525756865739822388e-01,-2.277624458074569702e-01,2.977777719497680664e-01,3.259172663092613220e-02,-4.641696810722351074e-01,0.000000000000000000e+00,-2.905255556106567383e-02,-4.476840794086456299e-01,1.722057014703750610e-01,-4.454186558723449707e-01,0.000000000000000000e+00
-2.289732692983781348e-01,-3.273675108448653726e-02,8.287725448608398438e-01,4.409220598467061131e-02,-7.007981443680036393e-02,-3.974363305826369291e-03,9.965585288462601721e-01,-2.796753942966461182e-01,1.198893040418624878e-01,-5.133587494492530823e-02,2.071744352579116821e-01,8.326277136802673340e-02,-3.408970683813095093e-02,-2.616474637761712074e-03,1.398583222180604935e-02,3.856218606233596802e-02,-1.080366875976324081e-02,1.921801567077636719e-01,8.389329165220260620e-02,8.619118481874465942e-03,1.517161577939987183e-01,-2.274331450462341309e-01,3.002633154392242432e-01,3.053092211484909058e-02,-4.636107087135314941e-01,0.000000000000000000e+00,-2.863897010684013367e-02,-4.476658105850219727e-01,1.731256991624832153e-01,-4.469138383865356445e-01,0.000000000000000000e+00
-2.286854769066166693e-01,-3.280217007204898338e-02,8.287810087203979492e-01,4.406670038231413900e-02,-6.998201648315854895e-02,-4.259052375635587022e-03,9.965653534812596304e-01,-2.791475653648376465e-01,1.200422272086143494e-01,-5.172808468341827393e-02,2.068199515342712402e-01,8.343923836946487427e-02,-3.332227841019630432e-02,-2.455519977957010269e-03,1.392489299178123474e-02,4.065751284360885620e-02,-1.112852338701486588e-02,1.914996355772018433e-01,8.615143597126007080e-02,8.393036201596260071e-03,1.512410938739776611e-01,-2.270992696285247803e-01,2.999228835105895996e-01,2.940034493803977966e-02,-4.632062911987304688e-01,0.000000000000000000e+00,-2.777374349534511566e-02,-4.459440112113952637e-01,1.726805269718170166e-01,-4.475610554218292236e-01,0.000000000000000000e+00
-2.284282507940404716e-01,-3.265990019784965892e-02,8.288323879241943359e-01,4.407350500953463590e-02,-6.965727990837816685e-02,-4.482323862834245755e-03,9.965868242580417924e-01,-2.797006964683532715e-01,1.202924400568008423e-01,-5.024723708629608154e-02,2.071041166782379150e-01,8.466207981109619141e-02,-3.334760665893554688e-02,-3.127391915768384933e-03,1.373901497572660446e-02,3.924743831157684326e-02,-1.038661040365695953e-02,1.924440413713455200e-01,8.682987093925476074e-02,8.569509722292423248e-03,1.513178348541259766e-01,-2.267660945653915405e-01,2.982468903064727783e-01,2.827099151909351349e-02,-4.625999927520751953e-01,0.000000000000000000e+00,-2.612899988889694214e-02,-4.450055658817291260e-01,1.737872809171676636e-01,-4.481841623783111572e-01,0.000000000000000000e+00
-2.282125109080173908e-01,-3.254138259652507303e-02,8.289180397987365723e-01,4.408359606387230595e-02,-6.948701656861910880e-02,-4.355190828702094029e-03,9.965988277131955231e-01,-2.795709371566772461e-01,1.199986711144447327e-01,-4.989394918084144592e-02,2.068237364292144775e-01,8.497229963541030884e-02,-3.389288112521171570e-02,-3.052247222512960434e-03,1.323501393198966980e-02,4.108191281557083130e-02,-1.140997558832168579e-02,1.909401714801788330e-01,8.528387546539306641e-02,8.500327356159687042e-03,1.509273350238800049e-01,-2.262271642684936523e-01,2.960661649703979492e-01,2.745125629007816315e-02,-4.620526731014251709e-01,0.000000000000000000e+00,-2.500286698341369629e-02,-4.438482820987701416e-01,1.741281598806381226e-01,-4.485565721988677979e-01,0.000000000000000000e+00
-2.279692653115650280e-01,-3.234202260275566287e-02,8.289687633514404297e-01,4.393187220872254994e-02,-6.916641788863941986e-02,-4.320654480473844032e-03,9.966279793310797164e-01,-2.798438370227813721e-01,1.202211752533912659e-01,-4.957726597785949707e-02,2.065184563398361206e-01,8.518610149621963501e-02,-3.376831486821174622e-02,-3.278558375313878059e-03,1.336607616394758224e-02,4.184767976403236389e-02,-1.173407863825559616e-02,1.898403465747833252e-01,8.269006013870239258e-02,8.876417763531208038e-03,1.506279557943344116e-01,-2.253952473402023315e-01,2.973928153514862061e-01,2.470735833048820496e-02,-4.619431495666503906e-01,0.000000000000000000e+00,-2.469804324209690094e-02,-4.433389008045196533e-01,1.737816631793975830e-01,-4.491585195064544678e-01,0.000000000000000000e+00
-2.276553351050263352e-01,-3.231758019800859416e-02,8.290511965751647949e-01,4.391729547058187411e-02,-6.896452757270025991e-02,-4.460926890687513802e-03,9.966419945128240920e-01,-2.796272337436676025e-01,1.201307252049446106e-01,-4.984315112233161926e-02,2.061931043863296509e-01,8.526334911584854126e-02,-3.357062861323356628e-02,-3.541278885677456856e-03,1.339024677872657776e-02,4.062780737876892090e-02,-1.129095442593097687e-02,1.905652135610580444e-01,8.295080065727233887e-02,8.704508654773235321e-03,1.515415310859680176e-01,-2.248799353837966919e-01,2.968334555625915527e-01,2.396237477660179138e-02,-4.615913927555084229e-01,0.000000000000000000e+00,-2.428262121975421906e-02,-4.426516294479370117e-01,1.741184592247009277e-01,-4.496922194957733154e-01,0.000000000000000000e+00
-2.274285838899918200e-01,-3.223222434206561571e-02,8.291125893592834473e-01,4.385160415100824993e-02,-6.882947697891116101e-02,-4.343025841719062863e-03,9.966547436493397027e-01,-2.794990837574005127e-01,1.200602427124977112e-01,-5.001911520957946777e-02,2.060203552246093750e-01,8.509474992752075195e-02,-3.459977358579635620e-02,-3.349418984726071358e-03,1.380978245288133621e-02,3.840634226799011230e-02,-1.064480468630790710e-02,1.919727176427841187e-01,8.421926945447921753e-02,8.805525489151477814e-03,1.522284448146820068e-01,-2.255864739418029785e-01,2.956234812736511230e-01,2.422265149652957916e-02,-4.615405201911926270e-01,0.000000000000000000e+00,-2.469570189714431763e-02,-4.413181245326995850e-01,1.737557053565979004e-01,-4.503662288188934326e-01,0.000000000000000000e+00
-2.272126628059663034e-01,-3.206024096713148974e-02,8.291410207748413086e-01,4.384845011267708009e-02,-6.888677662624155540e-02,-4.207687343857005255e-03,9.966515041858807766e-01,-2.785511016845703125e-01,1.194716766476631165e-01,-5.138179659843444824e-02,2.055059522390365601e-01,8.447770774364471436e-02,-3.222543373703956604e-02,-2.554491162300109863e-03,1.328609604388475418e-02,4.096142202615737915e-02,-1.126531977206468582e-02,1.920841187238693237e-01,8.567067235708236694e-02,8.751808665692806244e-03,1.510136425495147705e-01,-2.265913784503936768e-01,2.974304258823394775e-01,2.406084723770618439e-02,-4.618670642375946045e-01,0.000000000000000000e+00,-2.784114703536033630e-02,-4.369305968284606934e-01,1.683328598737716675e-01,-4.489141702651977539e-01,0.000000000000000000e+00
-2.269144464664523131e-01,-3.210941726320716560e-02,8.291239142417907715e-01,4.414183846460358052e-02,-6.851270463916485365e-02,-4.266673961016303335e-03,9.966640872898460124e-01,-2.784972488880157471e-01,1.183994263410568237e-01,-5.312337353825569153e-02,2.054209411144256592e-01,8.369994908571243286e-02,-3.148065879940986633e-02,-3.084114054217934608e-03,1.268289890140295029e-02,4.003451392054557800e-02,-1.106141228228807449e-02,1.923979520797729492e-01,8.536815643310546875e-02,7.495073135942220688e-03,1.531470119953155518e-01,-2.268350273370742798e-01,2.928404808044433594e-01,2.466860041022300720e-02,-4.611181318759918213e-01,0.000000000000000000e+00,-2.896481193602085114e-02,-4.364324808120727539e-01,1.683901548385620117e-01,-4.485208094120025635e-01,0.000000000000000000e+00
-2.267376027210857292e-01,-3.171390396226114738e-02,8.291961550712585449e-01,4.412300287376042657e-02,-6.835233492478759443e-02,-3.808946364870879724e-03,9.966777868776455218e-01,-2.791328132152557373e-01,1.182010248303413391e-01,-5.087557062506675720e-02,2.055341303348541260e-01,8.329246193170547485e-02,-3.106828220188617706e-02,-3.058670321479439735e-03,1.182539854198694229e-02,4.333501309156417847e-02,-1.196766924113035202e-02,1.898362785577774048e-01,8.547677844762802124e-02,8.069594390690326691e-03,1.507997363805770874e-01,-2.278150618076324463e-01,2.959512472152709961e-01,2.244058437645435333e-02,-4.608007967472076416e-01,0.000000000000000000e+00,-3.196473792195320129e-02,-4.349440932273864746e-01,1.653635203838348389e-01,-4.471645057201385498e-01,0.000000000000000000e+00
-2.264115208065069496e-01,-3.155407365453320734e-02,8.292748332023620605e-01,4.397511817528210187e-02,-6.805089182792398161e-02,-4.442398189076476010e-03,9.967023277795752367e-01,-2.789092957973480225e-01,1.182146370410919189e-01,-5.246831476688385010e-02,2.062638401985168457e-01,8.260418474674224854e-02,-3.039793297648429871e-02,-3.590464126318693161e-03,1.239235047250986099e-02,4.090497270226478577e-02,-1.092085614800453186e-02,1.907669454813003540e-01,8.457399904727935791e-02,7.641625590622425079e-03,1.512626707553863525e-01,-2.282303124666213989e-01,2.944685816764831543e-01,2.116184681653976440e-02,-4.597941935062408447e-01,0.000000000000000000e+00,-3.406075760722160339e-02,-4.343937933444976807e-01,1.631801277399063110e-01,-4.460353553295135498e-01,0.000000000000000000e+00
-2.259668367970690817e-01,-3.126517387648770907e-02,8.292744755744934082e-01,4.395918466765384031e-02,-6.762425029918484043e-02,-4.386661952277271827e-03,9.967323151437125217e-01,-2.791003286838531494e-01,1.174253597855567932e-01,-5.364287272095680237e-02,2.062510699033737183e-01,8.197934180498123169e-02,-2.937229909002780914e-02,-4.009216558188199997e-03,1.179638132452964783e-02,4.348822310566902161e-02,-1.084175426512956619e-02,1.907669454813003540e-01,8.500961214303970337e-02,7.247591856867074966e-03,1.486925035715103149e-01,-2.265895754098892212e-01,2.949356138706207275e-01,1.694821752607822418e-02,-4.574252963066101074e-01,0.000000000000000000e+00,-3.625271096825599670e-02,-4.343392550945281982e-01,1.618533581495285034e-01,-4.450278878211975098e-01,0.000000000000000000e+00
-2.253144433814901759e-01,-3.094034707176152033e-02,8.293913602828979492e-01,4.403003478770692314e-02,-6.670137617089982873e-02,-4.697533613890195886e-03,9.967899556232737712e-01,-2.807008922100067139e-01,1.173764765262603760e-01,-4.899291694164276123e-02,2.062076330184936523e-01,8.070745319128036499e-02,-2.823191136121749878e-02,-5.850560963153839111e-03,1.120997685939073563e-02,4.373923316597938538e-02,-9.982668794691562653e-03,1.902793347835540771e-01,8.390042185783386230e-02,6.260885391384363174e-03,1.454045176506042480e-01,-2.246531248092651367e-01,2.916745841503143311e-01,1.135311834514141083e-02,-4.533230364322662354e-01,0.000000000000000000e+00,-3.771293535828590393e-02,-4.339263439178466797e-01,1.618804782629013062e-01,-4.440066814422607422e-01,0.000000000000000000e+00
-2.244179953648305081e-01,-3.041810366370725771e-02,8.294338583946228027e-01,4.405269355661010910e-02,-6.615592145696545801e-02,-6.610124363012159603e-03,9.968144564072557445e-01,-2.786609828472137451e-01,1.163483858108520508e-01,-4.961811378598213196e-02,2.061563283205032349e-01,8.119674772024154663e-02,-2.307059429585933685e-02,-6.408991757780313492e-03,1.080752350389957428e-02,4.904463887214660645e-02,-9.269459173083305359e-03,1.894449889659881592e-01,8.502946048974990845e-02,5.332827568054199219e-03,1.444974988698959351e-01,-2.258796244859695435e-01,2.847175598144531250e-01,9.380244649946689606e-03,-4.482795000076293945e-01,0.000000000000000000e+00,-4.008295387029647827e-02,-4.333325624465942383e-01,1.618900001049041748e-01,-4.433628618717193604e-01,0.000000000000000000e+00
-2.234209805750759226e-01,-2.974622245991702385e-02,8.294872045516967773e-01,4.359025384977992940e-02,-6.558223190346031128e-02,-8.898186132977228824e-03,9.968548956149112517e-01,-2.773003876209259033e-01,1.170546710491180420e-01,-4.746235907077789307e-02,2.059258520603179932e-01,8.409254997968673706e-02,-1.796051487326622009e-02,-6.352910771965980530e-03,1.141244545578956604e-02,5.327149853110313416e-02,-9.359879419207572937e-03,1.878747940063476562e-01,8.335553109645843506e-02,5.769565235823392868e-03,1.420945227146148682e-01,-2.293916493654251099e-01,2.858117520809173584e-01,6.274627055972814560e-03,-4.445281028747558594e-01,0.000000000000000000e+00,-4.617668688297271729e-02,-4.366511404514312744e-01,1.598656177520751953e-01,-4.439696669578552246e-01,0.000000000000000000e+00
-2.224711380468804012e-01,-2.903191687538579646e-02,8.296523690223693848e-01,4.322736536746733804e-02,-6.557197129129359314e-02,-1.101675139938727670e-02,9.968502107402924528e-01,-2.755601406097412109e-01,1.181407943367958069e-01,-4.155789315700531006e-02,2.064932286739349365e-01,8.789566159248352051e-02,-1.607006229460239410e-02,-5.610916297882795334e-03,1.176484208554029465e-02,5.389932170510292053e-02,-8.383206091821193695e-03,1.883303523063659668e-01,8.177763223648071289e-02,5.793516989797353745e-03,1.388538479804992676e-01,-2.406880259513854980e-01,2.915618121623992920e-01,6.785296369343996048e-03,-4.435208737850189209e-01,0.000000000000000000e+00,-5.823015421628952026e-02,-4.448432922363281250e-01,1.573221236467361450e-01,-4.471321105957031250e-01,0.000000000000000000e+00
-2.216743598595812270e-01,-2.859268438409758029e-02,8.296751976013183594e-01,4.333185661227809821e-02,-6.654701062675807965e-02,-1.314897030669684615e-02,9.967552107508889092e-01,-2.706756591796875000e-01,1.188715547323226929e-01,-3.581384196877479553e-02,2.066995501518249512e-01,9.010829776525497437e-02,-1.025809813290834427e-02,-2.130889799445867538e-03,1.125415228307247162e-02,5.792624503374099731e-02,-8.371744304895401001e-03,1.877603083848953247e-01,8.156207203865051270e-02,5.759915336966514587e-03,1.370895206928253174e-01,-2.660776674747467041e-01,3.080968558788299561e-01,1.399165578186511993e-02,-4.479922354221343994e-01,0.000000000000000000e+00,-8.202645182609558105e-02,-4.659761488437652588e-01,1.524918973445892334e-01,-4.545077085494995117e-01,0.000000000000000000e+00
-2.212140444433450537e-01,-2.765340108911315542e-02,8.297700285911560059e-01,4.362822267788708103e-02,-6.805810944481678615e-02,-1.663030912251253074e-02,9.965882322921818526e-01,-2.652235329151153564e-01,1.201651841402053833e-01,-2.528843283653259277e-02,2.082039862871170044e-01,9.543268382549285889e-02,-1.022506412118673325e-02,1.086468924768269062e-03,9.924159385263919830e-03,6.076163053512573242e-02,-6.374920252710580826e-03,1.887326240539550781e-01,7.660103589296340942e-02,6.102448794990777969e-03,1.334697306156158447e-01,-3.052690625190734863e-01,3.221167325973510742e-01,2.313154377043247223e-02,-4.549931585788726807e-01,0.000000000000000000e+00,-1.128674298524856567e-01,-4.807318150997161865e-01,1.436780989170074463e-01,-4.621498286724090576e-01,0.000000000000000000e+00
-2.208614699762466715e-01,-2.662986092903871227e-02,8.295274376869201660e-01,4.411718016813043208e-02,-6.910489413698055194e-02,-2.219720780821092879e-02,9.963862062402553121e-01,-2.603732347488403320e-01,1.216942518949508667e-01,-1.135725341737270355e-02,2.075966000556945801e-01,1.005474179983139038e-01,-1.179805304855108261e-02,2.018637489527463913e-03,7.951617240905761719e-03,6.142766401171684265e-02,-3.900815034285187721e-03,1.884938627481460571e-01,6.553697586059570312e-02,5.668682511895895004e-03,1.325789242982864380e-01,-3.518851995468139648e-01,3.338698446750640869e-01,3.426804393529891968e-02,-4.625601768493652344e-01,0.000000000000000000e+00,-1.505692154169082642e-01,-4.917970001697540283e-01,1.338473260402679443e-01,-4.701507389545440674e-01,0.000000000000000000e+00
-2.204325257455036491e-01,-2.588758006639256537e-02,8.296253085136413574e-01,4.469676248607600683e-02,-6.917544354292265441e-02,-2.794437811615733264e-02,9.962108557758264649e-01,-2.546744644641876221e-01,1.232654005289077759e-01,-6.204687524586915970e-04,2.049411237239837646e-01,1.037660241127014160e-01,-1.340328063815832138e-02,8.543796138837933540e-04,6.474318914115428925e-03,6.866553425788879395e-02,-2.528067678213119507e-03,1.901486665010452271e-01,6.312125921249389648e-02,4.534411709755659103e-03,1.300859749317169189e-01,-3.959604799747467041e-01,3.404203355312347412e-01,4.404397308826446533e-02,-4.685792922973632812e-01,0.000000000000000000e+00,-1.881817430257797241e-01,-4.958756268024444580e-01,1.254604905843734741e-01,-4.768045544624328613e-01,0.000000000000000000e+00
-2.203841801013366186e-01,-2.483773808579881059e-02,8.300445675849914551e-01,4.507009935020426378e-02,-6.789526946652479911e-02,-3.291403214282205558e-02,9.961303052395966695e-01,-2.516539990901947021e-01,1.243008896708488464e-01,9.752600453794002533e-03,2.005193531513214111e-01,1.055585443973541260e-01,-1.369880884885787964e-02,-3.115291474387049675e-03,4.769159015268087387e-03,8.324702084064483643e-02,-4.167740698903799057e-03,1.874014437198638916e-01,5.954500660300254822e-02,3.939791582524776459e-03,1.250957995653152466e-01,-4.271782636642456055e-01,3.410578370094299316e-01,5.312999710440635681e-02,-4.697385430335998535e-01,0.000000000000000000e+00,-2.210692018270492554e-01,-4.959778189659118652e-01,1.198219731450080872e-01,-4.806722998619079590e-01,0.000000000000000000e+00
-2.204941482504217953e-01,-2.406713161865749184e-02,8.302316665649414062e-01,4.543253646482071917e-02,-6.587459614463501978e-02,-3.809257033285316785e-02,9.960649468275604157e-01,-2.512329220771789551e-01,1.260310262441635132e-01,2.011703513562679291e-02,1.968223452568054199e-01,1.056651845574378967e-01,-1.419129967689514160e-02,-9.524220600724220276e-03,4.484967328608036041e-03,9.084763377904891968e-02,-1.962906448170542717e-03,1.914759129285812378e-01,6.188173964619636536e-02,3.195401281118392944e-03,1.209552064538002014e-01,-4.453301727771759033e-01,3.384397029876708984e-01,6.146551296114921570e-02,-4.674153029918670654e-01,0.000000000000000000e+00,-2.455175071954727173e-01,-4.930547475814819336e-01,1.177145764231681824e-01,-4.816032052040100098e-01,0.000000000000000000e+00
-2.208286615725637558e-01,-2.326336698808588455e-02,8.300819396972656250e-01,4.582891844135719706e-02,-6.398936404041934145e-02,-4.218791878509768611e-02,9.960046440819341207e-01,-2.527216374874114990e-01,1.278131902217864990e-01,2.934684231877326965e-02,1.956545859575271606e-01,1.087326407432556152e-01,-1.597668230533599854e-02,-1.565228402614593506e-02,3.731947625055909157e-03,9.893592447042465210e-02,-8.636150159873068333e-04,1.948911398649215698e-01,6.640038639307022095e-02,3.275124356150627136e-03,1.154619678854942322e-01,-4.527536332607269287e-01,3.297764360904693604e-01,6.287235766649246216e-02,-4.620867371559143066e-01,0.000000000000000000e+00,-2.609712779521942139e-01,-4.860689342021942139e-01,1.176105737686157227e-01,-4.800669252872467041e-01,0.000000000000000000e+00
-2.212089130866732589e-01,-2.245141061116442960e-02,8.300204277038574219e-01,4.675400221472919560e-02,-6.253123964501230980e-02,-4.587686214208939323e-02,9.958911691873559846e-01,-2.558690309524536133e-01,1.285066604614257812e-01,3.186868131160736084e-02,1.980369538068771362e-01,1.160379946231842041e-01,-1.743118464946746826e-02,-2.039548940956592560e-02,1.140938373282551765e-03,1.108314171433448792e-01,-1.183957792818546295e-03,1.959733515977859497e-01,6.816539168357849121e-02,2.984625753015279770e-03,1.101201996207237244e-01,-4.487070143222808838e-01,3.162638545036315918e-01,5.669023096561431885e-02,-4.535126686096191406e-01,0.000000000000000000e+00,-2.647607922554016113e-01,-4.779142439365386963e-01,1.222680732607841492e-01,-4.746716618537902832e-01,0.000000000000000000e+00
-2.208913490701444882e-01,-2.163881392465831499e-02,8.306025862693786621e-01,4.778106279675697898e-02,-6.098585956778953404e-02,-4.997767553375986882e-02,9.957408934652792754e-01,-2.638747990131378174e-01,1.284617632627487183e-01,2.855837903916835785e-02,2.054148465394973755e-01,1.313050389289855957e-01,-1.551217027008533478e-02,-2.507877349853515625e-02,-2.130856970325112343e-03,1.258023679256439209e-01,-9.848601184785366058e-04,1.942533254623413086e-01,7.349625229835510254e-02,3.617081791162490845e-03,1.049137264490127563e-01,-4.326554536819458008e-01,2.954197525978088379e-01,4.160879179835319519e-02,-4.410086274147033691e-01,0.000000000000000000e+00,-2.556661665439605713e-01,-4.669045209884643555e-01,1.313708424568176270e-01,-4.661860167980194092e-01,0.000000000000000000e+00
-2.260322973349240261e-01,-2.002856356727360232e-02,8.317533731460571289e-01,4.751431889729121338e-02,-4.347809799148167481e-02,-5.014868091646594583e-02,9.966630093954065295e-01,-3.753075003623962402e-01,1.148179098963737488e-01,-6.578003615140914917e-02,2.842844724655151367e-01,1.362297087907791138e-01,-2.225302904844284058e-02,-9.623458236455917358e-02,3.179613035172224045e-03,1.787231415510177612e-01,2.771866321563720703e-02,1.866685301065444946e-01,8.211518824100494385e-02,9.883307851850986481e-03,9.443951398134231567e-02,-4.087110757827758789e-01,2.815067768096923828e-01,3.722241520881652832e-02,-4.886045753955841064e-01,0.000000000000000000e+00,-2.220703363418579102e-01,-4.822865128517150879e-01,1.242952942848205566e-01,-5.282586812973022461e-01,0.000000000000000000e+00
-2.215340631516047321e-01,-1.873664395580565412e-02,8.327568173408508301e-01,4.817810988367871028e-02,-4.983860507842453880e-02,-5.555888747941186562e-02,9.960462806486067855e-01,-3.394415080547332764e-01,1.176331341266632080e-01,-4.582857340574264526e-02,2.650829851627349854e-01,1.666797548532485962e-01,-2.184415422379970551e-02,-6.982405483722686768e-02,-1.646289718337357044e-03,1.719235181808471680e-01,2.304519712924957275e-02,1.850071847438812256e-01,7.998196035623550415e-02,1.222774293273687363e-02,9.442061185836791992e-02,-3.861708641052246094e-01,2.770500779151916504e-01,1.973464526236057281e-02,-4.624712467193603516e-01,0.000000000000000000e+00,-1.932777315378189087e-01,-4.619283974170684814e-01,1.354792714118957520e-01,-4.981240332126617432e-01,0.000000000000000000e+00
-2.187850155178558409e-01,-1.770111733648201124e-02,8.343417048454284668e-01,4.978475074772826386e-02,-5.273247531909309310e-02,-5.952746697704434931e-02,9.955888937282320050e-01,-3.240833282470703125e-01,1.182026639580726624e-01,-3.785351291298866272e-02,2.509982287883758545e-01,1.813276857137680054e-01,-2.669523656368255615e-02,-5.517271161079406738e-02,-8.054494857788085938e-03,1.739277839660644531e-01,1.672353036701679230e-02,1.824575215578079224e-01,8.110757917165756226e-02,1.048820558935403824e-02,9.106202423572540283e-02,-3.724664151668548584e-01,2.848516404628753662e-01,1.360563747584819794e-02,-4.488449394702911377e-01,0.000000000000000000e+00,-1.647592633962631226e-01,-4.446463882923126221e-01,1.404729336500167847e-01,-4.747206866741180420e-01,0.000000000000000000e+00
-2.164101164971392877e-01,-1.623529361072338639e-02,8.351675271987915039e-01,5.140814855907719499e-02,-5.484093824098640324e-02,-6.261871761806581116e-02,9.952027783112571413e-01,-3.178001940250396729e-01,1.239197105169296265e-01,-2.418907359242439270e-02,2.357544302940368652e-01,1.754329800605773926e-01,-2.544544823467731476e-02,-4.449674859642982483e-02,-1.473700720816850662e-02,1.735702902078628540e-01,1.359151024371385574e-02,1.795997768640518188e-01,8.283020555973052979e-02,8.182527497410774231e-03,9.013783186674118042e-02,-3.769532740116119385e-01,2.967360317707061768e-01,2.015782892704010010e-02,-4.491837620735168457e-01,0.000000000000000000e+00,-1.552442312240600586e-01,-4.397009015083312988e-01,1.376278698444366455e-01,-4.671844840049743652e-01,0.000000000000000000e+00
-2.143516793484372962e-01,-1.328433248492404128e-02,8.361404538154602051e-01,5.254390063619695378e-02,-5.723620023250058225e-02,-6.625436628917591442e-02,9.947730971616081108e-01,-3.143309354782104492e-01,1.344515234231948853e-01,2.091537695378065109e-03,2.158320397138595581e-01,1.509182155132293701e-01,-2.520477958023548126e-02,-3.650600835680961609e-02,-2.265340834856033325e-02,1.717153042554855347e-01,1.357185654342174530e-02,1.796778142452239990e-01,8.730272948741912842e-02,6.450751796364784241e-03,8.661801367998123169e-02,-3.990966081619262695e-01,3.017795979976654053e-01,3.499754890799522400e-02,-4.572480618953704834e-01,0.000000000000000000e+00,-1.647504568099975586e-01,-4.487904608249664307e-01,1.283110082149505615e-01,-4.727703034877777100e-01,0.000000000000000000e+00
-2.116983865787518126e-01,-1.010163651617376757e-02,8.363641500473022461e-01,5.262160852123896199e-02,-5.946749544198801085e-02,-7.115987883192453900e-02,9.942991777866059255e-01,-3.107258975505828857e-01,1.481217294931411743e-01,3.385609388351440430e-02,1.916524767875671387e-01,1.170610338449478149e-01,-2.605547197163105011e-02,-2.758087031543254852e-02,-2.827541530132293701e-02,1.713934242725372314e-01,1.249270886182785034e-02,1.753582209348678589e-01,9.550427645444869995e-02,8.958215825259685516e-03,8.545137941837310791e-02,-4.265082776546478271e-01,3.177042007446289062e-01,5.523872002959251404e-02,-4.672384560108184814e-01,0.000000000000000000e+00,-1.893450170755386353e-01,-4.657744765281677246e-01,1.150867938995361328e-01,-4.867863357067108154e-01,0.000000000000000000e+00
-2.084924874010060103e-01,-5.887314358403200609e-03,8.364104032516479492e-01,5.215607438449400279e-02,-6.011280648298493456e-02,-7.824048567485702987e-02,9.937527966264552148e-01,-3.073776364326477051e-01,1.604050248861312866e-01,6.469496339559555054e-02,1.693268567323684692e-01,9.231965988874435425e-02,-2.033958397805690765e-02,-2.241132594645023346e-02,-3.309684246778488159e-02,1.780519485473632812e-01,1.103696599602699280e-02,1.717563271522521973e-01,1.025429740548133850e-01,1.404126081615686417e-02,8.200535923242568970e-02,-4.460451006889343262e-01,3.350674510002136230e-01,6.493873149156570435e-02,-4.771486818790435791e-01,0.000000000000000000e+00,-2.163667678833007812e-01,-4.817344546318054199e-01,1.062268912792205811e-01,-5.039353966712951660e-01,0.000000000000000000e+00
-2.051141409474176447e-01,-8.972414238655052054e-04,8.364114165306091309e-01,5.034076544334038089e-02,-5.897883347538381005e-02,-8.497185164557491399e-02,9.933615097054968590e-01,-3.079363405704498291e-01,1.710165441036224365e-01,9.178752452135086060e-02,1.569756716489791870e-01,9.341116249561309814e-02,-1.726580597460269928e-02,-2.225484512746334076e-02,-3.553023561835289001e-02,1.877002716064453125e-01,1.084797084331512451e-02,1.691063344478607178e-01,1.057868674397468567e-01,2.169189229607582092e-02,7.113239169120788574e-02,-4.484637677669525146e-01,3.485262393951416016e-01,5.262625589966773987e-02,-4.836873114109039307e-01,0.000000000000000000e+00,-2.325593978166580200e-01,-4.925103485584259033e-01,1.043863967061042786e-01,-5.155527591705322266e-01,0.000000000000000000e+00
-2.023103698899567093e-01,3.934376584081238082e-03,8.368477821350097656e-01,4.747290063975777297e-02,-5.648385316590768396e-02,-9.045629122140926015e-02,9.931634092206818032e-01,-3.040511608123779297e-01,1.737636774778366089e-01,9.740782529115676880e-02,1.550483256578445435e-01,1.069017723202705383e-01,-1.972830668091773987e-02,-2.694741822779178619e-02,-3.437301889061927795e-02,2.018882483243942261e-01,1.196988485753536224e-02,1.666196882724761963e-01,1.023123711347579956e-01,2.865449525415897369e-02,5.347108468413352966e-02,-4.355847239494323730e-01,3.551198840141296387e-01,3.204529732465744019e-02,-4.838375747203826904e-01,0.000000000000000000e+00,-2.285171002149581909e-01,-4.889596700668334961e-01,1.042111515998840332e-01,-5.140801072120666504e-01,0.000000000000000000e+00
-1.996679455022172811e-01,7.812532542870807839e-03,8.371146917343139648e-01,4.437829068095122675e-02,-5.307240238170553986e-02,-9.144476748663313281e-02,9.934041181316831670e-01,-3.028706312179565430e-01,1.735329180955886841e-01,1.067892163991928101e-01,1.571723669767379761e-01,1.117181256413459778e-01,-2.027125284075737000e-02,-3.600086271762847900e-02,-3.183536604046821594e-02,2.086612135171890259e-01,1.836181245744228363e-02,1.664578169584274292e-01,9.737248718738555908e-02,3.294826298952102661e-02,3.458906710147857666e-02,-4.238408207893371582e-01,3.578625023365020752e-01,2.103447169065475464e-02,-4.827086925506591797e-01,0.000000000000000000e+00,-2.043048143386840820e-01,-4.797036051750183105e-01,1.070165857672691345e-01,-5.021918416023254395e-01,0.000000000000000000e+00
-1.973397847605519173e-01,1.065331571178767395e-02,8.367520570755004883e-01,4.245262612109818035e-02,-5.089622777105595047e-02,-9.046061711389281890e-02,9.936922185895755710e-01,-3.020905852317810059e-01,1.756260693073272705e-01,1.181153133511543274e-01,1.569284349679946899e-01,1.140322387218475342e-01,-1.763373240828514099e-02,-4.409086704254150391e-02,-3.002805262804031372e-02,2.132049798965454102e-01,2.851751074194908142e-02,1.596649736166000366e-01,8.670836687088012695e-02,3.537221625447273254e-02,2.045036107301712036e-02,-4.249548017978668213e-01,3.642036020755767822e-01,2.955914475023746490e-02,-4.820396006107330322e-01,0.000000000000000000e+00,-1.647782474756240845e-01,-4.600502252578735352e-01,1.112345233559608459e-01,-4.835502207279205322e-01,0.000000000000000000e+00
-1.940892254216567692e-01,1.473878699496374012e-02,8.366141319274902344e-01,4.003644548054482305e-02,-5.034713081006184782e-02,-9.001586112986344201e-02,9.938608525329524213e-01,-2.988752722740173340e-01,1.781426221132278442e-01,1.248326078057289124e-01,1.568910777568817139e-01,1.178058609366416931e-01,-1.333762519061565399e-02,-5.127860605716705322e-02,-2.923358045518398285e-02,2.170037031173706055e-01,4.499209672212600708e-02,1.501185148954391479e-01,8.158252388238906860e-02,3.842583298683166504e-02,9.171539917588233948e-03,-4.441528618335723877e-01,3.650059103965759277e-01,5.061794444918632507e-02,-4.842788279056549072e-01,0.000000000000000000e+00,-1.195090562105178833e-01,-4.424486160278320312e-01,1.131610795855522156e-01,-4.661029279232025146e-01,0.000000000000000000e+00
-1.896516721486531387e-01,2.023523123384311090e-02,8.365098834037780762e-01,3.763090919088241115e-02,-5.019006487317251991e-02,-9.086854583329553869e-02,9.938851942954158858e-01,-2.960198223590850830e-01,1.775165051221847534e-01,1.298314034938812256e-01,1.614521443843841553e-01,1.158110201358795166e-01,-8.635386824607849121e-03,-6.149024516344070435e-02,-3.004008345305919647e-02,2.148246169090270996e-01,7.005185633897781372e-02,1.442798078060150146e-01,7.464126497507095337e-02,4.341106116771697998e-02,1.991980709135532379e-03,-4.729726612567901611e-01,3.766216337680816650e-01,8.069443702697753906e-02,-4.847815334796905518e-01,0.000000000000000000e+00,-7.847230881452560425e-02,-4.277999997138977051e-01,1.036608815193176270e-01,-4.549552202224731445e-01,0.000000000000000000e+00
-1.845345840298381612e-01,2.578496955692222148e-02,8.358649611473083496e-01,3.578787972306416570e-02,-4.962973576305072798e-02,-9.417200491618399338e-02,9.936738652511113434e-01,-2.943997979164123535e-01,1.742107868194580078e-01,1.317761242389678955e-01,1.667569279670715332e-01,1.178439781069755554e-01,-3.191865747794508934e-03,-7.343886047601699829e-02,-3.126073628664016724e-02,2.208011150360107422e-01,9.602477401494979858e-02,1.353726685047149658e-01,6.774932146072387695e-02,4.729948565363883972e-02,1.587155042216181755e-03,-4.963645935058593750e-01,4.075795710086822510e-01,1.006844118237495422e-01,-4.832929074764251709e-01,0.000000000000000000e+00,-5.669358000159263611e-02,-4.167656302452087402e-01,9.786555171012878418e-02,-4.532793164253234863e-01,0.000000000000000000e+00
-1.799403345685085809e-01,3.153926194203499067e-02,8.348085880279541016e-01,3.398769354777143870e-02,-4.832467600567442317e-02,-9.666219021246953702e-02,9.935622694927468412e-01,-2.965073585510253906e-01,1.710014492273330688e-01,1.326778978109359741e-01,1.719336211681365967e-01,1.187269687652587891e-01,4.418022930622100830e-03,-8.679774403572082520e-02,-3.362758085131645203e-02,2.228874117136001587e-01,1.207971796393394470e-01,1.271360665559768677e-01,6.443347781896591187e-02,5.000612512230873108e-02,5.310479318723082542e-04,-4.966410696506500244e-01,4.374012947082519531e-01,9.150528907775878906e-02,-4.781414568424224854e-01,0.000000000000000000e+00,-6.175313144922256470e-02,-4.082829058170318604e-01,9.658227115869522095e-02,-4.630149602890014648e-01,0.000000000000000000e+00
-1.761188197585474569e-01,3.706665429463482098e-02,8.335628509521484375e-01,3.255415127419072213e-02,-4.708411315833888749e-02,-9.683698358194219036e-02,9.936528126733504829e-01,-2.972750067710876465e-01,1.671771407127380371e-01,1.270908117294311523e-01,1.765875518321990967e-01,1.143550574779510498e-01,6.098394282162189484e-03,-9.724642336368560791e-02,-3.738402947783470154e-02,2.251981943845748901e-01,1.400669515132904053e-01,1.192127689719200134e-01,6.145682930946350098e-02,4.884168133139610291e-02,2.658129669725894928e-03,-4.770551621913909912e-01,4.461449980735778809e-01,5.561163648962974548e-02,-4.712688028812408447e-01,0.000000000000000000e+00,-1.053614914417266846e-01,-4.126976132392883301e-01,9.926469624042510986e-02,-4.883208870887756348e-01,0.000000000000000000e+00
-1.722528815118308243e-01,4.134321938775561284e-02,8.316501975059509277e-01,3.096269117311555366e-02,-4.764663616015041986e-02,-9.332576713017781689e-02,9.940127821147494158e-01,-2.962484359741210938e-01,1.640921086072921753e-01,1.231775954365730286e-01,1.818808466196060181e-01,1.110960245132446289e-01,-1.096908468753099442e-03,-9.790417551994323730e-02,-4.119799286127090454e-02,2.193697690963745117e-01,1.536924093961715698e-01,1.109532639384269714e-01,5.566794052720069885e-02,4.086438566446304321e-02,1.403665821999311447e-02,-4.577535390853881836e-01,4.335323572158813477e-01,3.391494229435920715e-02,-4.673497378826141357e-01,0.000000000000000000e+00,-1.871956586837768555e-01,-4.265871047973632812e-01,9.699041396379470825e-02,-5.231675505638122559e-01,0.000000000000000000e+00
-1.684051296730730840e-01,4.457875722110446470e-02,8.300704360008239746e-01,2.904528668876249498e-02,-5.043321205136966356e-02,-8.558390966777129627e-02,9.946297084087766249e-01,-2.898727059364318848e-01,1.585856229066848755e-01,1.085252389311790466e-01,1.850875914096832275e-01,1.094981059432029724e-01,-8.215059526264667511e-03,-8.661443740129470825e-02,-4.592548310756683350e-02,2.015230804681777954e-01,1.600101888179779053e-01,1.044440716505050659e-01,5.137734860181808472e-02,3.074023127555847168e-02,4.686493054032325745e-02,-4.516612291336059570e-01,4.124024808406829834e-01,4.560904949903488159e-02,-4.651958346366882324e-01,0.000000000000000000e+00,-2.973208725452423096e-01,-4.513583481311798096e-01,8.450800180435180664e-02,-5.619570016860961914e-01,0.000000000000000000e+00
-1.658210705380540051e-01,4.617234088408779524e-02,8.298821449279785156e-01,2.820425048263659751e-02,-5.319771234839052593e-02,-7.216103110990788883e-02,9.955738592614641336e-01,-2.853784859180450439e-01,1.510425209999084473e-01,9.405266493558883667e-02,1.844554841518402100e-01,1.055764183402061462e-01,-2.063005417585372925e-02,-6.955133378505706787e-02,-5.264589935541152954e-02,1.735869199037551880e-01,1.568751186132431030e-01,1.007276028394699097e-01,4.490393400192260742e-02,1.934245415031909943e-02,8.772583305835723877e-02,-4.603255987167358398e-01,3.887473940849304199e-01,5.814778432250022888e-02,-4.674096703529357910e-01,0.000000000000000000e+00,-4.203452765941619873e-01,-4.775701165199279785e-01,7.089181989431381226e-02,-5.950715541839599609e-01,0.000000000000000000e+00
-1.622373723592699934e-01,4.828580845743417338e-02,8.304616808891296387e-01,2.668871641439148762e-02,-5.481768260652895852e-02,-5.379666128860657176e-02,9.966888447875802415e-01,-2.815941274166107178e-01,1.411803513765335083e-01,7.835158705711364746e-02,1.803322285413742065e-01,1.011735647916793823e-01,-3.323173522949218750e-02,-4.783220589160919189e-02,-5.946779996156692505e-02,1.353487223386764526e-01,1.471032649278640747e-01,1.057409718632698059e-01,4.519736766815185547e-02,1.052817609161138535e-02,1.335317939519882202e-01,-4.792356193065643311e-01,3.703460097312927246e-01,6.167118251323699951e-02,-4.704750180244445801e-01,0.000000000000000000e+00,-5.449426174163818359e-01,-5.196028351783752441e-01,5.365883931517601013e-02,-6.203510761260986328e-01,0.000000000000000000e+00
-1.648345099734178643e-01,4.657139759846699867e-02,8.308390974998474121e-01,3.107955585172035573e-02,-3.837760188283350499e-02,-1.566555922839377862e-02,9.986570037484563400e-01,-3.828366100788116455e-01,9.594687074422836304e-02,-4.025367274880409241e-02,2.350305318832397461e-01,7.821787893772125244e-02,-4.906899482011795044e-02,-9.225327521562576294e-02,-7.614960521459579468e-02,9.630826860666275024e-02,1.603200882673263550e-01,1.044430583715438843e-01,5.829705297946929932e-02,-2.193331532180309296e-02,1.440105289220809937e-01,-5.063402652740478516e-01,4.121516644954681396e-01,7.514701783657073975e-02,-5.519884824752807617e-01,0.000000000000000000e+00,-7.268890142440795898e-01,-5.836016535758972168e-01,-1.704482361674308777e-02,-6.408060789108276367e-01,0.000000000000000000e+00
-1.562445823390532784e-01,4.870484481861622056e-02,8.320439457893371582e-01,2.599924944425284143e-02,-4.603453857155181267e-02,1.023151670660937297e-03,9.986009280225502938e-01,-3.389349579811096191e-01,9.982401132583618164e-02,-3.129758313298225403e-02,2.078952789306640625e-01,8.271002769470214844e-02,-5.322086438536643982e-02,-4.041816666722297668e-02,-7.463198900222778320e-02,4.416907206177711487e-02,1.422971487045288086e-01,1.206187084317207336e-01,6.163822486996650696e-02,-2.128695324063301086e-02,2.003913968801498413e-01,-5.168450474739074707e-01,3.878691196441650391e-01,4.889787361025810242e-02,-5.373678207397460938e-01,0.000000000000000000e+00,-7.980917096138000488e-01,-6.296990513801574707e-01,-3.639391856268048286e-03,-6.229146718978881836e-01,0.000000000000000000e+00
-1.493386371524544343e-01,5.035362528698208995e-02,8.325750827789306641e-01,2.328103768344973526e-02,-4.984866254033051142e-02,1.947277821902615100e-02,9.982955048660465680e-01,-3.144264221191406250e-01,9.362234920263290405e-02,-4.649062454700469971e-02,1.896999329328536987e-01,8.405913412570953369e-02,-6.013100966811180115e-02,-2.050035633146762848e-03,-7.490625977516174316e-02,-9.429415222257375717e-04,1.247468143701553345e-01,1.360099464654922485e-01,6.826891750097274780e-02,-2.768674679100513458e-02,2.521590590476989746e-01,-5.314112305641174316e-01,3.728736937046051025e-01,8.757105097174644470e-03,-5.320357084274291992e-01,0.000000000000000000e+00,-8.713616728782653809e-01,-6.865884661674499512e-01,-2.420080418232828379e-04,-5.840411782264709473e-01,0.000000000000000000e+00
-1.480070571243546906e-01,4.429739102677872353e-02,8.324100971221923828e-01,3.296627159983495786e-02,-3.593546879656085019e-02,5.848532281832846680e-02,9.970964517207016042e-01,-3.885996341705322266e-01,3.408353403210639954e-02,-1.548066884279251099e-01,2.360206991434097290e-01,6.171267852187156677e-02,-7.151867449283599854e-02,-2.978752925992012024e-02,-9.889160096645355225e-02,-4.308347776532173157e-02,1.346462965011596680e-01,1.414680331945419312e-01,7.238463312387466431e-02,-8.877714723348617554e-02,2.515436112880706787e-01,-5.535824894905090332e-01,4.217806160449981689e-01,-3.554906696081161499e-02,-5.926690697669982910e-01,0.000000000000000000e+00,-1.025199651718139648e+00,-7.455123662948608398e-01,-4.933714494109153748e-02,-4.036802053451538086e-01,0.000000000000000000e+00
-1.424413202389702149e-01,4.322511501843465109e-02,8.329991698265075684e-01,3.304572666056314334e-02,-3.562899033715485886e-02,7.904732383162646481e-02,9.956857313390045094e-01,-3.845321834087371826e-01,2.008728869259357452e-02,-1.808459460735321045e-01,2.315465360879898071e-01,6.491883099079132080e-02,-8.156816661357879639e-02,-1.484463177621364594e-02,-1.007765457034111023e-01,-7.429528236389160156e-02,1.359923481941223145e-01,1.579261273145675659e-01,6.938031315803527832e-02,-1.119875833392143250e-01,2.807074189186096191e-01,-5.631501674652099609e-01,4.280667901039123535e-01,-6.109331548213958740e-02,-5.925415158271789551e-01,0.000000000000000000e+00,-1.082937836647033691e+00,-7.851012945175170898e-01,-3.619921207427978516e-02,-2.521337866783142090e-01,0.000000000000000000e+00
-1.376133413908103842e-01,4.172558135896058118e-02,8.338570594787597656e-01,3.493225532954966767e-02,-3.393220419364180451e-02,9.900917556563280930e-02,9.938941222333322889e-01,-3.864474296569824219e-01,1.104600843973457813e-03,-2.111757397651672363e-01,2.317860722541809082e-01,6.723731011152267456e-02,-8.842702209949493408e-02,-8.367345668375492096e-03,-1.054889038205146790e-01,-9.073261916637420654e-02,1.425143033266067505e-01,1.816248446702957153e-01,6.896781921386718750e-02,-1.419875025749206543e-01,2.928983271121978760e-01,-5.711686015129089355e-01,4.268907010555267334e-01,-9.004244953393936157e-02,-5.904965400695800781e-01,0.000000000000000000e+00,-1.149190664291381836e+00,-8.047018647193908691e-01,-2.731497958302497864e-02,-4.295881465077400208e-02,0.000000000000000000e+00
-1.327162248613799056e-01,4.129684266916919255e-02,8.354064822196960449e-01,3.525481054407900855e-02,-3.308408498152239779e-02,1.164301789287358613e-01,9.920214489057478380e-01,-3.828872144222259521e-01,-1.243789400905370712e-02,-2.376197278499603271e-01,2.278971821069717407e-01,6.779082119464874268e-02,-9.229740500450134277e-02,-1.386233372613787651e-03,-1.056688576936721802e-01,-9.091772884130477905e-02,1.506652534008026123e-01,2.045004516839981079e-01,6.728426367044448853e-02,-1.650190204381942749e-01,2.957942485809326172e-01,-5.728223919868469238e-01,4.385514259338378906e-01,-1.066639274358749390e-01,-5.925518274307250977e-01,0.000000000000000000e+00,-1.202981472015380859e+00,-8.173567652702331543e-01,-1.480724196881055832e-02,1.719802320003509521e-01,0.000000000000000000e+00
-1.283296106242572676e-01,4.264270680848077782e-02,8.369523286819458008e-01,3.382266889636557916e-02,-3.403132857430152258e-02,1.333015964257021346e-01,9.899134205245194718e-01,-3.733372986316680908e-01,-2.162689343094825745e-02,-2.596779763698577881e-01,2.197275310754776001e-01,7.066673040390014648e-02,-9.168463945388793945e-02,1.038728747516870499e-02,-1.015298441052436829e-01,-8.133234828710556030e-02,1.574618518352508545e-01,2.316832244396209717e-01,6.970533728599548340e-02,-1.740428209304809570e-01,2.983104586601257324e-01,-5.770249962806701660e-01,4.351506531238555908e-01,-1.222074255347251892e-01,-5.913637280464172363e-01,0.000000000000000000e+00,-1.220654726028442383e+00,-8.295297622680664062e-01,-5.160492146387696266e-04,3.220079541206359863e-01,0.000000000000000000e+00
-1.246530149881004135e-01,4.472237719771921666e-02,8.384289145469665527e-01,3.227108185569908805e-02,-3.501389790770748772e-02,1.487170440309699415e-01,9.877326789389232475e-01,-3.606873154640197754e-01,-3.100811690092086792e-02,-2.815988063812255859e-01,2.070252746343612671e-01,7.584145665168762207e-02,-8.917603641748428345e-02,2.098948322236537933e-02,-9.787166118621826172e-02,-6.701690703630447388e-02,1.634408831596374512e-01,2.614737749099731445e-01,8.181865513324737549e-02,-1.793342679738998413e-01,3.009081780910491943e-01,-5.807640552520751953e-01,4.188238382339477539e-01,-1.377938240766525269e-01,-5.867407917976379395e-01,0.000000000000000000e+00,-1.185850977897644043e+00,-8.740907311439514160e-01,2.009797655045986176e-02,3.305709660053253174e-01,0.000000000000000000e+00
-1.223872880662282558e-01,4.495746933605775097e-02,8.393326997756958008e-01,3.287219463660581015e-02,-3.174264901595821170e-02,1.685864593875197881e-01,9.846270505955049268e-01,-3.657640218734741211e-01,-5.042224377393722534e-02,-3.164691030979156494e-01,2.024875879287719727e-01,7.513602823019027710e-02,-8.070069551467895508e-02,1.680228859186172485e-02,-9.799679368734359741e-02,-4.132077842950820923e-02,1.751257330179214478e-01,2.874071300029754639e-01,9.950557351112365723e-02,-1.906931847333908081e-01,2.862727940082550049e-01,-5.854348540306091309e-01,4.320694208145141602e-01,-1.336251497268676758e-01,-6.027397513389587402e-01,0.000000000000000000e+00,-1.100988626480102539e+00,-9.437488317489624023e-01,9.700160473585128784e-03,1.978874057531356812e-01,0.000000000000000000e+00
-1.214960128529657679e-01,4.644873602959646852e-02,8.393521308898925781e-01,3.151386123615119994e-02,-2.883229965200268322e-02,1.902265165490695797e-01,9.808106073286384508e-01,-3.750214874744415283e-01,-7.081794738769531250e-02,-3.538895249366760254e-01,2.027246356010437012e-01,8.056131750345230103e-02,-7.652691006660461426e-02,1.060241740196943283e-02,-9.575003385543823242e-02,-2.158322371542453766e-02,1.892031729221343994e-01,3.114308714866638184e-01,1.140034422278404236e-01,-1.863523125648498535e-01,2.656226456165313721e-01,-5.835444927215576172e-01,4.182286262512207031e-01,-1.099764630198478699e-01,-6.118885278701782227e-01,0.000000000000000000e+00,-9.863373041152954102e-01,-1.001843452453613281e+00,-4.509544000029563904e-02,-1.035116147249937057e-02,0.000000000000000000e+00
-1.201672729588073585e-01,5.042771213952197684e-02,8.379869461059570312e-01,2.628189499550881436e-02,-3.073104697306709709e-02,2.091816481650727866e-01,9.770403793182388386e-01,-3.689382374286651611e-01,-7.814504206180572510e-02,-3.878518044948577881e-01,1.962220370769500732e-01,8.353695273399353027e-02,-6.430710852146148682e-02,2.466918900609016418e-02,-8.529062569141387939e-02,-2.533386088907718658e-02,1.905484199523925781e-01,3.338373601436614990e-01,1.214219033718109131e-01,-1.604720801115036011e-01,2.497735470533370972e-01,-5.824415683746337891e-01,3.776059746742248535e-01,-9.891423583030700684e-02,-5.952318906784057617e-01,0.000000000000000000e+00,-9.240931272506713867e-01,-1.042744994163513184e+00,-8.372830599546432495e-02,-1.813168525695800781e-01,0.000000000000000000e+00
-1.172175792277654061e-01,5.577846744606141521e-02,8.369131088256835938e-01,2.034562668157425050e-02,-4.002275233451556280e-02,2.157845557641145384e-01,9.754082531249096411e-01,-3.327656090259552002e-01,-6.065836921334266663e-02,-3.810091018676757812e-01,1.733332127332687378e-01,9.578294306993484497e-02,-6.139113754034042358e-02,6.254062056541442871e-02,-7.149490714073181152e-02,-5.331139639019966125e-02,1.807305663824081421e-01,3.609552383422851562e-01,1.169196218252182007e-01,-1.299662292003631592e-01,2.639481127262115479e-01,-5.751354098320007324e-01,3.325133323669433594e-01,-9.324182569980621338e-02,-5.630199909210205078e-01,0.000000000000000000e+00,-9.128231406211853027e-01,-1.068930387496948242e+00,-7.120337337255477905e-02,-2.267290055751800537e-01,0.000000000000000000e+00
-1.146494947911102791e-01,5.891952057155295380e-02,8.366224169731140137e-01,1.641115845674358253e-02,-4.340823916037670621e-02,2.229273564065789026e-01,9.737298354352080798e-01,-3.141143918037414551e-01,-5.221041291952133179e-02,-3.841207027435302734e-01,1.563411206007003784e-01,1.023909971117973328e-01,-6.078885495662689209e-02,8.418930321931838989e-02,-6.186731532216072083e-02,-7.867073267698287964e-02,1.681826114654541016e-01,3.795409202575683594e-01,1.134823560714721680e-01,-1.147409155964851379e-01,2.744635045528411865e-01,-5.728951692581176758e-01,3.112004101276397705e-01,-8.851977437734603882e-02,-5.362316966056823730e-01,0.000000000000000000e+00,-9.027121663093566895e-01,-1.091412067413330078e+00,-7.688133418560028076e-02,-2.810478806495666504e-01,0.000000000000000000e+00
-1.118877711150207815e-01,6.110504870397390903e-02,8.371546268463134766e-01,1.390275522991030362e-02,-4.406755950703063196e-02,2.287858396415230200e-01,9.723794543158729153e-01,-3.053773343563079834e-01,-4.823994264006614685e-02,-3.882531225681304932e-01,1.469719260931015015e-01,1.057919859886169434e-01,-6.240810453891754150e-02,9.556455165147781372e-02,-5.618792027235031128e-02,-9.783102571964263916e-02,1.601513028144836426e-01,3.929306566715240479e-01,1.089359149336814880e-01,-1.096609085798263550e-01,2.840933501720428467e-01,-5.746443271636962891e-01,3.022272586822509766e-01,-8.939925581216812134e-02,-5.179071426391601562e-01,0.000000000000000000e+00,-8.969798684120178223e-01,-1.108265280723571777e+00,-8.438552170991897583e-02,-3.176806569099426270e-01,0.000000000000000000e+00
-1.090204414299661556e-01,6.277132494558713971e-02,8.377916216850280762e-01,1.263998209855425256e-02,-4.379847549674441287e-02,2.317129867162450174e-01,9.717155016689538183e-01,-2.999128997325897217e-01,-4.698696359992027283e-02,-3.918589353561401367e-01,1.426161527633666992e-01,1.068387329578399658e-01,-6.357070058584213257e-02,1.009044572710990906e-01,-5.321173369884490967e-02,-1.081824973225593567e-01,1.571263074874877930e-01,4.023823738098144531e-01,1.061907708644866943e-01,-1.108882054686546326e-01,3.001461923122406006e-01,-5.811592936515808105e-01,2.965001463890075684e-01,-9.608118236064910889e-02,-5.069056153297424316e-01,0.000000000000000000e+00,-8.967256546020507812e-01,-1.126402974128723145e+00,-9.443094581365585327e-02,-3.093046247959136963e-01,0.000000000000000000e+00
-1.067446567543101771e-01,6.385532821932675407e-02,8.390285968780517578e-01,1.207781297662226423e-02,-4.306412106038832316e-02,2.310853720071272266e-01,9.719049124041536647e-01,-2.972165942192077637e-01,-4.582772776484489441e-02,-3.918183743953704834e-01,1.414035856723785400e-01,1.081579104065895081e-01,-6.842590868473052979e-02,1.020723283290863037e-01,-5.292767286300659180e-02,-1.129083856940269470e-01,1.562842726707458496e-01,4.097750782966613770e-01,1.037152633070945740e-01,-1.173405796289443970e-01,3.233458697795867920e-01,-5.907319784164428711e-01,2.936027646064758301e-01,-1.079071760177612305e-01,-5.013865828514099121e-01,0.000000000000000000e+00,-8.935641646385192871e-01,-1.144054532051086426e+00,-9.920465201139450073e-02,-2.344620227813720703e-01,0.000000000000000000e+00
-1.065087887920543458e-01,5.638921922190859998e-02,8.404057621955871582e-01,2.520568692622147944e-02,-2.247096856934724385e-02,2.350647349113474949e-01,9.713929685349749210e-01,-3.709873557090759277e-01,-1.021061167120933533e-01,-4.245212376117706299e-01,2.012289315462112427e-01,7.682276517152786255e-02,-7.691958546638488770e-02,1.991810277104377747e-02,-8.934076875448226929e-02,-6.763685494661331177e-02,2.101172804832458496e-01,3.838572204113006592e-01,1.149238869547843933e-01,-1.943583488464355469e-01,3.259368240833282471e-01,-6.108412742614746094e-01,3.762834668159484863e-01,-1.563035547733306885e-01,-5.796246528625488281e-01,0.000000000000000000e+00,-1.017799139022827148e+00,-1.121958017349243164e+00,-1.681458353996276855e-01,1.442053318023681641e-01,0.000000000000000000e+00
-1.039721468285392247e-01,5.556711218710741473e-02,8.415137529373168945e-01,2.864690517478138063e-02,-1.901296068906252815e-02,2.324898733237044657e-01,9.719909057967935917e-01,-3.748025596141815186e-01,-1.068354919552803040e-01,-4.153957366943359375e-01,2.050553113222122192e-01,7.275281101465225220e-02,-8.521866798400878906e-02,1.074527017772197723e-02,-9.785421937704086304e-02,-6.324032694101333618e-02,2.158303111791610718e-01,3.854759931564331055e-01,1.133508160710334778e-01,-2.226663529872894287e-01,3.376240730285644531e-01,-6.112052202224731445e-01,4.061476588249206543e-01,-1.899642646312713623e-01,-6.019644141197204590e-01,0.000000000000000000e+00,-1.091947793960571289e+00,-1.115762710571289062e+00,-1.473680138587951660e-01,4.219810962677001953e-01,0.000000000000000000e+00
-1.025799868905776652e-01,5.870174537835969042e-02,8.422343134880065918e-01,2.521919181253937450e-02,-2.402276504195943393e-02,2.291158430495613407e-01,9.727758372758598115e-01,-3.545905053615570068e-01,-9.092967957258224487e-02,-4.010009169578552246e-01,1.911208331584930420e-01,8.210524916648864746e-02,-8.968805521726608276e-02,3.175935894250869751e-02,-9.060204774141311646e-02,-8.067458868026733398e-02,2.031473368406295776e-01,3.989098668098449707e-01,1.090494170784950256e-01,-2.100466638803482056e-01,3.684498369693756104e-01,-6.157422065734863281e-01,3.699312806129455566e-01,-1.996379047632217407e-01,-5.829487442970275879e-01,0.000000000000000000e+00,-1.067887783050537109e+00,-1.124744892120361328e+00,-1.273793727159500122e-01,4.728306829929351807e-01,0.000000000000000000e+00
-1.024946720609904438e-01,6.281607439253886205e-02,8.406417369842529297e-01,2.134198120383738739e-02,-3.126398309156259298e-02,2.261903261278646049e-01,9.733473273018814487e-01,-3.292608559131622314e-01,-7.486069202423095703e-02,-3.847281038761138916e-01,1.743568032979965210e-01,9.484245628118515015e-02,-8.588624745607376099e-02,5.780074745416641235e-02,-8.409721404314041138e-02,-1.010221838951110840e-01,1.917230486869812012e-01,4.164077341556549072e-01,1.048306748270988464e-01,-1.773216575384140015e-01,3.960044980049133301e-01,-6.170791983604431152e-01,3.219232261180877686e-01,-2.056038528680801392e-01,-5.599246621131896973e-01,0.000000000000000000e+00,-1.058904886245727539e+00,-1.108974933624267578e+00,-1.052931770682334900e-01,4.511443078517913818e-01,0.000000000000000000e+00
-1.058483507654575384e-01,5.960235837539441806e-02,8.398797512054443359e-01,2.448691279056359332e-02,-2.146279694108813030e-02,2.323526895657294367e-01,9.720863989898350654e-01,-3.704341948032379150e-01,-1.007709056138992310e-01,-4.081347882747650146e-01,1.991683393716812134e-01,8.556628227233886719e-02,-7.350794225931167603e-02,2.062561362981796265e-02,-9.637738764286041260e-02,-8.265759050846099854e-02,2.048085927963256836e-01,4.112769365310668945e-01,1.125564128160476685e-01,-1.960151344537734985e-01,3.404580354690551758e-01,-6.114815473556518555e-01,3.703670501708984375e-01,-1.733811199665069580e-01,-5.737834572792053223e-01,0.000000000000000000e+00,-1.003638982772827148e+00,-1.046783566474914551e+00,-1.399487853050231934e-01,2.274188101291656494e-01,0.000000000000000000e+00
-1.085092519678921841e-01,6.143567172359180178e-02,8.394024968147277832e-01,2.352669189028132324e-02,-1.990251107574015146e-02,2.331731468091356174e-01,9.719468444460865886e-01,-3.794061839580535889e-01,-1.068385094404220581e-01,-4.134861230850219727e-01,2.038690745830535889e-01,8.794019371271133423e-02,-6.708323210477828979e-02,1.138580031692981720e-02,-1.013746559619903564e-01,-8.677062392234802246e-02,2.086920142173767090e-01,4.049198031425476074e-01,1.168510392308235168e-01,-1.809106767177581787e-01,3.036344647407531738e-01,-5.794624090194702148e-01,3.648862242698669434e-01,-1.402507722377777100e-01,-5.758901834487915039e-01,0.000000000000000000e+00,-9.068065285682678223e-01,-1.019793987274169922e+00,-1.160216256976127625e-01,-7.275094278156757355e-03,0.000000000000000000e+00
-1.105580923564613155e-01,6.574908200383050572e-02,8.372957110404968262e-01,1.936820720993753450e-02,-2.878392152338066917e-02,2.235351798691840863e-01,9.740782215880100514e-01,-3.486093878746032715e-01,-8.334838598966598511e-02,-3.902100622653961182e-01,1.812342703342437744e-01,1.028377711772918701e-01,-6.327669322490692139e-02,4.122451692819595337e-02,-9.634403139352798462e-02,-1.124571189284324646e-01,1.912685185670852661e-01,4.132485389709472656e-01,1.006575748324394226e-01,-1.381518244743347168e-01,3.164359331130981445e-01,-5.669163465499877930e-01,3.215099573135375977e-01,-1.434029340744018555e-01,-5.492732524871826172e-01,0.000000000000000000e+00,-8.645132780075073242e-01,-9.938184022903442383e-01,-6.908938288688659668e-02,-6.472739577293395996e-02,0.000000000000000000e+00
-1.156996620727370473e-01,6.498725883489565869e-02,8.381645679473876953e-01,2.046805547344904275e-02,-2.257939547227774332e-02,2.172805264415832160e-01,9.756333340115592723e-01,-3.826616108417510986e-01,-9.490611404180526733e-02,-3.913276195526123047e-01,2.067454457283020020e-01,8.532267808914184570e-02,-5.178417637944221497e-02,3.186225425451993942e-03,-1.070041730999946594e-01,-1.024733409285545349e-01,2.091312110424041748e-01,3.705515265464782715e-01,9.816657006740570068e-02,-1.406729072332382202e-01,2.683492600917816162e-01,-5.460860133171081543e-01,3.499579429626464844e-01,-7.369182258844375610e-02,-5.643502473831176758e-01,0.000000000000000000e+00,-7.061768174171447754e-01,-8.753271698951721191e-01,-1.036862432956695557e-01,-3.908346593379974365e-01,0.000000000000000000e+00
-1.183922600783478135e-01,6.825039052779112436e-02,8.373849391937255859e-01,1.727825230344236587e-02,-2.974828496368940936e-02,1.996906107791504847e-01,9.792549011905468115e-01,-3.527717292308807373e-01,-6.778618693351745605e-02,-3.560907840728759766e-01,1.808398216962814331e-01,1.026418879628181458e-01,-5.038823559880256653e-02,2.787601016461849213e-02,-1.060708463191986084e-01,-1.414213478565216064e-01,1.851683259010314941e-01,3.727714717388153076e-01,7.757745683193206787e-02,-1.057409420609474182e-01,2.859486639499664307e-01,-5.368060469627380371e-01,3.112322986125946045e-01,-8.097499608993530273e-02,-5.419820547103881836e-01,0.000000000000000000e+00,-6.578187346458435059e-01,-8.102954030036926270e-01,-6.432548165321350098e-02,-4.056779742240905762e-01,0.000000000000000000e+00
-1.217221632565464312e-01,7.100681211889675604e-02,8.370919823646545410e-01,1.590616228126271944e-02,-3.317440122981109296e-02,1.796089992998924079e-01,9.830498769009723414e-01,-3.374123275279998779e-01,-4.675715789198875427e-02,-3.131207823753356934e-01,1.641108244657516479e-01,1.107643693685531616e-01,-5.225211381912231445e-02,3.954515233635902405e-02,-1.080732792615890503e-01,-1.724263429641723633e-01,1.613036990165710449e-01,3.574780523777008057e-01,6.090937927365303040e-02,-7.900790125131607056e-02,2.862570285797119141e-01,-5.331251621246337891e-01,2.828204631805419922e-01,-7.963667809963226318e-02,-5.298507809638977051e-01,0.000000000000000000e+00,-6.182993650436401367e-01,-7.272726297378540039e-01,-3.991790115833282471e-02,-4.376754760742187500e-01,0.000000000000000000e+00
-1.254270462660700136e-01,7.167910642653738118e-02,8.365278840065002441e-01,1.583336109019731902e-02,-3.558434680066452360e-02,1.575511673476749364e-01,9.867424631618639808e-01,-3.249059319496154785e-01,-2.998108230531215668e-02,-2.805191278457641602e-01,1.513687968254089355e-01,1.122113913297653198e-01,-4.262871667742729187e-02,4.373420029878616333e-02,-1.105543747544288635e-01,-1.956493705511093140e-01,1.421372741460800171e-01,3.338308930397033691e-01,4.416219145059585571e-02,-6.104538962244987488e-02,2.883405983448028564e-01,-5.406709909439086914e-01,2.647456526756286621e-01,-7.199195027351379395e-02,-5.285960435867309570e-01,0.000000000000000000e+00,-5.718457102775573730e-01,-6.285115480422973633e-01,-1.823275350034236908e-02,-4.670391380786895752e-01,0.000000000000000000e+00
-1.314481539312985781e-01,6.862003311097887581e-02,8.375778794288635254e-01,2.338205201738450395e-02,-2.477096456368712771e-02,1.362771760833176582e-01,9.900849510202633930e-01,-3.763697743415832520e-01,-4.496752470731735229e-02,-2.678559720516204834e-01,1.934870779514312744e-01,8.215108513832092285e-02,-2.864714525640010834e-02,-2.617748267948627472e-02,-1.323826611042022705e-01,-1.409705579280853271e-01,1.781333684921264648e-01,2.684977352619171143e-01,4.806292802095413208e-02,-8.192309737205505371e-02,2.636110186576843262e-01,-5.517236590385437012e-01,2.824446260929107666e-01,-4.077877849340438843e-02,-6.036618947982788086e-01,0.000000000000000000e+00,-4.683233499526977539e-01,-4.760993719100952148e-01,4.951802268624305725e-02,-6.624156236648559570e-01,0.000000000000000000e+00
-1.325594671091853693e-01,6.990534079846515148e-02,8.371143937110900879e-01,2.254452547122173453e-02,-3.199903179233640899e-02,1.158437430577917981e-01,9.924958607117668752e-01,-3.424522280693054199e-01,-2.105043083429336548e-02,-2.253908067941665649e-01,1.701126843690872192e-01,9.462486207485198975e-02,-2.391301468014717102e-02,1.577747170813381672e-03,-1.269826442003250122e-01,-1.489021331071853638e-01,1.527923643589019775e-01,2.633855640888214111e-01,3.580375388264656067e-02,-5.793419480323791504e-02,2.511054873466491699e-01,-5.554822683334350586e-01,2.686231136322021484e-01,-6.044019013643264771e-02,-5.919234156608581543e-01,0.000000000000000000e+00,-4.424231946468353271e-01,-4.247587919235229492e-01,6.573022902011871338e-02,-6.370236873626708984e-01,0.000000000000000000e+00
-1.339452645512390627e-01,6.947461882454218640e-02,8.368449211120605469e-01,2.265452079294144605e-02,-3.468834835991213561e-02,9.497193255864684602e-02,9.946174255470188186e-01,-3.232277333736419678e-01,-1.760689425282180309e-03,-1.870821863412857056e-01,1.529889404773712158e-01,9.698060154914855957e-02,-1.833793334662914276e-02,1.266942452639341354e-02,-1.211511194705963135e-01,-1.290709078311920166e-01,1.289809644222259521e-01,2.430450171232223511e-01,3.373723477125167847e-02,-4.421507567167282104e-02,2.314053773880004883e-01,-5.622645020484924316e-01,2.711554169654846191e-01,-7.325276732444763184e-02,-5.886836051940917969e-01,0.000000000000000000e+00,-4.189698696136474609e-01,-3.788469135761260986e-01,6.955914944410324097e-02,-6.160880327224731445e-01,0.000000000000000000e+00
-1.404387763738710049e-01,6.713405875624893493e-02,8.376922607421875000e-01,2.721956998894156654e-02,-2.154804850153369325e-02,6.983151034947694680e-02,9.969545309479783679e-01,-3.801808655261993408e-01,-4.442423582077026367e-03,-1.757134944200515747e-01,1.898686885833740234e-01,7.916060090065002441e-02,-8.421658538281917572e-03,-6.640890240669250488e-02,-1.257791221141815186e-01,-2.499193698167800903e-02,1.616307944059371948e-01,1.937859803438186646e-01,5.072496831417083740e-02,-5.093093216419219971e-02,2.083220183849334717e-01,-5.444621443748474121e-01,2.996242642402648926e-01,-5.178314074873924255e-02,-6.566144824028015137e-01,0.000000000000000000e+00,-3.870851695537567139e-01,-3.294664621353149414e-01,1.018490567803382874e-01,-6.610621213912963867e-01,0.000000000000000000e+00
-1.434194477128741541e-01,6.786600848053502000e-02,8.386327028274536133e-01,2.639952096224303796e-02,-1.898396778191720202e-02,4.810887931395083084e-02,9.983126814737830479e-01,-3.863609135150909424e-01,1.051277760416269302e-02,-1.495714038610458374e-01,1.910817027091979980e-01,7.832563668489456177e-02,-9.694541222415864468e-04,-7.822798937559127808e-02,-1.199210360646247864e-01,9.100527502596378326e-03,1.483508348464965820e-01,1.763826906681060791e-01,5.916305631399154663e-02,-3.577140718698501587e-02,1.859789341688156128e-01,-5.002192854881286621e-01,2.758901417255401611e-01,-7.939375936985015869e-02,-6.533361673355102539e-01,0.000000000000000000e+00,-3.480060100555419922e-01,-3.183746337890625000e-01,1.381858885288238525e-01,-6.563737392425537109e-01,0.000000000000000000e+00
-1.461192902616397504e-01,6.576326433339023392e-02,8.395181894302368164e-01,2.802803378282008040e-02,-1.645990055223105555e-02,2.644848667696163974e-02,9.991216034840695315e-01,-3.942026495933532715e-01,2.363664843142032623e-02,-1.260263323783874512e-01,1.962616890668869019e-01,7.792243361473083496e-02,4.428692627698183060e-03,-8.927924185991287231e-02,-1.159908175468444824e-01,4.730710387229919434e-02,1.349871605634689331e-01,1.578427553176879883e-01,6.795091927051544189e-02,-2.815407328307628632e-02,1.675804257392883301e-01,-4.365916848182678223e-01,2.642975151538848877e-01,-6.112148612737655640e-02,-6.370462775230407715e-01,0.000000000000000000e+00,-3.201445639133453369e-01,-3.091629147529602051e-01,1.425416767597198486e-01,-6.478689908981323242e-01,0.000000000000000000e+00
-1.495670616466389102e-01,6.307154063564594793e-02,8.403973579406738281e-01,3.111468987713727000e-02,-1.195023277933783025e-02,2.282535880477449663e-03,9.994417732115882247e-01,-4.092438220977783203e-01,3.596724942326545715e-02,-9.803171455860137939e-02,2.059270441532135010e-01,7.547201216220855713e-02,1.146817207336425781e-02,-1.135090962052345276e-01,-1.123238950967788696e-01,9.992994368076324463e-02,1.317542642354965210e-01,1.385666579008102417e-01,7.831571996212005615e-02,-2.305372059345245361e-02,1.661330163478851318e-01,-3.377947807312011719e-01,2.787355482578277588e-01,-3.182313963770866394e-02,-6.244597434997558594e-01,0.000000000000000000e+00,-2.988747954368591309e-01,-3.030222058296203613e-01,1.384004056453704834e-01,-6.503869891166687012e-01,0.000000000000000000e+00
-1.522502087219790856e-01,5.831958214541558411e-02,8.410072922706604004e-01,3.573110513378863207e-02,-9.857849825961004578e-03,-1.878995875293271514e-02,9.991361510689071856e-01,-4.109488129615783691e-01,4.724878817796707153e-02,-7.171136885881423950e-02,2.069669663906097412e-01,7.382359355688095093e-02,1.251305174082517624e-02,-1.250737011432647705e-01,-1.087224483489990234e-01,1.432651281356811523e-01,1.222710981965065002e-01,1.295808553695678711e-01,7.709881663322448730e-02,-2.265716157853603363e-02,1.778924316167831421e-01,-2.320341020822525024e-01,2.991437613964080811e-01,1.485273335129022598e-02,-6.194538474082946777e-01,0.000000000000000000e+00,-2.878066599369049072e-01,-2.903948724269866943e-01,1.251044124364852905e-01,-6.466861367225646973e-01,0.000000000000000000e+00
-1.522217953304222937e-01,5.334071132318901620e-02,8.415678739547729492e-01,3.714503162905662126e-02,-1.598840224757948347e-02,-3.192462549088991713e-02,9.986718359431753234e-01,-3.728628456592559814e-01,6.588862091302871704e-02,-2.812947146594524384e-02,1.824291795492172241e-01,8.455882966518402100e-02,1.626946032047271729e-02,-9.914881736040115356e-02,-1.030806452035903931e-01,1.470960974693298340e-01,1.027801260352134705e-01,1.305043250322341919e-01,7.180356234312057495e-02,-6.569630466401576996e-03,1.941253095865249634e-01,-1.627660095691680908e-01,3.157440423965454102e-01,2.332754805684089661e-02,-5.838812589645385742e-01,0.000000000000000000e+00,-2.730957269668579102e-01,-2.919740080833435059e-01,1.218411102890968323e-01,-6.170621514320373535e-01,0.000000000000000000e+00
-1.527947637286670157e-01,4.715143956708866407e-02,8.429794311523437500e-01,4.089603210751913132e-02,-1.910577728026373323e-02,-4.446110827042152464e-02,9.979908284567267085e-01,-3.449780642986297607e-01,7.664212584495544434e-02,4.007218405604362488e-03,1.624454259872436523e-01,8.711326867341995239e-02,1.858286932110786438e-02,-8.795949071645736694e-02,-1.002075821161270142e-01,1.655737906694412231e-01,9.028620272874832153e-02,1.294361352920532227e-01,7.257226854562759399e-02,4.887386690825223923e-03,2.154879420995712280e-01,-1.041853874921798706e-01,3.585387468338012695e-01,4.957536235451698303e-02,-5.697963833808898926e-01,0.000000000000000000e+00,-2.609381079673767090e-01,-3.004001975059509277e-01,1.178609728813171387e-01,-5.986828804016113281e-01,0.000000000000000000e+00
-1.547667104754057443e-01,4.246019311272859753e-02,8.442419767379760742e-01,4.456268305850127204e-02,-2.276294316545687466e-02,-5.508541434138095050e-02,9.972269615408080323e-01,-3.230514526367187500e-01,8.585798740386962891e-02,4.110058024525642395e-02,1.492757350206375122e-01,8.728984743356704712e-02,1.385564543306827545e-02,-8.453948050737380981e-02,-9.963700920343399048e-02,1.844123899936676025e-01,8.901813626289367676e-02,1.328663378953933716e-01,7.770796865224838257e-02,1.926678977906703949e-02,2.316903024911880493e-01,-8.648627996444702148e-02,4.312475919723510742e-01,9.156733006238937378e-02,-5.822516083717346191e-01,0.000000000000000000e+00,-2.538327574729919434e-01,-3.095726370811462402e-01,1.136588454246520996e-01,-5.865387916564941406e-01,0.000000000000000000e+00
-1.575646121655366605e-01,4.173701114717344451e-02,8.451579809188842773e-01,4.427380829154685393e-02,-2.807762333131615454e-02,-6.656140955011789762e-02,9.964040624797400048e-01,-3.010907769203186035e-01,9.773328900337219238e-02,7.433165609836578369e-02,1.407134234905242920e-01,9.001374989748001099e-02,9.759003296494483948e-03,-8.193781971931457520e-02,-9.407288581132888794e-02,2.021430879831314087e-01,9.327691793441772461e-02,1.393442004919052124e-01,9.556014835834503174e-02,3.920837491750717163e-02,2.366535216569900513e-01,-1.195592731237411499e-01,5.089786052703857422e-01,1.381026953458786011e-01,-6.140268445014953613e-01,0.000000000000000000e+00,-2.616169750690460205e-01,-3.344534635543823242e-01,1.129717007279396057e-01,-5.824495553970336914e-01,0.000000000000000000e+00
-1.603158103836668791e-01,3.863878364745969990e-02,8.443206548690795898e-01,4.496411989727437664e-02,-3.278811863897920786e-02,-7.660899564361367542e-02,9.955070210623613303e-01,-2.826994955539703369e-01,1.087922304868698120e-01,1.043101325631141663e-01,1.334996521472930908e-01,9.664592891931533813e-02,8.496111258864402771e-03,-7.832815498113632202e-02,-8.813082426786422729e-02,2.183620631694793701e-01,9.584745019674301147e-02,1.436206698417663574e-01,1.026252657175064087e-01,5.481613799929618835e-02,2.341224104166030884e-01,-2.056491076946258545e-01,5.935086607933044434e-01,1.707122772932052612e-01,-6.577982902526855469e-01,0.000000000000000000e+00,-2.692708969116210938e-01,-3.426548242568969727e-01,1.227060481905937195e-01,-5.788377523422241211e-01,0.000000000000000000e+00
-1.622127711552041329e-01,3.593984665404030554e-02,8.423892855644226074e-01,4.543296062478958258e-02,-3.676939568828756916e-02,-8.528679719913975776e-02,9.946406486028496197e-01,-2.657262682914733887e-01,1.189446896314620972e-01,1.306519657373428345e-01,1.268246471881866455e-01,1.026256829500198364e-01,2.591051626950502396e-03,-7.266424596309661865e-02,-8.288381993770599365e-02,2.325186282396316528e-01,9.526062756776809692e-02,1.442867219448089600e-01,1.046824306249618530e-01,6.348092854022979736e-02,2.251188158988952637e-01,-3.317763507366180420e-01,6.850307583808898926e-01,2.080838233232498169e-01,-6.923871040344238281e-01,0.000000000000000000e+00,-2.783687412738800049e-01,-3.405864834785461426e-01,1.333346664905548096e-01,-5.748723149299621582e-01,0.000000000000000000e+00
-1.635125622911839938e-01,3.400642832691833095e-02,8.402097821235656738e-01,4.581035585417356226e-02,-3.872359973028911828e-02,-9.336368573092912460e-02,9.938234834754000602e-01,-2.529152035713195801e-01,1.276671737432479858e-01,1.501601636409759521e-01,1.203178465366363525e-01,1.072890982031822205e-01,-2.260513138025999069e-03,-6.953185051679611206e-02,-7.845350354909896851e-02,2.448031455278396606e-01,9.222599864006042480e-02,1.427317410707473755e-01,1.057763621211051941e-01,6.592532992362976074e-02,2.032954245805740356e-01,-4.717013537883758545e-01,7.614227533340454102e-01,2.302237451076507568e-01,-7.074000239372253418e-01,0.000000000000000000e+00,-2.933265566825866699e-01,-3.287406563758850098e-01,1.463592648506164551e-01,-5.738692879676818848e-01,0.000000000000000000e+00
-1.642534513038294286e-01,3.331037455776270778e-02,8.388316631317138672e-01,4.555097636995465021e-02,-3.878315677445308418e-02,-1.007545030083952659e-01,9.931110237158197185e-01,-2.466285973787307739e-01,1.338421702384948730e-01,1.647145599126815796e-01,1.147072613239288330e-01,1.137026846408843994e-01,-1.051476574502885342e-03,-7.068520784378051758e-02,-7.428432255983352661e-02,2.581305503845214844e-01,8.936288207769393921e-02,1.418071836233139038e-01,1.042244210839271545e-01,7.066374272108078003e-02,1.694338172674179077e-01,-5.973855257034301758e-01,8.170546889305114746e-01,2.286217212677001953e-01,-6.928662061691284180e-01,0.000000000000000000e+00,-3.147872984409332275e-01,-3.111594915390014648e-01,1.644995510578155518e-01,-5.731888413429260254e-01,0.000000000000000000e+00
-1.649204123035576397e-01,3.289250769823823944e-02,8.380661606788635254e-01,4.536515175005725875e-02,-3.784508878824509315e-02,-1.067594912916512151e-01,9.925281674997703529e-01,-2.456986159086227417e-01,1.372504085302352905e-01,1.796371638774871826e-01,1.096958070993423462e-01,1.209732145071029663e-01,1.188454261864535511e-04,-7.517310231924057007e-02,-7.036615163087844849e-02,2.710844576358795166e-01,8.816304057836532593e-02,1.392745822668075562e-01,1.032166033983230591e-01,7.949608564376831055e-02,1.337629258632659912e-01,-6.917080283164978027e-01,8.671706318855285645e-01,2.115950435400009155e-01,-6.333377957344055176e-01,0.000000000000000000e+00,-3.410938382148742676e-01,-3.032127320766448975e-01,1.838327646255493164e-01,-5.716265439987182617e-01,0.000000000000000000e+00
-1.663219795493484643e-01,3.325949167498941372e-02,8.381529450416564941e-01,4.616736841025941701e-02,-3.677912764753447916e-02,-1.126104193041945756e-01,9.918844505927549848e-01,-2.460487484931945801e-01,1.388927400112152100e-01,1.918394118547439575e-01,1.071846038103103638e-01,1.288068890571594238e-01,-6.293911137618124485e-04,-8.446862548589706421e-02,-6.976258754730224609e-02,2.831571698188781738e-01,9.125018119812011719e-02,1.383478641510009766e-01,1.021030470728874207e-01,9.201005101203918457e-02,1.024353504180908203e-01,-7.461605072021484375e-01,9.179220199584960938e-01,1.803025603294372559e-01,-5.134612321853637695e-01,0.000000000000000000e+00,-3.693394362926483154e-01,-3.030976355075836182e-01,2.033094763755798340e-01,-5.686119198799133301e-01,0.000000000000000000e+00
-1.759241285561258250e-01,3.920933495873871188e-02,8.383471369743347168e-01,4.081790765129344328e-02,-1.406066841577933470e-02,-1.101492698881972460e-01,9.929770059582292419e-01,-3.599353134632110596e-01,1.410592794418334961e-01,9.743384271860122681e-02,1.532824188470840454e-01,1.336179226636886597e-01,3.267422085627913475e-03,-1.989784836769104004e-01,-3.867441043257713318e-02,3.430820405483245850e-01,1.601691842079162598e-01,1.111868247389793396e-01,1.161814928054809570e-01,1.409001946449279785e-01,6.278982758522033691e-02,-9.332398176193237305e-01,9.789096713066101074e-01,9.117215871810913086e-02,-3.498686477541923523e-02,0.000000000000000000e+00,-3.985752463340759277e-01,-3.983820378780364990e-01,2.686564624309539795e-01,-6.559198498725891113e-01,0.000000000000000000e+00
-1.757181082470471722e-01,4.089752900968947336e-02,8.391280174255371094e-01,3.979438007387060133e-02,-1.365191808395603036e-02,-1.160955868041204653e-01,9.923466366002217098e-01,-3.567399680614471436e-01,1.442861557006835938e-01,1.028278470039367676e-01,1.512764692306518555e-01,1.419453769922256470e-01,9.632760658860206604e-03,-2.042113840579986572e-01,-3.427851572632789612e-02,3.549074232578277588e-01,1.653029769659042358e-01,1.052046418190002441e-01,1.172307133674621582e-01,1.683180928230285645e-01,4.217705875635147095e-02,-9.617676138877868652e-01,1.018503069877624512e+00,-4.784423392266035080e-03,1.644912958145141602e-01,0.000000000000000000e+00,-4.077780842781066895e-01,-4.128922224044799805e-01,2.992475628852844238e-01,-6.683303117752075195e-01,0.000000000000000000e+00
-1.748346086821373491e-01,4.050330250746969618e-02,8.399823904037475586e-01,4.215050864941919523e-02,-1.482094955047362148e-02,-1.234459687648048198e-01,9.913449283023222369e-01,-3.410056829452514648e-01,1.446889340877532959e-01,1.242900192737579346e-01,1.420112550258636475e-01,1.493298262357711792e-01,9.637772105634212494e-03,-2.011061459779739380e-01,-3.778422623872756958e-02,3.639478087425231934e-01,1.620922088623046875e-01,1.091636866331100464e-01,1.168451756238937378e-01,1.778353303670883179e-01,2.411339245736598969e-02,-9.469887018203735352e-01,1.071485638618469238e+00,-3.596651926636695862e-02,1.942470073699951172e-01,0.000000000000000000e+00,-4.175442457199096680e-01,-4.041124582290649414e-01,3.048525452613830566e-01,-6.603443622589111328e-01,0.000000000000000000e+00
-1.766910819821059797e-01,4.085290298899654782e-02,8.404680490493774414e-01,4.425948186809772894e-02,-1.258325449114948598e-02,-1.318508419581249091e-01,9.902010479928367026e-01,-3.434815406799316406e-01,1.457707434892654419e-01,1.343555599451065063e-01,1.392914205789566040e-01,1.577012389898300171e-01,9.632696397602558136e-03,-2.162027060985565186e-01,-3.537320718169212341e-02,3.862267732620239258e-01,1.679166704416275024e-01,1.109455153346061707e-01,1.177070811390876770e-01,1.822833716869354248e-01,1.790652424097061157e-02,-9.148969054222106934e-01,1.114538788795471191e+00,-1.285934727638959885e-02,9.535471349954605103e-02,0.000000000000000000e+00,-4.181541502475738525e-01,-4.111211895942687988e-01,3.106201291084289551e-01,-6.687955260276794434e-01,0.000000000000000000e+00
-1.788619072450825520e-01,4.011334765514486256e-02,8.398762345314025879e-01,4.716354401725707246e-02,-1.349557833805855971e-02,-1.429087288102039721e-01,9.885193800380978058e-01,-3.356056809425354004e-01,1.495434045791625977e-01,1.528140753507614136e-01,1.365819722414016724e-01,1.628017276525497437e-01,8.503511548042297363e-03,-2.226404398679733276e-01,-3.362324088811874390e-02,4.100104272365570068e-01,1.710627824068069458e-01,1.154040619730949402e-01,1.159820184111595154e-01,1.727264970541000366e-01,2.347389794886112213e-02,-8.814296722412109375e-01,1.133252739906311035e+00,-6.880008149892091751e-03,-7.784999907016754150e-02,0.000000000000000000e+00,-4.098643362522125244e-01,-3.980922400951385498e-01,3.104300498962402344e-01,-6.694588661193847656e-01,0.000000000000000000e+00
-1.807361451518968709e-01,3.874185485166581344e-02,8.397464752197265625e-01,5.085213474753797619e-02,-1.319826546780325169e-02,-1.540460102300269529e-01,9.866659479846611180e-01,-3.332300484180450439e-01,1.523713916540145874e-01,1.700524985790252686e-01,1.382649242877960205e-01,1.677632033824920654e-01,9.161230176687240601e-03,-2.325274348258972168e-01,-3.281446173787117004e-02,4.334342181682586670e-01,1.746467500925064087e-01,1.208356842398643494e-01,1.166758835315704346e-01,1.582580357789993286e-01,3.642718493938446045e-02,-8.425127267837524414e-01,1.159766554832458496e+00,3.575093671679496765e-02,-2.832541763782501221e-01,0.000000000000000000e+00,-3.933480083942413330e-01,-3.871887028217315674e-01,2.884410023689270020e-01,-6.677646636962890625e-01,0.000000000000000000e+00
-1.805677881022122178e-01,3.746051840979257308e-02,8.401981592178344727e-01,5.213932445553674799e-02,-1.390911022976745043e-02,-1.637218886949216856e-01,9.850295278112753961e-01,-3.222825527191162109e-01,1.576794832944869995e-01,1.960379034280776978e-01,1.322918832302093506e-01,1.786277145147323608e-01,1.133632753044366837e-02,-2.303265482187271118e-01,-2.962341345846652985e-02,4.507344663143157959e-01,1.711116284132003784e-01,1.256611794233322144e-01,1.181835383176803589e-01,1.486299484968185425e-01,3.934267908334732056e-02,-7.951303124427795410e-01,1.198876261711120605e+00,9.005665779113769531e-02,-4.375248253345489502e-01,0.000000000000000000e+00,-3.855777978897094727e-01,-3.748267889022827148e-01,2.536641061305999756e-01,-6.544905900955200195e-01,0.000000000000000000e+00
-1.772189698963154425e-01,3.486624851277657366e-02,8.402627110481262207e-01,5.247514600002916446e-02,-2.221212615574444035e-02,-1.716014731547158001e-01,9.835171147036783079e-01,-2.785460948944091797e-01,1.648734211921691895e-01,2.400341331958770752e-01,1.224299520254135132e-01,1.803574264049530029e-01,1.373819448053836823e-02,-1.944945603609085083e-01,-3.469269722700119019e-02,4.428841173648834229e-01,1.542328000068664551e-01,1.373764574527740479e-01,1.138698831200599670e-01,1.357023268938064575e-01,3.075345605611801147e-02,-7.781911492347717285e-01,1.211884498596191406e+00,6.700900197029113770e-02,-4.851598143577575684e-01,0.000000000000000000e+00,-3.852176070213317871e-01,-3.365061581134796143e-01,2.525645792484283447e-01,-6.282029151916503906e-01,0.000000000000000000e+00
-1.756739999291825616e-01,3.293509481407019823e-02,8.400255441665649414e-01,5.375014671884992268e-02,-2.703041402749888772e-02,-1.770241373201851265e-01,9.823658856308317144e-01,-2.512729465961456299e-01,1.664775311946868896e-01,2.669741511344909668e-01,1.132071539759635925e-01,1.813449561595916748e-01,1.389387808740139008e-02,-1.734076589345932007e-01,-4.014520719647407532e-02,4.414688050746917725e-01,1.411555111408233643e-01,1.428724676370620728e-01,1.124582588672637939e-01,1.231482475996017456e-01,2.994851581752300262e-02,-7.709480524063110352e-01,1.229075551033020020e+00,6.390144675970077515e-02,-5.217821002006530762e-01,0.000000000000000000e+00,-3.880071043968200684e-01,-3.194130957126617432e-01,2.509676516056060791e-01,-6.068350076675415039e-01,0.000000000000000000e+00
-1.749653656421654990e-01,3.134004796545848681e-02,8.395900726318359375e-01,5.441910378843629881e-02,-3.059562528597960587e-02,-1.799143365621148904e-01,9.816991903610990944e-01,-2.340591996908187866e-01,1.678591817617416382e-01,2.845689654350280762e-01,1.084573417901992798e-01,1.826447695493698120e-01,1.353585161268711090e-02,-1.597722321748733521e-01,-4.175910353660583496e-02,4.420576095581054688e-01,1.349069774150848389e-01,1.463192999362945557e-01,1.099822372198104858e-01,1.125488802790641785e-01,2.793187275528907776e-02,-7.649018168449401855e-01,1.235808491706848145e+00,6.263127177953720093e-02,-5.171613097190856934e-01,0.000000000000000000e+00,-3.935056328773498535e-01,-3.115604221820831299e-01,2.495604753494262695e-01,-5.913314819335937500e-01,0.000000000000000000e+00
-1.739785506783863844e-01,3.031023418961582838e-02,8.392069339752197266e-01,5.475472179061044442e-02,-3.297388392020160486e-02,-1.816103704330605528e-01,9.812911478108913288e-01,-2.232133597135543823e-01,1.685677170753479004e-01,2.954205274581909180e-01,1.065810620784759521e-01,1.825795173645019531e-01,1.470717974007129669e-02,-1.516904234886169434e-01,-4.277877882122993469e-02,4.412484765052795410e-01,1.334701031446456909e-01,1.469493657350540161e-01,1.110704243183135986e-01,1.056758835911750793e-01,2.434087730944156647e-02,-7.668060064315795898e-01,1.245242714881896973e+00,6.332819163799285889e-02,-4.596655666828155518e-01,0.000000000000000000e+00,-4.003522396087646484e-01,-3.083909451961517334e-01,2.493154853582382202e-01,-5.789513587951660156e-01,0.000000000000000000e+00
-1.791802578094952025e-01,3.462475802110513701e-02,8.401200175285339355e-01,5.336690703376160971e-02,-1.663536036219830094e-02,-1.725317800549013014e-01,9.834165052968945053e-01,-3.130602240562438965e-01,1.659335196018218994e-01,2.117903232574462891e-01,1.449686884880065918e-01,1.760371625423431396e-01,1.707742176949977875e-02,-2.297953516244888306e-01,-2.256669662892818451e-02,4.686183333396911621e-01,1.850359886884689331e-01,1.207250282168388367e-01,1.262159794569015503e-01,1.263681501150131226e-01,7.656802772544324398e-04,-8.126944303512573242e-01,1.255004405975341797e+00,1.141781136393547058e-01,-1.768039315938949585e-01,0.000000000000000000e+00,-4.109720587730407715e-01,-3.800540864467620850e-01,2.580459713935852051e-01,-6.389142274856567383e-01,0.000000000000000000e+00
-1.756423015991000203e-01,3.234785862454493677e-02,8.399110436439514160e-01,5.171446076007014947e-02,-2.490359623327519437e-02,-1.735637077536116846e-01,9.831485466569963583e-01,-2.730739712715148926e-01,1.724045425653457642e-01,2.455738633871078491e-01,1.342002302408218384e-01,1.761995255947113037e-01,2.317561395466327667e-02,-1.914856582880020142e-01,-2.567585743963718414e-02,4.536435306072235107e-01,1.689682900905609131e-01,1.284718066453933716e-01,1.206705272197723389e-01,1.187573745846748352e-01,-1.482334919273853302e-02,-8.130728006362915039e-01,1.255100846290588379e+00,6.927338987588882446e-02,-6.809845566749572754e-02,0.000000000000000000e+00,-4.187654554843902588e-01,-3.487941026687622070e-01,2.647522091865539551e-01,-6.151822805404663086e-01,0.000000000000000000e+00
-1.721812185855337851e-01,3.109512502176161805e-02,8.401134610176086426e-01,5.111295191502713414e-02,-2.822283420322627134e-02,-1.734334393277499886e-01,9.831133097964939171e-01,-2.494835704565048218e-01,1.731667667627334595e-01,2.654342353343963623e-01,1.227818503975868225e-01,1.750206649303436279e-01,2.481958270072937012e-02,-1.694234311580657959e-01,-2.971905842423439026e-02,4.436890482902526855e-01,1.562532931566238403e-01,1.302221119403839111e-01,1.178461462259292603e-01,1.140716671943664551e-01,-3.489684313535690308e-02,-8.316338062286376953e-01,1.255931258201599121e+00,4.638812690973281860e-02,5.759371072053909302e-02,0.000000000000000000e+00,-4.322029948234558105e-01,-3.332958519458770752e-01,2.791610062122344971e-01,-5.961203575134277344e-01,0.000000000000000000e+00
-1.700728862113394524e-01,3.131077821465935024e-02,8.399795889854431152e-01,5.072895876335916515e-02,-3.004108340766897117e-02,-1.745496451247932901e-01,9.828817464157566519e-01,-2.339640259742736816e-01,1.725596934556961060e-01,2.781156003475189209e-01,1.139792501926422119e-01,1.749624907970428467e-01,2.289400063455104828e-02,-1.576510220766067505e-01,-3.317869827151298523e-02,4.384928345680236816e-01,1.481477469205856323e-01,1.328321397304534912e-01,1.171192303299903870e-01,1.082738488912582397e-01,-5.649051442742347717e-02,-8.603870868682861328e-01,1.250213384628295898e+00,4.468307644128799438e-02,1.209328696131706238e-01,0.000000000000000000e+00,-4.471383690834045410e-01,-3.280660808086395264e-01,2.905254662036895752e-01,-5.808860659599304199e-01,0.000000000000000000e+00
-1.702772835593412415e-01,3.172422628463572591e-02,8.389490246772766113e-01,5.059363659248967277e-02,-3.147553811430068432e-02,-1.767645406161334198e-01,9.824478976604966718e-01,-2.243700027465820312e-01,1.730386912822723389e-01,2.884041070938110352e-01,1.071162149310112000e-01,1.782225519418716431e-01,2.112960256636142731e-02,-1.527950465679168701e-01,-3.445585817098617554e-02,4.377728104591369629e-01,1.439467817544937134e-01,1.367783546447753906e-01,1.190132200717926025e-01,9.883789718151092529e-02,-5.705426633358001709e-02,-8.903575539588928223e-01,1.242969632148742676e+00,3.804281353950500488e-02,1.053759455680847168e-01,0.000000000000000000e+00,-4.522547721862792969e-01,-3.276837468147277832e-01,2.987939119338989258e-01,-5.686822533607482910e-01,0.000000000000000000e+00
-1.711935321668407173e-01,3.209404276354878988e-02,8.381654620170593262e-01,5.072631372111893744e-02,-3.242422654230400769e-02,-1.796861814741014252e-01,9.818800266919867070e-01,-2.183041572570800781e-01,1.740465015172958374e-01,2.972400188446044922e-01,1.026322171092033386e-01,1.787904053926467896e-01,1.994299143552780151e-02,-1.511815637350082397e-01,-3.525446727871894836e-02,4.398269355297088623e-01,1.405647546052932739e-01,1.403541415929794312e-01,1.209994480013847351e-01,8.752840012311935425e-02,-4.751586169004440308e-02,-9.242327809333801270e-01,1.234691739082336426e+00,2.748021297156810760e-02,2.815622091293334961e-02,0.000000000000000000e+00,-4.411959648132324219e-01,-3.257650136947631836e-01,3.050072193145751953e-01,-5.556868314743041992e-01,0.000000000000000000e+00
-1.776038146314787569e-01,3.621309317314559684e-02,8.399754762649536133e-01,5.114132986634379457e-02,-1.432820794660601138e-02,-1.803593120560915419e-01,9.821658645011005495e-01,-3.110459744930267334e-01,1.748822033405303955e-01,2.272015661001205444e-01,1.447073519229888916e-01,1.703082323074340820e-01,1.702534221112728119e-02,-2.350929826498031616e-01,-1.380050275474786758e-02,4.854357540607452393e-01,1.867106556892395020e-01,1.244345903396606445e-01,1.302991956472396851e-01,9.661980718374252319e-02,1.593234017491340637e-03,-9.103708267211914062e-01,1.198614716529846191e+00,1.530546396970748901e-01,-2.562738060951232910e-01,0.000000000000000000e+00,-3.759574890136718750e-01,-4.212580919265747070e-01,2.438408434391021729e-01,-6.495608687400817871e-01,0.000000000000000000e+00
-1.739492965670290936e-01,3.577121066302112184e-02,8.399162292480468750e-01,4.959765164901429324e-02,-2.266550714337428954e-02,-1.845160333232323258e-01,9.813155359941554412e-01,-2.687616646289825439e-01,1.803699135780334473e-01,2.687463164329528809e-01,1.339019238948822021e-01,1.691280603408813477e-01,2.127441205084323883e-02,-1.970301270484924316e-01,-2.019292116165161133e-02,4.732071161270141602e-01,1.675417572259902954e-01,1.357030123472213745e-01,1.250429898500442505e-01,8.501864969730377197e-02,-5.822043400257825851e-03,-9.067369103431701660e-01,1.206620216369628906e+00,1.300515681505203247e-01,-3.269705772399902344e-01,0.000000000000000000e+00,-3.638324439525604248e-01,-3.975635170936584473e-01,2.419849038124084473e-01,-6.241908073425292969e-01,0.000000000000000000e+00
-1.764630226682133984e-01,3.945244949484426333e-02,8.418394923210144043e-01,4.978565719606937306e-02,-1.342782275484249131e-02,-1.821596380651596681e-01,9.819159577955692830e-01,-3.171122968196868896e-01,1.747741401195526123e-01,2.259529083967208862e-01,1.534893363714218140e-01,1.614516228437423706e-01,2.100255712866783142e-02,-2.353108078241348267e-01,-1.477879099547863007e-02,4.908553063869476318e-01,1.834732890129089355e-01,1.266366988420486450e-01,1.298948973417282104e-01,9.223507344722747803e-02,8.544581010937690735e-03,-8.488757014274597168e-01,1.157144427299499512e+00,2.459607273340225220e-01,-5.674245357513427734e-01,0.000000000000000000e+00,-3.189338743686676025e-01,-4.659188985824584961e-01,1.907848417758941650e-01,-6.763516664505004883e-01,0.000000000000000000e+00
-1.735638374019835561e-01,3.924438885368524560e-02,8.408945798873901367e-01,4.752976715164394794e-02,-2.325301116917222188e-02,-1.840186448612850800e-01,9.814975074087011198e-01,-2.734849154949188232e-01,1.807641983032226562e-01,2.690477669239044189e-01,1.424496322870254517e-01,1.585973650217056274e-01,2.619738504290580750e-02,-1.945710480213165283e-01,-2.127842232584953308e-02,4.740484356880187988e-01,1.654606312513351440e-01,1.383364200592041016e-01,1.243354082107543945e-01,7.864349335432052612e-02,-3.327465150505304337e-03,-8.498303294181823730e-01,1.155442953109741211e+00,2.130221575498580933e-01,-5.856496691703796387e-01,0.000000000000000000e+00,-3.095709383487701416e-01,-4.356616437435150146e-01,2.019251137971878052e-01,-6.505436301231384277e-01,0.000000000000000000e+00
-1.721107744031406539e-01,3.962646325769318689e-02,8.401945233345031738e-01,4.665126562543139843e-02,-2.845395884455186042e-02,-1.823037344835274631e-01,9.817226594283018359e-01,-2.501294016838073730e-01,1.788916438817977905e-01,2.905744314193725586e-01,1.323518306016921997e-01,1.551984697580337524e-01,2.711867727339267731e-02,-1.703552454710006714e-01,-2.824975922703742981e-02,4.614896476268768311e-01,1.507162004709243774e-01,1.424594670534133911e-01,1.210370659828186035e-01,6.790637969970703125e-02,-7.896831259131431580e-03,-8.371154069900512695e-01,1.146312713623046875e+00,1.913016587495803833e-01,-5.480362176895141602e-01,0.000000000000000000e+00,-2.969030439853668213e-01,-4.240475893020629883e-01,2.049647271633148193e-01,-6.273307204246520996e-01,0.000000000000000000e+00
-1.745351242874172426e-01,4.509080600180073034e-02,8.406951427459716797e-01,4.391788090630058261e-02,-1.817341025506536215e-02,-1.676524555426418539e-01,9.846997517248208265e-01,-3.212814033031463623e-01,1.710341721773147583e-01,2.121456563472747803e-01,1.693929582834243774e-01,1.312179267406463623e-01,2.626882679760456085e-02,-2.154690474271774292e-01,-2.052351459860801697e-02,4.606756865978240967e-01,1.811958551406860352e-01,1.162210032343864441e-01,1.308676898479461670e-01,8.854069560766220093e-02,-2.563506551086902618e-02,-8.513242006301879883e-01,1.141646742820739746e+00,2.429346591234207153e-01,-2.696200013160705566e-01,0.000000000000000000e+00,-2.591638565063476562e-01,-4.956649541854858398e-01,1.732960939407348633e-01,-6.716005206108093262e-01,0.000000000000000000e+00
-1.727302947192305704e-01,4.874847433120221146e-02,8.407067060470581055e-01,3.975098608086202051e-02,-1.650837390996032217e-02,-1.584269923077856745e-01,9.864320659856697926e-01,-3.392834067344665527e-01,1.679637432098388672e-01,1.837250888347625732e-01,1.817962527275085449e-01,1.268587410449981689e-01,3.542896732687950134e-02,-2.164648473262786865e-01,-2.031378075480461121e-02,4.442893266677856445e-01,1.843157857656478882e-01,1.101866215467453003e-01,1.309135407209396362e-01,1.014811843633651733e-01,-5.048742890357971191e-02,-8.682605028152465820e-01,1.148984193801879883e+00,1.741136461496353149e-01,3.061954677104949951e-02,0.000000000000000000e+00,-2.347839027643203735e-01,-5.158104300498962402e-01,1.806375682353973389e-01,-6.811828613281250000e-01,0.000000000000000000e+00
-1.690296619605975714e-01,5.117936972774392995e-02,8.410499691963195801e-01,3.763537998647491223e-02,-1.505116942350034383e-02,-1.525560197160946430e-01,9.874632658082229675e-01,-3.457675576210021973e-01,1.654943078756332397e-01,1.755276322364807129e-01,1.869373619556427002e-01,1.260990947484970093e-01,3.611914068460464478e-02,-2.109899222850799561e-01,-2.346597053110599518e-02,4.338467419147491455e-01,1.800488680601119995e-01,1.091199815273284912e-01,1.284322738647460938e-01,1.010781601071357727e-01,-7.323805987834930420e-02,-8.536434769630432129e-01,1.157984495162963867e+00,1.593115925788879395e-01,1.450140476226806641e-01,0.000000000000000000e+00,-2.158575206995010376e-01,-5.141831636428833008e-01,1.853764206171035767e-01,-6.753146052360534668e-01,0.000000000000000000e+00
-1.667136094433298854e-01,5.432985846095380461e-02,8.415906429290771484e-01,3.690950194060720058e-02,-1.217423706453781181e-02,-1.491615893695682760e-01,9.880487320345778812e-01,-3.561167120933532715e-01,1.618463993072509766e-01,1.700526177883148193e-01,1.931618005037307739e-01,1.199829503893852234e-01,3.293925151228904724e-02,-2.152752429246902466e-01,-2.862267382442951202e-02,4.269423782825469971e-01,1.787153184413909912e-01,1.103563308715820312e-01,1.265668421983718872e-01,9.446218609809875488e-02,-7.934869080781936646e-02,-8.054580092430114746e-01,1.164965033531188965e+00,2.014716416597366333e-01,9.971483051776885986e-02,0.000000000000000000e+00,-1.944249719381332397e-01,-5.195400118827819824e-01,1.626394242048263550e-01,-6.756493449211120605e-01,0.000000000000000000e+00
-1.639831978794797085e-01,5.485645720162835026e-02,8.406109809875488281e-01,3.579906526660473626e-02,-1.928770854273807039e-02,-1.503894945836133090e-01,9.877901655433168893e-01,-3.153931796550750732e-01,1.672919839620590210e-01,2.058494538068771362e-01,1.761474609375000000e-01,1.194672584533691406e-01,3.260038048028945923e-02,-1.816297769546508789e-01,-3.605521097779273987e-02,4.104109108448028564e-01,1.592399030923843384e-01,1.213041394948959351e-01,1.201464384794235229e-01,6.940697878599166870e-02,-7.465070486068725586e-02,-7.855889797210693359e-01,1.156768679618835449e+00,1.676725894212722778e-01,5.945941805839538574e-02,0.000000000000000000e+00,-1.758158057928085327e-01,-4.712977707386016846e-01,1.700844317674636841e-01,-6.479586362838745117e-01,0.000000000000000000e+00
-1.658952781664632392e-01,5.862959237033676940e-02,8.406907320022583008e-01,3.747172466340038810e-02,-1.300126097112485300e-02,-1.418241249593690800e-01,9.890969389515975596e-01,-3.605000674724578857e-01,1.511214822530746460e-01,1.574023067951202393e-01,2.016352415084838867e-01,9.437116235494613647e-02,1.989706419408321381e-02,-2.088158428668975830e-01,-4.342184588313102722e-02,4.129040539264678955e-01,1.708270907402038574e-01,1.116905286908149719e-01,1.238480061292648315e-01,5.938960239291191101e-02,-4.244168847799301147e-02,-7.324609160423278809e-01,1.031978368759155273e+00,2.279001176357269287e-01,-1.187895983457565308e-01,0.000000000000000000e+00,-1.294157207012176514e-01,-4.898618757724761963e-01,1.286603212356567383e-01,-6.677591204643249512e-01,0.000000000000000000e+00
-1.623416417473408369e-01,6.049251845206062017e-02,8.398260474205017090e-01,3.458950462286073529e-02,-2.050851866015497571e-02,-1.392970122872701222e-01,9.894338326538826278e-01,-3.182527720928192139e-01,1.541521698236465454e-01,1.870910525321960449e-01,1.798027455806732178e-01,9.075055271387100220e-02,2.407823316752910614e-02,-1.708060801029205322e-01,-5.054066330194473267e-02,3.878181278705596924e-01,1.517354249954223633e-01,1.229924708604812622e-01,1.168136224150657654e-01,3.950959071516990662e-02,-3.012472018599510193e-02,-6.949687600135803223e-01,9.804307222366333008e-01,1.824203133583068848e-01,-1.504425555467605591e-01,0.000000000000000000e+00,-1.238064393401145935e-01,-4.554376304149627686e-01,1.283729523420333862e-01,-6.513648629188537598e-01,0.000000000000000000e+00
-1.619601216054917525e-01,6.629860885733400433e-02,8.407788872718811035e-01,3.390112145023441159e-02,-1.671852896717800074e-02,-1.208838020483785775e-01,9.919467279828683148e-01,-3.601793050765991211e-01,1.292208731174468994e-01,1.203055158257484436e-01,2.066911906003952026e-01,6.013906747102737427e-02,3.051439113914966583e-02,-1.819704025983810425e-01,-6.441570818424224854e-02,3.611913025379180908e-01,1.580028235912322998e-01,1.127261668443679810e-01,1.212114170193672180e-01,4.144051671028137207e-02,-1.043406967073678970e-02,-5.639562606811523438e-01,8.074520826339721680e-01,1.942740529775619507e-01,-3.519704341888427734e-01,0.000000000000000000e+00,-1.183766052126884460e-01,-4.970329403877258301e-01,5.243670195341110229e-02,-7.015744447708129883e-01,0.000000000000000000e+00
-1.594371789336716250e-01,7.027686450882612845e-02,8.405100703239440918e-01,3.318408002635622744e-02,-1.836298169600548286e-02,-1.074724939289000841e-01,9.934844139616580971e-01,-3.579359948635101318e-01,1.144190505146980286e-01,1.046325787901878357e-01,2.048330008983612061e-01,5.866795033216476440e-02,3.318877890706062317e-02,-1.657720655202865601e-01,-7.820775359869003296e-02,3.327356576919555664e-01,1.495946198701858521e-01,1.185200214385986328e-01,1.089160665869712830e-01,2.852114103734493256e-02,-4.728276107925921679e-04,-4.618372619152069092e-01,7.060629725456237793e-01,1.489476710557937622e-01,-4.349215328693389893e-01,0.000000000000000000e+00,-1.627675294876098633e-01,-4.872093498706817627e-01,4.910158365964889526e-02,-7.266448140144348145e-01,0.000000000000000000e+00
-1.571147069576396826e-01,7.427070971614573025e-02,8.406596183776855469e-01,3.228204277127168925e-02,-1.931555596845534531e-02,-9.179339772219778648e-02,9.950672093616379499e-01,-3.610609173774719238e-01,9.628561139106750488e-02,6.856748461723327637e-02,2.071786671876907349e-01,5.435918644070625305e-02,3.747819736599922180e-02,-1.556417196989059448e-01,-8.944587409496307373e-02,3.047250509262084961e-01,1.496778726577758789e-01,1.250962018966674805e-01,9.979837387800216675e-02,1.471843011677265167e-02,6.367085501551628113e-03,-3.595178127288818359e-01,6.063330769538879395e-01,8.334073424339294434e-02,-5.032653212547302246e-01,0.000000000000000000e+00,-2.467231750488281250e-01,-4.808304905891418457e-01,4.949091374874114990e-02,-7.523219585418701172e-01,0.000000000000000000e+00
-1.512150840096255222e-01,7.682696880443000420e-02,8.396912217140197754e-01,2.746313891337920365e-02,-2.869774897066122710e-02,-8.195103187243207854e-02,9.958444876485911257e-01,-3.155888915061950684e-01,1.009781509637832642e-01,8.661071211099624634e-02,1.842397898435592651e-01,5.771778151392936707e-02,3.441057354211807251e-02,-1.105763837695121765e-01,-9.136959910392761230e-02,2.650750875473022461e-01,1.403535455465316772e-01,1.396458894014358521e-01,9.224955737590789795e-02,2.300029387697577477e-03,3.970818966627120972e-02,-3.119751811027526855e-01,5.463667511940002441e-01,5.183963850140571594e-02,-4.852625429630279541e-01,0.000000000000000000e+00,-3.243088722229003906e-01,-4.719979166984558105e-01,4.763512313365936279e-02,-7.608840465545654297e-01,0.000000000000000000e+00
-1.509269235379669116e-01,7.905821299765267152e-02,8.388567566871643066e-01,3.169728635932615723e-02,-2.168096975518908273e-02,-5.452269929915011526e-02,9.977737683708988170e-01,-3.651270270347595215e-01,6.462972611188888550e-02,2.100295387208461761e-02,2.130714505910873413e-01,4.665963351726531982e-02,2.350558713078498840e-02,-1.319673508405685425e-01,-1.126299276947975159e-01,2.278757393360137939e-01,1.569709479808807373e-01,1.355536282062530518e-01,9.355676919221878052e-02,-2.141026407480239868e-02,4.806581512093544006e-02,-2.359650731086730957e-01,4.750646054744720459e-01,5.405932292342185974e-02,-5.677605271339416504e-01,0.000000000000000000e+00,-4.967604577541351318e-01,-4.890885353088378906e-01,-2.668185858055949211e-03,-7.841954231262207031e-01,0.000000000000000000e+00
-1.468067259555872750e-01,8.080114113914538265e-02,8.380134105682373047e-01,3.015223725806904370e-02,-2.409643818661917972e-02,-3.580147782920378718e-02,9.986132677069220476e-01,-3.566800951957702637e-01,5.366241931915283203e-02,1.121847963077016175e-04,2.094961404800415039e-01,4.430179297924041748e-02,1.979727670550346375e-02,-1.119887679815292358e-01,-1.209437027573585510e-01,1.829656362533569336e-01,1.576045304536819458e-01,1.458836048841476440e-01,9.104063361883163452e-02,-3.426668420433998108e-02,8.309292793273925781e-02,-1.984527111053466797e-01,4.251298308372497559e-01,2.701431699097156525e-02,-5.764405131340026855e-01,0.000000000000000000e+00,-6.422578692436218262e-01,-5.076935291290283203e-01,-1.770811155438423157e-02,-7.894746661186218262e-01,0.000000000000000000e+00
-1.438510877814786482e-01,8.055933256339264936e-02,8.373105525970458984e-01,3.188460305993828098e-02,-2.190372012111201083e-02,-1.203888685733076058e-02,9.991789951434141281e-01,-3.693861067295074463e-01,3.219963982701301575e-02,-3.796789795160293579e-02,2.169792205095291138e-01,4.118286073207855225e-02,1.259905844926834106e-02,-1.074844375252723694e-01,-1.329779177904129028e-01,1.436586081981658936e-01,1.647809296846389771e-01,1.583333164453506470e-01,9.174984693527221680e-02,-5.824801325798034668e-02,1.183709874749183655e-01,-1.897029578685760498e-01,3.988687098026275635e-01,4.110699519515037537e-03,-5.983897447586059570e-01,0.000000000000000000e+00,-8.110567927360534668e-01,-5.349088907241821289e-01,-4.129946976900100708e-02,-7.624146938323974609e-01,0.000000000000000000e+00
-1.388789239168963241e-01,7.986712198839532317e-02,8.370494842529296875e-01,3.033110246785251929e-02,-2.313142826109167854e-02,1.058826234265269721e-02,9.992161177394257576e-01,-3.615317940711975098e-01,2.215214818716049194e-02,-6.464222073554992676e-02,2.098609507083892822e-01,3.978336602449417114e-02,2.313290257006883621e-03,-8.325136452913284302e-02,-1.348627358675003052e-01,1.032359153032302856e-01,1.621944308280944824e-01,1.746090203523635864e-01,9.189496189355850220e-02,-7.623316347599029541e-02,1.675163358449935913e-01,-2.087195813655853271e-01,3.837457597255706787e-01,-1.221288647502660751e-02,-6.069285869598388672e-01,0.000000000000000000e+00,-9.390004277229309082e-01,-5.868099331855773926e-01,-4.363288730382919312e-02,-7.155614495277404785e-01,0.000000000000000000e+00
-1.353320221425688974e-01,7.671860778321507035e-02,8.376573920249938965e-01,3.321164653006477424e-02,-1.974794366339879467e-02,3.587875047183824301e-02,9.986088926704032032e-01,-3.719000220298767090e-01,-2.309537958353757858e-04,-1.068849042057991028e-01,2.128530889749526978e-01,3.767169266939163208e-02,-7.538510486483573914e-03,-7.752186059951782227e-02,-1.428172737360000610e-01,7.730761915445327759e-02,1.664709895849227905e-01,1.923652440309524536e-01,9.149283915758132935e-02,-1.134236752986907959e-01,2.039152830839157104e-01,-2.406833171844482422e-01,4.033934175968170166e-01,-3.292844817042350769e-02,-6.273661851882934570e-01,0.000000000000000000e+00,-1.059799790382385254e+00,-6.339076161384582520e-01,-3.800673410296440125e-02,-6.004674434661865234e-01,0.000000000000000000e+00
-1.315200064562418725e-01,7.312798641006161560e-02,8.387649655342102051e-01,3.626396655762053473e-02,-1.705391040964544802e-02,6.054464227436338192e-02,9.973607347199492379e-01,-3.788999021053314209e-01,-2.138976380228996277e-02,-1.417003124952316284e-01,2.152238488197326660e-01,3.236264735460281372e-02,-2.432436868548393250e-02,-7.025178521871566772e-02,-1.499212682247161865e-01,5.043688416481018066e-02,1.711353808641433716e-01,2.114596664905548096e-01,9.352499246597290039e-02,-1.552012264728546143e-01,2.296433448791503906e-01,-2.750458419322967529e-01,4.317766129970550537e-01,-3.165328502655029297e-02,-6.407117247581481934e-01,0.000000000000000000e+00,-1.156713962554931641e+00,-6.805027723312377930e-01,-3.148126229643821716e-02,-4.073711335659027100e-01,0.000000000000000000e+00
-1.271133248479549005e-01,6.974817257561581607e-02,8.402510285377502441e-01,3.845215645320960302e-02,-1.644777114568032189e-02,8.164117892978486890e-02,9.957839225411264650e-01,-3.756266832351684570e-01,-3.678835928440093994e-02,-1.716648936271667480e-01,2.117437124252319336e-01,2.797312848269939423e-02,-3.791355341672897339e-02,-5.574193969368934631e-02,-1.512375771999359131e-01,3.429520130157470703e-02,1.728477627038955688e-01,2.255157530307769775e-01,8.937778323888778687e-02,-1.946330517530441284e-01,2.491498887538909912e-01,-3.050338029861450195e-01,4.694724678993225098e-01,-3.818497061729431152e-02,-6.503689885139465332e-01,0.000000000000000000e+00,-1.226522803306579590e+00,-7.221493124961853027e-01,6.638376973569393158e-03,-1.716972887516021729e-01,0.000000000000000000e+00
-1.238230024988992706e-01,6.657371780968822372e-02,8.421146869659423828e-01,4.216842792777527466e-02,-1.405959613251185625e-02,9.717814144169818757e-02,9.942738859432184162e-01,-3.762039542198181152e-01,-5.287103354930877686e-02,-1.949698179960250854e-01,2.082846462726593018e-01,2.897986397147178650e-02,-4.456233233213424683e-02,-5.297081917524337769e-02,-1.557334363460540771e-01,3.832210972905158997e-02,1.778120100498199463e-01,2.428095787763595581e-01,9.259601682424545288e-02,-2.390196770429611206e-01,2.561075389385223389e-01,-3.242700695991516113e-01,5.014221072196960449e-01,-4.717192798852920532e-02,-6.597916483879089355e-01,0.000000000000000000e+00,-1.307164072990417480e+00,-7.460050582885742188e-01,6.526080518960952759e-02,1.122569367289543152e-01,0.000000000000000000e+00
-1.202044857909824183e-01,6.683521183774139562e-02,8.436241745948791504e-01,4.093162141026437245e-02,-1.436020014509855648e-02,1.106742918500601275e-01,9.929096575942885083e-01,-3.693593144416809082e-01,-5.792051181197166443e-02,-2.118360698223114014e-01,2.017678171396255493e-01,2.920497395098209381e-02,-5.363900214433670044e-02,-3.954005241394042969e-02,-1.516976505517959595e-01,3.581890836358070374e-02,1.775449216365814209e-01,2.602978646755218506e-01,9.760456532239913940e-02,-2.588368356227874756e-01,2.660576105117797852e-01,-3.403140306472778320e-01,5.018751621246337891e-01,-5.827403441071510315e-02,-6.579549908638000488e-01,0.000000000000000000e+00,-1.360041975975036621e+00,-7.408929467201232910e-01,1.105641424655914307e-01,3.582498431205749512e-01,0.000000000000000000e+00
-1.171464557779534899e-01,6.941717097205743481e-02,8.447660803794860840e-01,3.669511093427223897e-02,-1.744577229102399485e-02,1.202632019650426015e-01,9.919102157533244979e-01,-3.525088429450988770e-01,-5.519266799092292786e-02,-2.244348824024200439e-01,1.889459341764450073e-01,3.576503694057464600e-02,-5.296064540743827820e-02,-1.809456758201122284e-02,-1.438208520412445068e-01,2.884037792682647705e-02,1.711090952157974243e-01,2.798967361450195312e-01,1.035998612642288208e-01,-2.594175636768341064e-01,2.909623682498931885e-01,-3.678608238697052002e-01,4.744305014610290527e-01,-5.434251204133033752e-02,-6.412444710731506348e-01,0.000000000000000000e+00,-1.339389324188232422e+00,-7.705659866333007812e-01,1.396971344947814941e-01,4.313122630119323730e-01,0.000000000000000000e+00
-1.149930985910721792e-01,7.183328468881909623e-02,8.443005681037902832e-01,3.363679772305679799e-02,-1.803332128284455479e-02,1.330657627759169459e-01,9.903720856018263241e-01,-3.482700288295745850e-01,-6.024979799985885620e-02,-2.443836778402328491e-01,1.837986260652542114e-01,4.392641037702560425e-02,-5.362548679113388062e-02,-4.371039569377899170e-03,-1.400885581970214844e-01,1.527911983430385590e-02,1.670729070901870728e-01,3.030997216701507568e-01,1.138931512832641602e-01,-2.551854848861694336e-01,3.008931875228881836e-01,-3.905975818634033203e-01,4.608100950717926025e-01,-5.457325652241706848e-02,-6.343151330947875977e-01,0.000000000000000000e+00,-1.301147222518920898e+00,-8.202367424964904785e-01,1.438696980476379395e-01,3.841590881347656250e-01,0.000000000000000000e+00
-1.146388904636076733e-01,7.277216910440800768e-02,8.436933159828186035e-01,3.233160365179810203e-02,-1.548963114496687554e-02,1.484938365901551649e-01,9.882632843665862810e-01,-3.570879101753234863e-01,-7.441686093807220459e-02,-2.784222066402435303e-01,1.847770512104034424e-01,5.017933249473571777e-02,-4.972077161073684692e-02,-3.692008787766098976e-03,-1.406314224004745483e-01,-6.507597398012876511e-03,1.661507785320281982e-01,3.229124248027801514e-01,1.211863607168197632e-01,-2.566491067409515381e-01,2.942669093608856201e-01,-4.117341041564941406e-01,4.598494172096252441e-01,-5.331809073686599731e-02,-6.401908993721008301e-01,0.000000000000000000e+00,-1.218081474304199219e+00,-8.832417726516723633e-01,9.711106866598129272e-02,2.249179631471633911e-01,0.000000000000000000e+00
-1.146773906160802325e-01,7.651140143778835390e-02,8.418344259262084961e-01,2.741384405763290857e-02,-1.586976738117746102e-02,1.633123058919538906e-01,9.860657799465024631e-01,-3.614210784435272217e-01,-8.153414726257324219e-02,-3.051074445247650146e-01,1.863579303026199341e-01,6.049737706780433655e-02,-4.726539179682731628e-02,5.242081824690103531e-03,-1.356263160705566406e-01,-3.753662481904029846e-02,1.643177866935729980e-01,3.474803566932678223e-01,1.208760291337966919e-01,-2.343262284994125366e-01,2.900411486625671387e-01,-4.251774847507476807e-01,4.319091737270355225e-01,-4.556878283619880676e-02,-6.357941627502441406e-01,0.000000000000000000e+00,-1.137405037879943848e+00,-9.232804179191589355e-01,2.548913471400737762e-02,4.610807448625564575e-02,0.000000000000000000e+00
-1.148194619652643800e-01,8.093223337040275633e-02,8.405141234397888184e-01,2.188863966657345062e-02,-1.769815765898686069e-02,1.750531462053076248e-01,9.841565214297204323e-01,-3.613897860050201416e-01,-8.391964435577392578e-02,-3.250541090965270996e-01,1.878627985715866089e-01,6.462945044040679932e-02,-3.914321586489677429e-02,1.559025328606367111e-02,-1.312601864337921143e-01,-7.350446283817291260e-02,1.633196473121643066e-01,3.630581200122833252e-01,1.186326071619987488e-01,-2.103597074747085571e-01,2.850345969200134277e-01,-4.358816742897033691e-01,3.996976017951965332e-01,-2.797221392393112183e-02,-6.219339370727539062e-01,0.000000000000000000e+00,-1.074392318725585938e+00,-9.481622576713562012e-01,-5.517902970314025879e-02,-1.125658079981803894e-01,0.000000000000000000e+00
-1.134489154615895279e-01,8.620450897254398892e-02,8.396027684211730957e-01,1.525665928635385263e-02,-2.373098679340408454e-02,1.807604783861160858e-01,9.831224359492840570e-01,-3.431101739406585693e-01,-7.278318703174591064e-02,-3.265848755836486816e-01,1.790905892848968506e-01,7.440424710512161255e-02,-3.620191663503646851e-02,4.136180505156517029e-02,-1.188183575868606567e-01,-1.001410409808158875e-01,1.539212018251419067e-01,3.825479447841644287e-01,1.138651967048645020e-01,-1.811719834804534912e-01,2.978017628192901611e-01,-4.398574829101562500e-01,3.577730953693389893e-01,-2.456028200685977936e-02,-5.997897982597351074e-01,0.000000000000000000e+00,-1.047514081001281738e+00,-9.721810817718505859e-01,-8.164361119270324707e-02,-1.917621493339538574e-01,0.000000000000000000e+00
-1.111698893542462374e-01,9.117748517988957802e-02,8.387235999107360840e-01,9.217908400379825132e-03,-3.109991908040222325e-02,1.820803779416188262e-01,9.827484729912084882e-01,-3.156589269638061523e-01,-5.666884034872055054e-02,-3.187844157218933105e-01,1.637260913848876953e-01,8.405458927154541016e-02,-3.513611853122711182e-02,6.852124631404876709e-02,-1.073476970195770264e-01,-1.253258585929870605e-01,1.474008858203887939e-01,4.020537734031677246e-01,1.092725992202758789e-01,-1.531710922718048096e-01,3.230087757110595703e-01,-4.435971677303314209e-01,3.142821490764617920e-01,-2.988751977682113647e-02,-5.766488909721374512e-01,0.000000000000000000e+00,-1.045074820518493652e+00,-9.877063035964965820e-01,-8.362310379743576050e-02,-2.233996540307998657e-01,0.000000000000000000e+00
-1.091864807382782881e-01,9.397953379972748267e-02,8.389071226119995117e-01,5.348642546549544144e-03,-3.430318665199016959e-02,1.830619707111912908e-01,9.824881669963069220e-01,-3.006954193115234375e-01,-4.656483978033065796e-02,-3.157172203063964844e-01,1.533212214708328247e-01,8.782903850078582764e-02,-3.532269597053527832e-02,8.482445776462554932e-02,-9.906837344169616699e-02,-1.391061544418334961e-01,1.381017267704010010e-01,4.144541323184967041e-01,1.057919636368751526e-01,-1.411183476448059082e-01,3.467883169651031494e-01,-4.572387039661407471e-01,2.939122021198272705e-01,-3.404027596116065979e-02,-5.611981153488159180e-01,0.000000000000000000e+00,-1.046567201614379883e+00,-9.992727637290954590e-01,-9.128542244434356689e-02,-2.310783565044403076e-01,0.000000000000000000e+00
-1.077133628284737410e-01,9.539911652291521715e-02,8.395532965660095215e-01,3.342823721056583774e-03,-3.561657451222389331e-02,1.820821460332366637e-01,9.826323713604779853e-01,-2.924374639987945557e-01,-3.993999585509300232e-02,-3.128015100955963135e-01,1.473906785249710083e-01,8.916319161653518677e-02,-3.845921158790588379e-02,9.268790483474731445e-02,-9.465524554252624512e-02,-1.427127867937088013e-01,1.319088935852050781e-01,4.237838983535766602e-01,1.030933037400245667e-01,-1.398423910140991211e-01,3.697223365306854248e-01,-4.754498898983001709e-01,2.824431359767913818e-01,-4.482216015458106995e-02,-5.513613224029541016e-01,0.000000000000000000e+00,-1.047142863273620605e+00,-1.010006904602050781e+00,-9.109910577535629272e-02,-1.949805468320846558e-01,0.000000000000000000e+00
-1.084601768588674409e-01,8.651506917209930703e-02,8.417821526527404785e-01,1.895135429857493919e-02,-1.774158674396474414e-02,1.873060600044969826e-01,9.819585134595290032e-01,-3.571303188800811768e-01,-9.236773848533630371e-02,-3.455286920070648193e-01,1.971823275089263916e-01,5.598387867212295532e-02,-4.771602898836135864e-02,2.537238970398902893e-02,-1.304752081632614136e-01,-1.019819229841232300e-01,1.691390722990036011e-01,4.007973968982696533e-01,1.148301064968109131e-01,-2.285425513982772827e-01,3.432333767414093018e-01,-5.075956583023071289e-01,3.915662169456481934e-01,-7.105052471160888672e-02,-6.079350113868713379e-01,0.000000000000000000e+00,-1.124516367912292480e+00,-9.999468922615051270e-01,-1.487815976142883301e-01,3.587963432073593140e-02,0.000000000000000000e+00
-1.075800227499700418e-01,8.539326409088371372e-02,8.427051901817321777e-01,2.226687192904506715e-02,-1.425528453399940894e-02,1.865150901938543437e-01,9.820962755286921642e-01,-3.654477000236511230e-01,-1.011185497045516968e-01,-3.472005724906921387e-01,2.056315690279006958e-01,4.177496582269668579e-02,-5.522132664918899536e-02,1.268584746867418289e-02,-1.381381303071975708e-01,-9.284734725952148438e-02,1.777565777301788330e-01,3.972292542457580566e-01,1.150393560528755188e-01,-2.565037608146667480e-01,3.283863067626953125e-01,-5.040543675422668457e-01,4.250943660736083984e-01,-9.542919695377349854e-02,-6.354990601539611816e-01,0.000000000000000000e+00,-1.257666945457458496e+00,-9.280634522438049316e-01,-9.861782193183898926e-02,3.290105760097503662e-01,0.000000000000000000e+00
-1.065722180085003495e-01,8.628221689553718099e-02,8.443412780761718750e-01,2.099720479405994128e-02,-1.673834965023085139e-02,1.840217747719635200e-01,9.825553070700904224e-01,-3.528537452220916748e-01,-9.261107444763183594e-02,-3.402011394500732422e-01,1.954785287380218506e-01,4.543942958116531372e-02,-5.839546769857406616e-02,2.645668014883995056e-02,-1.340112984180450439e-01,-9.985488653182983398e-02,1.666952967643737793e-01,4.017626345157623291e-01,1.086530536413192749e-01,-2.635225355625152588e-01,3.421448767185211182e-01,-5.130167007446289062e-01,4.228689968585968018e-01,-1.040299311280250549e-01,-6.289635300636291504e-01,0.000000000000000000e+00,-1.230165600776672363e+00,-9.783303737640380859e-01,-5.194930732250213623e-02,4.040872454643249512e-01,0.000000000000000000e+00
-1.070096014048293187e-01,8.754773118622634354e-02,8.442764878273010254e-01,1.948627390730733183e-02,-1.706686686328600516e-02,1.849454433441125312e-01,9.824073443185010746e-01,-3.511663973331451416e-01,-9.077485650777816772e-02,-3.395115733146667480e-01,1.912373304367065430e-01,4.922084882855415344e-02,-5.846222490072250366e-02,3.118593059480190277e-02,-1.320743411779403687e-01,-1.053533554077148438e-01,1.605294495820999146e-01,4.052668213844299316e-01,1.103243753314018250e-01,-2.570335268974304199e-01,3.492063581943511963e-01,-5.218155384063720703e-01,4.173031449317932129e-01,-1.142529249191284180e-01,-6.270211935043334961e-01,0.000000000000000000e+00,-1.209644079208374023e+00,-9.870713949203491211e-01,-6.364857405424118042e-02,3.661123514175415039e-01,0.000000000000000000e+00
-1.085358421004054413e-01,8.824471435153098675e-02,8.431776165962219238e-01,1.691825471315816162e-02,-1.636622991585706330e-02,1.898006708860275615e-01,9.815404344737999054e-01,-3.567573130130767822e-01,-9.082075208425521851e-02,-3.484721183776855469e-01,1.902480870485305786e-01,5.569115281105041504e-02,-6.099216639995574951e-02,3.050939925014972687e-02,-1.284462064504623413e-01,-1.123799607157707214e-01,1.571970283985137939e-01,4.110336899757385254e-01,1.134879216551780701e-01,-2.428127676248550415e-01,3.394965827465057373e-01,-5.234709978103637695e-01,4.097346663475036621e-01,-1.183834224939346313e-01,-6.273198723793029785e-01,0.000000000000000000e+00,-1.166209578514099121e+00,-1.002621531486511230e+00,-6.932160258293151855e-02,2.379793375730514526e-01,0.000000000000000000e+00
-1.108957748922954900e-01,8.840525647906360973e-02,8.423300981521606445e-01,1.646061738088220455e-02,-1.303503862927857596e-02,1.966292770833462655e-01,9.802530608149377933e-01,-3.711936473846435547e-01,-1.010458245873451233e-01,-3.634765148162841797e-01,1.950781196355819702e-01,6.085808575153350830e-02,-5.519711971282958984e-02,1.869027875363826752e-02,-1.323277801275253296e-01,-1.166852265596389771e-01,1.619620472192764282e-01,4.145606756210327148e-01,1.170688569545745850e-01,-2.346175312995910645e-01,3.117410242557525635e-01,-5.108157992362976074e-01,4.120020866394042969e-01,-9.967090189456939697e-02,-6.306692957878112793e-01,0.000000000000000000e+00,-1.104069709777832031e+00,-1.028504848480224609e+00,-1.062293872237205505e-01,5.302115902304649353e-02,0.000000000000000000e+00
-1.125663625354556691e-01,9.177091782516368090e-02,8.411181569099426270e-01,1.165250546524386477e-02,-1.495372983218929211e-02,1.964373255284757036e-01,9.803330975845445661e-01,-3.670631051063537598e-01,-9.337159991264343262e-02,-3.676690459251403809e-01,1.887943446636199951e-01,6.395056843757629395e-02,-4.925602301955223083e-02,2.242640964686870575e-02,-1.252777874469757080e-01,-1.216029599308967590e-01,1.593299806118011475e-01,4.186818301677703857e-01,1.164440885186195374e-01,-2.039008140563964844e-01,3.088358342647552490e-01,-4.950103163719177246e-01,3.840257227420806885e-01,-8.234235644340515137e-02,-6.206598877906799316e-01,0.000000000000000000e+00,-1.077549695968627930e+00,-1.039983034133911133e+00,-1.240469515323638916e-01,-9.382676333189010620e-02,0.000000000000000000e+00
-1.126237763497303090e-01,9.575568342156327850e-02,8.406096100807189941e-01,6.240163352873250545e-03,-2.278387043004767576e-02,1.920557691979534742e-01,9.810996570824692675e-01,-3.390003144741058350e-01,-7.260972261428833008e-02,-3.514757454395294189e-01,1.696505397558212280e-01,7.419402897357940674e-02,-4.636776074767112732e-02,4.791044443845748901e-02,-1.145176813006401062e-01,-1.414653658866882324e-01,1.495391130447387695e-01,4.279430508613586426e-01,1.093011721968650818e-01,-1.679551154375076294e-01,3.286512792110443115e-01,-4.847412109375000000e-01,3.400494456291198730e-01,-8.325991779565811157e-02,-5.934458971023559570e-01,0.000000000000000000e+00,-1.062992453575134277e+00,-1.053321242332458496e+00,-1.017002239823341370e-01,-1.499701589345932007e-01,0.000000000000000000e+00
-1.129041678337489862e-01,9.782511125299858668e-02,8.408174514770507812e-01,2.754313684888450194e-03,-2.568374150087266578e-02,1.863462811434372091e-01,9.821445019357654127e-01,-3.251337409019470215e-01,-5.663384497165679932e-02,-3.361203074455261230e-01,1.549936383962631226e-01,7.726733386516571045e-02,-4.368257150053977966e-02,5.972074717283248901e-02,-1.068459823727607727e-01,-1.502230763435363770e-01,1.363947391510009766e-01,4.268670082092285156e-01,1.064809188246726990e-01,-1.495310813188552856e-01,3.425813317298889160e-01,-4.822086095809936523e-01,3.174336850643157959e-01,-8.802951872348785400e-02,-5.721113085746765137e-01,0.000000000000000000e+00,-1.055545687675476074e+00,-1.053019404411315918e+00,-9.525210410356521606e-02,-2.082223892211914062e-01,0.000000000000000000e+00
-1.132826259055373513e-01,9.842745993042242847e-02,8.414186835289001465e-01,1.311123523355226103e-03,-2.717625858062393263e-02,1.791666643601526054e-01,9.834424428031983689e-01,-3.162908256053924561e-01,-4.514828696846961975e-02,-3.205925822257995605e-01,1.460718512535095215e-01,7.576755434274673462e-02,-4.429199174046516418e-02,6.525788456201553345e-02,-1.028456464409828186e-01,-1.509591937065124512e-01,1.268293857574462891e-01,4.187424778938293457e-01,1.029243543744087219e-01,-1.416557580232620239e-01,3.547785282135009766e-01,-4.870324432849884033e-01,3.044477403163909912e-01,-9.516084194183349609e-02,-5.567074418067932129e-01,0.000000000000000000e+00,-1.051865339279174805e+00,-1.043879389762878418e+00,-9.375750273466110229e-02,-2.329541891813278198e-01,0.000000000000000000e+00
-1.140279236673141516e-01,9.776187814409795229e-02,8.419856429100036621e-01,1.727857871711316372e-03,-2.874237780386194874e-02,1.700168880255777393e-01,9.850203794904212051e-01,-3.109183013439178467e-01,-3.705298528075218201e-02,-3.038744926452636719e-01,1.425992399454116821e-01,7.651410251855850220e-02,-4.587242379784584045e-02,6.773830950260162354e-02,-1.016091257333755493e-01,-1.451498419046401978e-01,1.206315532326698303e-01,4.079509675502777100e-01,9.874565154314041138e-02,-1.416468769311904907e-01,3.673935830593109131e-01,-4.983353614807128906e-01,2.994348704814910889e-01,-1.063648611307144165e-01,-5.469927191734313965e-01,0.000000000000000000e+00,-1.045800447463989258e+00,-1.031062126159667969e+00,-8.507780730724334717e-02,-1.921070516109466553e-01,0.000000000000000000e+00
-1.165731569254784827e-01,8.604580091295459254e-02,8.432120084762573242e-01,2.213202212326978446e-02,-1.084350317207389766e-02,1.662070034845975208e-01,9.857828483131381159e-01,-3.797234296798706055e-01,-8.920095115900039673e-02,-3.145400583744049072e-01,1.988124847412109375e-01,4.228205978870391846e-02,-5.544893816113471985e-02,-1.341416873037815094e-02,-1.438828557729721069e-01,-8.213352411985397339e-02,1.690275371074676514e-01,3.520027399063110352e-01,1.034199371933937073e-01,-2.400198280811309814e-01,3.077896535396575928e-01,-4.946214854717254639e-01,4.537593126296997070e-01,-1.120990291237831116e-01,-6.327979564666748047e-01,0.000000000000000000e+00,-1.207994937896728516e+00,-9.337189793586730957e-01,-1.045488044619560242e-01,1.486052572727203369e-01,0.000000000000000000e+00
-1.172729306685484085e-01,8.245048575733461560e-02,8.436380028724670410e-01,2.850365184635881427e-02,-1.022913979133640260e-02,1.559939459378384963e-01,9.872936722988219227e-01,-3.797053694725036621e-01,-9.112552553415298462e-02,-2.949135899543762207e-01,2.011719197034835815e-01,3.703061118721961975e-02,-6.185891106724739075e-02,-2.028903737664222717e-02,-1.541129052639007568e-01,-7.776919752359390259e-02,1.700336188077926636e-01,3.252770602703094482e-01,9.018551558256149292e-02,-2.677728533744812012e-01,2.911424338817596436e-01,-4.865671992301940918e-01,4.984114468097686768e-01,-1.232421919703483582e-01,-6.523436903953552246e-01,0.000000000000000000e+00,-1.323952436447143555e+00,-8.453297019004821777e-01,-4.968191310763359070e-02,4.689480066299438477e-01,0.000000000000000000e+00
-1.184565469813128324e-01,8.134231771820436829e-02,8.441331386566162109e-01,2.722521483969591455e-02,-1.352014741426345659e-02,1.450982464975128783e-01,9.889501970039624723e-01,-3.688979148864746094e-01,-7.465669512748718262e-02,-2.746173441410064697e-01,1.919286400079727173e-01,4.629072546958923340e-02,-6.784141063690185547e-02,-8.852549828588962555e-03,-1.491653919219970703e-01,-9.383977204561233521e-02,1.545486003160476685e-01,3.105210065841674805e-01,8.011074364185333252e-02,-2.640611827373504639e-01,3.066818416118621826e-01,-4.966321289539337158e-01,4.895659387111663818e-01,-1.317316889762878418e-01,-6.434266567230224609e-01,0.000000000000000000e+00,-1.290401458740234375e+00,-8.558764457702636719e-01,-5.086835473775863647e-03,5.180920362472534180e-01,0.000000000000000000e+00
-1.212137117563918121e-01,8.096223962555679221e-02,8.424395322799682617e-01,2.647729132579833278e-02,-1.529361573678334092e-02,1.354804117195777813e-01,9.903080916573580028e-01,-3.676778078079223633e-01,-6.477007269859313965e-02,-2.594266533851623535e-01,1.897891312837600708e-01,5.397408455610275269e-02,-6.668885797262191772e-02,-8.160395547747612000e-03,-1.476713269948959351e-01,-1.098077297210693359e-01,1.475094109773635864e-01,2.918303012847900391e-01,7.116583734750747681e-02,-2.427532672882080078e-01,3.206648230552673340e-01,-5.020577311515808105e-01,4.743534922599792480e-01,-1.309483945369720459e-01,-6.343874931335449219e-01,0.000000000000000000e+00,-1.254923224449157715e+00,-8.277891874313354492e-01,-5.996800027787685394e-03,4.382876455783843994e-01,0.000000000000000000e+00
-1.252181102992315220e-01,7.728282630630889383e-02,8.412135243415832520e-01,2.938116121737352482e-02,-1.246540754610723362e-02,1.317379818264610425e-01,9.907706420380648638e-01,-3.849420547485351562e-01,-6.949917972087860107e-02,-2.617025673389434814e-01,1.984637230634689331e-01,5.400737747550010681e-02,-6.136182323098182678e-02,-2.729460410773754120e-02,-1.527459025382995605e-01,-1.161957234144210815e-01,1.523416936397552490e-01,2.670168280601501465e-01,6.581667065620422363e-02,-2.378777563571929932e-01,3.028707504272460938e-01,-4.854257702827453613e-01,4.884485602378845215e-01,-1.111599653959274292e-01,-6.389333009719848633e-01,0.000000000000000000e+00,-1.154771327972412109e+00,-7.970803380012512207e-01,-2.403507567942142487e-02,2.257206887006759644e-01,0.000000000000000000e+00
-1.294607026102232439e-01,7.725611171319135551e-02,8.389067053794860840e-01,2.873018081039519292e-02,-1.293483573989361382e-02,1.268334798331767765e-01,9.914234892962699996e-01,-3.931936025619506836e-01,-6.722367554903030396e-02,-2.593526542186737061e-01,2.029663473367691040e-01,5.850794911384582520e-02,-5.319348350167274475e-02,-3.562541678547859192e-02,-1.537888795137405396e-01,-1.250498294830322266e-01,1.537163853645324707e-01,2.517736554145812988e-01,6.175038591027259827e-02,-2.016647607088088989e-01,2.937614917755126953e-01,-4.527545273303985596e-01,4.619948267936706543e-01,-9.076188504695892334e-02,-6.286119818687438965e-01,0.000000000000000000e+00,-1.044985175132751465e+00,-7.623245716094970703e-01,-1.353758666664361954e-02,1.280518900603055954e-02,0.000000000000000000e+00
-1.340031225059025166e-01,7.668018953055942555e-02,8.379609584808349609e-01,2.701429931980153104e-02,-1.521143380192135734e-02,1.191651286827735273e-01,9.923903022601380242e-01,-3.947586417198181152e-01,-5.832288041710853577e-02,-2.521561980247497559e-01,2.026608586311340332e-01,6.379768252372741699e-02,-4.616355150938034058e-02,-4.105017706751823425e-02,-1.475699692964553833e-01,-1.098852902650833130e-01,1.549090743064880371e-01,2.353372126817703247e-01,5.725846439599990845e-02,-1.643738597631454468e-01,2.826742827892303467e-01,-4.113300442695617676e-01,4.598646461963653564e-01,-5.469095706939697266e-02,-6.188536882400512695e-01,0.000000000000000000e+00,-9.233538508415222168e-01,-7.181790471076965332e-01,2.887931885197758675e-03,-1.636582016944885254e-01,0.000000000000000000e+00
-1.381686320644237020e-01,7.393998739633374229e-02,8.386732339859008789e-01,2.720810241617830499e-02,-1.777882087464617566e-02,1.091862536726651706e-01,9.934898060373575923e-01,-3.936798274517059326e-01,-4.667695239186286926e-02,-2.377882748842239380e-01,2.008883059024810791e-01,6.853535026311874390e-02,-4.283562302589416504e-02,-4.826131090521812439e-02,-1.419672518968582153e-01,-8.746810257434844971e-02,1.568305790424346924e-01,2.127153873443603516e-01,5.882671102881431580e-02,-1.417860686779022217e-01,2.752845585346221924e-01,-3.709443509578704834e-01,4.764135479927062988e-01,-8.093791082501411438e-03,-6.201311349868774414e-01,0.000000000000000000e+00,-7.742553949356079102e-01,-6.564925312995910645e-01,2.796143293380737305e-02,-3.075823187828063965e-01,0.000000000000000000e+00
-1.416487273621732379e-01,7.060260823752630144e-02,8.395406603813171387e-01,2.885602677643855224e-02,-1.947982611535638633e-02,9.681145364478448145e-02,9.946936254628240270e-01,-3.903501331806182861e-01,-3.572253510355949402e-02,-2.176493853330612183e-01,1.968576759099960327e-01,7.059608399868011475e-02,-3.634631261229515076e-02,-5.552916228771209717e-02,-1.401483416557312012e-01,-6.999680399894714355e-02,1.568853408098220825e-01,1.943174749612808228e-01,6.506727635860443115e-02,-1.219486743211746216e-01,2.782238125801086426e-01,-3.343344628810882568e-01,5.061207413673400879e-01,4.971208423376083374e-02,-6.455144882202148438e-01,0.000000000000000000e+00,-6.279492974281311035e-01,-6.041116118431091309e-01,3.029846586287021637e-02,-4.208411872386932373e-01,0.000000000000000000e+00
-1.443494634073052285e-01,6.909970754054148290e-02,8.391295075416564941e-01,2.669892824091969416e-02,-2.729631656468244766e-02,8.363291844626576099e-02,9.957648383453531205e-01,-3.573116660118103027e-01,-1.034027803689241409e-02,-1.830440014600753784e-01,1.694052964448928833e-01,8.448895812034606934e-02,-3.534566611051559448e-02,-2.935792505741119385e-02,-1.307346522808074951e-01,-8.315137773752212524e-02,1.357710957527160645e-01,1.964299827814102173e-01,6.287556886672973633e-02,-7.674683630466461182e-02,2.932648062705993652e-01,-3.187200129032135010e-01,4.975488185882568359e-01,5.218758434057235718e-02,-6.334775090217590332e-01,0.000000000000000000e+00,-5.503274798393249512e-01,-5.820731520652770996e-01,5.700255557894706726e-02,-4.049829244613647461e-01,0.000000000000000000e+00
-1.491594262715920105e-01,6.113229928365263022e-02,8.417909741401672363e-01,3.442575918378072697e-02,-2.112175048357197923e-02,6.606420902746044932e-02,9.969976223876896304e-01,-3.851235508918762207e-01,-9.546560235321521759e-03,-1.664441525936126709e-01,1.867239177227020264e-01,7.257213443517684937e-02,-2.761550061404705048e-02,-7.369121909141540527e-02,-1.352323442697525024e-01,-2.240452915430068970e-02,1.510192751884460449e-01,1.680499613285064697e-01,7.511477172374725342e-02,-8.412134647369384766e-02,3.073938190937042236e-01,-2.943172156810760498e-01,5.638842582702636719e-01,1.063875183463096619e-01,-7.209879755973815918e-01,0.000000000000000000e+00,-3.837415277957916260e-01,-4.715012907981872559e-01,5.456616356968879700e-02,-5.355620980262756348e-01,0.000000000000000000e+00
-1.516818084453457061e-01,5.808059352281084997e-02,8.419705033302307129e-01,3.389114247263195351e-02,-2.927264064966006440e-02,5.183801591524190427e-02,9.976509024088870969e-01,-3.507775962352752686e-01,1.240566931664943695e-02,-1.305344551801681519e-01,1.625946015119552612e-01,8.583704382181167603e-02,-2.090480551123619080e-02,-4.672741889953613281e-02,-1.276497989892959595e-01,-2.783510647714138031e-02,1.299331486225128174e-01,1.721994578838348389e-01,7.228070497512817383e-02,-4.569239541888237000e-02,3.150150477886199951e-01,-2.958608865737915039e-01,5.697975158691406250e-01,9.012910723686218262e-02,-7.238236069679260254e-01,0.000000000000000000e+00,-3.094091117382049561e-01,-4.221554100513458252e-01,7.708295434713363647e-02,-5.033550262451171875e-01,0.000000000000000000e+00
-1.545202566266845601e-01,5.394440741369714576e-02,8.422189354896545410e-01,3.488763738758862004e-02,-3.564630155215487567e-02,3.550784622362384430e-02,9.981239335872698071e-01,-3.258656859397888184e-01,3.073837421834468842e-02,-9.695488959550857544e-02,1.474744081497192383e-01,9.326374530792236328e-02,-1.455003395676612854e-02,-2.927531301975250244e-02,-1.197982057929039001e-01,-1.203486882150173187e-02,1.122406572103500366e-01,1.695853769779205322e-01,7.582466304302215576e-02,-1.986493542790412903e-02,3.119986653327941895e-01,-3.153823018074035645e-01,6.029248237609863281e-01,8.603297919034957886e-02,-7.398608922958374023e-01,0.000000000000000000e+00,-2.432040423154830933e-01,-3.799076974391937256e-01,7.619632780551910400e-02,-4.811517000198364258e-01,0.000000000000000000e+00
-1.573460896801160969e-01,4.938841536654793585e-02,8.422380089759826660e-01,3.721951532747683894e-02,-4.128065835659699978e-02,1.853071670418596564e-02,9.982821382068612914e-01,-3.054015636444091797e-01,4.549695923924446106e-02,-6.378555297851562500e-02,1.398077458143234253e-01,9.727542102336883545e-02,-1.116186380386352539e-02,-1.838839799165725708e-02,-1.144638359546661377e-01,1.191744673997163773e-02,1.012428998947143555e-01,1.660299748182296753e-01,8.039249479770660400e-02,-6.489142542704939842e-04,3.075832724571228027e-01,-3.531452417373657227e-01,6.527806520462036133e-01,8.805258572101593018e-02,-7.616356015205383301e-01,0.000000000000000000e+00,-1.956443488597869873e-01,-3.474754393100738525e-01,6.997089087963104248e-02,-4.720446169376373291e-01,0.000000000000000000e+00
-1.599425114599094533e-01,4.464448068065331177e-02,8.417253494262695312e-01,3.986569806435854429e-02,-4.561038839426471980e-02,2.093820354745026899e-03,9.981613268929466765e-01,-2.897540032863616943e-01,5.864878743886947632e-02,-3.173689171671867371e-02,1.361664235591888428e-01,1.007858365774154663e-01,-8.187533356249332428e-03,-1.212981715798377991e-02,-1.105752810835838318e-01,3.867608681321144104e-02,9.313109517097473145e-02,1.621804982423782349e-01,8.170350641012191772e-02,1.308356504887342453e-02,3.018473982810974121e-01,-4.074869155883789062e-01,7.060102224349975586e-01,8.863274008035659790e-02,-7.865158319473266602e-01,0.000000000000000000e+00,-1.724657118320465088e-01,-3.292387425899505615e-01,7.471223920583724976e-02,-4.766094982624053955e-01,0.000000000000000000e+00
-1.622010771799435591e-01,4.060473254281091182e-02,8.409604430198669434e-01,4.264173125665075142e-02,-4.855179374891652883e-02,-1.488711723646374448e-02,9.977989676380639716e-01,-2.767647802829742432e-01,7.024757564067840576e-02,-1.924610696732997894e-03,1.333633214235305786e-01,1.020382046699523926e-01,-7.173249498009681702e-03,-9.630896151065826416e-03,-1.080356240272521973e-01,6.681276857852935791e-02,8.615171164274215698e-02,1.578079164028167725e-01,8.421176671981811523e-02,2.594819851219654083e-02,2.903763055801391602e-01,-4.754891395568847656e-01,7.646940350532531738e-01,8.790288865566253662e-02,-8.076741695404052734e-01,0.000000000000000000e+00,-1.703555732965469360e-01,-3.232626318931579590e-01,7.914594560861587524e-02,-4.892498254776000977e-01,0.000000000000000000e+00
-1.649906562041711655e-01,3.800461338249357113e-02,8.394986987113952637e-01,4.429628197031607040e-02,-5.111629801443094701e-02,-3.033762647855040712e-02,9.972485106033270874e-01,-2.662808001041412354e-01,8.192001283168792725e-02,3.113093972206115723e-02,1.310613751411437988e-01,1.041159182786941528e-01,-4.701856523752212524e-03,-9.700990281999111176e-03,-1.047408804297447205e-01,9.492108225822448730e-02,8.152926713228225708e-02,1.551706492900848389e-01,8.332712948322296143e-02,3.714348748326301575e-02,2.694069445133209229e-01,-5.594954490661621094e-01,8.147119283676147461e-01,9.132087975740432739e-02,-8.258171081542968750e-01,0.000000000000000000e+00,-1.866130083799362183e-01,-3.009997606277465820e-01,7.320475578308105469e-02,-5.081909298896789551e-01,0.000000000000000000e+00
-1.670748073522627108e-01,3.345568945758899820e-02,8.380702137947082520e-01,4.695254240823620168e-02,-5.200749962658904324e-02,-4.432713067819282760e-02,9.965569648694607707e-01,-2.584133446216583252e-01,9.304996579885482788e-02,6.051864475011825562e-02,1.289874166250228882e-01,1.111646145582199097e-01,-1.261388510465621948e-02,-1.421200856566429138e-02,-1.004337668418884277e-01,1.249109581112861633e-01,7.939380407333374023e-02,1.519732624292373657e-01,8.067613840103149414e-02,3.895356506109237671e-02,2.431559711694717407e-01,-6.496371030807495117e-01,8.706667423248291016e-01,8.671546727418899536e-02,-8.424643278121948242e-01,0.000000000000000000e+00,-2.082686126232147217e-01,-3.223858773708343506e-01,9.202192723751068115e-02,-5.184399485588073730e-01,0.000000000000000000e+00
-1.698025295487421704e-01,3.387185301868250731e-02,8.382828831672668457e-01,4.601513885511263752e-02,-5.214896627829962439e-02,-5.749875813039855010e-02,9.959201700566725490e-01,-2.526491284370422363e-01,1.035464107990264893e-01,8.746260404586791992e-02,1.243448704481124878e-01,1.158263459801673889e-01,-1.097275037318468094e-02,-2.398335002362728119e-02,-9.477932006120681763e-02,1.522259563207626343e-01,8.065634220838546753e-02,1.536109894514083862e-01,9.428436309099197388e-02,5.193458124995231628e-02,2.113608270883560181e-01,-7.245910167694091797e-01,9.020254015922546387e-01,8.551008254289627075e-02,-8.434733152389526367e-01,0.000000000000000000e+00,-2.347738444805145264e-01,-3.327793478965759277e-01,1.081218570470809937e-01,-5.261045098304748535e-01,0.000000000000000000e+00
-1.715036226011034393e-01,3.210246807720545936e-02,8.385766744613647461e-01,4.621719993515099184e-02,-5.148348623065041041e-02,-6.922503190519727068e-02,9.951991338588560554e-01,-2.469523549079895020e-01,1.133893877267837524e-01,1.095599979162216187e-01,1.186092495918273926e-01,1.217076778411865234e-01,-1.075004320591688156e-02,-3.268042951822280884e-02,-8.814345300197601318e-02,1.775676608085632324e-01,8.237221837043762207e-02,1.525391936302185059e-01,1.013903841376304626e-01,6.012705713510513306e-02,1.839670091867446899e-01,-7.954425811767578125e-01,9.356894493103027344e-01,9.844122081995010376e-02,-8.290486931800842285e-01,0.000000000000000000e+00,-2.536540627479553223e-01,-3.299913406372070312e-01,1.185193359851837158e-01,-5.285363793373107910e-01,0.000000000000000000e+00
-1.730078986077966952e-01,3.063009897032143922e-02,8.386020660400390625e-01,4.579117308459174779e-02,-5.061262117167832780e-02,-8.032337137070272304e-02,9.944293273316677784e-01,-2.421742081642150879e-01,1.227318793535232544e-01,1.295594573020935059e-01,1.132685467600822449e-01,1.261889636516571045e-01,-9.653362445533275604e-03,-4.236706346273422241e-02,-8.091339468955993652e-02,2.006594985723495483e-01,8.498214930295944214e-02,1.497785300016403198e-01,1.118263080716133118e-01,6.641633063554763794e-02,1.593443453311920166e-01,-8.577625751495361328e-01,9.762417078018188477e-01,1.226265504956245422e-01,-7.814638018608093262e-01,0.000000000000000000e+00,-2.645247280597686768e-01,-3.276661932468414307e-01,1.245701760053634644e-01,-5.278638601303100586e-01,0.000000000000000000e+00
-1.752285011955938276e-01,2.937516545390871786e-02,8.392084240913391113e-01,4.681781073312630409e-02,-4.800966108218611417e-02,-8.975850076903719998e-02,9.937034651145307818e-01,-2.429508268833160400e-01,1.292686462402343750e-01,1.446726173162460327e-01,1.088544130325317383e-01,1.334350556135177612e-01,-1.002773735672235489e-02,-5.693111568689346313e-02,-7.656447589397430420e-02,2.264928370714187622e-01,8.724097907543182373e-02,1.489134579896926880e-01,1.163667589426040649e-01,7.266677916049957275e-02,1.395881623029708862e-01,-8.806011676788330078e-01,1.015948414802551270e+00,1.295869201421737671e-01,-6.874443888664245605e-01,0.000000000000000000e+00,-2.693182528018951416e-01,-3.229010999202728271e-01,1.352699249982833862e-01,-5.244212746620178223e-01,0.000000000000000000e+00
-1.842908903220592809e-01,3.404430830389909568e-02,8.405436277389526367e-01,4.170202885170622153e-02,-2.433091542832897802e-02,-9.774316177792234661e-02,9.940398491357003152e-01,-3.485214114189147949e-01,1.380627304315567017e-01,8.137863129377365112e-02,1.509095132350921631e-01,1.354576200246810913e-01,-7.751672528684139252e-03,-1.771259754896163940e-01,-4.387293383479118347e-02,3.114581108093261719e-01,1.563019305467605591e-01,1.206516176462173462e-01,1.348523795604705811e-01,1.145297959446907043e-01,1.211532801389694214e-01,-9.628033041954040527e-01,1.083502173423767090e+00,1.874035745859146118e-01,-2.959903776645660400e-01,0.000000000000000000e+00,-2.502027750015258789e-01,-4.093636274337768555e-01,1.751952469348907471e-01,-6.140640377998352051e-01,0.000000000000000000e+00
-1.847555657014284536e-01,3.458406701605935829e-02,8.415320515632629395e-01,4.013924722279138546e-02,-2.221373962356826270e-02,-1.047363350908747104e-01,9.934413373300187144e-01,-3.501411080360412598e-01,1.452719718217849731e-01,8.719976246356964111e-02,1.482814252376556396e-01,1.430372446775436401e-01,-8.626111783087253571e-03,-1.878192871809005737e-01,-3.470712155103683472e-02,3.285643756389617920e-01,1.624929606914520264e-01,1.151943951845169067e-01,1.396634280681610107e-01,1.328214704990386963e-01,9.915232658386230469e-02,-9.755288958549499512e-01,1.146842479705810547e+00,1.328264474868774414e-01,-6.573273986577987671e-02,0.000000000000000000e+00,-2.459175139665603638e-01,-4.300617575645446777e-01,1.958016902208328247e-01,-6.186127662658691406e-01,0.000000000000000000e+00
-1.822975274413722313e-01,3.366461959998859332e-02,8.425218462944030762e-01,4.057578263292407894e-02,-2.092859068395877195e-02,-1.122950050680548428e-01,9.926255244514290421e-01,-3.393652439117431641e-01,1.506824195384979248e-01,1.071252226829528809e-01,1.404305398464202881e-01,1.503103226423263550e-01,-9.193269535899162292e-03,-1.861762404441833496e-01,-3.183202818036079407e-02,3.402900397777557373e-01,1.580188423395156860e-01,1.177998483180999756e-01,1.403569579124450684e-01,1.369678229093551636e-01,7.163394242525100708e-02,-9.694374799728393555e-01,1.224047303199768066e+00,1.175609007477760315e-01,-6.239696592092514038e-02,0.000000000000000000e+00,-2.503531873226165771e-01,-4.389541447162628174e-01,1.957138925790786743e-01,-6.180125474929809570e-01,0.000000000000000000e+00
-1.846577245465126083e-01,3.493470990537511645e-02,8.434218764305114746e-01,4.134472879429615388e-02,-1.763901298273262697e-02,-1.222307275180232883e-01,9.914832968196367613e-01,-3.459126353263854980e-01,1.551082879304885864e-01,1.207634210586547852e-01,1.394958496093750000e-01,1.593520194292068481e-01,-8.260167203843593597e-03,-2.050804346799850464e-01,-2.579327672719955444e-02,3.669572770595550537e-01,1.649835556745529175e-01,1.215773001313209534e-01,1.420159041881561279e-01,1.408457756042480469e-01,5.625550448894500732e-02,-9.329180121421813965e-01,1.265029191970825195e+00,1.660582870244979858e-01,-1.712626814842224121e-01,0.000000000000000000e+00,-2.597666382789611816e-01,-4.701797664165496826e-01,1.895071119070053101e-01,-6.367297172546386719e-01,0.000000000000000000e+00
-1.873380550865573202e-01,3.487067120412722793e-02,8.429744243621826172e-01,4.283062679917681859e-02,-2.034565647942263369e-02,-1.334067016635494540e-01,9.899263829303993623e-01,-3.326914608478546143e-01,1.625311970710754395e-01,1.513836085796356201e-01,1.355441659688949585e-01,1.660802513360977173e-01,-1.214440912008285522e-02,-2.033319920301437378e-01,-2.411503531038761139e-02,3.847644627094268799e-01,1.617874652147293091e-01,1.240163668990135193e-01,1.405294537544250488e-01,1.320264935493469238e-01,4.782384634017944336e-02,-9.269603490829467773e-01,1.228221654891967773e+00,1.686759889125823975e-01,-2.913580834865570068e-01,0.000000000000000000e+00,-2.656933367252349854e-01,-4.555881619453430176e-01,2.024009227752685547e-01,-6.316410303115844727e-01,0.000000000000000000e+00
-1.863777774472001325e-01,3.295309868969534262e-02,8.423861265182495117e-01,4.349774235691811208e-02,-2.871784692611309767e-02,-1.423862723420750986e-01,9.884378488940556151e-01,-2.928699851036071777e-01,1.719732731580734253e-01,1.941050887107849121e-01,1.258261799812316895e-01,1.701183319091796875e-01,-1.208050176501274109e-02,-1.711155474185943604e-01,-2.806859090924263000e-02,3.800857365131378174e-01,1.438861638307571411e-01,1.329941600561141968e-01,1.368720978498458862e-01,1.168241351842880249e-01,3.824400529265403748e-02,-9.249566793441772461e-01,1.236172318458557129e+00,1.340295970439910889e-01,-3.337011337280273438e-01,0.000000000000000000e+00,-2.650428414344787598e-01,-4.192703366279602051e-01,2.102206200361251831e-01,-6.033173203468322754e-01,0.000000000000000000e+00
-1.899978456819961248e-01,3.504208357369120730e-02,8.438217043876647949e-01,4.478997006052549273e-02,-2.052459277498329751e-02,-1.486065656123327361e-01,9.876683088619913065e-01,-3.230820894241333008e-01,1.694191694259643555e-01,1.754824370145797729e-01,1.301777958869934082e-01,1.789849847555160522e-01,-1.501471363008022308e-02,-2.069367915391921997e-01,-2.279090695083141327e-02,4.098750948905944824e-01,1.541373729705810547e-01,1.233762800693511963e-01,1.410028785467147827e-01,1.244027540087699890e-01,4.708079621195793152e-02,-8.727002739906311035e-01,1.243914961814880371e+00,1.784267723560333252e-01,-3.501282036304473877e-01,0.000000000000000000e+00,-2.633537650108337402e-01,-4.683403968811035156e-01,2.031511217355728149e-01,-6.099130511283874512e-01,0.000000000000000000e+00
-1.879492357827793336e-01,3.328980819865144658e-02,8.432496190071105957e-01,4.472480580202331524e-02,-2.899856867283999093e-02,-1.544871886266266370e-01,9.865558693308448257e-01,-2.835779488086700439e-01,1.774835139513015747e-01,2.159253358840942383e-01,1.222309991717338562e-01,1.841317713260650635e-01,-1.079524308443069458e-02,-1.740821003913879395e-01,-2.550397813320159912e-02,4.017023146152496338e-01,1.408983767032623291e-01,1.301546692848205566e-01,1.350063383579254150e-01,1.122691184282302856e-01,4.058676213026046753e-02,-8.472037315368652344e-01,1.267351984977722168e+00,1.336646378040313721e-01,-3.299165964126586914e-01,0.000000000000000000e+00,-2.687322497367858887e-01,-4.395429491996765137e-01,2.054500281810760498e-01,-5.872565507888793945e-01,0.000000000000000000e+00
-1.867913116371002213e-01,3.229708490315938429e-02,8.429961204528808594e-01,4.539208728095622120e-02,-3.377778578525281183e-02,-1.587251877886167728e-01,9.857002254038456091e-01,-2.586100697517395020e-01,1.790363043546676636e-01,2.431790381669998169e-01,1.119816750288009644e-01,1.879001706838607788e-01,-1.013098005205392838e-02,-1.560091972351074219e-01,-2.859331108629703522e-02,3.995081782341003418e-01,1.325369179248809814e-01,1.326010823249816895e-01,1.326512843370437622e-01,1.028890907764434814e-01,3.566164150834083557e-02,-8.277690410614013672e-01,1.295543670654296875e+00,1.058304905891418457e-01,-2.797347307205200195e-01,0.000000000000000000e+00,-2.770416140556335449e-01,-4.337368309497833252e-01,2.074943929910659790e-01,-5.683359503746032715e-01,0.000000000000000000e+00
-1.871183052121215273e-01,3.129352301555643479e-02,8.429110050201416016e-01,4.641818982453161518e-02,-3.749589562018389166e-02,-1.605255647824769261e-01,9.852263458293839538e-01,-2.422944307327270508e-01,1.788600981235504150e-01,2.595752179622650146e-01,1.049698740243911743e-01,1.926368027925491333e-01,-1.081998553127050400e-02,-1.450264900922775269e-01,-3.093513287603855133e-02,4.006557464599609375e-01,1.284256279468536377e-01,1.338950395584106445e-01,1.310246884822845459e-01,9.445492923259735107e-02,2.814458124339580536e-02,-8.124326467514038086e-01,1.300802350044250488e+00,9.439041465520858765e-02,-1.741655170917510986e-01,0.000000000000000000e+00,-2.873191237449645996e-01,-4.307022094726562500e-01,2.102012932300567627e-01,-5.526105165481567383e-01,0.000000000000000000e+00
-1.870263568550762368e-01,3.010028578240624142e-02,8.427062034606933594e-01,4.723483743272745977e-02,-4.021896516443226183e-02,-1.597438496419123499e-01,9.852071901257055675e-01,-2.302328646183013916e-01,1.785406321287155151e-01,2.676357328891754150e-01,1.009282618761062622e-01,1.954758614301681519e-01,-1.477114390581846237e-02,-1.360320001840591431e-01,-3.306454420089721680e-02,3.978835046291351318e-01,1.263957470655441284e-01,1.323542445898056030e-01,1.293572634458541870e-01,8.811332285404205322e-02,1.643230766057968140e-02,-8.219549059867858887e-01,1.288332700729370117e+00,1.029038652777671814e-01,-2.624166756868362427e-02,0.000000000000000000e+00,-2.980473935604095459e-01,-4.240958392620086670e-01,2.136175930500030518e-01,-5.377725958824157715e-01,0.000000000000000000e+00
-1.857730288281249365e-01,3.018066328553004052e-02,8.420786261558532715e-01,4.667595002462502501e-02,-4.090752311854409240e-02,-1.563376523593644762e-01,9.857517277166534253e-01,-2.243659347295761108e-01,1.785130053758621216e-01,2.727537453174591064e-01,9.632522612810134888e-02,1.946385353803634644e-01,-2.270543389022350311e-02,-1.298681646585464478e-01,-3.425660356879234314e-02,3.931803405284881592e-01,1.242168396711349487e-01,1.302262991666793823e-01,1.257843971252441406e-01,8.558496087789535522e-02,-4.208090249449014664e-03,-8.485318422317504883e-01,1.275791406631469727e+00,1.134076416492462158e-01,8.733135461807250977e-02,0.000000000000000000e+00,-3.129551410675048828e-01,-4.211144149303436279e-01,2.239369601011276245e-01,-5.263127684593200684e-01,0.000000000000000000e+00
-1.857685542047914085e-01,3.101335247725546182e-02,8.410581350326538086e-01,4.529183472687999673e-02,-4.150113607768927959e-02,-1.523537223500028570e-01,9.864150489005286682e-01,-2.213422805070877075e-01,1.782711148262023926e-01,2.716280519962310791e-01,9.034404158592224121e-02,1.942953169345855713e-01,-2.721668034791946411e-02,-1.269046664237976074e-01,-3.339700028300285339e-02,3.875640630722045898e-01,1.240918487310409546e-01,1.313988119363784790e-01,1.261339932680130005e-01,8.439241349697113037e-02,-1.645231992006301880e-02,-8.782642483711242676e-01,1.275057911872863770e+00,1.057693585753440857e-01,1.105664595961570740e-01,0.000000000000000000e+00,-3.287105262279510498e-01,-4.266648590564727783e-01,2.370177954435348511e-01,-5.169055461883544922e-01,0.000000000000000000e+00
-1.868699295758484147e-01,3.146431612894688007e-02,8.402569293975830078e-01,4.429383333487362656e-02,-4.198111343651612232e-02,-1.490424809365197556e-01,9.869457843870756975e-01,-2.219308465719223022e-01,1.788689941167831421e-01,2.702012956142425537e-01,8.656900376081466675e-02,1.964633166790008545e-01,-3.328325226902961731e-02,-1.269528865814208984e-01,-3.303579613566398621e-02,3.798044025897979736e-01,1.243138685822486877e-01,1.328753679990768433e-01,1.302723586559295654e-01,8.331631869077682495e-02,-1.366791408509016037e-02,-9.056704640388488770e-01,1.288842320442199707e+00,8.321170508861541748e-02,5.883523449301719666e-02,0.000000000000000000e+00,-3.351537883281707764e-01,-4.335199594497680664e-01,2.466665357351303101e-01,-5.076130032539367676e-01,0.000000000000000000e+00
-1.943652571990585609e-01,3.441580236130876297e-02,8.416827917098999023e-01,4.016015584157087148e-02,-2.211779060303762159e-02,-1.397604146203199338e-01,9.891233450519592019e-01,-3.265887498855590820e-01,1.826486885547637939e-01,1.726797074079513550e-01,1.251972168684005737e-01,1.956766992807388306e-01,-4.318268597126007080e-02,-2.161684483289718628e-01,-6.012022960931062698e-03,4.049540758132934570e-01,1.762370616197586060e-01,1.129058077931404114e-01,1.383899301290512085e-01,1.056828647851943970e-01,1.358343195170164108e-02,-9.196471571922302246e-01,1.247867703437805176e+00,1.735306829214096069e-01,-1.551259160041809082e-01,0.000000000000000000e+00,-2.978413105010986328e-01,-5.249075293540954590e-01,2.125506401062011719e-01,-5.957400202751159668e-01,0.000000000000000000e+00
-1.912335126526111817e-01,3.182733458656973602e-02,8.413780331611633301e-01,4.027977231021320076e-02,-3.056409376220478591e-02,-1.411303981357345250e-01,9.886989363993377022e-01,-2.870881855487823486e-01,1.880122721195220947e-01,2.082740217447280884e-01,1.161642894148826599e-01,1.959522068500518799e-01,-4.115901887416839600e-02,-1.771780699491500854e-01,-1.175856310874223709e-02,3.894997835159301758e-01,1.570046395063400269e-01,1.241683512926101685e-01,1.319285780191421509e-01,9.039863944053649902e-02,8.672169409692287445e-03,-9.202728867530822754e-01,1.220466494560241699e+00,1.454557627439498901e-01,-2.205702364444732666e-01,0.000000000000000000e+00,-2.980413734912872314e-01,-4.922007918357849121e-01,2.235415577888488770e-01,-5.763271450996398926e-01,0.000000000000000000e+00
-1.906644739198172234e-01,3.020280972343555859e-02,8.413482904434204102e-01,4.171989755946157313e-02,-3.512326684766042817e-02,-1.407479733334990601e-01,9.885422673189492304e-01,-2.665789425373077393e-01,1.862670630216598511e-01,2.231637686491012573e-01,1.072386279702186584e-01,1.991647034883499146e-01,-4.011855646967887878e-02,-1.554808765649795532e-01,-1.942999474704265594e-02,3.785731196403503418e-01,1.409892439842224121e-01,1.331055462360382080e-01,1.260156333446502686e-01,7.606164366006851196e-02,7.815963588654994965e-03,-9.107245206832885742e-01,1.143686056137084961e+00,1.268570721149444580e-01,-2.983560264110565186e-01,0.000000000000000000e+00,-3.054904341697692871e-01,-4.858143031597137451e-01,2.311095446348190308e-01,-5.643078088760375977e-01,0.000000000000000000e+00
-1.961387479498644115e-01,3.255999239464111433e-02,8.421435952186584473e-01,4.163818791858147489e-02,-2.450375937860947012e-02,-1.325040245751602508e-01,9.900042982505468103e-01,-3.400319814682006836e-01,1.794534176588058472e-01,1.518353968858718872e-01,1.426232010126113892e-01,1.980725228786468506e-01,-4.252646863460540771e-02,-2.074188739061355591e-01,-1.304791029542684555e-02,3.919410109519958496e-01,1.696338802576065063e-01,1.218325048685073853e-01,1.300901472568511963e-01,8.715301752090454102e-02,4.125563055276870728e-02,-8.715116381645202637e-01,9.399173855781555176e-01,1.857429444789886475e-01,-5.187421441078186035e-01,0.000000000000000000e+00,-2.815612852573394775e-01,-5.811196565628051758e-01,1.814874857664108276e-01,-6.276497840881347656e-01,0.000000000000000000e+00
-1.935035027322430101e-01,2.871415374228192263e-02,8.398801684379577637e-01,4.240156563150099950e-02,-3.689410920895232204e-02,-1.348749125504503932e-01,9.892672489788509882e-01,-2.986588180065155029e-01,1.890805512666702271e-01,1.876889914274215698e-01,1.430431604385375977e-01,2.064236849546432495e-01,-4.566154256463050842e-02,-1.630205810070037842e-01,-1.828357763588428497e-02,3.736714720726013184e-01,1.565941572189331055e-01,1.320379823446273804e-01,1.257272809743881226e-01,5.882544815540313721e-02,4.236287996172904968e-02,-8.658010363578796387e-01,9.013639092445373535e-01,1.450252830982208252e-01,-5.120114684104919434e-01,0.000000000000000000e+00,-2.890801131725311279e-01,-5.546631217002868652e-01,1.888830661773681641e-01,-6.076110601425170898e-01,0.000000000000000000e+00
-1.905587466314589695e-01,2.592737102458692044e-02,8.387582302093505859e-01,4.478692081232706068e-02,-4.460883974109470379e-02,-1.373262949304111247e-01,9.885067889811326447e-01,-2.756877541542053223e-01,1.910073906183242798e-01,2.044702470302581787e-01,1.466285437345504761e-01,2.217151522636413574e-01,-5.252798646688461304e-02,-1.339462846517562866e-01,-2.689491026103496552e-02,3.625677525997161865e-01,1.468469798564910889e-01,1.316081732511520386e-01,1.190007701516151428e-01,3.373317047953605652e-02,5.150005966424942017e-02,-8.645846247673034668e-01,8.963497877120971680e-01,1.441376954317092896e-01,-4.720869958400726318e-01,0.000000000000000000e+00,-3.031445443630218506e-01,-5.559784770011901855e-01,1.745483726263046265e-01,-5.878629684448242188e-01,0.000000000000000000e+00
-1.881440900464184940e-01,2.500968842683602700e-02,8.388820290565490723e-01,4.725126712916913330e-02,-4.923791849323479186e-02,-1.410890353167267575e-01,9.876420552257467733e-01,-2.627312541007995605e-01,1.864939928054809570e-01,1.984485387802124023e-01,1.500812917947769165e-01,2.343157976865768433e-01,-5.231208726763725281e-02,-1.154943630099296570e-01,-3.621372207999229431e-02,3.560270369052886963e-01,1.391155421733856201e-01,1.299253106117248535e-01,1.112371236085891724e-01,1.701836287975311279e-02,6.032538414001464844e-02,-8.565137386322021484e-01,9.016488790512084961e-01,1.565140038728713989e-01,-3.920246362686157227e-01,0.000000000000000000e+00,-3.344124853610992432e-01,-5.726277828216552734e-01,1.508512198925018311e-01,-5.809953808784484863e-01,0.000000000000000000e+00
-1.851194519697102192e-01,2.629763104243063032e-02,8.391829133033752441e-01,4.756722498850868286e-02,-5.151834848111059434e-02,-1.428648432226392040e-01,9.872552129250279362e-01,-2.554426193237304688e-01,1.824292689561843872e-01,1.937899291515350342e-01,1.484358012676239014e-01,2.432760298252105713e-01,-5.267214775085449219e-02,-1.014048010110855103e-01,-4.333291947841644287e-02,3.481725156307220459e-01,1.308653205633163452e-01,1.282684206962585449e-01,1.066766604781150818e-01,1.189473643898963928e-02,6.397608667612075806e-02,-8.528752326965332031e-01,8.994269371032714844e-01,1.688555777072906494e-01,-3.011631369590759277e-01,0.000000000000000000e+00,-3.996616005897521973e-01,-5.817596316337585449e-01,1.241914629936218262e-01,-5.949934720993041992e-01,0.000000000000000000e+00
-1.813959214470362846e-01,2.843494794005977516e-02,8.388847708702087402e-01,4.581478693082667586e-02,-5.147400358098304374e-02,-1.414531630381573313e-01,9.875436369701990902e-01,-2.471590191125869751e-01,1.793588846921920776e-01,1.915014386177062988e-01,1.419750005006790161e-01,2.479212284088134766e-01,-5.096330121159553528e-02,-9.116925299167633057e-02,-4.641554504632949829e-02,3.360245227813720703e-01,1.235094368457794189e-01,1.274479031562805176e-01,1.048450917005538940e-01,1.383522246032953262e-02,7.520522922277450562e-02,-8.576471209526062012e-01,9.103622436523437500e-01,1.804633289575576782e-01,-2.397467941045761108e-01,0.000000000000000000e+00,-5.012685656547546387e-01,-5.844023227691650391e-01,1.065152511000633240e-01,-6.265686154365539551e-01,0.000000000000000000e+00
-1.797585666780930069e-01,3.080610485423530484e-02,8.381461501121520996e-01,4.327314685521526511e-02,-5.159517805233362897e-02,-1.354968425103361407e-01,9.884867111057812350e-01,-2.374370545148849487e-01,1.785130649805068970e-01,1.962467283010482788e-01,1.315324902534484863e-01,2.363160103559494019e-01,-4.818663746118545532e-02,-8.346600830554962158e-02,-4.757348448038101196e-02,3.201746940612792969e-01,1.173535138368606567e-01,1.312682181596755981e-01,1.084304079413414001e-01,1.724694296717643738e-02,9.015387296676635742e-02,-8.589663505554199219e-01,9.096246957778930664e-01,1.797968000173568726e-01,-2.165366709232330322e-01,0.000000000000000000e+00,-6.355742812156677246e-01,-5.787910223007202148e-01,8.461116254329681396e-02,-6.581231951713562012e-01,0.000000000000000000e+00
-1.789765597323425828e-01,3.208494228814948168e-02,8.368754386901855469e-01,4.092728686792693887e-02,-5.205033432598543675e-02,-1.254287990863814650e-01,9.898905678133981256e-01,-2.309894859790802002e-01,1.772525459527969360e-01,2.023885101079940796e-01,1.195777431130409241e-01,2.217548191547393799e-01,-5.342447757720947266e-02,-7.451795786619186401e-02,-4.797708988189697266e-02,2.994927465915679932e-01,1.114146485924720764e-01,1.353815793991088867e-01,1.143796518445014954e-01,1.761081255972385406e-02,1.162251234054565430e-01,-8.597823977470397949e-01,8.664625883102416992e-01,1.555677354335784912e-01,-2.251124233007431030e-01,0.000000000000000000e+00,-7.784536480903625488e-01,-5.635181665420532227e-01,6.956442445516586304e-02,-6.670094132423400879e-01,0.000000000000000000e+00
-1.770732750753152285e-01,3.099067899525484795e-02,8.355617523193359375e-01,3.917562514720338701e-02,-5.296560769498449145e-02,-1.107828673532277736e-01,9.916587473001102770e-01,-2.243128418922424316e-01,1.749279052019119263e-01,1.971631646156311035e-01,1.084402725100517273e-01,2.052911072969436646e-01,-5.965673178434371948e-02,-6.013854593038558960e-02,-4.824045300483703613e-02,2.696218788623809814e-01,1.043868884444236755e-01,1.403125226497650146e-01,1.193073615431785583e-01,1.022621616721153259e-02,1.561022847890853882e-01,-8.732879161834716797e-01,7.935664057731628418e-01,1.229955777525901794e-01,-2.548090815544128418e-01,0.000000000000000000e+00,-9.069555997848510742e-01,-5.493540167808532715e-01,6.719570606946945190e-02,-6.376297473907470703e-01,0.000000000000000000e+00
-1.745638186215439647e-01,2.914549240428272042e-02,8.350209593772888184e-01,3.824503639930917215e-02,-5.285061141845839167e-02,-9.251092081916385823e-02,9.935722719524238133e-01,-2.247250676155090332e-01,1.676776260137557983e-01,1.814082562923431396e-01,9.920813143253326416e-02,1.906546205282211304e-01,-6.909734010696411133e-02,-4.593121632933616638e-02,-4.974888637661933899e-02,2.365012168884277344e-01,9.663084894418716431e-02,1.450377404689788818e-01,1.159716770052909851e-01,-1.733020297251641750e-03,1.986655890941619873e-01,-8.830562233924865723e-01,7.132011055946350098e-01,8.456234633922576904e-02,-2.921351790428161621e-01,0.000000000000000000e+00,-1.011480450630187988e+00,-5.560800433158874512e-01,7.280414551496505737e-02,-5.625907778739929199e-01,0.000000000000000000e+00
-1.793511083962854857e-01,1.977178938033335304e-02,8.338500857353210449e-01,5.115493458047984388e-02,-3.513700941244944642e-02,-4.707445643764439358e-02,9.969616636504720075e-01,-3.397963047027587891e-01,1.140486970543861389e-01,3.555084392428398132e-02,1.519765108823776245e-01,1.672823727130889893e-01,-8.095724135637283325e-02,-1.079614087939262390e-01,-7.152493298053741455e-02,1.992201656103134155e-01,1.268453896045684814e-01,1.318182498216629028e-01,1.071057543158531189e-01,-7.302285730838775635e-02,1.290671676397323608e-01,-8.034985065460205078e-01,7.396022677421569824e-01,6.442274153232574463e-02,-5.259631276130676270e-01,0.000000000000000000e+00,-1.334931373596191406e+00,-4.726133644580841064e-01,9.159049391746520996e-02,-1.353861987590789795e-01,0.000000000000000000e+00
-1.770883288160599867e-01,1.483084865421130383e-02,8.338813781738281250e-01,5.282933839440502599e-02,-3.542414744910873242e-02,-1.923389650354639935e-02,9.977896812493123324e-01,-3.546977937221527100e-01,9.575810283422470093e-02,-9.415712207555770874e-03,1.608274877071380615e-01,1.572888791561126709e-01,-9.279280900955200195e-02,-9.323648363351821899e-02,-7.690661400556564331e-02,1.522762477397918701e-01,1.247829124331474304e-01,1.260744184255599976e-01,9.568131715059280396e-02,-1.104165911674499512e-01,1.080312207341194153e-01,-7.617154717445373535e-01,7.184216976165771484e-01,2.156797796487808228e-02,-5.924510955810546875e-01,0.000000000000000000e+00,-1.464410305023193359e+00,-4.465487003326416016e-01,1.402124464511871338e-01,1.693476289510726929e-01,0.000000000000000000e+00
-1.747880369624598418e-01,1.186630190104887017e-02,8.336140513420104980e-01,5.262922522044619078e-02,-3.602403590391583393e-02,4.227845593702967038e-03,9.979551887792982301e-01,-3.671763241291046143e-01,8.131153881549835205e-02,-5.259262770414352417e-02,1.708102524280548096e-01,1.472309082746505737e-01,-1.025690287351608276e-01,-8.039762824773788452e-02,-7.903426885604858398e-02,1.110514923930168152e-01,1.250492632389068604e-01,1.183027327060699463e-01,8.870564401149749756e-02,-1.358025670051574707e-01,9.419333189725875854e-02,-7.386133074760437012e-01,6.911106705665588379e-01,-2.043839730322360992e-02,-6.380620002746582031e-01,0.000000000000000000e+00,-1.569340229034423828e+00,-4.221983551979064941e-01,1.942006945610046387e-01,4.761622250080108643e-01,0.000000000000000000e+00
-1.721981765056049274e-01,1.210913356785615902e-02,8.340187668800354004e-01,4.841329698074614551e-02,-4.001906924322970460e-02,2.010505907687991020e-02,9.978228366658457027e-01,-3.587789237499237061e-01,7.958413660526275635e-02,-7.090292870998382568e-02,1.645853817462921143e-01,1.501809209585189819e-01,-1.064573228359222412e-01,-5.576444417238235474e-02,-7.341547310352325439e-02,7.263644784688949585e-02,1.178021505475044250e-01,1.214084699749946594e-01,8.077366650104522705e-02,-1.406921595335006714e-01,1.329561471939086914e-01,-7.559216022491455078e-01,6.278278231620788574e-01,-4.190887138247489929e-02,-6.439729928970336914e-01,0.000000000000000000e+00,-1.542353391647338867e+00,-4.797909855842590332e-01,2.383988350629806519e-01,5.495304465293884277e-01,0.000000000000000000e+00
-1.714980604792052388e-01,1.104247749469925571e-02,8.328120112419128418e-01,4.731887956856109523e-02,-4.090037391440799058e-02,3.535834785186978135e-02,9.974155955704843146e-01,-3.650079667568206787e-01,6.916452944278717041e-02,-1.024940684437751770e-01,1.667996346950531006e-01,1.449535191059112549e-01,-1.085593327879905701e-01,-4.580084979534149170e-02,-7.269047945737838745e-02,4.031949490308761597e-02,1.152677237987518311e-01,1.167207211256027222e-01,7.625288516283035278e-02,-1.515408903360366821e-01,1.614755690097808838e-01,-7.726755142211914062e-01,6.127881407737731934e-01,-2.693920396268367767e-02,-6.664311289787292480e-01,0.000000000000000000e+00,-1.482475161552429199e+00,-5.554127693176269531e-01,2.227369546890258789e-01,4.782058596611022949e-01,0.000000000000000000e+00
-1.720318032313511158e-01,8.234481425248969810e-03,8.312912583351135254e-01,4.691133192719543210e-02,-3.995140964994836619e-02,6.099965354404516399e-02,9.962340357924462930e-01,-3.876661956310272217e-01,4.716132581233978271e-02,-1.605931073427200317e-01,1.773520410060882568e-01,1.420277506113052368e-01,-1.029480993747711182e-01,-4.280484840273857117e-02,-7.466073334217071533e-02,-6.090117152780294418e-03,1.164730638265609741e-01,1.151385232806205750e-01,7.410115003585815430e-02,-1.579019427299499512e-01,1.777422279119491577e-01,-7.709541916847229004e-01,6.033847928047180176e-01,-5.039015784859657288e-03,-6.992272734642028809e-01,0.000000000000000000e+00,-1.319280982017517090e+00,-6.566784977912902832e-01,1.178119406104087830e-01,1.984696388244628906e-01,0.000000000000000000e+00
-1.714889159481434722e-01,1.165607167214827156e-02,8.290636539459228516e-01,4.068700451237574484e-02,-4.280127185538662449e-02,7.876467677025454639e-02,9.951425749532820664e-01,-3.896899521350860596e-01,4.210135340690612793e-02,-1.931429207324981689e-01,1.775925308465957642e-01,1.399049013853073120e-01,-9.818008542060852051e-02,-2.585055306553840637e-02,-6.820641458034515381e-02,-4.796137660741806030e-02,1.120290085673332214e-01,1.159424707293510437e-01,7.144723832607269287e-02,-1.239920482039451599e-01,2.064274847507476807e-01,-7.876576781272888184e-01,5.298336744308471680e-01,-2.344238944351673126e-02,-6.661357879638671875e-01,0.000000000000000000e+00,-1.203361392021179199e+00,-7.299758195877075195e-01,3.837010264396667480e-02,-3.831763193011283875e-02,0.000000000000000000e+00
-1.683383093628781912e-01,1.705712281076025849e-02,8.275065422058105469e-01,3.457281171357699107e-02,-5.226502845203821745e-02,8.541050701900330944e-02,9.943732361552587440e-01,-3.516583442687988281e-01,5.371893569827079773e-02,-1.807636767625808716e-01,1.562726497650146484e-01,1.494644284248352051e-01,-9.122950583696365356e-02,1.561615057289600372e-02,-6.067336723208427429e-02,-8.559609949588775635e-02,9.926956892013549805e-02,1.226760894060134888e-01,6.823441386222839355e-02,-8.551667630672454834e-02,2.440662533044815063e-01,-7.956588864326477051e-01,4.637521505355834961e-01,-2.529315277934074402e-02,-6.210961937904357910e-01,0.000000000000000000e+00,-1.181819915771484375e+00,-7.648499011993408203e-01,4.968595504760742188e-02,-7.174331694841384888e-02,0.000000000000000000e+00
-1.656436643451770219e-01,2.058313242125055925e-02,8.273527026176452637e-01,2.968408145667954592e-02,-5.519176726084581985e-02,9.188887121760434817e-02,9.937953307804642256e-01,-3.341283202171325684e-01,6.109515577554702759e-02,-1.809108555316925049e-01,1.395705044269561768e-01,1.536434441804885864e-01,-9.403286129236221313e-02,3.901654109358787537e-02,-5.208142846822738647e-02,-1.108450591564178467e-01,8.468610048294067383e-02,1.258926838636398315e-01,6.906175613403320312e-02,-6.594793498516082764e-02,2.688261568546295166e-01,-8.042814731597900391e-01,4.262485206127166748e-01,-3.142311796545982361e-02,-5.817043781280517578e-01,0.000000000000000000e+00,-1.164331078529357910e+00,-7.878246307373046875e-01,3.780148550868034363e-02,-1.050893589854240417e-01,0.000000000000000000e+00
-1.632999537414318580e-01,2.164467820575263074e-02,8.281442523002624512e-01,2.709319029161991882e-02,-5.576716508364463337e-02,9.614154648741232712e-02,9.934348420391567736e-01,-3.264053761959075928e-01,6.521760672330856323e-02,-1.832288503646850586e-01,1.306449472904205322e-01,1.555031388998031616e-01,-9.574095159769058228e-02,5.083346739411354065e-02,-4.656597599387168884e-02,-1.264589130878448486e-01,7.547584921121597290e-02,1.263802796602249146e-01,6.732833385467529297e-02,-5.952586978673934937e-02,2.919055819511413574e-01,-8.181287646293640137e-01,4.008607268333435059e-01,-4.783229529857635498e-02,-5.530144572257995605e-01,0.000000000000000000e+00,-1.153290987014770508e+00,-8.042523860931396484e-01,2.519378252327442169e-02,-1.068055555224418640e-01,0.000000000000000000e+00
-1.610844897722290003e-01,2.131358304318553554e-02,8.294615745544433594e-01,2.680866095095095492e-02,-5.575460944127080126e-02,9.769295151315875170e-02,9.932919039480367918e-01,-3.210509419441223145e-01,6.733335554599761963e-02,-1.852173805236816406e-01,1.256664693355560303e-01,1.551187932491302490e-01,-1.000504940748214722e-01,5.635819956660270691e-02,-4.438898339867591858e-02,-1.350386589765548706e-01,7.102074474096298218e-02,1.264574676752090454e-01,6.748019903898239136e-02,-6.375208497047424316e-02,3.197832107543945312e-01,-8.381369709968566895e-01,3.816337287425994873e-01,-7.013212144374847412e-02,-5.333451032638549805e-01,0.000000000000000000e+00,-1.145266294479370117e+00,-8.212161064147949219e-01,2.268224582076072693e-02,-6.356051564216613770e-02,0.000000000000000000e+00
-1.645458381405887072e-01,1.303086082220269309e-02,8.306384682655334473e-01,3.666640756145542190e-02,-4.042736966106364599e-02,1.032030285735770769e-01,9.931617880446601543e-01,-3.885619938373565674e-01,3.372621536254882812e-02,-2.317617088556289673e-01,1.681707352399826050e-01,1.370041519403457642e-01,-1.172067448496818542e-01,-9.332804940640926361e-03,-6.281948834657669067e-02,-9.615645557641983032e-02,1.051174327731132507e-01,1.098208129405975342e-01,6.415475159883499146e-02,-1.251929998397827148e-01,3.143762946128845215e-01,-8.651066422462463379e-01,4.612092971801757812e-01,-1.179371103644371033e-01,-5.880214571952819824e-01,0.000000000000000000e+00,-1.209653973579406738e+00,-8.326340317726135254e-01,-2.620900422334671021e-02,1.346592605113983154e-01,0.000000000000000000e+00
-1.647803083586412698e-01,1.074682719896648958e-02,8.316962718963623047e-01,3.982500838552267136e-02,-3.873193761983120126e-02,1.032473422552634135e-01,9.931031124875860927e-01,-3.932999074459075928e-01,2.815668284893035889e-02,-2.320235073566436768e-01,1.721219569444656372e-01,1.309416741132736206e-01,-1.236641705036163330e-01,-1.689569838345050812e-02,-6.773748993873596191e-02,-9.059618413448333740e-02,1.097654327750205994e-01,1.066206693649291992e-01,6.338453292846679688e-02,-1.498180925846099854e-01,3.185704350471496582e-01,-8.672357797622680664e-01,4.863743484020233154e-01,-1.420754045248031616e-01,-6.154133081436157227e-01,0.000000000000000000e+00,-1.267973423004150391e+00,-8.134288191795349121e-01,4.066968685947358608e-04,3.380618393421173096e-01,0.000000000000000000e+00
-1.637334804031638780e-01,1.098834565175493827e-02,8.322992920875549316e-01,3.872988261610422339e-02,-4.138772958851356237e-02,1.032646877602648311e-01,9.930374898732806654e-01,-3.791104853153228760e-01,3.413086384534835815e-02,-2.241603732109069824e-01,1.613985896110534668e-01,1.348537802696228027e-01,-1.232051178812980652e-01,-2.909376285970211029e-03,-6.406977772712707520e-02,-9.845432639122009277e-02,1.011312827467918396e-01,1.095593124628067017e-01,6.682182103395462036e-02,-1.498418748378753662e-01,3.309474587440490723e-01,-8.684791922569274902e-01,4.700091183185577393e-01,-1.568076461553573608e-01,-6.135613918304443359e-01,0.000000000000000000e+00,-1.244794487953186035e+00,-8.273360133171081543e-01,1.428792160004377365e-02,3.327179551124572754e-01,0.000000000000000000e+00
-1.649895708483759549e-01,1.026628145727179892e-02,8.318055868148803711e-01,3.827675340089876921e-02,-3.991096820779254511e-02,1.074120324502377405e-01,9.926755059185818908e-01,-3.872719109058380127e-01,3.112219087779521942e-02,-2.328038066625595093e-01,1.621209383010864258e-01,1.371597349643707275e-01,-1.228452324867248535e-01,-8.893303573131561279e-03,-6.319919973611831665e-02,-9.918778389692306519e-02,1.022512540221214294e-01,1.102949604392051697e-01,6.996323168277740479e-02,-1.479861885309219360e-01,3.163591623306274414e-01,-8.544944524765014648e-01,4.834987223148345947e-01,-1.586766093969345093e-01,-6.434115171432495117e-01,0.000000000000000000e+00,-1.186635375022888184e+00,-8.483645915985107422e-01,-2.723043784499168396e-03,1.866118162870407104e-01,0.000000000000000000e+00
-1.676892523704143212e-01,1.042198381271506463e-02,8.302884101867675781e-01,3.828766608938953542e-02,-3.961070889615849605e-02,1.100797715398399435e-01,9.923948257946068052e-01,-3.957563936710357666e-01,2.548242919147014618e-02,-2.439266592264175415e-01,1.667509078979492188e-01,1.355732530355453491e-01,-1.117322072386741638e-01,-1.870927028357982635e-02,-6.645217537879943848e-02,-1.007029339671134949e-01,1.111153736710548401e-01,1.120101138949394226e-01,7.209670543670654297e-02,-1.362987458705902100e-01,2.986955046653747559e-01,-8.321662545204162598e-01,4.898666739463806152e-01,-1.378208845853805542e-01,-6.874867677688598633e-01,0.000000000000000000e+00,-1.105702400207519531e+00,-8.571812510490417480e-01,-3.613447770476341248e-02,-8.051607757806777954e-03,0.000000000000000000e+00
-1.674570609678142363e-01,1.506014510436710918e-02,8.282718658447265625e-01,3.504993803809684783e-02,-5.033350493859193447e-02,1.034839863702395613e-01,9.927381853686532143e-01,-3.562794625759124756e-01,4.142414033412933350e-02,-2.172692567110061646e-01,1.496409177780151367e-01,1.419083625078201294e-01,-9.803649038076400757e-02,1.561755593866109848e-02,-6.259623169898986816e-02,-1.199305057525634766e-01,1.021510511636734009e-01,1.211757436394691467e-01,7.074795663356781006e-02,-9.560928493738174438e-02,3.093949854373931885e-01,-8.298899531364440918e-01,4.403032362461090088e-01,-1.465325206518173218e-01,-6.748583316802978516e-01,0.000000000000000000e+00,-1.079138994216918945e+00,-8.547888994216918945e-01,5.306917708367109299e-03,-4.879929870367050171e-02,0.000000000000000000e+00
-1.686717051338034457e-01,1.778987651631759592e-02,8.275218009948730469e-01,3.300869369968288669e-02,-5.618923676118108002e-02,9.284958472825155518e-02,9.935452432719045213e-01,-3.330533504486083984e-01,5.488566309213638306e-02,-1.947253048419952393e-01,1.384204626083374023e-01,1.450423151254653931e-01,-8.662880957126617432e-02,3.347994759678840637e-02,-5.876478552818298340e-02,-1.169726997613906860e-01,9.022050350904464722e-02,1.267733871936798096e-01,7.054017484188079834e-02,-6.845016032457351685e-02,3.078538179397583008e-01,-8.407143354415893555e-01,4.362840950489044189e-01,-1.475318670272827148e-01,-6.822442412376403809e-01,0.000000000000000000e+00,-1.043576598167419434e+00,-8.411038517951965332e-01,3.630585595965385437e-02,-1.098071187734603882e-01,0.000000000000000000e+00
-1.696653270390550139e-01,1.896755440838914647e-02,8.276789188385009766e-01,3.181492672610669592e-02,-5.967325053526541939e-02,7.931665310713947870e-02,9.945530564770538318e-01,-3.171371221542358398e-01,6.806411594152450562e-02,-1.708022654056549072e-01,1.324168145656585693e-01,1.466365903615951538e-01,-7.528050243854522705e-02,4.136931523680686951e-02,-5.521006882190704346e-02,-1.028372570872306824e-01,8.270636200904846191e-02,1.304068714380264282e-01,7.032022625207901001e-02,-5.129935592412948608e-02,3.086489140987396240e-01,-8.685967326164245605e-01,4.630821049213409424e-01,-1.324837803840637207e-01,-7.044628858566284180e-01,0.000000000000000000e+00,-9.926122426986694336e-01,-8.130932450294494629e-01,5.094525963068008423e-02,-1.730377227067947388e-01,0.000000000000000000e+00
-1.770075035923184548e-01,1.761045006407399582e-02,8.293979763984680176e-01,3.546405167193934782e-02,-4.775693744813472308e-02,6.086610406201657664e-02,9.963718649886180723e-01,-3.775003850460052490e-01,6.083549931645393372e-02,-1.749463826417922974e-01,1.757988780736923218e-01,1.281453967094421387e-01,-6.145694851875305176e-02,-3.662504255771636963e-02,-6.149245798587799072e-02,-1.278214715421199799e-02,1.258521527051925659e-01,1.132452264428138733e-01,7.612225413322448730e-02,-6.204880028963088989e-02,2.822935581207275391e-01,-8.750644922256469727e-01,5.883731842041015625e-01,-3.630921989679336548e-02,-8.451275825500488281e-01,0.000000000000000000e+00,-8.580133914947509766e-01,-7.636587023735046387e-01,-4.036482796072959900e-02,-4.418943226337432861e-01,0.000000000000000000e+00
-1.752270825521830833e-01,2.073293026117047078e-02,8.292063474655151367e-01,3.363047966500457703e-02,-5.696122387914357571e-02,4.621604466010850731e-02,9.967389262127103189e-01,-3.343342244625091553e-01,7.948509603738784790e-02,-1.331500858068466187e-01,1.591942906379699707e-01,1.328551769256591797e-01,-5.108294636011123657e-02,-4.298172891139984131e-03,-5.911696702241897583e-02,-1.995133794844150543e-02,1.134681999683380127e-01,1.234309077262878418e-01,8.070186525583267212e-02,-3.444536402821540833e-02,2.797579467296600342e-01,-9.093399643898010254e-01,5.918024182319641113e-01,-3.785236924886703491e-02,-8.360083699226379395e-01,0.000000000000000000e+00,-8.236337900161743164e-01,-7.304987907409667969e-01,-1.170222740620374680e-02,-4.297027885913848877e-01,0.000000000000000000e+00
-1.744093259742148516e-01,2.329930277040098696e-02,8.291978240013122559e-01,3.256139343442413653e-02,-6.113897742968713717e-02,3.105476895246513797e-02,9.971145282372382290e-01,-3.094983398914337158e-01,9.380417317152023315e-02,-9.651392698287963867e-02,1.492069959640502930e-01,1.323591321706771851e-01,-4.380291700363159180e-02,1.144701708108186722e-02,-5.696262419223785400e-02,-6.307220552116632462e-03,1.008593365550041199e-01,1.275542974472045898e-01,8.647215366363525391e-02,-1.593138650059700012e-02,2.642145454883575439e-01,-9.587703943252563477e-01,6.194328069686889648e-01,-2.805173397064208984e-02,-8.280621170997619629e-01,0.000000000000000000e+00,-7.935808897018432617e-01,-6.958000063896179199e-01,9.987285360693931580e-03,-4.251038134098052979e-01,0.000000000000000000e+00
-1.742467780350579476e-01,2.718949670656833906e-02,8.295495510101318359e-01,3.133961563766796826e-02,-6.264262715970862760e-02,1.334392010226340131e-02,9.974545952325436504e-01,-2.947270572185516357e-01,1.052811443805694580e-01,-6.084537878632545471e-02,1.466624289751052856e-01,1.291014850139617920e-01,-3.496438264846801758e-02,1.579513214528560638e-02,-5.718170478940010071e-02,2.084865234792232513e-02,9.158284217119216919e-02,1.293164342641830444e-01,9.497229009866714478e-02,1.428754301741719246e-03,2.336714416742324829e-01,-1.002771496772766113e+00,6.727554202079772949e-01,-1.478683762252330780e-02,-8.013183474540710449e-01,0.000000000000000000e+00,-7.670350670814514160e-01,-6.682958006858825684e-01,3.056617267429828644e-02,-4.260210990905761719e-01,0.000000000000000000e+00
-1.796725486170702157e-01,3.128258393306872220e-02,8.306473493576049805e-01,3.037351345394112903e-02,-4.807688301129640213e-02,-6.645868923561087070e-03,9.983596022609450005e-01,-3.639450073242187500e-01,1.083674877882003784e-01,-6.944044679403305054e-02,1.962892562150955200e-01,1.071898788213729858e-01,-3.212891146540641785e-02,-6.389414519071578979e-02,-5.173038318753242493e-02,1.135430559515953064e-01,1.332435756921768188e-01,1.081807240843772888e-01,1.113348752260208130e-01,1.283440366387367249e-02,1.884224861860275269e-01,-1.050151348114013672e+00,8.071516156196594238e-01,7.709538936614990234e-02,-6.695398092269897461e-01,0.000000000000000000e+00,-7.131809592247009277e-01,-6.761016845703125000e-01,3.586687520146369934e-02,-5.443134903907775879e-01,0.000000000000000000e+00
-1.803231953522780040e-01,3.526310366666868257e-02,8.318479061126708984e-01,2.849223833744086304e-02,-4.501510652165433696e-02,-2.174928636848499561e-02,9.983430277624161242e-01,-3.733786642551422119e-01,1.181217357516288757e-01,-5.225958675146102905e-02,2.080147713422775269e-01,1.039608195424079895e-01,-2.904513850808143616e-02,-8.424901217222213745e-02,-4.642371833324432373e-02,1.536287963390350342e-01,1.443434506654739380e-01,1.001225858926773071e-01,1.198337599635124207e-01,2.951338700950145721e-02,1.443648040294647217e-01,-1.059102892875671387e+00,8.829565644264221191e-01,6.778696924448013306e-02,-4.321855902671813965e-01,0.000000000000000000e+00,-6.780771613121032715e-01,-6.829013824462890625e-01,6.207482889294624329e-02,-5.798113346099853516e-01,0.000000000000000000e+00
-1.796901181531603831e-01,3.987816560309337399e-02,8.339822888374328613e-01,2.659301256042281153e-02,-4.170171168509029247e-02,-3.646639606295704050e-02,9.981102047788483755e-01,-3.762684166431427002e-01,1.267095804214477539e-01,-3.431385383009910583e-02,2.124662697315216064e-01,1.015039980411529541e-01,-2.310974895954132080e-02,-1.002243310213088989e-01,-4.221500083804130554e-02,1.900258511304855347e-01,1.514577120542526245e-01,9.332853555679321289e-02,1.302045285701751709e-01,4.556442424654960632e-02,9.094217419624328613e-02,-1.062725305557250977e+00,9.493812918663024902e-01,4.104782268404960632e-02,-1.829497516155242920e-01,0.000000000000000000e+00,-6.443031430244445801e-01,-7.128903865814208984e-01,7.419934868812561035e-02,-6.140770316123962402e-01,0.000000000000000000e+00
-1.775853524674298467e-01,4.484303061847880190e-02,8.366055488586425781e-01,2.518762924655157040e-02,-3.796223481262793464e-02,-5.372808744859235847e-02,9.975157866821384722e-01,-3.719961941242218018e-01,1.354647576808929443e-01,-7.456429302692413330e-03,2.105273008346557617e-01,9.930830448865890503e-02,-1.853087358176708221e-02,-1.140544191002845764e-01,-3.924690932035446167e-02,2.267271280288696289e-01,1.545059233903884888e-01,9.428787231445312500e-02,1.323553919792175293e-01,5.417997017502784729e-02,3.018159419298171997e-02,-1.038625955581665039e+00,9.992085099220275879e-01,6.652060896158218384e-02,-9.588746726512908936e-02,0.000000000000000000e+00,-6.027913689613342285e-01,-7.561535835266113281e-01,6.527021527290344238e-02,-6.436933279037475586e-01,0.000000000000000000e+00
-1.772858172983992897e-01,5.005898987380844045e-02,8.388829231262207031e-01,2.477600958190843625e-02,-3.347117305270987803e-02,-7.470566978053182206e-02,9.963357329867854606e-01,-3.725275397300720215e-01,1.439554542303085327e-01,2.344260551035404205e-02,2.108934819698333740e-01,9.537594020366668701e-02,-1.643010601401329041e-02,-1.388271301984786987e-01,-3.478212654590606689e-02,2.763279378414154053e-01,1.658618152141571045e-01,9.623323380947113037e-02,1.361159235239028931e-01,5.547672510147094727e-02,-2.041028067469596863e-02,-9.832066297531127930e-01,1.028186321258544922e+00,1.427753865718841553e-01,-1.319539546966552734e-01,0.000000000000000000e+00,-5.265516042709350586e-01,-8.264247179031372070e-01,2.595054684206843376e-03,-6.747481226921081543e-01,0.000000000000000000e+00
-1.764473714602146914e-01,5.453704857088819552e-02,8.397304415702819824e-01,2.427491048835694193e-02,-3.264887572037947910e-02,-9.597620953274045574e-02,9.945518321529075445e-01,-3.587345778942108154e-01,1.567579209804534912e-01,6.801991164684295654e-02,2.069081068038940430e-01,9.120009839534759521e-02,-1.867325976490974426e-02,-1.465422511100769043e-01,-3.134763985872268677e-02,3.171543478965759277e-01,1.656923890113830566e-01,9.946714341640472412e-02,1.428791731595993042e-01,4.617859795689582825e-02,-6.064750254154205322e-02,-9.593216180801391602e-01,1.042356371879577637e+00,1.850960254669189453e-01,-1.845876723527908325e-01,0.000000000000000000e+00,-4.296436011791229248e-01,-8.895853757858276367e-01,-5.423010885715484619e-02,-6.408758759498596191e-01,0.000000000000000000e+00
-1.743516460538712953e-01,5.788349820626503828e-02,8.408969640731811523e-01,2.380369106616289643e-02,-3.029037979776799672e-02,-1.117292654944131991e-01,9.929916658338138191e-01,-3.526054322719573975e-01,1.640119254589080811e-01,9.566141664981842041e-02,2.065865397453308105e-01,8.906852453947067261e-02,-2.164365537464618683e-02,-1.512297242879867554e-01,-3.049474395811557770e-02,3.457442522048950195e-01,1.599238216876983643e-01,1.056804805994033813e-01,1.431066542863845825e-01,3.599083051085472107e-02,-1.001023948192596436e-01,-9.421347975730895996e-01,1.056772112846374512e+00,2.457098662853240967e-01,-2.306010872125625610e-01,0.000000000000000000e+00,-3.027322292327880859e-01,-9.299101829528808594e-01,-1.212915629148483276e-01,-5.593077540397644043e-01,0.000000000000000000e+00
-1.712703062616452998e-01,6.160464753739876287e-02,8.436123132705688477e-01,2.324924118408300960e-02,-2.604503080158589515e-02,-1.197722895453697672e-01,9.921873451178304659e-01,-3.571035265922546387e-01,1.618806421756744385e-01,9.345486015081405640e-02,2.110905349254608154e-01,8.294529467821121216e-02,-1.722411625087261200e-02,-1.583121865987777710e-01,-3.247326239943504333e-02,3.618541955947875977e-01,1.551588773727416992e-01,1.095141172409057617e-01,1.399223655462265015e-01,3.083524666726589203e-02,-1.457965373992919922e-01,-8.940813541412353516e-01,1.070036053657531738e+00,3.223399221897125244e-01,-2.824994027614593506e-01,0.000000000000000000e+00,-1.662714779376983643e-01,-9.771775007247924805e-01,-2.298940420150756836e-01,-4.233363866806030273e-01,0.000000000000000000e+00
-1.666032628109453129e-01,6.348231635506305925e-02,8.460287451744079590e-01,2.293822257393021355e-02,-2.101003125846074432e-02,-1.195945136757241012e-01,9.923354114563958106e-01,-3.648719787597656250e-01,1.559415459632873535e-01,9.051433205604553223e-02,2.108377218246459961e-01,8.590605109930038452e-02,-1.574627868831157684e-02,-1.609396785497665405e-01,-3.595869243144989014e-02,3.627902269363403320e-01,1.486165374517440796e-01,1.133203208446502686e-01,1.299969255924224854e-01,2.402408048510551453e-02,-1.939262449741363525e-01,-8.511738777160644531e-01,1.083771586418151855e+00,3.815999627113342285e-01,-3.311401605606079102e-01,0.000000000000000000e+00,-2.703799307346343994e-02,-9.918352961540222168e-01,-3.214461505413055420e-01,-2.550906538963317871e-01,0.000000000000000000e+00
-1.614428392542339163e-01,6.534657985525055279e-02,8.484119176864624023e-01,2.380822744867410953e-02,-1.434426865589458547e-02,-1.140450278297280434e-01,9.930866739060576487e-01,-3.770900368690490723e-01,1.467712819576263428e-01,8.149671554565429688e-02,2.127013951539993286e-01,8.112056553363800049e-02,-2.308831922709941864e-02,-1.687071770429611206e-01,-4.263845831155776978e-02,3.585439324378967285e-01,1.464742869138717651e-01,1.155123710632324219e-01,1.204324290156364441e-01,1.735865511000156403e-02,-2.271416038274765015e-01,-8.213520050048828125e-01,1.091467499732971191e+00,4.180954396724700928e-01,-3.717328906059265137e-01,0.000000000000000000e+00,1.074734255671501160e-01,-9.653306007385253906e-01,-3.896105587482452393e-01,-5.436809733510017395e-02,0.000000000000000000e+00
-1.559592489817565597e-01,6.670297267618478798e-02,8.494510650634765625e-01,2.473943860840626535e-02,-7.943563930539668597e-03,-1.049246461434175798e-01,9.941406734467215234e-01,-3.877570927143096924e-01,1.377965360879898071e-01,7.818678021430969238e-02,2.098572403192520142e-01,8.240538090467453003e-02,-4.044292122125625610e-02,-1.744637042284011841e-01,-5.101627856492996216e-02,3.453575074672698975e-01,1.443986743688583374e-01,1.180683448910713196e-01,1.112771257758140564e-01,1.624253205955028534e-02,-2.344614267349243164e-01,-8.033113479614257812e-01,1.084940433502197266e+00,4.193160235881805420e-01,-4.076209366321563721e-01,0.000000000000000000e+00,2.263476997613906860e-01,-8.977606296539306641e-01,-4.486552178859710693e-01,1.477500200271606445e-01,0.000000000000000000e+00
-1.501644499169974833e-01,6.796021612406778767e-02,8.491671681404113770e-01,2.373769341925197757e-02,1.636066334870816988e-04,-9.303921368080710075e-02,9.953794250745090499e-01,-4.097846746444702148e-01,1.224402934312820435e-01,4.185872524976730347e-02,2.110625654458999634e-01,8.551998436450958252e-02,-4.420058056712150574e-02,-1.855072826147079468e-01,-5.340937152504920959e-02,3.300855457782745361e-01,1.488589644432067871e-01,1.179891824722290039e-01,9.190373122692108154e-02,3.052223660051822662e-02,-2.108018100261688232e-01,-7.941166758537292480e-01,1.048770904541015625e+00,4.205434620380401611e-01,-4.468817412853240967e-01,0.000000000000000000e+00,3.091411888599395752e-01,-8.136242628097534180e-01,-5.383352041244506836e-01,3.820537328720092773e-01,0.000000000000000000e+00
-1.454522810014517720e-01,6.987472974934144654e-02,8.469609618186950684e-01,2.380490332267632542e-02,3.111740099158737637e-03,-7.932137860515997563e-02,9.965599643511323658e-01,-4.153583049774169922e-01,1.102117598056793213e-01,2.342996746301651001e-02,2.096320092678070068e-01,8.737232536077499390e-02,-5.575383082032203674e-02,-1.821758747100830078e-01,-6.174048408865928650e-02,3.063483238220214844e-01,1.487084031105041504e-01,1.197898760437965393e-01,7.751752436161041260e-02,3.856873884797096252e-02,-1.884540766477584839e-01,-7.923126816749572754e-01,1.018525123596191406e+00,3.918510675430297852e-01,-4.702740609645843506e-01,0.000000000000000000e+00,3.434385359287261963e-01,-7.508442401885986328e-01,-5.823315978050231934e-01,5.824043750762939453e-01,0.000000000000000000e+00
-1.417144976691707969e-01,7.251526574690848881e-02,8.450210690498352051e-01,2.218088503554870722e-02,8.180217380834367558e-03,-6.017425795615366502e-02,9.979078870627631215e-01,-4.326499104499816895e-01,9.617277979850769043e-02,-6.310579366981983185e-03,2.128365337848663330e-01,8.024639636278152466e-02,-7.146817445755004883e-02,-1.852882206439971924e-01,-6.928166002035140991e-02,2.734743952751159668e-01,1.519645154476165771e-01,1.116675138473510742e-01,6.839232891798019409e-02,5.972780287265777588e-02,-1.423703730106353760e-01,-8.116239905357360840e-01,9.584410786628723145e-01,3.613931536674499512e-01,-4.850039780139923096e-01,0.000000000000000000e+00,3.814948499202728271e-01,-7.084885835647583008e-01,-5.830141305923461914e-01,7.437790036201477051e-01,0.000000000000000000e+00
-1.379260539960930898e-01,7.526141061257711484e-02,8.433896899223327637e-01,2.018749135919378768e-02,1.279747770133085605e-02,-4.112136939434320876e-02,9.988682209061616746e-01,-4.478966593742370605e-01,7.702986150979995728e-02,-4.649189859628677368e-02,2.147707045078277588e-01,8.524121344089508057e-02,-7.007046043872833252e-02,-1.863063275814056396e-01,-7.470427453517913818e-02,2.447234541177749634e-01,1.550669670104980469e-01,1.100463345646858215e-01,5.052017420530319214e-02,7.842569053173065186e-02,-8.659996092319488525e-02,-8.365099430084228516e-01,8.872846364974975586e-01,3.160261809825897217e-01,-4.983188211917877197e-01,0.000000000000000000e+00,3.966148793697357178e-01,-6.608194112777709961e-01,-5.383251309394836426e-01,8.379480838775634766e-01,0.000000000000000000e+00
-1.353612718253004721e-01,7.874983790926304295e-02,8.415599465370178223e-01,1.772607957409721643e-02,1.611486196438621787e-02,-2.322836177423310416e-02,9.994431152077075664e-01,-4.623598158359527588e-01,6.140433251857757568e-02,-7.949744164943695068e-02,2.196974903345108032e-01,8.413346856832504272e-02,-6.669614464044570923e-02,-1.862540245056152344e-01,-8.042518794536590576e-02,2.112353742122650146e-01,1.586547940969467163e-01,1.043420284986495972e-01,4.491886496543884277e-02,9.935501217842102051e-02,-2.089422382414340973e-02,-8.721982240676879883e-01,8.074584603309631348e-01,2.733117640018463135e-01,-5.014821887016296387e-01,0.000000000000000000e+00,3.661214411258697510e-01,-5.980312228202819824e-01,-5.023651123046875000e-01,8.505528569221496582e-01,0.000000000000000000e+00
-1.336972926182439791e-01,8.210528807797315420e-02,8.397695422172546387e-01,1.419921233659850873e-02,1.883336251693489699e-02,-7.183152324058666993e-03,9.996959983655108184e-01,-4.747391045093536377e-01,4.984758794307708740e-02,-1.020273715257644653e-01,2.197624891996383667e-01,8.685166388750076294e-02,-6.700633466243743896e-02,-1.832533031702041626e-01,-8.236902207136154175e-02,1.821596324443817139e-01,1.580937206745147705e-01,1.019259020686149597e-01,4.064831882715225220e-02,1.197703406214714050e-01,5.246573314070701599e-02,-9.105175733566284180e-01,7.242144346237182617e-01,2.247217893600463867e-01,-5.045540928840637207e-01,0.000000000000000000e+00,2.976748645305633545e-01,-5.466477274894714355e-01,-4.477273225784301758e-01,8.028004765510559082e-01,0.000000000000000000e+00
-1.329143032189583629e-01,8.439988411737650575e-02,8.374109268188476562e-01,1.179044539465423300e-02,1.981416358415635792e-02,5.521303159270125709e-03,9.997189102594186139e-01,-4.824683666229248047e-01,4.026916995644569397e-02,-1.258130669593811035e-01,2.223377376794815063e-01,8.560805767774581909e-02,-6.480336189270019531e-02,-1.776162385940551758e-01,-8.548836410045623779e-02,1.536772996187210083e-01,1.556701660156250000e-01,9.669758379459381104e-02,4.558578878641128540e-02,1.323559135198593140e-01,1.353068202733993530e-01,-9.578725099563598633e-01,6.353666782379150391e-01,1.738646626472473145e-01,-4.990562498569488525e-01,0.000000000000000000e+00,1.819530427455902100e-01,-5.125958323478698730e-01,-3.764097988605499268e-01,7.385955452919006348e-01,0.000000000000000000e+00
-1.332080486472952963e-01,8.487162758456955058e-02,8.348798155784606934e-01,1.134556384905198619e-02,1.953190005664826381e-02,1.578719044765697355e-02,9.996202017160785713e-01,-4.886682033538818359e-01,3.089991956949234009e-02,-1.432710587978363037e-01,2.270077466964721680e-01,8.387726545333862305e-02,-5.734883621335029602e-02,-1.728333383798599243e-01,-8.929052203893661499e-02,1.317455619573593140e-01,1.548633426427841187e-01,9.569104760885238647e-02,5.122932791709899902e-02,1.311724931001663208e-01,2.130859643220901489e-01,-1.004251599311828613e+00,5.607064962387084961e-01,1.114106997847557068e-01,-4.926069378852844238e-01,0.000000000000000000e+00,9.203991852700710297e-03,-4.830543398857116699e-01,-2.970092594623565674e-01,6.593721508979797363e-01,0.000000000000000000e+00
-1.329511994922486506e-01,8.336232903263497696e-02,8.324966430664062500e-01,1.326611567773649560e-02,1.951977795698044832e-02,2.354976892471262115e-02,9.994440438698546370e-01,-4.923882186412811279e-01,2.160347439348697662e-02,-1.543537378311157227e-01,2.309637367725372314e-01,8.219773322343826294e-02,-5.439828336238861084e-02,-1.664814949035644531e-01,-9.520387649536132812e-02,1.138197481632232666e-01,1.513577252626419067e-01,9.309671819210052490e-02,5.335099995136260986e-02,1.202689632773399353e-01,2.831314206123352051e-01,-1.042081713676452637e+00,4.956744015216827393e-01,3.833218291401863098e-02,-4.893397688865661621e-01,0.000000000000000000e+00,-2.020746618509292603e-01,-4.600818157196044922e-01,-2.213573008775711060e-01,5.335773229598999023e-01,0.000000000000000000e+00
-1.317438029240259878e-01,8.019480137258816477e-02,8.300228118896484375e-01,1.728054123187818328e-02,2.008354733110084139e-02,2.899576529382201506e-02,9.992283420802066107e-01,-4.961140453815460205e-01,1.241637952625751495e-02,-1.609710454940795898e-01,2.371822893619537354e-01,8.019327372312545776e-02,-5.369577929377555847e-02,-1.609194129705429077e-01,-1.032264605164527893e-01,1.003494039177894592e-01,1.473450958728790283e-01,9.267348051071166992e-02,5.799222737550735474e-02,9.845502674579620361e-02,3.413996696472167969e-01,-1.072703123092651367e+00,4.562020897865295410e-01,-1.204481907188892365e-02,-4.867733120918273926e-01,0.000000000000000000e+00,-4.430425167083740234e-01,-4.398998022079467773e-01,-1.566825211048126221e-01,3.898428380489349365e-01,0.000000000000000000e+00
-1.287143573418728926e-01,7.689669220815623096e-02,8.284633159637451172e-01,2.137670640922510398e-02,2.043556367624349557e-02,3.501598498613573557e-02,9.989491002827816102e-01,-4.921556711196899414e-01,3.938875161111354828e-03,-1.650870740413665771e-01,2.367591112852096558e-01,7.811148464679718018e-02,-5.508714169263839722e-02,-1.509664505720138550e-01,-1.110340878367424011e-01,8.540554344654083252e-02,1.419840306043624878e-01,9.106645733118057251e-02,6.185644865036010742e-02,7.371877133846282959e-02,3.754791617393493652e-01,-1.075704097747802734e+00,4.540514051914215088e-01,-5.249351263046264648e-02,-5.003221631050109863e-01,0.000000000000000000e+00,-7.019096612930297852e-01,-4.114273488521575928e-01,-1.002792567014694214e-01,2.361179590225219727e-01,0.000000000000000000e+00
-1.245711813900633458e-01,7.299120765044833647e-02,8.282469511032104492e-01,2.587875934457185487e-02,2.054212015469703001e-02,4.553703738649776678e-02,9.984160902852059483e-01,-4.848931431770324707e-01,-7.922408170998096466e-03,-1.734714657068252563e-01,2.334359735250473022e-01,7.908345013856887817e-02,-5.906936898827552795e-02,-1.360054165124893188e-01,-1.190895885229110718e-01,6.324207782745361328e-02,1.356018036603927612e-01,9.310664981603622437e-02,6.446474045515060425e-02,4.192281886935234070e-02,3.803825378417968750e-01,-1.051185488700866699e+00,4.806162714958190918e-01,-8.292767405509948730e-02,-5.303800106048583984e-01,0.000000000000000000e+00,-9.596740603446960449e-01,-3.856897354125976562e-01,-6.106796860694885254e-02,7.610405236482620239e-02,0.000000000000000000e+00
-1.199751225024843493e-01,6.741288426838484837e-02,8.290224671363830566e-01,3.161064041460637936e-02,2.222708328546846995e-02,6.261052501844302509e-02,9.972896501709592743e-01,-4.834316074848175049e-01,-2.734878286719322205e-02,-1.934951841831207275e-01,2.326874285936355591e-01,7.753522694110870361e-02,-5.905500426888465881e-02,-1.216789558529853821e-01,-1.293003708124160767e-01,2.880213782191276550e-02,1.289280951023101807e-01,8.996878564357757568e-02,6.499920040369033813e-02,-6.389655172824859619e-04,3.411209881305694580e-01,-9.939842820167541504e-01,5.604107379913330078e-01,-6.634292006492614746e-02,-5.906281471252441406e-01,0.000000000000000000e+00,-1.214633703231811523e+00,-3.467207849025726318e-01,-5.522702261805534363e-02,-5.818023532629013062e-02,0.000000000000000000e+00
-1.118186097619077723e-01,6.703515512415318678e-02,8.310300111770629883e-01,2.855134853242742229e-02,1.167538670560861087e-02,6.848571339827681792e-02,9.971751164678065438e-01,-4.299622178077697754e-01,-9.838582016527652740e-03,-1.743982136249542236e-01,2.032334059476852417e-01,8.046594262123107910e-02,-6.425921618938446045e-02,-6.259795278310775757e-02,-1.208006292581558228e-01,-1.759401522576808929e-02,1.090920791029930115e-01,8.567648380994796753e-02,6.247891485691070557e-02,-7.882307283580303192e-03,3.752622902393341064e-01,-9.941660761833190918e-01,5.267434120178222656e-01,-8.446543663740158081e-02,-5.612593293190002441e-01,0.000000000000000000e+00,-1.315109968185424805e+00,-4.189322292804718018e-01,-6.158764287829399109e-02,-1.026287898421287537e-01,0.000000000000000000e+00
-1.096978626299011106e-01,6.537013081022363670e-02,8.323398232460021973e-01,2.743169464961028869e-02,6.011012300828391317e-03,7.374049435881743775e-02,9.968819936940817028e-01,-4.034587442874908447e-01,-2.047076355665922165e-03,-1.691195219755172729e-01,1.831564754247665405e-01,8.703903108835220337e-02,-6.635168194770812988e-02,-2.925941906869411469e-02,-1.150804609060287476e-01,-4.916553571820259094e-02,9.002442657947540283e-02,9.170062839984893799e-02,6.001744046807289124e-02,-2.207660116255283356e-02,3.850128054618835449e-01,-9.924002289772033691e-01,5.096812844276428223e-01,-1.050413697957992554e-01,-5.380154252052307129e-01,0.000000000000000000e+00,-1.370645284652709961e+00,-4.857509732246398926e-01,-6.514422595500946045e-02,-1.244176253676414490e-01,0.000000000000000000e+00
-1.138122740286403589e-01,5.573746603425124707e-02,8.334688544273376465e-01,3.680852810812872827e-02,1.376119692790927357e-02,9.872346530804959608e-02,9.943386943668615086e-01,-4.486005008220672607e-01,-4.482066258788108826e-02,-2.347937822341918945e-01,2.110635638236999512e-01,8.810357004404067993e-02,-7.589916139841079712e-02,-5.248545855283737183e-02,-1.293601989746093750e-01,-7.295723259449005127e-02,9.621566534042358398e-02,9.891655296087265015e-02,7.060123234987258911e-02,-8.241941034793853760e-02,2.918246686458587646e-01,-9.149018526077270508e-01,6.237902045249938965e-01,-6.330310553312301636e-02,-6.125320792198181152e-01,0.000000000000000000e+00,-1.420967817306518555e+00,-4.982161521911621094e-01,-1.033561676740646362e-01,-1.298297047615051270e-01,0.000000000000000000e+00
-1.140444851496372203e-01,5.497758460025184424e-02,8.325806260108947754e-01,3.518674487319147642e-02,8.032926162305204995e-03,1.016493240169027007e-01,9.941653685425814180e-01,-4.282901287078857422e-01,-3.684240579605102539e-02,-2.312824428081512451e-01,1.968893259763717651e-01,9.402037411928176880e-02,-7.848975062370300293e-02,-2.991408482193946838e-02,-1.238265037536621094e-01,-9.433876723051071167e-02,8.730701357126235962e-02,1.026063784956932068e-01,6.984256207942962646e-02,-8.401509374380111694e-02,3.074474930763244629e-01,-9.162349104881286621e-01,5.930868983268737793e-01,-7.071957737207412720e-02,-5.938756465911865234e-01,0.000000000000000000e+00,-1.388355135917663574e+00,-5.290165543556213379e-01,-8.627346903085708618e-02,-1.101221814751625061e-01,0.000000000000000000e+00
-1.130153169135636876e-01,5.476946932812130908e-02,8.309712409973144531e-01,3.216683333384674076e-02,-1.036864645461699035e-03,1.016520360780397703e-01,9.942992926207724347e-01,-3.931983709335327148e-01,-1.954896375536918640e-02,-2.150495201349258423e-01,1.735177785158157349e-01,9.868521243333816528e-02,-7.775912433862686157e-02,2.426147926598787308e-03,-1.147760078310966492e-01,-1.244132891297340393e-01,7.819178700447082520e-02,1.050602644681930542e-01,7.109465450048446655e-02,-7.343997061252593994e-02,3.440148532390594482e-01,-9.316489100456237793e-01,5.337761044502258301e-01,-8.536659181118011475e-02,-5.584545731544494629e-01,0.000000000000000000e+00,-1.349358797073364258e+00,-5.602625012397766113e-01,-6.574389338493347168e-02,-8.739428967237472534e-02,0.000000000000000000e+00
-1.131105913886842340e-01,5.410320625808607425e-02,8.301506042480468750e-01,3.059158568918746504e-02,-7.032013261404969871e-03,1.024384420650438082e-01,9.942439696884257661e-01,-3.726617395877838135e-01,-9.951537474989891052e-03,-2.092393934726715088e-01,1.598369032144546509e-01,1.026791259646415710e-01,-7.328367978334426880e-02,2.277646772563457489e-02,-1.080280095338821411e-01,-1.408263593912124634e-01,7.101819664239883423e-02,1.077425181865692139e-01,6.955655664205551147e-02,-6.655938178300857544e-02,3.718696534633636475e-01,-9.354680776596069336e-01,4.899663925170898438e-01,-9.555441886186599731e-02,-5.230098366737365723e-01,0.000000000000000000e+00,-1.315791368484497070e+00,-5.909458398818969727e-01,-5.775925517082214355e-02,-8.302399516105651855e-02,0.000000000000000000e+00
-1.130129417853715373e-01,5.279980202339745743e-02,8.300043940544128418e-01,3.078418564530722296e-02,-1.014720395333910258e-02,1.032237447781905182e-01,9.941298842103337696e-01,-3.619340956211090088e-01,-7.401367649435997009e-03,-2.134911566972732544e-01,1.523648202419281006e-01,1.056361719965934753e-01,-6.590668857097625732e-02,3.646289557218551636e-02,-1.030751094222068787e-01,-1.453712433576583862e-01,6.233103945851325989e-02,1.043945550918579102e-01,6.654180586338043213e-02,-6.045793369412422180e-02,3.970262706279754639e-01,-9.400729537010192871e-01,4.760920703411102295e-01,-9.188661724328994751e-02,-4.950023293495178223e-01,0.000000000000000000e+00,-1.293954133987426758e+00,-6.112974286079406738e-01,-5.465934798121452332e-02,-8.971224725246429443e-02,0.000000000000000000e+00
-1.143044404930904645e-01,5.215316155257054831e-02,8.297448754310607910e-01,3.027585102406545395e-02,-1.247097066280723060e-02,1.038944799519321976e-01,9.940491862936228218e-01,-3.568010628223419189e-01,-4.895595833659172058e-03,-2.107157111167907715e-01,1.498389244079589844e-01,1.079950481653213501e-01,-6.323298066854476929e-02,4.468612000346183777e-02,-1.007289811968803406e-01,-1.514468044042587280e-01,5.766733363270759583e-02,1.044101417064666748e-01,6.692426651716232300e-02,-5.760163068771362305e-02,4.127915501594543457e-01,-9.485806226730346680e-01,4.704946577548980713e-01,-8.828975260257720947e-02,-4.751667678356170654e-01,0.000000000000000000e+00,-1.279641270637512207e+00,-6.262406110763549805e-01,-5.612127855420112610e-02,-9.837321937084197998e-02,0.000000000000000000e+00
-1.140020111529689850e-01,5.047673071171997206e-02,8.299542069435119629e-01,3.060466183364099133e-02,-1.339551589055690099e-02,1.057336694668247062e-01,9.938331378904382563e-01,-3.549805581569671631e-01,-4.856638610363006592e-03,-2.196096330881118774e-01,1.473323851823806763e-01,1.105262562632560730e-01,-5.864513665437698364e-02,5.394209176301956177e-02,-9.655142575502395630e-02,-1.571397483348846436e-01,4.696194455027580261e-02,1.017257794737815857e-01,7.234088331460952759e-02,-5.146284401416778564e-02,4.331368505954742432e-01,-9.438646435737609863e-01,5.026053190231323242e-01,-7.804779708385467529e-02,-4.553290307521820068e-01,0.000000000000000000e+00,-1.276373267173767090e+00,-6.618555188179016113e-01,-6.555832177400588989e-02,-1.237384080886840820e-01,0.000000000000000000e+00
-1.200862502611157456e-01,4.120290802640754618e-02,8.317500352859497070e-01,4.050581168613202193e-02,6.953718487977357315e-04,1.205197145052280400e-01,9.918839620102837262e-01,-4.300528764724731445e-01,-4.972717165946960449e-02,-2.781416177749633789e-01,2.018704116344451904e-01,9.677475690841674805e-02,-6.039911136031150818e-02,-6.971717346459627151e-03,-1.158243566751480103e-01,-1.377440094947814941e-01,7.515130192041397095e-02,9.299264848232269287e-02,8.009507507085800171e-02,-1.016665101051330566e-01,3.474866747856140137e-01,-8.318756222724914551e-01,7.093297839164733887e-01,6.408593803644180298e-02,-5.623799562454223633e-01,0.000000000000000000e+00,-1.285121798515319824e+00,-6.250515580177307129e-01,-1.712006032466888428e-01,-2.374774664640426636e-01,0.000000000000000000e+00
-1.209458212988687997e-01,3.795598045622869399e-02,8.330230712890625000e-01,4.252814058935732583e-02,-1.389174625946517239e-03,1.228156333564203867e-01,9.915168922691796061e-01,-4.234900772571563721e-01,-4.914004355669021606e-02,-2.778551280498504639e-01,1.954780519008636475e-01,1.014987006783485413e-01,-6.201769039034843445e-02,-5.208739894442260265e-04,-1.149836927652359009e-01,-1.449824571609497070e-01,7.142378389835357666e-02,8.981785178184509277e-02,8.294214308261871338e-02,-9.934309124946594238e-02,3.576373159885406494e-01,-7.354667782783508301e-01,8.078545928001403809e-01,1.148586124181747437e-01,-5.411042571067810059e-01,0.000000000000000000e+00,-1.282480478286743164e+00,-6.271230578422546387e-01,-1.688731312751770020e-01,-2.509988844394683838e-01,0.000000000000000000e+00
-1.216170650500374845e-01,3.257212674070183306e-02,8.342426419258117676e-01,4.794039570977599862e-02,-3.645990895237605830e-03,1.227762965592450461e-01,9.912690887003278162e-01,-4.140733480453491211e-01,-5.220595002174377441e-02,-2.764239609241485596e-01,1.895674765110015869e-01,1.022238880395889282e-01,-5.675730109214782715e-02,2.507520839571952820e-03,-1.201959773898124695e-01,-1.482973098754882812e-01,7.325544208288192749e-02,8.607740700244903564e-02,8.555202931165695190e-02,-1.067817881703376770e-01,3.821999728679656982e-01,-6.098672747611999512e-01,9.323072433471679688e-01,1.628925353288650513e-01,-4.720261394977569580e-01,0.000000000000000000e+00,-1.274397611618041992e+00,-6.410474777221679688e-01,-1.764884144067764282e-01,-2.562660276889801025e-01,0.000000000000000000e+00
-1.222312546077899131e-01,2.942130047441346430e-02,8.351273536682128906e-01,5.083523315451593527e-02,-6.193417885191226414e-03,1.194816199048387845e-01,9.915147821136813810e-01,-4.038250446319580078e-01,-4.902908951044082642e-02,-2.686110138893127441e-01,1.838538795709609985e-01,1.051055267453193665e-01,-5.846649408340454102e-02,5.026638973504304886e-03,-1.219764873385429382e-01,-1.476358473300933838e-01,7.581199705600738525e-02,8.347014337778091431e-02,8.821552246809005737e-02,-1.008061915636062622e-01,4.342359006404876709e-01,-4.833626449108123779e-01,1.025729537010192871e+00,1.759387105703353882e-01,-3.637027740478515625e-01,0.000000000000000000e+00,-1.257922053337097168e+00,-6.870876550674438477e-01,-1.763943284749984741e-01,-2.634172141551971436e-01,0.000000000000000000e+00
-1.220780187448301246e-01,2.609645313724354848e-02,8.357406258583068848e-01,5.482755703560081989e-02,-8.650210815212330123e-03,1.160311149061301478e-01,9.916934471982765675e-01,-3.935082554817199707e-01,-4.782097414135932922e-02,-2.574097514152526855e-01,1.807328909635543823e-01,1.002692133188247681e-01,-5.845852568745613098e-02,9.038362652063369751e-03,-1.264223903417587280e-01,-1.459721475839614868e-01,7.853347808122634888e-02,7.620489597320556641e-02,9.411334991455078125e-02,-9.953232109546661377e-02,5.001645684242248535e-01,-3.621346354484558105e-01,1.128567814826965332e+00,1.961507201194763184e-01,-2.181881666183471680e-01,0.000000000000000000e+00,-1.222083806991577148e+00,-7.573882341384887695e-01,-1.939273923635482788e-01,-2.723069787025451660e-01,0.000000000000000000e+00
-1.211490280449487589e-01,2.375518018237365164e-02,8.372763395309448242e-01,5.747386556108780714e-02,-1.048212429842467625e-02,1.137268422539926827e-01,9.917928640591209266e-01,-3.864156305789947510e-01,-4.767976328730583191e-02,-2.542188465595245361e-01,1.818364411592483521e-01,9.259831905364990234e-02,-5.594721436500549316e-02,1.495421398431062698e-02,-1.284586340188980103e-01,-1.469650715589523315e-01,7.839435338973999023e-02,7.194158434867858887e-02,1.019001528620719910e-01,-9.156324714422225952e-02,5.658936500549316406e-01,-2.248902320861816406e-01,1.216070652008056641e+00,1.765135675668716431e-01,-4.056273028254508972e-02,0.000000000000000000e+00,-1.174802899360656738e+00,-8.285212516784667969e-01,-2.201848328113555908e-01,-2.816414535045623779e-01,0.000000000000000000e+00
-1.211485275652549876e-01,2.311592464926917612e-02,8.388990163803100586e-01,5.875882118046582558e-02,-1.051099648856162333e-02,1.110251220498252311e-01,9.920233576686191546e-01,-3.873202800750732422e-01,-4.861210286617279053e-02,-2.526065707206726074e-01,1.864152401685714722e-01,9.167973697185516357e-02,-5.147689208388328552e-02,1.291794609278440475e-02,-1.301254481077194214e-01,-1.390058100223541260e-01,7.974060624837875366e-02,7.013452053070068359e-02,1.047970131039619446e-01,-7.852856069803237915e-02,6.153467893600463867e-01,-7.649748772382736206e-02,1.247380375862121582e+00,1.044775769114494324e-01,1.628906428813934326e-01,0.000000000000000000e+00,-1.136229515075683594e+00,-8.911023139953613281e-01,-2.302191853523254395e-01,-2.884140610694885254e-01,0.000000000000000000e+00
-1.219624386919988535e-01,2.342251859014098103e-02,8.408581614494323730e-01,5.857285154936368171e-02,-8.244356247347855299e-03,1.088585408379600522e-01,9.922958579668028634e-01,-3.970486223697662354e-01,-4.924654960632324219e-02,-2.495050430297851562e-01,1.941467225551605225e-01,9.440087527036666870e-02,-4.983794689178466797e-02,3.609088482335209846e-03,-1.303200870752334595e-01,-1.243351027369499207e-01,8.202611654996871948e-02,6.915622949600219727e-02,1.013455167412757874e-01,-6.303609907627105713e-02,6.437420845031738281e-01,7.123892754316329956e-02,1.220500230789184570e+00,3.348523750901222229e-02,3.704999983310699463e-01,0.000000000000000000e+00,-1.112657785415649414e+00,-9.349107742309570312e-01,-2.199168056249618530e-01,-2.888951301574707031e-01,0.000000000000000000e+00
-1.218455789094322339e-01,2.487589227082123017e-02,8.422545790672302246e-01,5.657898020592704719e-02,-7.733762593468973545e-03,1.067072690498712256e-01,9.926492666833153233e-01,-4.010889530181884766e-01,-4.578364640474319458e-02,-2.474027127027511597e-01,2.000089585781097412e-01,9.329564124345779419e-02,-4.554714262485504150e-02,-1.220562146045267582e-03,-1.274622976779937744e-01,-1.166136339306831360e-01,8.596180379390716553e-02,6.995519995689392090e-02,1.054001674056053162e-01,-5.022886767983436584e-02,6.559182405471801758e-01,2.134051173925399780e-01,1.188679456710815430e+00,-2.810023725032806396e-02,5.631693601608276367e-01,0.000000000000000000e+00,-1.085398912429809570e+00,-9.664300680160522461e-01,-2.160896211862564087e-01,-2.863416075706481934e-01,0.000000000000000000e+00
-1.218092877118602119e-01,2.683789795911255271e-02,8.428624272346496582e-01,5.507003090862815781e-02,-6.181250597869999280e-03,1.026710262176928623e-01,9.931705514221487174e-01,-4.075714051723480225e-01,-4.331876337528228760e-02,-2.453529536724090576e-01,2.073145955801010132e-01,8.758231252431869507e-02,-3.858084231615066528e-02,-1.185832358896732330e-02,-1.269345432519912720e-01,-1.031550914049148560e-01,9.354408830404281616e-02,6.429248303174972534e-02,1.080112084746360779e-01,-4.720898345112800598e-02,6.460947394371032715e-01,3.459438979625701904e-01,1.133937239646911621e+00,-8.682034909725189209e-02,7.456537485122680664e-01,0.000000000000000000e+00,-1.076332926750183105e+00,-9.775513410568237305e-01,-2.119934856891632080e-01,-2.853092551231384277e-01,0.000000000000000000e+00
-1.210157647635815847e-01,2.891018740590828306e-02,8.425403237342834473e-01,5.284197978662895367e-02,-6.360136753370811656e-03,9.649920369627640326e-02,9.939090388555144040e-01,-4.062657058238983154e-01,-3.509948402643203735e-02,-2.351929843425750732e-01,2.085901647806167603e-01,8.856413513422012329e-02,-3.468453139066696167e-02,-1.537402626127004623e-02,-1.235664859414100647e-01,-8.946343511343002319e-02,9.725667536258697510e-02,6.535329669713973999e-02,1.019207760691642761e-01,-5.059593543410301208e-02,6.253008246421813965e-01,4.746258258819580078e-01,1.064088463783264160e+00,-1.129512116312980652e-01,8.504088521003723145e-01,0.000000000000000000e+00,-1.069009304046630859e+00,-9.764426350593566895e-01,-2.060181349515914917e-01,-2.875688076019287109e-01,0.000000000000000000e+00
-1.203202161965902378e-01,2.998739142555586351e-02,8.410602807998657227e-01,5.210299897228520827e-02,-6.559043008889963930e-03,8.847889817426327075e-02,9.946927872618610555e-01,-4.055336117744445801e-01,-2.812665328383445740e-02,-2.217863202095031738e-01,2.119354605674743652e-01,8.754799515008926392e-02,-3.284894302487373352e-02,-2.390949241816997528e-02,-1.229000836610794067e-01,-7.021231949329376221e-02,1.075274497270584106e-01,6.398609280586242676e-02,9.511005133390426636e-02,-6.197034940123558044e-02,5.982186198234558105e-01,5.707547068595886230e-01,9.974775910377502441e-01,-1.160613521933555603e-01,8.822445273399353027e-01,0.000000000000000000e+00,-1.068683147430419922e+00,-9.602793455123901367e-01,-1.979069411754608154e-01,-2.903700470924377441e-01,0.000000000000000000e+00
-1.197566763891001612e-01,3.104523136072996625e-02,8.409840464591979980e-01,5.232334377372394735e-02,-6.323992789336139488e-03,7.736564019126290770e-02,9.956087748354436329e-01,-4.031206965446472168e-01,-2.036611735820770264e-02,-2.040349096059799194e-01,2.148298472166061401e-01,8.360447734594345093e-02,-2.693849615752696991e-02,-3.554069250822067261e-02,-1.223647370934486389e-01,-4.313473030924797058e-02,1.198917478322982788e-01,5.626503378152847290e-02,8.847395330667495728e-02,-7.930766791105270386e-02,5.570431351661682129e-01,6.405387520790100098e-01,9.000064134597778320e-01,-1.168198138475418091e-01,8.361759185791015625e-01,0.000000000000000000e+00,-1.079412937164306641e+00,-9.153837561607360840e-01,-1.829985082149505615e-01,-2.937023341655731201e-01,0.000000000000000000e+00
-1.190887135244567824e-01,3.221536374307663875e-02,8.401082754135131836e-01,5.249594307953314026e-02,-6.607491636315063199e-03,6.825839091561811123e-02,9.962636744778348152e-01,-3.988076448440551758e-01,-1.453420333564281464e-02,-1.893954575061798096e-01,2.148496657609939575e-01,8.243156969547271729e-02,-2.169378846883773804e-02,-4.068395867943763733e-02,-1.231815665960311890e-01,-2.474729157984256744e-02,1.250289231538772583e-01,5.766807124018669128e-02,8.340635150671005249e-02,-9.512542188167572021e-02,5.134924054145812988e-01,6.423395276069641113e-01,8.015352487564086914e-01,-9.257420152425765991e-02,7.478026151657104492e-01,0.000000000000000000e+00,-1.100819945335388184e+00,-8.739323616027832031e-01,-1.738328784704208374e-01,-2.934461236000061035e-01,0.000000000000000000e+00
-1.189413335377182412e-01,3.169567050553295795e-02,8.384956121444702148e-01,5.378633945160408991e-02,-7.326048794367577728e-03,5.939722237210061373e-02,9.967574071317146789e-01,-3.940630853176116943e-01,-1.001867838203907013e-02,-1.775253713130950928e-01,2.147031724452972412e-01,8.115947991609573364e-02,-1.860812306404113770e-02,-4.142324253916740417e-02,-1.246185079216957092e-01,-9.833056479692459106e-03,1.243244856595993042e-01,5.958272516727447510e-02,8.025817573070526123e-02,-1.125464290380477905e-01,4.560118913650512695e-01,5.935804247856140137e-01,7.223627567291259766e-01,-7.619718462228775024e-02,6.309748888015747070e-01,0.000000000000000000e+00,-1.137786030769348145e+00,-8.009122014045715332e-01,-1.580542922019958496e-01,-2.883283197879791260e-01,0.000000000000000000e+00
-1.195583821034872374e-01,3.071046700157757658e-02,8.364714384078979492e-01,5.491089924761632241e-02,-8.611490805164488324e-03,5.213197232338293713e-02,9.970922188201073455e-01,-3.872998058795928955e-01,-4.312987439334392548e-03,-1.658474206924438477e-01,2.114325910806655884e-01,8.032873272895812988e-02,-1.617671363055706024e-02,-3.753323480486869812e-02,-1.250377595424652100e-01,2.079444311675615609e-05,1.179314255714416504e-01,6.401007622480392456e-02,7.946154475212097168e-02,-1.292208284139633179e-01,3.884911835193634033e-01,4.825535714626312256e-01,6.527020931243896484e-01,-6.912809610366821289e-02,4.948653280735015869e-01,0.000000000000000000e+00,-1.182596564292907715e+00,-7.043647170066833496e-01,-1.304989755153656006e-01,-2.762108743190765381e-01,0.000000000000000000e+00
-1.215093027943009441e-01,3.050344295861330893e-02,8.340227603912353516e-01,5.516480740599301325e-02,-9.753987587769710060e-03,4.627843713375368040e-02,9.973565109861440847e-01,-3.821293413639068604e-01,1.696686027571558952e-03,-1.518034636974334717e-01,2.045755386352539062e-01,8.434895426034927368e-02,-1.989535056054592133e-02,-3.391589224338531494e-02,-1.250101029872894287e-01,7.001805119216442108e-03,1.090356260538101196e-01,7.555966079235076904e-02,7.598439604043960571e-02,-1.400792896747589111e-01,3.170477747917175293e-01,3.112697303295135498e-01,6.112558841705322266e-01,-8.146765083074569702e-02,3.417461812496185303e-01,0.000000000000000000e+00,-1.231839537620544434e+00,-6.085161566734313965e-01,-1.079442054033279419e-01,-2.576472759246826172e-01,0.000000000000000000e+00
-1.243891499717725696e-01,3.033182093756226633e-02,8.321486711502075195e-01,5.552174368375081825e-02,-9.771255615009506387e-03,4.110197061460325874e-02,9.975632744611333536e-01,-3.831495940685272217e-01,5.660660099238157272e-03,-1.410819590091705322e-01,1.995664983987808228e-01,8.996037393808364868e-02,-2.934946306049823761e-02,-3.725219145417213440e-02,-1.247556880116462708e-01,2.013083361089229584e-02,1.026325896382331848e-01,8.509071916341781616e-02,7.857593894004821777e-02,-1.547564864158630371e-01,2.438668757677078247e-01,7.831317931413650513e-02,5.981767177581787109e-01,-7.774383574724197388e-02,1.758495867252349854e-01,0.000000000000000000e+00,-1.285151243209838867e+00,-5.169286727905273438e-01,-1.049135625362396240e-01,-2.325584739446640015e-01,0.000000000000000000e+00
-1.261723803983330616e-01,3.261456018798781359e-02,8.297905921936035156e-01,5.246278311482503037e-02,-1.042686151323339583e-02,3.713115320385597384e-02,9.978778554555575164e-01,-3.839752674102783203e-01,1.341796200722455978e-02,-1.323211342096328735e-01,1.982217878103256226e-01,8.996577560901641846e-02,-2.930456027388572693e-02,-3.380513191223144531e-02,-1.208348497748374939e-01,2.363534457981586456e-02,9.356223791837692261e-02,9.172559529542922974e-02,7.870328426361083984e-02,-1.528465598821640015e-01,1.794338524341583252e-01,-1.947746723890304565e-01,5.805760622024536133e-01,-6.274526566267013550e-02,2.826089411973953247e-02,0.000000000000000000e+00,-1.322129011154174805e+00,-4.366288483142852783e-01,-8.452839404344558716e-02,-2.163694798946380615e-01,0.000000000000000000e+00
-1.269752344524640586e-01,3.719269899388544243e-02,8.280429244041442871e-01,4.670031719877703463e-02,-1.087261174040031822e-02,3.709751267009719217e-02,9.981606289777052998e-01,-3.856369853019714355e-01,1.874154247343540192e-02,-1.382479816675186157e-01,1.972285956144332886e-01,9.023088961839675903e-02,-2.769871056079864502e-02,-2.882661111652851105e-02,-1.143083646893501282e-01,2.036667987704277039e-02,8.569938689470291138e-02,9.717946499586105347e-02,7.409087568521499634e-02,-1.369825005531311035e-01,1.181650012731552124e-01,-4.901101887226104736e-01,5.513284802436828613e-01,-4.393326118588447571e-02,-1.001601144671440125e-01,0.000000000000000000e+00,-1.346817970275878906e+00,-3.742718398571014404e-01,-4.295640811324119568e-02,-2.071904838085174561e-01,0.000000000000000000e+00
-1.256891212365227606e-01,4.305037359501648342e-02,8.273473381996154785e-01,4.006963569467800884e-02,-9.872583092013376832e-03,3.344246749392871393e-02,9.985882824098751831e-01,-3.870081305503845215e-01,2.888408116996288300e-02,-1.345318704843521118e-01,1.976144909858703613e-01,9.146697819232940674e-02,-2.703798934817314148e-02,-2.748919837176799774e-02,-1.058345511555671692e-01,2.518363296985626221e-02,8.155576139688491821e-02,9.923702478408813477e-02,7.231700420379638672e-02,-1.128572896122932434e-01,7.741001993417739868e-02,-7.782041430473327637e-01,5.282312631607055664e-01,5.205424968153238297e-03,-1.928192377090454102e-01,0.000000000000000000e+00,-1.361438632011413574e+00,-3.458358347415924072e-01,-2.718721982091665268e-03,-2.063350826501846313e-01,0.000000000000000000e+00
-1.234014744864971591e-01,4.964155843645927380e-02,8.278843760490417480e-01,3.439400691705095381e-02,-1.035044681197422149e-02,2.411111401499498735e-02,9.990638491707816149e-01,-3.749270141124725342e-01,4.182067885994911194e-02,-1.161820739507675171e-01,1.897414177656173706e-01,8.919991552829742432e-02,-2.198350057005882263e-02,-2.141155116260051727e-02,-1.011142656207084656e-01,3.568760305643081665e-02,7.500337809324264526e-02,1.032921522855758667e-01,7.879488170146942139e-02,-8.411178737878799438e-02,6.797229498624801636e-02,-1.016096353530883789e+00,4.997844696044921875e-01,4.654978960752487183e-02,-2.488638311624526978e-01,0.000000000000000000e+00,-1.361777424812316895e+00,-3.442788720130920410e-01,3.355416655540466309e-02,-2.097335606813430786e-01,0.000000000000000000e+00
-1.209932013197570211e-01,5.464790240253626641e-02,8.295326232910156250e-01,3.042861035522410537e-02,-1.550016519093348234e-02,1.322972762679709875e-02,9.993291844321493533e-01,-3.419225811958312988e-01,5.719003453850746155e-02,-8.008904010057449341e-02,1.710330098867416382e-01,9.384078532457351685e-02,-1.790902204811573029e-02,-3.030847292393445969e-04,-9.825848788022994995e-02,3.456392511725425720e-02,6.384999305009841919e-02,1.074674129486083984e-01,8.576667308807373047e-02,-5.459463968873023987e-02,8.417827636003494263e-02,-1.143275737762451172e+00,4.639560878276824951e-01,4.858008772134780884e-02,-2.609460651874542236e-01,0.000000000000000000e+00,-1.352951526641845703e+00,-3.431683182716369629e-01,5.958139523863792419e-02,-1.942695975303649902e-01,0.000000000000000000e+00
-1.216961845452928376e-01,5.743901631198744528e-02,8.310397863388061523e-01,2.885214356819581702e-02,-1.688013865166073518e-02,1.321494925798193630e-03,9.994402775462785105e-01,-3.245754539966583252e-01,6.722834706306457520e-02,-5.056209117174148560e-02,1.554006487131118774e-01,9.524363279342651367e-02,-1.576548814773559570e-02,3.903604345396161079e-03,-9.846582263708114624e-02,4.480471089482307434e-02,5.341520532965660095e-02,1.145011186599731445e-01,9.527809917926788330e-02,-3.445374220609664917e-02,1.139074265956878662e-01,-1.207203149795532227e+00,4.422540962696075439e-01,3.965827822685241699e-02,-2.584370374679565430e-01,0.000000000000000000e+00,-1.346255302429199219e+00,-3.446393609046936035e-01,7.369855791330337524e-02,-1.811142861843109131e-01,0.000000000000000000e+00
-1.237203569521309887e-01,5.771767640117124454e-02,8.312678933143615723e-01,2.917721992002194134e-02,-1.830848438073601203e-02,-9.628433127639866168e-03,9.993601865758540148e-01,-3.127232491970062256e-01,7.452524453401565552e-02,-2.521094307303428650e-02,1.452132612466812134e-01,9.593766927719116211e-02,-1.500160340219736099e-02,3.183703171089291573e-03,-9.909077733755111694e-02,5.942782387137413025e-02,4.733682051301002502e-02,1.230397224426269531e-01,1.009876579046249390e-01,-2.788042649626731873e-02,1.495274901390075684e-01,-1.217320561408996582e+00,4.211445748805999756e-01,2.666433714330196381e-02,-2.394609898328781128e-01,0.000000000000000000e+00,-1.336984872817993164e+00,-3.478764593601226807e-01,7.799050956964492798e-02,-1.682961285114288330e-01,0.000000000000000000e+00
-1.254859449508844982e-01,5.714131949542834710e-02,8.304479122161865234e-01,3.074379483926902717e-02,-2.016329693843939286e-02,-1.861952278569982411e-02,9.991504260654079372e-01,-3.029971122741699219e-01,7.885067909955978394e-02,-5.210859235376119614e-03,1.402399241924285889e-01,9.638715535402297974e-02,-1.651841029524803162e-02,2.228150377050042152e-03,-1.012483164668083191e-01,7.504700869321823120e-02,4.541679844260215759e-02,1.284214407205581665e-01,1.012087166309356689e-01,-2.948765084147453308e-02,1.798697859048843384e-01,-1.205830574035644531e+00,3.987122178077697754e-01,2.069579809904098511e-02,-2.159478515386581421e-01,0.000000000000000000e+00,-1.327586174011230469e+00,-3.452620506286621094e-01,7.782422751188278198e-02,-1.575981974601745605e-01,0.000000000000000000e+00
-1.269319976629811053e-01,5.641798000782401873e-02,8.296317458152770996e-01,3.214409107906597562e-02,-2.223416111968532297e-02,-2.429533469682547409e-02,9.989405068371058904e-01,-2.948007881641387939e-01,8.185260742902755737e-02,1.155959628522396088e-02,1.368143260478973389e-01,9.503186494112014771e-02,-1.854983530938625336e-02,2.006334252655506134e-03,-1.025713533163070679e-01,8.727865666151046753e-02,4.670207202434539795e-02,1.292894035577774048e-01,9.870560467243194580e-02,-3.308857232332229614e-02,1.962202787399291992e-01,-1.191258549690246582e+00,3.811515867710113525e-01,2.158411964774131775e-02,-1.956620812416076660e-01,0.000000000000000000e+00,-1.318390130996704102e+00,-3.483460843563079834e-01,7.409862428903579712e-02,-1.501045227050781250e-01,0.000000000000000000e+00
-1.273831934614500228e-01,5.663012860317792607e-02,8.290352821350097656e-01,3.242495039397073203e-02,-2.390940781007178106e-02,-2.772092253949904120e-02,9.988035408746203103e-01,-2.880845963954925537e-01,8.406326174736022949e-02,2.338864654302597046e-02,1.345019042491912842e-01,9.216475486755371094e-02,-1.790557615458965302e-02,2.961005782708525658e-03,-1.029156818985939026e-01,9.524263441562652588e-02,4.807695001363754272e-02,1.293277591466903687e-01,9.825603663921356201e-02,-3.266495466232299805e-02,2.043134123086929321e-01,-1.186335563659667969e+00,3.727659583091735840e-01,2.211933210492134094e-02,-1.840209513902664185e-01,0.000000000000000000e+00,-1.313111662864685059e+00,-3.541383445262908936e-01,7.071177661418914795e-02,-1.463282257318496704e-01,0.000000000000000000e+00
-1.289287667634536338e-01,5.757813893529580701e-02,8.295826315879821777e-01,3.252072144364841905e-02,-2.435367489685209830e-02,-2.887491657235243675e-02,9.987569976669714578e-01,-2.863450944423675537e-01,8.371637016534805298e-02,2.817106433212757111e-02,1.327901184558868408e-01,9.328699856996536255e-02,-1.841452158987522125e-02,-2.114444971084594727e-03,-1.037882044911384583e-01,1.062084138393402100e-01,5.338655784726142883e-02,1.347281336784362793e-01,9.072650223970413208e-02,-2.991094067692756653e-02,1.981114298105239868e-01,-1.178259134292602539e+00,3.689052164554595947e-01,1.194702461361885071e-02,-1.782936155796051025e-01,0.000000000000000000e+00,-1.303057193756103516e+00,-3.702717125415802002e-01,7.761795073747634888e-02,-1.475510150194168091e-01,0.000000000000000000e+00
-1.311274377892647502e-01,5.852077004096783996e-02,8.304778933525085449e-01,3.174909533535448525e-02,-2.467978772883112210e-02,-2.850961325904300195e-02,9.987843135406494488e-01,-2.872350215911865234e-01,8.453594893217086792e-02,3.131717815995216370e-02,1.304472982883453369e-01,9.310925751924514771e-02,-2.073550969362258911e-02,-7.606573868542909622e-03,-1.027929112315177917e-01,1.120742112398147583e-01,5.691489577293395996e-02,1.346783041954040527e-01,9.799476712942123413e-02,-2.364252693951129913e-02,1.882720589637756348e-01,-1.168232560157775879e+00,3.780586421489715576e-01,2.614637603983283043e-03,-1.772281378507614136e-01,0.000000000000000000e+00,-1.285262346267700195e+00,-3.889469802379608154e-01,8.434049040079116821e-02,-1.517713069915771484e-01,0.000000000000000000e+00
-1.329452100673449988e-01,5.910101660470200996e-02,8.311026096343994141e-01,3.072217075238250356e-02,-2.568454153872814019e-02,-3.005190871662007102e-02,9.987458812594397495e-01,-2.856624424457550049e-01,8.646847307682037354e-02,3.259117901325225830e-02,1.282237321138381958e-01,9.424578398466110229e-02,-1.771573163568973541e-02,-1.002597343176603317e-02,-1.008534282445907593e-01,1.156558394432067871e-01,5.906296893954277039e-02,1.360673159360885620e-01,1.049636378884315491e-01,-1.940163224935531616e-02,1.810726076364517212e-01,-1.160512685775756836e+00,3.926848769187927246e-01,-1.400867826305329800e-03,-1.825871914625167847e-01,0.000000000000000000e+00,-1.262256145477294922e+00,-4.026617705821990967e-01,8.544147759675979614e-02,-1.588998138904571533e-01,0.000000000000000000e+00
-1.356773164463838388e-01,5.882230682800854843e-02,8.306448459625244141e-01,3.030499003138001010e-02,-2.698823777612085334e-02,-3.197545570715679131e-02,9.986645146560767516e-01,-2.835182249546051025e-01,8.866793662309646606e-02,3.486161679029464722e-02,1.266610920429229736e-01,9.562758356332778931e-02,-1.616637781262397766e-02,-1.102384272962808609e-02,-9.947251528501510620e-02,1.180339828133583069e-01,6.030021980404853821e-02,1.389891654253005981e-01,1.085416749119758606e-01,-1.626882143318653107e-02,1.774204373359680176e-01,-1.152245640754699707e+00,4.020126760005950928e-01,-3.061848925426602364e-03,-1.909482479095458984e-01,0.000000000000000000e+00,-1.242241382598876953e+00,-4.097878336906433105e-01,8.230630308389663696e-02,-1.703537404537200928e-01,0.000000000000000000e+00
-1.387284134398499291e-01,6.024835887386516264e-02,8.314298987388610840e-01,3.033119538457255959e-02,-2.673528694925604923e-02,-3.894490322344536237e-02,9.984230253410627531e-01,-2.847584486007690430e-01,9.213317930698394775e-02,4.339614138007164001e-02,1.242979913949966431e-01,1.014620661735534668e-01,-1.565338857471942902e-02,-2.087032236158847809e-02,-1.003231555223464966e-01,1.296972781419754028e-01,5.902125686407089233e-02,1.440174728631973267e-01,1.072759851813316345e-01,-1.295748818665742874e-02,1.708490401506423950e-01,-1.133495807647705078e+00,4.079416394233703613e-01,-6.720913574099540710e-03,-2.161636203527450562e-01,0.000000000000000000e+00,-1.203817486763000488e+00,-4.054793715476989746e-01,8.524727821350097656e-02,-1.990471929311752319e-01,0.000000000000000000e+00
-1.423117304977163655e-01,5.930367973096024176e-02,8.304011821746826172e-01,3.059714953107222843e-02,-2.807288786763080177e-02,-4.353316924632432555e-02,9.981886548056512209e-01,-2.819486260414123535e-01,9.586791694164276123e-02,4.873514920473098755e-02,1.227785944938659668e-01,1.034471541643142700e-01,-1.174972392618656158e-02,-2.314962260425090790e-02,-9.898848086595535278e-02,1.370005458593368530e-01,5.890793725848197937e-02,1.472288072109222412e-01,1.078362986445426941e-01,-1.230351440608501434e-02,1.693878918886184692e-01,-1.113069772720336914e+00,4.137791395187377930e-01,-4.664409440010786057e-03,-2.414259314537048340e-01,0.000000000000000000e+00,-1.174013495445251465e+00,-4.020836353302001953e-01,8.683740347623825073e-02,-2.300763577222824097e-01,0.000000000000000000e+00
-1.515630601257409449e-01,5.821063522636663046e-02,8.334706425666809082e-01,3.638992533617568803e-02,-1.521293797093694819e-02,-4.758664556569242032e-02,9.980880978230955991e-01,-3.608691990375518799e-01,8.124240487813949585e-02,7.198302075266838074e-03,1.711813062429428101e-01,9.227596223354339600e-02,-8.496701717376708984e-03,-1.017462983727455139e-01,-1.013999730348587036e-01,1.938661336898803711e-01,9.567441046237945557e-02,1.390331089496612549e-01,1.013460755348205566e-01,-3.052796423435211182e-02,1.282864063978195190e-01,-9.850507974624633789e-01,4.715731739997863770e-01,4.545087367296218872e-02,-4.854350388050079346e-01,0.000000000000000000e+00,-1.074076175689697266e+00,-3.751861751079559326e-01,1.054682135581970215e-01,-4.631927907466888428e-01,0.000000000000000000e+00
-1.513316816988374558e-01,5.801718990722784519e-02,8.334073424339294434e-01,3.358455804798037014e-02,-2.186298653613675050e-02,-5.367758677938490319e-02,9.977538794502300856e-01,-3.279081881046295166e-01,9.581002593040466309e-02,3.979285433888435364e-02,1.513870805501937866e-01,1.026733592152595520e-01,-8.028326556086540222e-03,-7.236583530902862549e-02,-9.649190306663513184e-02,1.807186901569366455e-01,7.709782570600509644e-02,1.449239552021026611e-01,9.773837774991989136e-02,-2.143973670899868011e-02,1.287201642990112305e-01,-9.665225148200988770e-01,4.344226121902465820e-01,3.386170044541358948e-02,-4.833302795886993408e-01,0.000000000000000000e+00,-1.047888278961181641e+00,-3.556602001190185547e-01,1.304420381784439087e-01,-4.560613036155700684e-01,0.000000000000000000e+00
-1.575456152226171747e-01,5.550939943943063171e-02,8.346197009086608887e-01,3.686983001616336159e-02,-1.555148398198194330e-02,-5.298904943699751791e-02,9.977930284484357593e-01,-3.671764731407165527e-01,8.849755674600601196e-02,1.303052436560392380e-02,1.707490086555480957e-01,1.057798713445663452e-01,-1.360600627958774567e-02,-9.905764460563659668e-02,-9.835821390151977539e-02,1.976457089185714722e-01,7.541453838348388672e-02,1.480827331542968750e-01,9.999656677246093750e-02,-3.183632344007492065e-02,1.003372743725776672e-01,-8.548861742019653320e-01,4.528614282608032227e-01,4.266516864299774170e-02,-6.327102780342102051e-01,0.000000000000000000e+00,-9.722164869308471680e-01,-3.446160852909088135e-01,1.465123593807220459e-01,-5.865356326103210449e-01,0.000000000000000000e+00
-1.611090771149850942e-01,5.618052783266064970e-02,8.365386724472045898e-01,3.576563093944234301e-02,-1.490144490573187472e-02,-6.064978997945569966e-02,9.974068224945491501e-01,-3.682993352413177490e-01,9.729665517807006836e-02,3.103804215788841248e-02,1.646346002817153931e-01,1.172840595245361328e-01,-2.169878780841827393e-02,-1.021254435181617737e-01,-9.457094967365264893e-02,2.112408578395843506e-01,6.309311091899871826e-02,1.564946025609970093e-01,1.086490079760551453e-01,-2.357699163258075714e-02,1.003127098083496094e-01,-7.441995143890380859e-01,4.233376681804656982e-01,3.386982250958681107e-03,-6.776033043861389160e-01,0.000000000000000000e+00,-8.840077519416809082e-01,-3.291448652744293213e-01,1.857723146677017212e-01,-6.388586759567260742e-01,0.000000000000000000e+00
-1.661670505883544868e-01,5.336802001816907948e-02,8.381957411766052246e-01,3.633514777112283045e-02,-1.258111116971642393e-02,-6.169209142668737045e-02,9.973542793479092117e-01,-3.828595578670501709e-01,1.023942530155181885e-01,3.039302676916122437e-02,1.655851304531097412e-01,1.360646337270736694e-01,-3.136243671178817749e-02,-1.119531691074371338e-01,-9.049040079116821289e-02,2.158011347055435181e-01,5.533958226442337036e-02,1.667433679103851318e-01,1.097415462136268616e-01,-2.550416998565196991e-02,9.818555414676666260e-02,-6.118111610412597656e-01,3.844984173774719238e-01,-6.490749120712280273e-02,-6.951065063476562500e-01,0.000000000000000000e+00,-7.458105087280273438e-01,-3.068921267986297607e-01,2.830472290515899658e-01,-6.802077889442443848e-01,0.000000000000000000e+00
-1.714142266076264798e-01,4.958138854237956195e-02,8.397991657257080078e-01,3.675346307389309314e-02,-1.054808083562149001e-02,-6.175748697522469299e-02,9.973584780535362793e-01,-3.946701586246490479e-01,1.048117652535438538e-01,1.886950992047786713e-02,1.612740457057952881e-01,1.565400809049606323e-01,-3.494948521256446838e-02,-1.210877522826194763e-01,-8.462434262037277222e-02,2.193040251731872559e-01,4.807844385504722595e-02,1.779703944921493530e-01,1.094701439142227173e-01,-2.352873794734477997e-02,1.158617436885833740e-01,-4.867493808269500732e-01,3.803833425045013428e-01,-1.349307447671890259e-01,-6.513762474060058594e-01,0.000000000000000000e+00,-5.668956637382507324e-01,-2.969067394733428955e-01,3.870993554592132568e-01,-6.835292577743530273e-01,0.000000000000000000e+00
-1.757678021788034173e-01,4.476710474981245025e-02,8.415594696998596191e-01,3.608018153908686826e-02,-9.741416019792429118e-03,-5.904519697230352360e-02,9.975555072418466063e-01,-3.999427556991577148e-01,1.104740202426910400e-01,1.085619628429412842e-02,1.521793305873870850e-01,1.757268309593200684e-01,-4.269261285662651062e-02,-1.240578591823577881e-01,-7.562936842441558838e-02,2.175209820270538330e-01,4.143097251653671265e-02,1.862663030624389648e-01,1.110847070813179016e-01,-1.468536723405122757e-02,1.305219084024429321e-01,-3.701367080211639404e-01,3.858964145183563232e-01,-1.828811019659042358e-01,-5.456352829933166504e-01,0.000000000000000000e+00,-3.810915350914001465e-01,-2.945848405361175537e-01,4.460057318210601807e-01,-6.303578615188598633e-01,0.000000000000000000e+00
-1.807350263268051871e-01,3.948141379902984915e-02,8.435252904891967773e-01,3.649818201385928579e-02,-8.990366125387115256e-03,-5.447399447763903030e-02,9.978074162644137157e-01,-4.053591191768646240e-01,1.115385368466377258e-01,-4.582706838846206665e-03,1.418069601058959961e-01,1.941096186637878418e-01,-4.597904905676841736e-02,-1.259816735982894897e-01,-6.881359219551086426e-02,2.172913551330566406e-01,3.347406908869743347e-02,1.891116350889205933e-01,1.103013828396797180e-01,-8.184689097106456757e-03,1.371863782405853271e-01,-2.697097957134246826e-01,3.949058055877685547e-01,-2.289729267358779907e-01,-3.872051537036895752e-01,0.000000000000000000e+00,-2.116080373525619507e-01,-3.085571527481079102e-01,4.785713851451873779e-01,-5.221841335296630859e-01,0.000000000000000000e+00
-1.862381026706663723e-01,3.409761630999860738e-02,8.449214696884155273e-01,3.557923342123775479e-02,-9.220031362318231033e-03,-4.693338155790940242e-02,9.982216020836128800e-01,-4.159521758556365967e-01,1.126313135027885437e-01,-2.784804627299308777e-02,1.371139734983444214e-01,2.112635374069213867e-01,-5.090089887380599976e-02,-1.259732991456985474e-01,-6.078146770596504211e-02,2.093251496553421021e-01,2.808099612593650818e-02,1.811368614435195923e-01,1.119362562894821167e-01,-2.367595909163355827e-03,1.310224235057830811e-01,-2.113586962223052979e-01,3.880790174007415771e-01,-2.689073085784912109e-01,-1.649848818778991699e-01,0.000000000000000000e+00,-8.720684051513671875e-02,-3.130063414573669434e-01,4.745023250579833984e-01,-3.497484922409057617e-01,0.000000000000000000e+00
-1.909854581636274418e-01,2.840392611133315398e-02,8.443733453750610352e-01,3.486719067720787935e-02,-9.839632829706445108e-03,-4.004238003998672468e-02,9.985409698358846953e-01,-4.252824187278747559e-01,1.171531602740287781e-01,-4.869941994547843933e-02,1.344503164291381836e-01,2.274277806282043457e-01,-6.754868477582931519e-02,-1.242492869496345520e-01,-5.203237012028694153e-02,2.037661224603652954e-01,2.537704631686210632e-02,1.612399965524673462e-01,1.120344102382659912e-01,-1.368027733406051993e-04,1.256484836339950562e-01,-1.792409420013427734e-01,3.954461812973022461e-01,-2.735039293766021729e-01,4.312716051936149597e-02,0.000000000000000000e+00,-2.679503336548805237e-02,-3.330752253532409668e-01,4.037896990776062012e-01,-1.368149667978286743e-01,0.000000000000000000e+00
-1.936292864062746366e-01,2.345700945450553132e-02,8.431822657585144043e-01,3.518871474350227652e-02,-7.963993143695977800e-03,-3.435137270290147121e-02,9.987583853772313836e-01,-4.341147243976593018e-01,1.198516562581062317e-01,-5.931774899363517761e-02,1.279829889535903931e-01,2.341017723083496094e-01,-8.230163156986236572e-02,-1.269869506359100342e-01,-4.740652441978454590e-02,1.977048963308334351e-01,2.234009094536304474e-02,1.402105242013931274e-01,1.172029152512550354e-01,-1.760879182256758213e-03,1.220787912607192993e-01,-1.383217573165893555e-01,3.992690443992614746e-01,-2.801841795444488525e-01,1.246140375733375549e-01,0.000000000000000000e+00,6.493372842669487000e-03,-3.594828248023986816e-01,3.682812452316284180e-01,1.796852052211761475e-02,0.000000000000000000e+00
-1.979215949441668621e-01,2.000740259489510592e-02,8.434829711914062500e-01,3.540540626984702705e-02,-3.746731313330579037e-03,-2.908495944052735468e-02,9.989426832134442602e-01,-4.500243663787841797e-01,1.172787025570869446e-01,-7.977924495935440063e-02,1.227774918079376221e-01,2.395865619182586670e-01,-9.485860168933868408e-02,-1.430038362741470337e-01,-4.113618284463882446e-02,2.045940607786178589e-01,2.536279335618019104e-02,1.317048966884613037e-01,1.094857752323150635e-01,-3.369210462551563978e-04,1.227235049009323120e-01,-7.053969055414199829e-02,3.520316481590270996e-01,-3.000334501266479492e-01,8.593495190143585205e-02,0.000000000000000000e+00,4.132902622222900391e-02,-4.260651171207427979e-01,3.871869146823883057e-01,3.278944641351699829e-02,0.000000000000000000e+00
-1.987509119508812372e-01,1.677039475262141061e-02,8.446041941642761230e-01,3.384695932288957904e-02,-1.584438902663269991e-02,-2.577053547788840659e-02,9.989690776906712255e-01,-4.114441275596618652e-01,1.303922384977340698e-01,-5.083167180418968201e-02,1.085212752223014832e-01,2.445271164178848267e-01,-1.027773544192314148e-01,-1.092329621315002441e-01,-3.402347490191459656e-02,1.819429546594619751e-01,2.538687363266944885e-02,1.273602992296218872e-01,1.100299954414367676e-01,3.648868529126048088e-03,1.427167654037475586e-01,-3.841133415699005127e-02,3.200481235980987549e-01,-3.124848604202270508e-01,8.111052960157394409e-02,0.000000000000000000e+00,8.002232760190963745e-02,-4.686965346336364746e-01,4.027340710163116455e-01,3.379081934690475464e-02,0.000000000000000000e+00
-2.007547826988947404e-01,1.517147681125264463e-02,8.454103469848632812e-01,3.246864908001988181e-02,-2.380045336904298287e-02,-2.022279988527026298e-02,9.989846663543674454e-01,-3.906411528587341309e-01,1.371483951807022095e-01,-3.559890389442443848e-02,9.880714863538742065e-02,2.601853013038635254e-01,-1.134711056947708130e-01,-9.012043476104736328e-02,-2.930982783436775208e-02,1.646126955747604370e-01,2.504781819880008698e-02,1.313585489988327026e-01,1.139603480696678162e-01,1.035225111991167068e-02,1.535222232341766357e-01,-2.607882954180240631e-02,3.011234700679779053e-01,-3.095881342887878418e-01,4.853000119328498840e-02,0.000000000000000000e+00,1.203916817903518677e-01,-4.992255568504333496e-01,4.114218354225158691e-01,5.075318273156881332e-03,0.000000000000000000e+00
-2.041825335391281859e-01,1.372639139029410704e-02,8.454014658927917480e-01,3.096204154275629394e-02,-3.109489581237923767e-02,-1.349619108787645724e-02,9.989456002526071465e-01,-3.767109811305999756e-01,1.407328844070434570e-01,-3.004314936697483063e-02,9.088070690631866455e-02,2.737265527248382568e-01,-1.195500418543815613e-01,-7.545613497495651245e-02,-2.520164661109447479e-02,1.489502042531967163e-01,2.535822615027427673e-02,1.376186013221740723e-01,1.149240285158157349e-01,1.531334593892097473e-02,1.484078764915466309e-01,-3.044031001627445221e-02,2.945165336132049561e-01,-3.032400310039520264e-01,-3.174338024109601974e-03,0.000000000000000000e+00,1.479794234037399292e-01,-5.145627856254577637e-01,4.103182256221771240e-01,-4.682315140962600708e-02,0.000000000000000000e+00
-2.082723101752410044e-01,1.214114079685508357e-02,8.443657755851745605e-01,2.889371354532674352e-02,-3.892586683992391161e-02,-8.370672862058526134e-03,9.987891980013388071e-01,-3.626369833946228027e-01,1.462490409612655640e-01,-2.786789275705814362e-02,8.457316458225250244e-02,2.832716107368469238e-01,-1.231233105063438416e-01,-6.028648465871810913e-02,-1.881201751530170441e-02,1.361638456583023071e-01,2.518416941165924072e-02,1.419695019721984863e-01,1.147437691688537598e-01,1.898809708654880524e-02,1.353910416364669800e-01,-5.041580647230148315e-02,2.941609621047973633e-01,-2.931228280067443848e-01,-6.705319881439208984e-02,0.000000000000000000e+00,1.512628793716430664e-01,-5.264218449592590332e-01,3.951313197612762451e-01,-1.106657758355140686e-01,0.000000000000000000e+00
-2.129821910310815969e-01,1.056867858885200684e-02,8.431605100631713867e-01,2.694384398968426714e-02,-4.664277946295077026e-02,-4.377670525285276386e-03,9.985385903388022122e-01,-3.495501577854156494e-01,1.517436653375625610e-01,-2.840862981975078583e-02,7.904855906963348389e-02,2.871903479099273682e-01,-1.259061247110366821e-01,-4.528306797146797180e-02,-1.200981251895427704e-02,1.256119608879089355e-01,2.263227477669715881e-02,1.400962769985198975e-01,1.151994839310646057e-01,2.294552512466907501e-02,1.248726844787597656e-01,-7.962346822023391724e-02,2.974141240119934082e-01,-2.750938832759857178e-01,-1.308210790157318115e-01,0.000000000000000000e+00,1.348144710063934326e-01,-5.311068892478942871e-01,3.710418939590454102e-01,-1.758100092411041260e-01,0.000000000000000000e+00
-2.174541620621407989e-01,9.449290107883173695e-03,8.415604233741760254e-01,2.514578724747166399e-02,-5.345341729424434030e-02,-8.028703054989289045e-04,9.982533631110616090e-01,-3.385516703128814697e-01,1.573780626058578491e-01,-2.701237611472606659e-02,7.454807311296463013e-02,2.885522842407226562e-01,-1.281550228595733643e-01,-3.273277357220649719e-02,-5.992885213345289230e-03,1.167991757392883301e-01,2.066568098962306976e-02,1.372005343437194824e-01,1.146491616964340210e-01,2.837991528213024139e-02,1.147970333695411682e-01,-1.131301149725914001e-01,3.040564656257629395e-01,-2.502437531948089600e-01,-1.883777230978012085e-01,0.000000000000000000e+00,1.058818176388740540e-01,-5.305260419845581055e-01,3.413519263267517090e-01,-2.328332215547561646e-01,0.000000000000000000e+00
-2.217017953871712466e-01,8.868348687546157016e-03,8.398502469062805176e-01,2.373711144764742084e-02,-5.839281734671332436e-02,7.627376989309377422e-04,9.980111455558189348e-01,-3.322560191154479980e-01,1.619618833065032959e-01,-2.610416524112224579e-02,7.124460488557815552e-02,2.960287630558013916e-01,-1.304073333740234375e-01,-2.560709044337272644e-02,-6.504600751213729382e-04,1.131000593304634094e-01,1.976233534514904022e-02,1.346333324909210205e-01,1.147238388657569885e-01,3.575113788247108459e-02,1.075724884867668152e-01,-1.393261998891830444e-01,3.032132983207702637e-01,-2.246226519346237183e-01,-2.343571335077285767e-01,0.000000000000000000e+00,6.965842097997665405e-02,-5.190029740333557129e-01,3.116932213306427002e-01,-2.817652821540832520e-01,0.000000000000000000e+00
-2.257811189671380669e-01,8.279000015851932515e-03,8.381730318069458008e-01,2.245183016516447833e-02,-6.144025178224096773e-02,1.075532732403862955e-03,9.978576321362236934e-01,-3.309889733791351318e-01,1.662189662456512451e-01,-2.847209572792053223e-02,6.837784498929977417e-02,3.068026900291442871e-01,-1.333512961864471436e-01,-2.410365268588066101e-02,3.484422108158469200e-03,1.102100014686584473e-01,1.966445893049240112e-02,1.347042024135589600e-01,1.160930022597312927e-01,4.403943195939064026e-02,1.071725711226463318e-01,-1.577076911926269531e-01,2.903952002525329590e-01,-2.039775252342224121e-01,-2.699902355670928955e-01,0.000000000000000000e+00,3.323919326066970825e-02,-5.009032487869262695e-01,2.902610599994659424e-01,-3.227079510688781738e-01,0.000000000000000000e+00
-2.296365752745745670e-01,7.494577668240992585e-03,8.371118307113647461e-01,2.154802425020951526e-02,-6.292836458439883540e-02,1.241446925509297888e-03,9.977846272573940301e-01,-3.342922627925872803e-01,1.700733602046966553e-01,-3.108116239309310913e-02,6.612873077392578125e-02,3.189884722232818604e-01,-1.365384906530380249e-01,-2.561098523437976837e-02,6.830764934420585632e-03,1.091330051422119141e-01,1.809090748429298401e-02,1.358691155910491943e-01,1.174691468477249146e-01,5.200755596160888672e-02,1.128433197736740112e-01,-1.681555956602096558e-01,2.735361754894256592e-01,-1.856820583343505859e-01,-2.958583533763885498e-01,0.000000000000000000e+00,6.069955416023731232e-03,-4.581948518753051758e-01,2.822999656200408936e-01,-3.563498258590698242e-01,0.000000000000000000e+00
-2.332934893372639318e-01,6.440509595712080870e-03,8.360347747802734375e-01,2.177296252432845206e-02,-6.435723404054419228e-02,3.612655351422416547e-04,9.976893073581464266e-01,-3.370375931262969971e-01,1.735901236534118652e-01,-3.303988277912139893e-02,6.530985236167907715e-02,3.286014795303344727e-01,-1.400098800659179688e-01,-2.692933753132820129e-02,7.227438502013683319e-03,1.071691736578941345e-01,1.627219468355178833e-02,1.404721885919570923e-01,1.166078969836235046e-01,5.527364090085029602e-02,1.135738343000411987e-01,-1.696555912494659424e-01,2.583517134189605713e-01,-1.642322242259979248e-01,-3.138199746608734131e-01,0.000000000000000000e+00,-2.756608277559280396e-02,-4.227049946784973145e-01,2.598660886287689209e-01,-3.780017793178558350e-01,0.000000000000000000e+00
-2.370404541095675888e-01,5.256714188394254195e-03,8.358526825904846191e-01,2.296896378042109430e-02,-6.471596581095723222e-02,8.352399009808539332e-05,9.976393454028122942e-01,-3.417730033397674561e-01,1.745306402444839478e-01,-3.768384456634521484e-02,6.417190283536911011e-02,3.318539261817932129e-01,-1.410081684589385986e-01,-2.949666790664196014e-02,5.775746423751115799e-03,1.064537838101387024e-01,1.191606093198060989e-02,1.441984325647354126e-01,1.155368462204933167e-01,5.593889206647872925e-02,1.178974434733390808e-01,-1.648746579885482788e-01,2.414995431900024414e-01,-1.449520587921142578e-01,-3.275159895420074463e-01,0.000000000000000000e+00,-5.353264883160591125e-02,-3.807044327259063721e-01,2.395724058151245117e-01,-3.898102641105651855e-01,0.000000000000000000e+00
-2.410301296425240714e-01,3.550926815263748260e-03,8.365840315818786621e-01,2.541661430316090667e-02,-6.419157498579719512e-02,-2.744920436515922561e-04,9.976138341424126699e-01,-3.444521725177764893e-01,1.706869751214981079e-01,-4.963928088545799255e-02,6.116221472620964050e-02,3.155646920204162598e-01,-1.358538120985031128e-01,-3.412545844912528992e-02,1.363129005767405033e-03,1.058410108089447021e-01,6.822788156569004059e-03,1.481792330741882324e-01,1.151078790426254272e-01,5.120175331830978394e-02,1.280265003442764282e-01,-1.589869707822799683e-01,2.281219810247421265e-01,-1.261974573135375977e-01,-3.382215201854705811e-01,0.000000000000000000e+00,-6.971910595893859863e-02,-3.412278294563293457e-01,2.197010964155197144e-01,-3.919371366500854492e-01,0.000000000000000000e+00
-2.455355283611689310e-01,1.089040763267122569e-03,8.375170826911926270e-01,2.917454868162797435e-02,-6.302267519834854614e-02,-6.722964295478513512e-04,9.975853528082584409e-01,-3.425102829933166504e-01,1.574326306581497192e-01,-6.731262803077697754e-02,6.373373419046401978e-02,2.786847651004791260e-01,-1.298321783542633057e-01,-4.194367676973342896e-02,-5.619072820991277695e-03,1.039468720555305481e-01,3.247448941692709923e-03,1.544908434152603149e-01,1.150912046432495117e-01,4.220504686236381531e-02,1.463484913110733032e-01,-1.576241701841354370e-01,2.227236628532409668e-01,-1.143345832824707031e-01,-3.486047983169555664e-01,0.000000000000000000e+00,-8.307126164436340332e-02,-3.238697350025177002e-01,2.134003043174743652e-01,-3.919717371463775635e-01,0.000000000000000000e+00
-2.505065393736497503e-01,-8.528809268899817386e-04,8.388788700103759766e-01,3.233828750284962333e-02,-6.096685312462121059e-02,1.669569502560224426e-03,9.976143997152107090e-01,-3.393267095088958740e-01,1.426318734884262085e-01,-6.867674738168716431e-02,8.147584646940231323e-02,2.415938675403594971e-01,-1.157187744975090027e-01,-5.278016626834869385e-02,-1.161919813603162766e-02,1.023605540394783020e-01,2.051863993983715773e-04,1.603514254093170166e-01,1.150300055742263794e-01,3.230481967329978943e-02,1.549480706453323364e-01,-1.595205217599868774e-01,2.211316227912902832e-01,-1.085131391882896423e-01,-3.582536578178405762e-01,0.000000000000000000e+00,-9.103319048881530762e-02,-3.155323266983032227e-01,2.097166329622268677e-01,-3.898100554943084717e-01,0.000000000000000000e+00
-2.565409410224605002e-01,-2.244834905720305418e-03,8.402233719825744629e-01,3.517361672242452775e-02,-5.830624589250840012e-02,6.767047025108799581e-03,9.976559554531544416e-01,-3.341801762580871582e-01,1.309645771980285645e-01,-4.959154874086380005e-02,1.128659248352050781e-01,2.094306200742721558e-01,-9.465492516756057739e-02,-6.752415746450424194e-02,-1.833336614072322845e-02,1.000647768378257751e-01,-5.706545780412852764e-04,1.654452532529830933e-01,1.156314387917518616e-01,2.271277271211147308e-02,1.549746394157409668e-01,-1.679271757602691650e-01,2.249141633510589600e-01,-1.096168309450149536e-01,-3.677479922771453857e-01,0.000000000000000000e+00,-9.884225577116012573e-02,-3.220180571079254150e-01,2.116291522979736328e-01,-3.900099694728851318e-01,0.000000000000000000e+00
-2.636503041665818614e-01,-3.234702531264246894e-03,8.418869972229003906e-01,3.848994186118039756e-02,-5.493396747996290991e-02,1.307439460907303640e-02,9.976621892193968666e-01,-3.245390653610229492e-01,1.207793429493904114e-01,-1.967501081526279449e-02,1.506032049655914307e-01,1.741663664579391479e-01,-7.162918150424957275e-02,-8.619496226310729980e-02,-2.765668183565139771e-02,9.481607377529144287e-02,-1.669119046709965914e-05,1.720076203346252441e-01,1.171046793460845947e-01,1.048847753554582596e-02,1.451665312051773071e-01,-1.807110607624053955e-01,2.313981503248214722e-01,-1.131106615066528320e-01,-3.774990439414978027e-01,0.000000000000000000e+00,-1.071687713265419006e-01,-3.364039361476898193e-01,2.153253853321075439e-01,-3.925083875656127930e-01,0.000000000000000000e+00
-2.708627243678406460e-01,-3.271307207590862243e-03,8.433403968811035156e-01,4.123194625725794260e-02,-5.165313835767457173e-02,1.822536730400952515e-02,9.976470898530579445e-01,-3.091029226779937744e-01,1.105380207300186157e-01,7.000552024692296982e-03,1.887178868055343628e-01,1.427491605281829834e-01,-4.735619574785232544e-02,-1.050833687186241150e-01,-3.753964975476264954e-02,9.082423895597457886e-02,8.313989965245127678e-04,1.789637058973312378e-01,1.176009327173233032e-01,-1.224826322868466377e-03,1.305655241012573242e-01,-1.943884491920471191e-01,2.439051866531372070e-01,-1.155530512332916260e-01,-3.858162760734558105e-01,0.000000000000000000e+00,-1.155688241124153137e-01,-3.609170913696289062e-01,2.158539444208145142e-01,-3.955979347229003906e-01,0.000000000000000000e+00
-2.781551795616722389e-01,-2.247109924521248359e-03,8.439669013023376465e-01,4.302044873055036606e-02,-4.936704139852858553e-02,2.297593693720791780e-02,9.975892153268476337e-01,-2.871944308280944824e-01,9.703856706619262695e-02,1.986153982579708099e-02,2.242052108049392700e-01,1.232128590345382690e-01,-2.777946740388870239e-02,-1.208127960562705994e-01,-4.600766673684120178e-02,9.377937018871307373e-02,-6.044511974323540926e-05,1.855111569166183472e-01,1.150088310241699219e-01,-1.240447629243135452e-02,1.098352298140525818e-01,-2.082666605710983276e-01,2.476082742214202881e-01,-1.171845272183418274e-01,-3.924797475337982178e-01,0.000000000000000000e+00,-1.238738894462585449e-01,-3.778191506862640381e-01,2.220796495676040649e-01,-4.001878201961517334e-01,0.000000000000000000e+00
-2.926893699345176625e-01,-1.594972023597068800e-03,8.441863059997558594e-01,4.451629227117377685e-02,-2.634516691208549366e-02,3.233762182127542656e-02,9.981375206441975845e-01,-3.918265104293823242e-01,5.803766101598739624e-02,-6.930592656135559082e-02,3.511350452899932861e-01,6.599573791027069092e-02,-1.113104913383722305e-02,-2.209464013576507568e-01,-5.039358139038085938e-02,1.363040953874588013e-01,2.679143473505973816e-02,2.035809010267257690e-01,1.219615787267684937e-01,-2.568458206951618195e-02,7.172499597072601318e-02,-2.304652929306030273e-01,2.668782472610473633e-01,-7.443338632583618164e-02,-4.673895835876464844e-01,0.000000000000000000e+00,-1.328802108764648438e-01,-4.216888844966888428e-01,2.022044658660888672e-01,-4.908964931964874268e-01,0.000000000000000000e+00
-2.955032335375453734e-01,9.754291946545146086e-04,8.443714976310729980e-01,4.219490986547255740e-02,-3.314022002832093389e-02,3.455177109219467746e-02,9.979616678571937571e-01,-3.105926513671875000e-01,5.421687662601470947e-02,-4.227565228939056396e-02,3.370270133018493652e-01,6.807573139667510986e-02,-1.951550482772290707e-03,-2.025063633918762207e-01,-5.234789103269577026e-02,1.109421774744987488e-01,2.232865802943706512e-02,2.073105871677398682e-01,1.184626147150993347e-01,-2.563271857798099518e-02,5.443970113992691040e-02,-2.346040010452270508e-01,2.606839239597320557e-01,-8.581524342298507690e-02,-4.511562585830688477e-01,0.000000000000000000e+00,-1.250280737876892090e-01,-4.163801372051239014e-01,2.052085399627685547e-01,-4.713560044765472412e-01,0.000000000000000000e+00
-2.996223437853886562e-01,3.832779861543192390e-03,8.444694876670837402e-01,4.046767445675972241e-02,-3.399303690783202908e-02,3.891286353471608284e-02,9.978439907206801962e-01,-2.564063668251037598e-01,4.649877175688743591e-02,-2.097075246274471283e-02,3.311828076839447021e-01,6.290339678525924683e-02,6.043781060725450516e-03,-2.013901770114898682e-01,-5.608720332384109497e-02,9.458541870117187500e-02,1.612684503197669983e-02,2.138179689645767212e-01,1.171617209911346436e-01,-2.682110108435153961e-02,3.242249414324760437e-02,-2.434450387954711914e-01,2.570969164371490479e-01,-9.431208670139312744e-02,-4.401149451732635498e-01,0.000000000000000000e+00,-1.195713281631469727e-01,-4.180092215538024902e-01,2.048894613981246948e-01,-4.616841375827789307e-01,0.000000000000000000e+00
-3.048749401910068602e-01,7.478380049205826663e-03,8.444766998291015625e-01,3.752408242699075552e-02,-3.289690020818232530e-02,4.428537880403634469e-02,9.977717887467496549e-01,-2.149903327226638794e-01,3.926714137196540833e-02,-3.328154562041163445e-03,3.256119191646575928e-01,5.818136036396026611e-02,1.444485969841480255e-02,-2.073568254709243774e-01,-5.858609452843666077e-02,8.631298691034317017e-02,1.194661017507314682e-02,2.198590189218521118e-01,1.161194965243339539e-01,-2.750382944941520691e-02,7.021911907941102982e-03,-2.529337406158447266e-01,2.539402544498443604e-01,-1.013391241431236267e-01,-4.313664138317108154e-01,0.000000000000000000e+00,-1.131937652826309204e-01,-4.202197492122650146e-01,2.033595293760299683e-01,-4.563456177711486816e-01,0.000000000000000000e+00
-3.102277550380783122e-01,1.228864758467059642e-02,8.444959521293640137e-01,3.297478028572885245e-02,-3.040742512499842315e-02,5.018664140808808127e-02,9.977321050194544183e-01,-1.827143281698226929e-01,3.485494852066040039e-02,1.528665143996477127e-02,3.066570162773132324e-01,4.400396719574928284e-02,2.105966582894325256e-02,-2.184863239526748657e-01,-5.846382677555084229e-02,7.778079807758331299e-02,9.954678826034069061e-03,2.281891852617263794e-01,1.171165257692337036e-01,-2.608087658882141113e-02,-1.980704069137573242e-02,-2.609445750713348389e-01,2.510800063610076904e-01,-1.062180772423744202e-01,-4.213605821132659912e-01,0.000000000000000000e+00,-1.010666713118553162e-01,-4.149802029132843018e-01,1.985898762941360474e-01,-4.501206874847412109e-01,0.000000000000000000e+00
-3.148966596932387674e-01,1.766264549092540215e-02,8.445569872856140137e-01,2.769773876815267988e-02,-2.817305946932551625e-02,5.562189446485907296e-02,9.976699448431876061e-01,-1.622692942619323730e-01,3.358099237084388733e-02,2.944895625114440918e-02,2.634181380271911621e-01,1.898120535770431161e-04,2.443927899003028870e-02,-2.283330857753753662e-01,-5.693255737423896790e-02,7.604621350765228271e-02,7.993658073246479034e-03,2.277777343988418579e-01,1.270592957735061646e-01,-2.311605960130691528e-02,-4.374702274799346924e-02,-2.644340097904205322e-01,2.555580437183380127e-01,-1.130762323737144470e-01,-4.071323871612548828e-01,0.000000000000000000e+00,-8.829611539840698242e-02,-4.089879691600799561e-01,1.959152221679687500e-01,-4.454625844955444336e-01,0.000000000000000000e+00
-3.184832848989751497e-01,2.434681038945307047e-02,8.452025055885314941e-01,2.313857344634578928e-02,-2.629582926535720122e-02,5.915608056577510709e-02,9.976340480928920229e-01,-1.461305916309356689e-01,2.884418703615665436e-02,3.835938125848770142e-02,2.274417281150817871e-01,-3.912580013275146484e-02,2.729624696075916290e-02,-2.386059463024139404e-01,-5.692467465996742249e-02,7.452486455440521240e-02,1.033506635576486588e-02,2.282584160566329956e-01,1.278087049722671509e-01,-2.107151411473751068e-02,-6.491020321846008301e-02,-2.618063986301422119e-01,2.611950933933258057e-01,-1.263789087533950806e-01,-3.864954710006713867e-01,0.000000000000000000e+00,-7.512194663286209106e-02,-4.047099351882934570e-01,1.938337087631225586e-01,-4.414411187171936035e-01,0.000000000000000000e+00
-3.281900090982627916e-01,3.271685884078984197e-02,8.468930721282958984e-01,1.356472797056893463e-02,-7.847586870864793618e-03,6.176244379002234636e-02,9.979678422035818119e-01,-2.331298738718032837e-01,2.399817481637001038e-02,-2.552206069231033325e-02,2.717522680759429932e-01,-1.054985821247100830e-01,3.453269228339195251e-02,-3.240588903427124023e-01,-4.073343798518180847e-02,1.224047467112541199e-01,4.904206842184066772e-02,2.248200029134750366e-01,1.287772655487060547e-01,-9.495263220742344856e-04,-8.430836349725723267e-02,-2.809395492076873779e-01,2.537272274494171143e-01,-1.404654830694198608e-01,-3.775888383388519287e-01,0.000000000000000000e+00,-6.004981324076652527e-02,-4.432732164859771729e-01,1.876915693283081055e-01,-5.103018283843994141e-01,0.000000000000000000e+00
-3.310350363439605870e-01,3.933119849182623029e-02,8.487613201141357422e-01,9.840662216568322324e-03,-4.887559381798517802e-03,6.307759194462364549e-02,9.979481401981249444e-01,-2.233704328536987305e-01,1.935016736388206482e-02,-2.950070053339004517e-02,2.404249757528305054e-01,-1.052364259958267212e-01,3.955131024122238159e-02,-3.397417068481445312e-01,-4.139599949121475220e-02,1.270939409732818604e-01,5.838568136096000671e-02,2.186384648084640503e-01,1.252628564834594727e-01,-7.300266879610717297e-04,-1.007726714015007019e-01,-2.684346735477447510e-01,2.620655596256256104e-01,-1.896541267633438110e-01,-3.362987041473388672e-01,0.000000000000000000e+00,-5.462680011987686157e-02,-4.338434934616088867e-01,2.017039358615875244e-01,-5.111442804336547852e-01,0.000000000000000000e+00
-3.305594901955468679e-01,4.492807232927048533e-02,8.502088189125061035e-01,8.620770351074740281e-03,-9.420002465202036851e-03,6.248535783574057229e-02,9.979641907043804716e-01,-1.827567666769027710e-01,1.871774159371852875e-02,-1.547109219245612621e-03,2.016143500804901123e-01,-9.956829249858856201e-02,3.988565877079963684e-02,-3.260281682014465332e-01,-5.008321255445480347e-02,1.031521037220954895e-01,6.077453866600990295e-02,2.136738002300262451e-01,1.199799478054046631e-01,-8.913501165807247162e-03,-1.145654842257499695e-01,-2.428150773048400879e-01,2.776779234409332275e-01,-2.333344817161560059e-01,-2.890575528144836426e-01,0.000000000000000000e+00,-6.332717090845108032e-02,-4.167283177375793457e-01,2.124006897211074829e-01,-4.973016381263732910e-01,0.000000000000000000e+00
-3.387371773839790157e-01,5.142079261185641958e-02,8.517932295799255371e-01,1.873899701548172037e-03,6.574845061337561067e-03,6.261038896061475734e-02,9.980146287036720798e-01,-2.352372109889984131e-01,1.384614594280719757e-02,-4.030067473649978638e-02,2.000768035650253296e-01,-9.892103821039199829e-02,4.365157335996627808e-02,-4.148301780223846436e-01,-3.643803671002388000e-02,1.471169888973236084e-01,1.197790652513504028e-01,1.912904977798461914e-01,1.215578839182853699e-01,5.583477206528186798e-03,-1.328296512365341187e-01,-2.509541213512420654e-01,2.758073508739471436e-01,-2.962736189365386963e-01,-2.171795070171356201e-01,0.000000000000000000e+00,-1.292533427476882935e-01,-4.534119367599487305e-01,2.321341782808303833e-01,-5.554181933403015137e-01,0.000000000000000000e+00
-3.367878280644043820e-01,5.580250258168455851e-02,8.516618013381958008e-01,4.355699833638214868e-04,-9.265286949133769807e-04,5.930379898080991030e-02,9.982394558670835139e-01,-1.868551820516586304e-01,1.785439439117908478e-02,-4.130953457206487656e-03,1.654391884803771973e-01,-9.929275512695312500e-02,4.092691093683242798e-02,-3.912450373172760010e-01,-4.778949171304702759e-02,1.093007922172546387e-01,1.212909817695617676e-01,1.768360435962677002e-01,1.159094423055648804e-01,4.724382888525724411e-04,-1.453655511140823364e-01,-2.159607112407684326e-01,2.767266333103179932e-01,-3.382382988929748535e-01,-1.585452705621719360e-01,0.000000000000000000e+00,-1.890307366847991943e-01,-4.395910203456878662e-01,2.421544641256332397e-01,-5.596636533737182617e-01,0.000000000000000000e+00
-3.453972588018849876e-01,5.963074273583918866e-02,8.512992858886718750e-01,-4.852041054179946633e-03,1.503283088625615750e-02,5.546042791133638100e-02,9.983359217362888227e-01,-2.399816215038299561e-01,1.599664986133575439e-02,-3.403573855757713318e-02,1.628204882144927979e-01,-8.934623748064041138e-02,4.352366924285888672e-02,-4.887690544128417969e-01,-4.092919081449508667e-02,1.278266459703445435e-01,1.884350925683975220e-01,1.588669419288635254e-01,9.944822639226913452e-02,8.707031607627868652e-03,-1.716048419475555420e-01,-2.077874839305877686e-01,2.715035080909729004e-01,-3.805012106895446777e-01,-8.392935246229171753e-02,0.000000000000000000e+00,-3.524284362792968750e-01,-4.292543828487396240e-01,2.732650041580200195e-01,-6.106631159782409668e-01,0.000000000000000000e+00
-3.418399303655103583e-01,6.291900204421112253e-02,8.512139916419982910e-01,-5.761980817607317666e-03,4.721643509376411904e-03,4.928424323236448024e-02,9.987570120047423172e-01,-1.873667389154434204e-01,2.302792109549045563e-02,9.691482409834861755e-03,1.368902325630187988e-01,-8.973326534032821655e-02,4.025936499238014221e-02,-4.572986960411071777e-01,-6.185400485992431641e-02,6.377495080232620239e-02,1.859871000051498413e-01,1.652371436357498169e-01,8.816979825496673584e-02,9.554518386721611023e-03,-1.720708459615707397e-01,-1.784542649984359741e-01,2.509800791740417480e-01,-3.939001262187957764e-01,-3.027823567390441895e-02,0.000000000000000000e+00,-4.269945025444030762e-01,-3.927338123321533203e-01,2.867582142353057861e-01,-6.084371805191040039e-01,0.000000000000000000e+00
-3.418495051674073082e-01,6.274610649108718075e-02,8.516181111335754395e-01,-7.226239768889198591e-03,-2.129479231503182603e-03,4.566485481606145230e-02,9.989284097529879114e-01,-1.523866802453994751e-01,3.113718330860137939e-02,3.733968362212181091e-02,1.107396259903907776e-01,-8.441435545682907104e-02,3.428985178470611572e-02,-4.420249462127685547e-01,-6.872530281543731689e-02,3.457964956760406494e-02,1.879297792911529541e-01,1.683222800493240356e-01,7.543273270130157471e-02,1.273719407618045807e-02,-1.726566702127456665e-01,-1.586950272321701050e-01,2.492629587650299072e-01,-4.065046906471252441e-01,1.789513789117336273e-02,0.000000000000000000e+00,-5.230125188827514648e-01,-3.238902986049652100e-01,2.991500496864318848e-01,-6.028497219085693359e-01,0.000000000000000000e+00
-3.409992949917919347e-01,6.748229673202928158e-02,8.515145778656005859e-01,-1.129930585128112626e-02,-7.821080819494450817e-03,4.321340580847966850e-02,9.989713499097588878e-01,-1.237026154994964600e-01,3.681986033916473389e-02,5.870746821165084839e-02,9.183274209499359131e-02,-8.000590652227401733e-02,3.383366391062736511e-02,-4.346594214439392090e-01,-7.267180830240249634e-02,1.525622792541980743e-02,1.920037418603897095e-01,1.817384958267211914e-01,7.373660802841186523e-02,2.261184155941009521e-02,-1.862379610538482666e-01,-1.502258032560348511e-01,2.364812195301055908e-01,-4.115014076232910156e-01,5.397699400782585144e-02,0.000000000000000000e+00,-6.239630579948425293e-01,-2.747033834457397461e-01,2.825337648391723633e-01,-5.959529876708984375e-01,0.000000000000000000e+00
-3.407544398288900878e-01,6.970209844892573392e-02,8.514420986175537109e-01,-1.448914354319054756e-02,-1.167466883852280417e-02,4.304316179247546365e-02,9.988999214384804981e-01,-1.032934933900833130e-01,4.126411303877830505e-02,6.936211884021759033e-02,7.534358650445938110e-02,-7.659596204757690430e-02,3.707320988178253174e-02,-4.316639900207519531e-01,-7.307177037000656128e-02,1.001993194222450256e-02,1.864177435636520386e-01,1.829164475202560425e-01,7.889441400766372681e-02,3.141148015856742859e-02,-1.936309635639190674e-01,-1.527956426143646240e-01,2.252600789070129395e-01,-4.161798059940338135e-01,7.296804338693618774e-02,0.000000000000000000e+00,-7.023401260375976562e-01,-2.300595343112945557e-01,2.566161751747131348e-01,-5.775390863418579102e-01,0.000000000000000000e+00
-3.400553108524029811e-01,7.088776692809189983e-02,8.507415652275085449e-01,-1.620894629485522195e-02,-1.502145706577442778e-02,4.554305681303780912e-02,9.987179060494290050e-01,-8.676557987928390503e-02,4.279026389122009277e-02,7.206051051616668701e-02,6.266875565052032471e-02,-7.559356838464736938e-02,3.701196238398551941e-02,-4.287064075469970703e-01,-7.290104776620864868e-02,1.738742738962173462e-02,1.744338124990463257e-01,1.800838708877563477e-01,8.866068720817565918e-02,3.615622967481613159e-02,-1.978040635585784912e-01,-1.691382229328155518e-01,2.175587266683578491e-01,-4.252994656562805176e-01,7.473138719797134399e-02,0.000000000000000000e+00,-7.525630593299865723e-01,-2.003657221794128418e-01,2.370997965335845947e-01,-5.493875741958618164e-01,0.000000000000000000e+00
-3.393606005029367600e-01,7.048196477502072232e-02,8.495830893516540527e-01,-1.679566121396386044e-02,-1.815304722103433868e-02,5.070706378771461936e-02,9.984073148384908780e-01,-7.291273772716522217e-02,4.384493082761764526e-02,6.782881170511245728e-02,5.302811041474342346e-02,-7.551810890436172485e-02,3.547343984246253967e-02,-4.251511096954345703e-01,-7.494112849235534668e-02,3.709897026419639587e-02,1.587109863758087158e-01,1.723254621028900146e-01,9.447371214628219604e-02,3.534936904907226562e-02,-2.008187919855117798e-01,-2.015654295682907104e-01,2.148747891187667847e-01,-4.376026391983032227e-01,6.147779524326324463e-02,0.000000000000000000e+00,-7.739075422286987305e-01,-1.931008547544479370e-01,2.398725897073745728e-01,-5.082105994224548340e-01,0.000000000000000000e+00
-3.479700195860008227e-01,6.425315828197822321e-02,8.489861488342285156e-01,-5.422103761648930723e-03,5.115822171704695505e-03,5.177717727451500163e-02,9.986308392332919892e-01,-1.699668616056442261e-01,1.554672140628099442e-02,4.858746193349361420e-03,8.967693895101547241e-02,-7.309135794639587402e-02,3.685509786009788513e-02,-5.551849007606506348e-01,-6.889419257640838623e-02,1.643133312463760376e-01,2.077901810407638550e-01,1.737957149744033813e-01,1.010022908449172974e-01,-1.144408620893955231e-02,-2.214985489845275879e-01,-1.764490157365798950e-01,3.438705801963806152e-01,-4.166636466979980469e-01,-1.184108108282089233e-01,0.000000000000000000e+00,-8.622379899024963379e-01,-1.199411898851394653e-01,2.490457147359848022e-01,-4.036076962947845459e-01,0.000000000000000000e+00
-3.451544439151618127e-01,6.273969064920568994e-02,8.480634093284606934e-01,-4.606518753278900612e-03,-5.978361493895843889e-04,6.185450588964040014e-02,9.980743673083998235e-01,-1.452343016862869263e-01,1.393064856529235840e-02,-2.657608594745397568e-03,7.715187221765518188e-02,-7.503386586904525757e-02,3.565705567598342896e-02,-5.320137739181518555e-01,-7.774861156940460205e-02,1.802206188440322876e-01,1.824098229408264160e-01,1.728149354457855225e-01,1.072322130203247070e-01,-1.518299244344234467e-02,-2.209149897098541260e-01,-2.149692624807357788e-01,3.243030011653900146e-01,-4.410487115383148193e-01,-1.666368395090103149e-01,0.000000000000000000e+00,-8.121433854103088379e-01,-1.617008894681930542e-01,3.397257924079895020e-01,-3.339577615261077881e-01,0.000000000000000000e+00
-3.427438502820586708e-01,6.015466889513072096e-02,8.479015827178955078e-01,-2.391469041566427617e-03,-3.656435509485563527e-03,6.854338339969806571e-02,9.976385697973542133e-01,-1.291720271110534668e-01,1.162858586758375168e-02,-5.108955781906843185e-03,6.701110303401947021e-02,-7.474439591169357300e-02,3.289909288287162781e-02,-5.203842520713806152e-01,-8.134856075048446655e-02,2.017265707254409790e-01,1.656788438558578491e-01,1.767724901437759399e-01,1.152280792593955994e-01,-1.700277999043464661e-02,-2.065113484859466553e-01,-2.589577436447143555e-01,2.916080355644226074e-01,-4.616471230983734131e-01,-2.134938836097717285e-01,0.000000000000000000e+00,-7.556970715522766113e-01,-2.052309662103652954e-01,4.482401013374328613e-01,-2.650342881679534912e-01,0.000000000000000000e+00
-3.403276208333172459e-01,5.726021489365968470e-02,8.469597697257995605e-01,1.638445562833695866e-04,-5.809607309440974199e-03,7.620687658179467472e-02,9.970750892382772568e-01,-1.154941543936729431e-01,8.281254209578037262e-03,-1.139974221587181091e-02,5.662088096141815186e-02,-7.550778985023498535e-02,3.406176716089248657e-02,-5.089576244354248047e-01,-8.209224045276641846e-02,2.239446938037872314e-01,1.541398167610168457e-01,1.851947754621505737e-01,1.218859180808067322e-01,-1.852429285645484924e-02,-1.921575367450714111e-01,-3.190444409847259521e-01,2.531772553920745850e-01,-4.756492078304290771e-01,-2.697351276874542236e-01,0.000000000000000000e+00,-6.980150341987609863e-01,-2.465009093284606934e-01,5.481882095336914062e-01,-1.757165044546127319e-01,0.000000000000000000e+00
-3.371421902485075561e-01,5.553640047005219821e-02,8.448708057403564453e-01,2.710306722496330124e-03,-8.419206162824949963e-03,8.426306193977478598e-02,9.964042892308281330e-01,-9.918719530105590820e-02,3.832168411463499069e-03,-1.878211647272109985e-02,4.650742188096046448e-02,-7.793481647968292236e-02,3.889754414558410645e-02,-4.909178912639617920e-01,-7.805360108613967896e-02,2.548904418945312500e-01,1.464762985706329346e-01,1.916645914316177368e-01,1.399321705102920532e-01,-1.585422083735466003e-02,-1.720919311046600342e-01,-3.858076632022857666e-01,2.044180929660797119e-01,-4.626978635787963867e-01,-2.751708328723907471e-01,0.000000000000000000e+00,-6.490045189857482910e-01,-2.744148969650268555e-01,6.006380915641784668e-01,-1.154041364789009094e-01,0.000000000000000000e+00
-3.302811601007182851e-01,5.481741150731475609e-02,8.418300151824951172e-01,6.425584709968013009e-03,-1.897505839960849511e-02,9.295237500241107509e-02,9.954689924860933292e-01,-5.497271940112113953e-02,1.516446645837277174e-04,-3.837177529931068420e-03,3.644081950187683105e-02,-8.343750238418579102e-02,4.458929225802421570e-02,-4.341556727886199951e-01,-8.198414742946624756e-02,2.491492629051208496e-01,1.315084695816040039e-01,1.984062492847442627e-01,1.459623426198959351e-01,-7.906340993940830231e-03,-1.607459187507629395e-01,-4.191001355648040771e-01,1.782327294349670410e-01,-4.553984403610229492e-01,-2.480997443199157715e-01,0.000000000000000000e+00,-6.092275977134704590e-01,-2.751960754394531250e-01,6.088615655899047852e-01,-8.091223984956741333e-02,0.000000000000000000e+00
-3.247188143388343162e-01,5.293123039840497146e-02,8.387938141822814941e-01,1.083804641668938487e-02,-2.531040741734135943e-02,9.843775732570365922e-02,9.947622469509606047e-01,-2.414034120738506317e-02,-4.888745024800300598e-03,3.343482501804828644e-03,2.553732134401798248e-02,-8.867102116346359253e-02,5.432500317692756653e-02,-3.940401077270507812e-01,-8.077736198902130127e-02,2.628934681415557861e-01,1.128544136881828308e-01,2.169208377599716187e-01,1.549145430326461792e-01,-4.080747254192829132e-03,-1.651602834463119507e-01,-4.297727048397064209e-01,1.498789191246032715e-01,-4.553399085998535156e-01,-2.200317382812500000e-01,0.000000000000000000e+00,-5.915847420692443848e-01,-2.655175328254699707e-01,6.050701141357421875e-01,-6.855108588933944702e-02,0.000000000000000000e+00
-3.183647855362498058e-01,4.866070927084903408e-02,8.355872631072998047e-01,1.695260990789512062e-02,-2.987494267924614005e-02,9.990584459652393501e-02,9.944038007935598333e-01,-1.403801259584724903e-03,-1.035655755549669266e-02,1.092321332544088364e-02,2.239602059125900269e-02,-9.377653151750564575e-02,6.295517832040786743e-02,-3.718410134315490723e-01,-9.171699732542037964e-02,2.519088089466094971e-01,1.035315617918968201e-01,2.662935853004455566e-01,1.637993007898330688e-01,-1.181347295641899109e-02,-1.633318811655044556e-01,-4.318856596946716309e-01,1.173448637127876282e-01,-4.465266466140747070e-01,-1.978636980056762695e-01,0.000000000000000000e+00,-5.923366546630859375e-01,-2.614691257476806641e-01,6.012094616889953613e-01,-6.727633625268936157e-02,0.000000000000000000e+00
-3.124639622012362894e-01,4.385570856153109265e-02,8.341330885887145996e-01,2.221423740327030730e-02,-3.244299738000556987e-02,1.010043786970397789e-01,9.941086937863571338e-01,1.191989798098802567e-02,-1.420040894299745560e-02,1.477361749857664108e-02,2.392671816051006317e-02,-9.774637967348098755e-02,7.034832239151000977e-02,-3.538904786109924316e-01,-1.027546226978302002e-01,2.370656579732894897e-01,9.539949893951416016e-02,3.134273588657379150e-01,1.738652139902114868e-01,-1.774943247437477112e-02,-1.520382910966873169e-01,-4.392868876457214355e-01,1.037606224417686462e-01,-4.351280629634857178e-01,-1.801619231700897217e-01,0.000000000000000000e+00,-5.954362154006958008e-01,-2.619720995426177979e-01,5.990677475929260254e-01,-6.664779037237167358e-02,0.000000000000000000e+00
-3.070915676324607602e-01,3.856815974156146964e-02,8.344384431838989258e-01,2.586015141724994082e-02,-3.293856307037326681e-02,1.020960877897232610e-01,9.938926966677887886e-01,1.563918404281139374e-02,-1.399286091327667236e-02,1.629604957997798920e-02,3.007529862225055695e-02,-9.882526099681854248e-02,7.358918339014053345e-02,-3.376867175102233887e-01,-1.072307601571083069e-01,2.244227379560470581e-01,8.240216225385665894e-02,3.317240476608276367e-01,1.805114746093750000e-01,-2.152141556143760681e-02,-1.358687132596969604e-01,-4.497620463371276855e-01,1.002923920750617981e-01,-4.233168661594390869e-01,-1.640776097774505615e-01,0.000000000000000000e+00,-5.987852811813354492e-01,-2.668172121047973633e-01,5.966372489929199219e-01,-6.568869203329086304e-02,0.000000000000000000e+00
-3.013486764500306059e-01,3.303004428317650454e-02,8.350549340248107910e-01,2.825434531291423981e-02,-3.291394261397395660e-02,1.032264176643843956e-01,9.937115633063353659e-01,1.599956862628459930e-02,-1.046601124107837677e-02,1.422642637044191360e-02,3.962602466344833374e-02,-9.823834151029586792e-02,7.457745820283889771e-02,-3.231787383556365967e-01,-1.079325675964355469e-01,2.153292447328567505e-01,7.289489358663558960e-02,3.392975926399230957e-01,1.834352165460586548e-01,-2.444858103990554810e-02,-1.207309290766716003e-01,-4.598950445652008057e-01,9.457533061504364014e-02,-4.156464040279388428e-01,-1.504700779914855957e-01,0.000000000000000000e+00,-6.081493496894836426e-01,-2.785924077033996582e-01,5.949676632881164551e-01,-6.795340031385421753e-02,0.000000000000000000e+00
-2.960880331068498905e-01,2.785011383332439139e-02,8.358696103096008301e-01,3.026641674402219193e-02,-3.232784763963464369e-02,1.045412344910242597e-01,9.935340882805976381e-01,1.195400953292846680e-02,-6.136342417448759079e-03,1.303577143698930740e-02,5.255707353353500366e-02,-9.659723937511444092e-02,7.325387746095657349e-02,-3.126416802406311035e-01,-1.061935052275657654e-01,2.080020010471343994e-01,6.673755496740341187e-02,3.396532535552978516e-01,1.857258081436157227e-01,-2.648069150745868683e-02,-1.087295860052108765e-01,-4.715405106544494629e-01,8.739788085222244263e-02,-4.105790257453918457e-01,-1.401104927062988281e-01,0.000000000000000000e+00,-6.192460060119628906e-01,-2.915476858615875244e-01,5.948364734649658203e-01,-7.204282283782958984e-02,0.000000000000000000e+00
-2.911195979919533050e-01,2.347089513186986776e-02,8.364015817642211914e-01,3.144006484798528983e-02,-3.172115901047974085e-02,1.067555933753390751e-01,9.932816990544351965e-01,5.176548846065998077e-03,-3.682743699755519629e-04,1.131040230393409729e-02,6.832051277160644531e-02,-9.572876244783401489e-02,7.102339714765548706e-02,-3.046672046184539795e-01,-1.046657934784889221e-01,2.012137174606323242e-01,6.447470188140869141e-02,3.371099829673767090e-01,1.822657287120819092e-01,-2.688368223607540131e-02,-1.010767593979835510e-01,-4.874123632907867432e-01,8.056120574474334717e-02,-4.068109393119812012e-01,-1.322370916604995728e-01,0.000000000000000000e+00,-6.310535669326782227e-01,-3.079237043857574463e-01,5.951626896858215332e-01,-7.799916714429855347e-02,0.000000000000000000e+00
-2.861559875184807034e-01,1.763815347305135867e-02,8.367871046066284180e-01,3.321743831875468428e-02,-3.130739218193051565e-02,1.091441678059093534e-01,9.929773409399944573e-01,-3.982623573392629623e-03,5.781813990324735641e-03,8.036544546484947205e-03,8.725912123918533325e-02,-9.347075223922729492e-02,6.680644303560256958e-02,-2.987416088581085205e-01,-1.003466248512268066e-01,1.940252482891082764e-01,6.657930463552474976e-02,3.365853726863861084e-01,1.761361509561538696e-01,-2.715077996253967285e-02,-9.800695627927780151e-02,-4.968325495719909668e-01,8.246310055255889893e-02,-4.029341936111450195e-01,-1.269100606441497803e-01,0.000000000000000000e+00,-6.404365301132202148e-01,-3.151690065860748291e-01,5.974037051200866699e-01,-8.346094936132431030e-02,0.000000000000000000e+00
-2.818554905155721269e-01,1.367076438559846480e-02,8.364965319633483887e-01,3.466329502907958965e-02,-3.220259129536569981e-02,1.122032018512188339e-01,9.925582555124536910e-01,-1.442824769765138626e-02,1.068462803959846497e-02,2.046539913862943649e-03,1.116101145744323730e-01,-8.852736651897430420e-02,5.641020834445953369e-02,-2.928339838981628418e-01,-9.813868254423141479e-02,1.903090029954910278e-01,7.158350199460983276e-02,3.382177948951721191e-01,1.697971671819686890e-01,-2.825728803873062134e-02,-9.805933386087417603e-02,-5.064487457275390625e-01,8.335091173648834229e-02,-3.984254896640777588e-01,-1.229488924145698547e-01,0.000000000000000000e+00,-6.513323783874511719e-01,-3.307245075702667236e-01,5.980707406997680664e-01,-8.954019844532012939e-02,0.000000000000000000e+00
-2.781545160156377872e-01,9.758610471383578899e-03,8.360428810119628906e-01,3.607652384454026334e-02,-3.210308775035957546e-02,1.137942976946168666e-01,9.923299521814183954e-01,-2.369417063891887665e-02,1.434111222624778748e-02,-6.447360385209321976e-03,1.303762197494506836e-01,-8.662752062082290649e-02,5.619765073060989380e-02,-2.924335002899169922e-01,-9.589250385761260986e-02,1.872678101062774658e-01,7.809226959943771362e-02,3.404690623283386230e-01,1.657541990280151367e-01,-2.770026959478855133e-02,-9.249082952737808228e-02,-5.132040381431579590e-01,8.010171353816986084e-02,-3.907256722450256348e-01,-1.189405471086502075e-01,0.000000000000000000e+00,-6.533864736557006836e-01,-3.347473442554473877e-01,5.940644145011901855e-01,-9.419506788253784180e-02,0.000000000000000000e+00
-2.757516225370669760e-01,6.857528979769961230e-03,8.350286483764648438e-01,3.716404375474638422e-02,-3.316169394211337246e-02,1.153820896993246747e-01,9.920716250771927092e-01,-3.184958174824714661e-02,1.737994141876697540e-02,-1.576765812933444977e-02,1.488518267869949341e-01,-8.223070949316024780e-02,5.738814547657966614e-02,-2.926701009273529053e-01,-9.408866614103317261e-02,1.845114231109619141e-01,8.811502903699874878e-02,3.453664481639862061e-01,1.621568351984024048e-01,-2.669861912727355957e-02,-8.761166781187057495e-02,-5.196066498756408691e-01,7.690858095884323120e-02,-3.803843557834625244e-01,-1.151219010353088379e-01,0.000000000000000000e+00,-6.504428982734680176e-01,-3.309172391891479492e-01,5.833262205123901367e-01,-9.541609138250350952e-02,0.000000000000000000e+00
-2.744066434442581359e-01,4.128577357662331637e-03,8.343449234962463379e-01,3.896333637705056557e-02,-3.470425532210060643e-02,1.162723094329852214e-01,9.918458666244606148e-01,-3.624460846185684204e-02,1.729502715170383453e-02,-2.312638796865940094e-02,1.626709550619125366e-01,-8.234377205371856689e-02,6.070699542760848999e-02,-2.943597137928009033e-01,-9.324093163013458252e-02,1.852342486381530762e-01,9.869306534528732300e-02,3.475038707256317139e-01,1.580148339271545410e-01,-2.899650111794471741e-02,-8.104321360588073730e-02,-5.283772349357604980e-01,8.243259787559509277e-02,-3.616600930690765381e-01,-1.129225492477416992e-01,0.000000000000000000e+00,-6.444985270500183105e-01,-3.287840485572814941e-01,5.628445148468017578e-01,-9.591180831193923950e-02,0.000000000000000000e+00
-2.752825368577389020e-01,1.861454419775379621e-03,8.334337472915649414e-01,4.097683044196387403e-02,-3.690372321105688663e-02,1.192209575315789499e-01,9.913351491122190939e-01,-4.078986123204231262e-02,1.808732934296131134e-02,-1.123264804482460022e-02,1.752349734306335449e-01,-8.979870378971099854e-02,6.594820320606231689e-02,-2.955885827541351318e-01,-9.547176212072372437e-02,1.857103258371353149e-01,1.075304821133613586e-01,3.451551795005798340e-01,1.538323014974594116e-01,-3.264992311596870422e-02,-8.672790974378585815e-02,-5.440553426742553711e-01,9.856303781270980835e-02,-3.252574503421783447e-01,-1.175739243626594543e-01,0.000000000000000000e+00,-6.333451271057128906e-01,-3.362952768802642822e-01,5.201578736305236816e-01,-1.041136533021926880e-01,0.000000000000000000e+00
-2.781252176869692394e-01,2.144739283891500259e-04,8.326618671417236328e-01,4.261194761998964714e-02,-3.947222993153366027e-02,1.241140130277357118e-01,9.905664423724511725e-01,-4.570057615637779236e-02,2.118532732129096985e-02,2.172760106623172760e-02,1.847378611564636230e-01,-1.038815081119537354e-01,7.527022063732147217e-02,-2.971299886703491211e-01,-1.016623526811599731e-01,1.786690056324005127e-01,1.150095686316490173e-01,3.402587175369262695e-01,1.509560644626617432e-01,-3.653446957468986511e-02,-1.016839146614074707e-01,-5.711615681648254395e-01,1.279209852218627930e-01,-2.678177654743194580e-01,-1.320168972015380859e-01,0.000000000000000000e+00,-6.061190366744995117e-01,-3.495224118232727051e-01,4.644360244274139404e-01,-1.275649070739746094e-01,0.000000000000000000e+00
-2.817581641650142021e-01,-2.068834345059222812e-06,8.318631649017333984e-01,4.226247636687154030e-02,-4.241275621495547987e-02,1.268363406083385103e-01,9.901149346932789364e-01,-4.027977585792541504e-02,2.218549139797687531e-02,5.555025115609169006e-02,1.815196722745895386e-01,-1.258724927902221680e-01,8.890446275472640991e-02,-2.964329421520233154e-01,-1.028537228703498840e-01,1.745454967021942139e-01,1.191321536898612976e-01,3.292486667633056641e-01,1.508505493402481079e-01,-3.809777274727821350e-02,-1.190556809306144714e-01,-6.063342094421386719e-01,1.733759045600891113e-01,-1.919140815734863281e-01,-1.497089117765426636e-01,0.000000000000000000e+00,-5.656043291091918945e-01,-3.707276284694671631e-01,3.976884186267852783e-01,-1.662835329771041870e-01,0.000000000000000000e+00
-2.923203796898788398e-01,3.191983848273377555e-03,8.341172337532043457e-01,3.147058633338627176e-02,-2.497197096763112065e-02,1.264780945734976236e-01,9.911555349463988529e-01,-1.441238522529602051e-01,2.646898850798606873e-02,-5.759281571954488754e-03,2.527925968170166016e-01,-1.876531243324279785e-01,1.010810509324073792e-01,-3.958861231803894043e-01,-7.189832627773284912e-02,2.386708706617355347e-01,1.818783730268478394e-01,2.976379096508026123e-01,1.591210365295410156e-01,-8.686809800565242767e-03,-1.212082728743553162e-01,-6.554500460624694824e-01,2.290245741605758667e-01,1.353084482252597809e-02,-2.738498747348785400e-01,0.000000000000000000e+00,-3.830597102642059326e-01,-5.203487873077392578e-01,1.493330150842666626e-01,-5.318682193756103516e-01,0.000000000000000000e+00
-2.916054772722413424e-01,4.957462766522299780e-03,8.340595960617065430e-01,3.210229457183872565e-02,-3.621058247878940206e-02,1.276636766771604148e-01,9.906362713211339655e-01,-8.821132034063339233e-02,3.136163204908370972e-02,1.877209171652793884e-02,2.152403146028518677e-01,-1.729221642017364502e-01,8.534577488899230957e-02,-3.508244454860687256e-01,-8.359698206186294556e-02,2.088047862052917480e-01,1.625706106424331665e-01,2.932335436344146729e-01,1.590295433998107910e-01,-2.039973251521587372e-02,-1.363111585378646851e-01,-6.689085364341735840e-01,2.721780240535736084e-01,1.684151217341423035e-02,-2.664170563220977783e-01,0.000000000000000000e+00,-3.998511135578155518e-01,-4.923062324523925781e-01,1.213626191020011902e-01,-5.265063047409057617e-01,0.000000000000000000e+00
-2.919063958660600977e-01,7.155393263753050126e-03,8.340415358543395996e-01,3.072271095307718691e-02,-4.158998995565871271e-02,1.310629942303732365e-01,9.900246862126980130e-01,-5.376205220818519592e-02,3.409280627965927124e-02,3.070778772234916687e-02,1.807471662759780884e-01,-1.630192846059799194e-01,7.229432463645935059e-02,-3.284343481063842773e-01,-9.074538946151733398e-02,1.821388453245162964e-01,1.514184027910232544e-01,2.789497971534729004e-01,1.617289334535598755e-01,-2.127738110721111298e-02,-1.480601429939270020e-01,-6.745741963386535645e-01,3.141303658485412598e-01,1.145237823948264122e-03,-2.767322957515716553e-01,0.000000000000000000e+00,-4.698686301708221436e-01,-4.953119456768035889e-01,8.599377423524856567e-02,-5.470296740531921387e-01,0.000000000000000000e+00
-2.932540932474819173e-01,8.944026433383517327e-03,8.344472646713256836e-01,2.806601840209529963e-02,-4.433305961375507559e-02,1.351194287323243814e-01,9.894390422938579288e-01,-3.514616191387176514e-02,3.759662806987762451e-02,3.980865702033042908e-02,1.565499305725097656e-01,-1.533633470535278320e-01,6.941924244165420532e-02,-3.185230791568756104e-01,-9.348765760660171509e-02,1.586915254592895508e-01,1.488128602504730225e-01,2.589609622955322266e-01,1.634324789047241211e-01,-1.387676037847995758e-02,-1.482072025537490845e-01,-6.687467694282531738e-01,3.245578706264495850e-01,-3.973954916000366211e-02,-2.989124953746795654e-01,0.000000000000000000e+00,-5.793963670730590820e-01,-4.948562383651733398e-01,4.443828016519546509e-02,-5.808058977127075195e-01,0.000000000000000000e+00
-2.937672962678402611e-01,8.998505546396973198e-03,8.354486823081970215e-01,2.549203599188001185e-02,-4.571195712240317538e-02,1.374229977492214261e-01,9.891286532937189069e-01,-2.168397791683673859e-02,4.321951046586036682e-02,4.256786033511161804e-02,1.369078159332275391e-01,-1.454132199287414551e-01,7.001347094774246216e-02,-3.149698078632354736e-01,-9.016315639019012451e-02,1.430558115243911743e-01,1.532117575407028198e-01,2.362463325262069702e-01,1.650963127613067627e-01,-6.061356049031019211e-03,-1.295657455921173096e-01,-6.571816802024841309e-01,3.084631264209747314e-01,-9.356957674026489258e-02,-3.240020275115966797e-01,0.000000000000000000e+00,-7.047244906425476074e-01,-4.957143962383270264e-01,1.434495206922292709e-02,-6.071272492408752441e-01,0.000000000000000000e+00
-2.928551499949738623e-01,7.153301995249036760e-03,8.365160822868347168e-01,2.349012741054130188e-02,-4.649324105323199979e-02,1.390347708296985618e-01,9.889165409431353027e-01,-1.120543945580720901e-02,5.023740977048873901e-02,4.270642995834350586e-02,1.209906563162803650e-01,-1.337719857692718506e-01,6.619594991207122803e-02,-3.103044629096984863e-01,-8.536979556083679199e-02,1.231258958578109741e-01,1.704676598310470581e-01,2.281189411878585815e-01,1.610719114542007446e-01,-4.968405235558748245e-03,-9.839998185634613037e-02,-6.560462713241577148e-01,2.986111938953399658e-01,-1.331193000078201294e-01,-3.547179996967315674e-01,0.000000000000000000e+00,-8.251020908355712891e-01,-5.085338354110717773e-01,-9.464967995882034302e-03,-6.017203927040100098e-01,0.000000000000000000e+00
-2.915695252506469992e-01,1.709457345341273971e-03,8.367987275123596191e-01,2.360902689592209169e-02,-4.680612487223342194e-02,1.439973343504124537e-01,9.881885286844044325e-01,-5.335582420229911804e-03,5.760914087295532227e-02,3.974096477031707764e-02,1.085595563054084778e-01,-1.238039657473564148e-01,5.677373707294464111e-02,-2.977220118045806885e-01,-7.597453892230987549e-02,1.094834282994270325e-01,1.960541754961013794e-01,2.338948696851730347e-01,1.565718799829483032e-01,-1.687562651932239532e-02,-5.847968161106109619e-02,-6.800975799560546875e-01,3.071780800819396973e-01,-1.531141847372055054e-01,-3.904899060726165771e-01,0.000000000000000000e+00,-9.311822056770324707e-01,-5.310888290405273438e-01,-2.027041651308536530e-02,-5.487461686134338379e-01,0.000000000000000000e+00
-2.894306976821580668e-01,-5.676346579953639448e-03,8.359324336051940918e-01,2.717655156310651993e-02,-4.621990047998351947e-02,1.501804687661615345e-01,9.872036176219850523e-01,-2.436483278870582581e-03,6.124907732009887695e-02,3.615908324718475342e-02,9.992769360542297363e-02,-1.150497868657112122e-01,4.566442966461181641e-02,-2.787947058677673340e-01,-6.824423372745513916e-02,1.116695180535316467e-01,2.070337086915969849e-01,2.602295279502868652e-01,1.536965072154998779e-01,-4.217635467648506165e-02,-2.529060095548629761e-02,-7.097776532173156738e-01,3.037400543689727783e-01,-1.738429665565490723e-01,-4.220314323902130127e-01,0.000000000000000000e+00,-1.017890930175781250e+00,-5.599969029426574707e-01,-8.409103378653526306e-03,-4.430548548698425293e-01,0.000000000000000000e+00
-2.899986928521722240e-01,-2.144804714367778975e-02,8.342714309692382812e-01,4.392433714231112202e-02,-2.554056714508484011e-02,1.610932829729195270e-01,9.856304004126105189e-01,-9.310871362686157227e-02,3.180305659770965576e-02,-2.461994066834449768e-02,1.515536010265350342e-01,-1.300146877765655518e-01,2.460074424743652344e-02,-3.459597826004028320e-01,-8.207116276025772095e-02,1.758858561515808105e-01,2.259330451488494873e-01,2.518619298934936523e-01,1.421910375356674194e-01,-1.309254318475723267e-01,-1.023760288953781128e-01,-6.129236221313476562e-01,4.875899851322174072e-01,-1.736335009336471558e-01,-6.417891383171081543e-01,0.000000000000000000e+00,-1.383931636810302734e+00,-4.223087728023529053e-01,5.479256063699722290e-02,1.121833622455596924e-01,0.000000000000000000e+00
-2.833193506501378023e-01,-3.923031501094977058e-02,8.359642624855041504e-01,4.754664806228016405e-02,-1.567254074877123468e-02,1.668572554946970155e-01,9.847092687759657625e-01,-1.301609128713607788e-01,5.248424038290977478e-02,-6.208712235093116760e-02,1.729416400194168091e-01,-1.654545366764068604e-01,-1.870251609943807125e-03,-3.566060662269592285e-01,-5.412974581122398376e-02,1.839977353811264038e-01,2.178646773099899292e-01,2.179877161979675293e-01,1.207548528909683228e-01,-2.373938262462615967e-01,-2.058076262474060059e-01,-5.206038951873779297e-01,6.449367403984069824e-01,-1.085149347782135010e-01,-7.063120007514953613e-01,0.000000000000000000e+00,-1.590632915496826172e+00,-2.803517282009124756e-01,4.638634249567985535e-02,5.110777616500854492e-01,0.000000000000000000e+00
-2.766704989132455217e-01,-4.819594864197662698e-02,8.365837335586547852e-01,4.830886615806504608e-02,-1.756894139286713230e-02,1.743295434172514868e-01,9.833446984861355933e-01,-1.403968632221221924e-01,6.558237224817276001e-02,-7.511536777019500732e-02,1.947200745344161987e-01,-1.613615453243255615e-01,-1.151253934949636459e-02,-3.377062678337097168e-01,-4.647516831755638123e-02,1.628229916095733643e-01,2.114693075418472290e-01,2.051078379154205322e-01,1.024918109178543091e-01,-2.660069763660430908e-01,-2.148879468441009521e-01,-5.124667286872863770e-01,6.829355359077453613e-01,-8.912008255720138550e-02,-7.130390405654907227e-01,0.000000000000000000e+00,-1.646730899810791016e+00,-2.788754999637603760e-01,8.716389536857604980e-02,6.787081956863403320e-01,0.000000000000000000e+00
-2.723890864051417005e-01,-5.622465264567938492e-02,8.368195295333862305e-01,4.787591491685799089e-02,-1.954673815023245595e-02,1.800682112459126016e-01,9.822938771555370652e-01,-1.578738689422607422e-01,7.960837334394454956e-02,-8.860062807798385620e-02,2.204377353191375732e-01,-1.442225277423858643e-01,-2.187672071158885956e-02,-3.169378638267517090e-01,-3.741880133748054504e-02,1.461002379655838013e-01,1.961280107498168945e-01,1.946094334125518799e-01,9.317964315414428711e-02,-2.838032245635986328e-01,-2.017539143562316895e-01,-5.205941200256347656e-01,6.892073750495910645e-01,-7.772980630397796631e-02,-7.110175490379333496e-01,0.000000000000000000e+00,-1.640327215194702148e+00,-2.982519567012786865e-01,1.201308071613311768e-01,6.926100850105285645e-01,0.000000000000000000e+00
-2.671183067958062263e-01,-6.641078632171021345e-02,8.365703821182250977e-01,4.744912510846590464e-02,-1.759608918508231284e-02,1.927953729659191706e-01,9.799331111533908789e-01,-2.122627943754196167e-01,9.311702847480773926e-02,-1.285149306058883667e-01,2.789913415908813477e-01,-9.749941527843475342e-02,-4.188801348209381104e-02,-3.013347089290618896e-01,-2.613121643662452698e-02,1.233232542872428894e-01,1.783161163330078125e-01,1.739850640296936035e-01,7.926171272993087769e-02,-3.037762343883514404e-01,-1.817010045051574707e-01,-5.074794292449951172e-01,6.978585720062255859e-01,-6.189666688442230225e-02,-7.200894951820373535e-01,0.000000000000000000e+00,-1.552614569664001465e+00,-3.525114357471466064e-01,1.141912043094635010e-01,5.235005617141723633e-01,0.000000000000000000e+00
-2.626884675801749447e-01,-7.321472139973272952e-02,8.353876471519470215e-01,4.561064353690720552e-02,-1.455647086344383917e-02,2.127812635941538077e-01,9.759261817450264331e-01,-2.813365459442138672e-01,9.179848432540893555e-02,-2.011926919221878052e-01,3.390881121158599854e-01,-1.236575283110141754e-02,-6.430901587009429932e-02,-2.960892319679260254e-01,-2.541507594287395477e-02,8.129397034645080566e-02,1.694022715091705322e-01,1.533483415842056274e-01,6.432415544986724854e-02,-2.849607765674591064e-01,-1.131405383348464966e-01,-5.081744790077209473e-01,6.473211050033569336e-01,-6.666050106287002563e-02,-7.376810908317565918e-01,0.000000000000000000e+00,-1.326271295547485352e+00,-4.998520016670227051e-01,5.813579261302947998e-02,1.311185359954833984e-01,0.000000000000000000e+00
-2.598163561724742276e-01,-6.585750832948317202e-02,8.299288749694824219e-01,4.647587743302226959e-02,-2.561757948415440550e-02,2.348409021925639273e-01,9.705840937783734024e-01,-2.863848507404327393e-01,6.926950067281723022e-02,-2.247159630060195923e-01,3.672554194927215576e-01,1.163382828235626221e-01,-5.286579579114913940e-02,-2.565909922122955322e-01,-6.032549589872360229e-02,6.835507228970527649e-03,1.686703711748123169e-01,1.642464846372604370e-01,5.837591364979743958e-02,-1.730923801660537720e-01,-2.636060491204261780e-02,-5.541542172431945801e-01,4.985327422618865967e-01,-7.304885983467102051e-02,-6.964484453201293945e-01,0.000000000000000000e+00,-1.220510125160217285e+00,-6.466304063796997070e-01,5.484436824917793274e-02,-9.489762783050537109e-02,0.000000000000000000e+00
-2.561299153618781799e-01,-6.758658221174823622e-02,8.297080993652343750e-01,4.726482436609096699e-02,-2.704215862827594186e-02,2.420915310110012264e-01,9.687241344403034748e-01,-3.155557215213775635e-01,6.898796558380126953e-02,-2.301564216613769531e-01,3.963331580162048340e-01,1.568289250135421753e-01,-5.216683074831962585e-02,-2.447429895401000977e-01,-6.148601695895195007e-02,-1.003135088831186295e-02,1.637321412563323975e-01,1.639905124902725220e-01,5.502368137240409851e-02,-1.555254906415939331e-01,1.351078506559133530e-02,-5.653902292251586914e-01,4.415443837642669678e-01,-8.353225141763687134e-02,-6.598711013793945312e-01,0.000000000000000000e+00,-1.160041928291320801e+00,-7.035499811172485352e-01,2.854083850979804993e-02,-2.071368247270584106e-01,0.000000000000000000e+00
-2.491296050424221531e-01,-7.266695263271014116e-02,8.317275643348693848e-01,5.655309873860368125e-02,-2.111242314324462618e-02,2.516039050349596629e-01,9.659459030314488936e-01,-3.851902782917022705e-01,4.923580959439277649e-02,-2.171535640954971313e-01,4.462398290634155273e-01,1.581838130950927734e-01,-3.784590214490890503e-02,-2.495080977678298950e-01,-8.006705343723297119e-02,-1.511340681463479996e-02,1.699569076299667358e-01,1.657021343708038330e-01,5.215662717819213867e-02,-1.701786518096923828e-01,5.075806751847267151e-02,-5.484341382980346680e-01,4.291084408760070801e-01,-8.978560566902160645e-02,-6.504892110824584961e-01,0.000000000000000000e+00,-1.138178348541259766e+00,-7.058175802230834961e-01,-2.504420839250087738e-02,-2.817602455615997314e-01,0.000000000000000000e+00
-2.414129114462048031e-01,-7.632604080309865480e-02,8.325196504592895508e-01,6.284743449801301340e-02,-1.949234897490066676e-02,2.527217603415812808e-01,9.652988967974174273e-01,-4.246889948844909668e-01,3.289994969964027405e-02,-2.087698578834533691e-01,4.540822803974151611e-01,1.215292662382125854e-01,-3.384624049067497253e-02,-2.444527298212051392e-01,-8.582127839326858521e-02,-1.530860271304845810e-02,1.733782887458801270e-01,1.499738097190856934e-01,5.782794207334518433e-02,-1.863151639699935913e-01,8.713702857494354248e-02,-5.379917025566101074e-01,4.469395875930786133e-01,-8.301237970590591431e-02,-6.543717980384826660e-01,0.000000000000000000e+00,-1.170894145965576172e+00,-6.955885887145996094e-01,-6.161978840827941895e-02,-2.173746675252914429e-01,0.000000000000000000e+00
-2.316383625947466274e-01,-8.819973985689899543e-02,8.355016112327575684e-01,6.894186455954630366e-02,-7.619252367247962045e-03,2.449910301828284731e-01,9.670410339972000946e-01,-5.050230622291564941e-01,2.081209421157836914e-02,-2.312891930341720581e-01,4.656831622123718262e-01,5.459808185696601868e-02,-5.700821056962013245e-02,-2.642162740230560303e-01,-6.340596079826354980e-02,3.495493531227111816e-02,1.695211380720138550e-01,1.247884184122085571e-01,5.793187022209167480e-02,-2.847124636173248291e-01,7.256603240966796875e-02,-4.764218032360076904e-01,5.535619258880615234e-01,-7.686885446310043335e-02,-6.977380514144897461e-01,0.000000000000000000e+00,-1.240110397338867188e+00,-6.374595761299133301e-01,-8.880013972520828247e-02,-4.466500133275985718e-02,0.000000000000000000e+00
-2.213514738256979753e-01,-9.530054851591396314e-02,8.373280763626098633e-01,7.711234586172559247e-02,-7.480440751594909232e-03,2.424061700924629581e-01,9.670765108423260425e-01,-5.215181112289428711e-01,7.932465523481369019e-03,-2.309202998876571655e-01,4.237245619297027588e-01,3.209178149700164795e-02,-6.973979622125625610e-02,-2.484478056430816650e-01,-6.132387369871139526e-02,5.258738994598388672e-02,1.674863100051879883e-01,1.142850592732429504e-01,5.001973733305931091e-02,-3.376321792602539062e-01,7.884091138839721680e-02,-4.432437121868133545e-01,6.216558218002319336e-01,-8.013671636581420898e-02,-7.328177094459533691e-01,0.000000000000000000e+00,-1.341966629028320312e+00,-6.068279743194580078e-01,-4.951994493603706360e-02,2.157108038663864136e-01,0.000000000000000000e+00
-2.120522480185181580e-01,-9.757597279647373112e-02,8.387287855148315430e-01,8.181403908409146108e-02,-8.578399803209381391e-03,2.409187428016008325e-01,9.670527562819203338e-01,-5.308617949485778809e-01,-4.084828309714794159e-03,-2.364558577537536621e-01,3.742861747741699219e-01,2.038437314331531525e-02,-7.913260161876678467e-02,-2.265992611646652222e-01,-6.137025356292724609e-02,5.419584363698959351e-02,1.618345081806182861e-01,1.112258061766624451e-01,4.064519330859184265e-02,-3.644564747810363770e-01,7.666525244712829590e-02,-4.078338444232940674e-01,6.545148491859436035e-01,-7.421783357858657837e-02,-7.539107799530029297e-01,0.000000000000000000e+00,-1.470680117607116699e+00,-5.403510928153991699e-01,-2.083455584943294525e-02,5.261293053627014160e-01,0.000000000000000000e+00
-2.039109103821158397e-01,-9.829801945278915376e-02,8.412818908691406250e-01,8.340747092735165125e-02,-9.903170012392848234e-03,2.428942163703662338e-01,9.664096029484777750e-01,-5.425305366516113281e-01,-1.221685577183961868e-02,-2.375159710645675659e-01,3.246937394142150879e-01,1.078817620873451233e-02,-8.579276502132415771e-02,-2.048456519842147827e-01,-6.021636351943016052e-02,4.145180806517601013e-02,1.535703688859939575e-01,1.145207658410072327e-01,4.139814153313636780e-02,-3.784288465976715088e-01,8.960381150245666504e-02,-3.907810151576995850e-01,6.400668621063232422e-01,-7.045621424913406372e-02,-7.454684376716613770e-01,0.000000000000000000e+00,-1.474271774291992188e+00,-5.554472804069519043e-01,1.743645034730434418e-02,6.103344559669494629e-01,0.000000000000000000e+00
-1.971482375720740865e-01,-9.820636322492160009e-02,8.421056270599365234e-01,8.491371562358275560e-02,-9.837892920800938093e-03,2.460867523755740360e-01,9.654709664547759251e-01,-5.557132959365844727e-01,-2.485307492315769196e-02,-2.480570971965789795e-01,2.832028865814208984e-01,-2.565407427027821541e-03,-9.247291088104248047e-02,-1.866569966077804565e-01,-6.079089269042015076e-02,3.107002377510070801e-02,1.419128030538558960e-01,1.154910549521446228e-01,4.570732638239860535e-02,-3.844356238842010498e-01,1.013999059796333313e-01,-3.789501190185546875e-01,6.454222798347473145e-01,-5.773536860942840576e-02,-7.492230534553527832e-01,0.000000000000000000e+00,-1.461100935935974121e+00,-5.819430947303771973e-01,3.289776667952537537e-02,5.814727544784545898e-01,0.000000000000000000e+00
-1.921171279928974851e-01,-9.850017582614722933e-02,8.414189219474792480e-01,8.537235964876239980e-02,-7.378959554890186789e-03,2.509383481751708556e-01,9.642028088421058518e-01,-5.742626786231994629e-01,-4.248632863163948059e-02,-2.736072838306427002e-01,2.504929900169372559e-01,-1.754439994692802429e-02,-9.255348891019821167e-02,-1.802987307310104370e-01,-6.125487387180328369e-02,2.408215962350368500e-02,1.329083442687988281e-01,1.188067123293876648e-01,5.474127829074859619e-02,-3.817850351333618164e-01,1.065069511532783508e-01,-3.590633571147918701e-01,6.583557724952697754e-01,-3.973182663321495056e-02,-7.690067887306213379e-01,0.000000000000000000e+00,-1.405153274536132812e+00,-6.131299734115600586e-01,3.257135301828384399e-02,4.372377693653106689e-01,0.000000000000000000e+00
-1.914343498196779403e-01,-8.275121707693217088e-02,8.381087779998779297e-01,8.435106954927888701e-02,-1.880198895454416458e-02,2.593837559277129556e-01,9.618999165391785011e-01,-5.394437909126281738e-01,-7.141847908496856689e-02,-2.681118547916412354e-01,2.126034945249557495e-01,-2.845820598304271698e-02,-8.049237728118896484e-02,-1.459219008684158325e-01,-8.926631510257720947e-02,-2.860195748507976532e-02,1.402353942394256592e-01,1.250974684953689575e-01,6.558916717767715454e-02,-2.641932666301727295e-01,1.609386652708053589e-01,-3.529245257377624512e-01,5.782376527786254883e-01,-3.083828650414943695e-02,-7.789822816848754883e-01,0.000000000000000000e+00,-1.280227184295654297e+00,-7.191340923309326172e-01,5.151456221938133240e-02,2.051688581705093384e-01,0.000000000000000000e+00
-1.895763923131251749e-01,-7.767933353977835020e-02,8.369724154472351074e-01,7.966622282281371481e-02,-2.412381748532804390e-02,2.540557196729201772e-01,9.636010718510824580e-01,-5.276840329170227051e-01,-6.828587502241134644e-02,-2.777383625507354736e-01,1.862932741641998291e-01,-4.321156814694404602e-02,-7.286977022886276245e-02,-1.256047189235687256e-01,-8.032293617725372314e-02,-3.724972158670425415e-02,1.364271044731140137e-01,1.201580762863159180e-01,7.161563634872436523e-02,-2.238649427890777588e-01,1.874503344297409058e-01,-3.618448078632354736e-01,5.223816633224487305e-01,-3.458034247159957886e-02,-7.573994398117065430e-01,0.000000000000000000e+00,-1.185687780380249023e+00,-7.469326257705688477e-01,3.004632145166397095e-02,4.420602694153785706e-02,0.000000000000000000e+00
-1.882813544012292839e-01,-7.453203100852445750e-02,8.361774682998657227e-01,7.711644545604738610e-02,-2.729860557186376130e-02,2.443623940102495895e-01,9.662271266982913609e-01,-5.147491693496704102e-01,-7.287141680717468262e-02,-3.041158616542816162e-01,1.752801239490509033e-01,-5.295886099338531494e-02,-6.654009968042373657e-02,-1.218201220035552979e-01,-7.246256619691848755e-02,-2.353983372449874878e-02,1.421746313571929932e-01,1.183212101459503174e-01,7.345011830329895020e-02,-2.016983330249786377e-01,2.050132453441619873e-01,-3.824472129344940186e-01,5.105547308921813965e-01,-2.426577359437942505e-02,-7.526476979255676270e-01,0.000000000000000000e+00,-1.061122775077819824e+00,-7.357746362686157227e-01,-2.692406997084617615e-02,-1.249614730477333069e-01,0.000000000000000000e+00
-1.874749580328973209e-01,-6.996610821963869520e-02,8.344884514808654785e-01,7.300161332163901395e-02,-3.305200788620850372e-02,2.292691746933405439e-01,9.700587480985688460e-01,-4.853960275650024414e-01,-7.235562056303024292e-02,-3.323240876197814941e-01,1.706895381212234497e-01,-4.959340021014213562e-02,-6.284052133560180664e-02,-1.094401329755783081e-01,-5.978977680206298828e-02,-8.105268701910972595e-03,1.431423723697662354e-01,1.218985021114349365e-01,7.503902912139892578e-02,-1.694784760475158691e-01,2.302210032939910889e-01,-4.302014410495758057e-01,4.819630384445190430e-01,-1.973769813776016235e-02,-7.456873059272766113e-01,0.000000000000000000e+00,-9.383583664894104004e-01,-7.125208377838134766e-01,-3.889167308807373047e-02,-2.440304011106491089e-01,0.000000000000000000e+00
-1.872845588692595709e-01,-6.537100387993663442e-02,8.324190974235534668e-01,6.900251465229777226e-02,-3.847735353927738550e-02,2.094867876732170175e-01,9.746145043177991685e-01,-4.554167091846466064e-01,-7.192417234182357788e-02,-3.584681153297424316e-01,1.712157726287841797e-01,-4.711983352899551392e-02,-6.006095185875892639e-02,-1.001744866371154785e-01,-4.690422862768173218e-02,1.525238715112209320e-02,1.459017395973205566e-01,1.227472275495529175e-01,7.565631717443466187e-02,-1.372084915637969971e-01,2.532601058483123779e-01,-5.039343833923339844e-01,4.661270678043365479e-01,-1.308690942823886871e-02,-7.452300786972045898e-01,0.000000000000000000e+00,-8.128353953361511230e-01,-6.804804801940917969e-01,-3.208689391613006592e-02,-3.399521112442016602e-01,0.000000000000000000e+00
-1.860463359391495708e-01,-5.801825056555807991e-02,8.298795223236083984e-01,6.161057841096932025e-02,-4.653290782899785483e-02,1.850972218734150687e-01,9.796825218261208112e-01,-4.238654673099517822e-01,-5.383600294589996338e-02,-3.698316514492034912e-01,1.550896018743515015e-01,2.997870324179530144e-03,-5.986165255308151245e-02,-7.819582521915435791e-02,-2.885016985237598419e-02,3.709158301353454590e-02,1.427709162235260010e-01,1.181901991367340088e-01,6.992026418447494507e-02,-9.435915946960449219e-02,2.695532441139221191e-01,-5.830981135368347168e-01,4.605304002761840820e-01,-1.317596714943647385e-02,-7.482088804244995117e-01,0.000000000000000000e+00,-6.943211555480957031e-01,-6.404340863227844238e-01,-6.389477290213108063e-03,-3.905082046985626221e-01,0.000000000000000000e+00
-1.859768436398166747e-01,-5.029936882765305428e-02,8.275814652442932129e-01,5.095478356938078213e-02,-5.050153809420434431e-02,1.604750671920959770e-01,9.844292546908638419e-01,-4.151557087898254395e-01,-1.848747394979000092e-02,-3.495000898838043213e-01,1.477580368518829346e-01,8.887487649917602539e-02,-7.070476561784744263e-02,-7.572866976261138916e-02,-4.332533571869134903e-03,7.573001086711883545e-02,1.478905826807022095e-01,1.147741004824638367e-01,5.608966574072837830e-02,-5.242460966110229492e-02,2.732583582401275635e-01,-6.722264289855957031e-01,4.702102243900299072e-01,-2.416234277188777924e-02,-7.541085481643676758e-01,0.000000000000000000e+00,-5.604242086410522461e-01,-5.862405896186828613e-01,1.791845075786113739e-02,-4.414738118648529053e-01,0.000000000000000000e+00
-1.829736640489962041e-01,-3.654092192605817857e-02,8.289232850074768066e-01,4.304410969214398502e-02,-5.111480206373963942e-02,1.336378359882425537e-01,9.887747015489297686e-01,-4.011099636554718018e-01,1.290263142436742783e-02,-3.024183511734008789e-01,1.442587971687316895e-01,1.216843351721763611e-01,-6.712856888771057129e-02,-6.897471845149993896e-02,9.983179625123739243e-04,1.062051802873611450e-01,1.452439129352569580e-01,1.174208521842956543e-01,6.130813434720039368e-02,-1.516944356262683868e-02,2.394816726446151733e-01,-7.189918160438537598e-01,4.855480194091796875e-01,-9.086696431040763855e-03,-7.866667509078979492e-01,0.000000000000000000e+00,-4.563346207141876221e-01,-5.417993664741516113e-01,3.940550610423088074e-02,-4.627400934696197510e-01,0.000000000000000000e+00
-1.815658008845733862e-01,-2.548138022996096486e-02,8.297716975212097168e-01,3.821506191070592889e-02,-4.932540921231070435e-02,1.068212351630272450e-01,9.923184150097408285e-01,-3.986190259456634521e-01,3.555303439497947693e-02,-2.579462826251983643e-01,1.514855623245239258e-01,1.300473511219024658e-01,-6.191011145710945129e-02,-7.835613936185836792e-02,4.386628512293100357e-03,1.524741947650909424e-01,1.542104333639144897e-01,1.132000163197517395e-01,6.819811463356018066e-02,1.399230305105447769e-02,2.124528735876083374e-01,-7.771583795547485352e-01,5.316662788391113281e-01,1.499091275036334991e-02,-8.139816522598266602e-01,0.000000000000000000e+00,-3.498169779777526855e-01,-5.280900597572326660e-01,2.430504560470581055e-02,-5.034351348876953125e-01,0.000000000000000000e+00
-1.788044254972538938e-01,-1.546989289956053615e-02,8.307824134826660156e-01,3.636522565224423187e-02,-5.075099632434266345e-02,7.966355797371116321e-02,9.948646261006153235e-01,-3.802248239517211914e-01,5.213125050067901611e-02,-2.090573310852050781e-01,1.543926745653152466e-01,1.297023296356201172e-01,-5.680247396230697632e-02,-7.140617072582244873e-02,1.418778556399047375e-03,1.897542327642440796e-01,1.521558314561843872e-01,1.115153506398200989e-01,7.853737473487854004e-02,3.193642199039459229e-02,1.773272007703781128e-01,-8.335087895393371582e-01,5.909231305122375488e-01,3.083965554833412170e-02,-8.179847598075866699e-01,0.000000000000000000e+00,-2.681061923503875732e-01,-5.160345435142517090e-01,1.522517669945955276e-02,-5.081284046173095703e-01,0.000000000000000000e+00
-1.758275383358367527e-01,-5.511686338368973481e-03,8.330855965614318848e-01,3.428254119671968886e-02,-4.804985144658408674e-02,4.958940747595473597e-02,9.970239765478262628e-01,-3.747358620166778564e-01,6.619538366794586182e-02,-1.637777686119079590e-01,1.652120798826217651e-01,1.215396076440811157e-01,-4.752406477928161621e-02,-8.134525269269943237e-02,1.211443566717207432e-03,2.468900084495544434e-01,1.569295376539230347e-01,1.065333858132362366e-01,8.264393359422683716e-02,5.157988145947456360e-02,1.457056403160095215e-01,-8.795373439788818359e-01,6.630946397781372070e-01,6.021617725491523743e-02,-8.093872070312500000e-01,0.000000000000000000e+00,-1.887414157390594482e-01,-5.265490412712097168e-01,2.251037210226058960e-02,-5.294393897056579590e-01,0.000000000000000000e+00
-1.722901373946566228e-01,4.768373377868319329e-03,8.348479270935058594e-01,3.377653253885209983e-02,-4.774940842865718627e-02,2.190736558805013445e-02,9.980476978468297844e-01,-3.564402759075164795e-01,7.460115849971771240e-02,-1.143244951963424683e-01,1.670271605253219604e-01,1.196324229240417480e-01,-3.631284460425376892e-02,-7.799506932497024536e-02,-6.507597398012876511e-03,2.909901142120361328e-01,1.501635015010833740e-01,1.125088557600975037e-01,8.427512645721435547e-02,6.589905172586441040e-02,1.124058365821838379e-01,-9.172077178955078125e-01,7.201648354530334473e-01,4.509435594081878662e-02,-7.781209349632263184e-01,0.000000000000000000e+00,-1.313541680574417114e-01,-5.286816954612731934e-01,3.872988373041152954e-02,-5.302283763885498047e-01,0.000000000000000000e+00
-1.685257121776278511e-01,1.585694445858906038e-02,8.365010023117065430e-01,3.124464344112607914e-02,-4.383801658117152805e-02,-8.475737200554681050e-03,9.985139770866370279e-01,-3.485363423824310303e-01,8.582382649183273315e-02,-6.734415888786315918e-02,1.710529923439025879e-01,1.082922220230102539e-01,-1.460941508412361145e-02,-9.151623398065567017e-02,-7.745777722448110580e-03,3.467844128608703613e-01,1.537303328514099121e-01,1.012524664402008057e-01,1.003746837377548218e-01,8.894161880016326904e-02,8.668074756860733032e-02,-9.624275565147399902e-01,7.721209526062011719e-01,5.176546797156333923e-02,-6.979733705520629883e-01,0.000000000000000000e+00,-8.855778723955154419e-02,-5.584918856620788574e-01,4.307122528553009033e-02,-5.483827590942382812e-01,0.000000000000000000e+00
-1.638431792130690678e-01,2.634191797022251286e-02,8.380413055419921875e-01,3.033521517883645824e-02,-4.206294365385347678e-02,-3.491547716945540142e-02,9.980437830803094990e-01,-3.314564526081085205e-01,9.306178987026214600e-02,-1.796033792197704315e-02,1.707635223865509033e-01,9.638076275587081909e-02,-8.193622343242168427e-03,-9.652124345302581787e-02,-1.291235536336898804e-02,3.903649449348449707e-01,1.560893058776855469e-01,9.742702543735504150e-02,1.211222782731056213e-01,1.061301827430725098e-01,6.033535674214363098e-02,-1.004020214080810547e+00,8.223583698272705078e-01,5.942366272211074829e-02,-5.776009559631347656e-01,0.000000000000000000e+00,-6.112916395068168640e-02,-5.935810208320617676e-01,3.339521586894989014e-02,-5.544118285179138184e-01,0.000000000000000000e+00
-1.598741814130412719e-01,3.590484332155528813e-02,8.392221331596374512e-01,2.913452425538209586e-02,-4.022269971577276809e-02,-5.974452207411529853e-02,9.969773849020463485e-01,-3.155978024005889893e-01,9.859664738178253174e-02,2.624463289976119995e-02,1.684777736663818359e-01,8.544941246509552002e-02,6.569594610482454300e-03,-1.048829406499862671e-01,-1.582242920994758606e-02,4.343953728675842285e-01,1.599032580852508545e-01,9.513796120882034302e-02,1.310606449842453003e-01,1.231462508440017700e-01,2.944587357342243195e-02,-1.037423133850097656e+00,8.723060488700866699e-01,4.685420915484428406e-02,-4.233933687210083008e-01,0.000000000000000000e+00,-5.666070803999900818e-02,-6.234359741210937500e-01,3.176742047071456909e-02,-5.558182001113891602e-01,0.000000000000000000e+00
-1.566127790481963711e-01,4.634042054137568062e-02,8.404752016067504883e-01,2.664598785814360077e-02,-3.811490050420325570e-02,-8.268674756146075777e-02,9.954899032478057297e-01,-3.019706308841705322e-01,1.037978827953338623e-01,6.535080075263977051e-02,1.644907593727111816e-01,7.408332824707031250e-02,2.052161656320095062e-02,-1.174896284937858582e-01,-1.537700556218624115e-02,4.776833355426788330e-01,1.682010740041732788e-01,9.057005494832992554e-02,1.436127573251724243e-01,1.472412198781967163e-01,-2.739177551120519638e-03,-1.069748759269714355e+00,9.215298295021057129e-01,4.423385020345449448e-03,-2.060489356517791748e-01,0.000000000000000000e+00,-6.728902459144592285e-02,-6.515433192253112793e-01,3.833610936999320984e-02,-5.560661554336547852e-01,0.000000000000000000e+00
-1.531774716455844565e-01,5.559370711129957982e-02,8.415933847427368164e-01,2.480024108554821499e-02,-3.676116386015639698e-02,-1.039214421160089274e-01,9.935964466232125591e-01,-2.843016684055328369e-01,1.075562387704849243e-01,1.071061939001083374e-01,1.567765474319458008e-01,6.413496285676956177e-02,3.306715190410614014e-02,-1.262135207653045654e-01,-1.650813035666942596e-02,5.160306096076965332e-01,1.721524000167846680e-01,9.017807990312576294e-02,1.560798436403274536e-01,1.669545173645019531e-01,-3.157728165388107300e-02,-1.098854780197143555e+00,9.707065224647521973e-01,-7.392968237400054932e-02,2.534121274948120117e-02,0.000000000000000000e+00,-8.483142405748367310e-02,-6.748744249343872070e-01,4.983335733413696289e-02,-5.573385357856750488e-01,0.000000000000000000e+00
-1.494974941599150897e-01,6.332860057946197718e-02,8.427309989929199219e-01,2.389885649705136492e-02,-3.684780649593704521e-02,-1.241538293111262153e-01,9.912905277878706345e-01,-2.623367607593536377e-01,1.094484925270080566e-01,1.487302184104919434e-01,1.472778171300888062e-01,5.787722393870353699e-02,5.084683001041412354e-02,-1.265698075294494629e-01,-2.010030858218669891e-02,5.507024526596069336e-01,1.684630215167999268e-01,9.355555474758148193e-02,1.673435568809509277e-01,1.786754131317138672e-01,-6.599165499210357666e-02,-1.105808377265930176e+00,1.020591616630554199e+00,-1.392358392477035522e-01,1.819418966770172119e-01,0.000000000000000000e+00,-1.154468804597854614e-01,-6.734564900398254395e-01,6.405261904001235962e-02,-5.545426607131958008e-01,0.000000000000000000e+00
-1.455178034662951980e-01,6.881321694084631402e-02,8.434165716171264648e-01,2.443409200494236003e-02,-3.711140462440063598e-02,-1.440877044272913243e-01,9.885668678585033398e-01,-2.398490607738494873e-01,1.104708313941955566e-01,1.928178369998931885e-01,1.375639289617538452e-01,5.132666975259780884e-02,6.247946992516517639e-02,-1.250875443220138550e-01,-2.588156610727310181e-02,5.817812085151672363e-01,1.618482917547225952e-01,1.013992279767990112e-01,1.767053008079528809e-01,1.775466948747634888e-01,-9.923423826694488525e-02,-1.081593394279479980e+00,1.055085539817810059e+00,-1.574656963348388672e-01,1.765264719724655151e-01,0.000000000000000000e+00,-1.449515223503112793e-01,-6.557124257087707520e-01,6.955434381961822510e-02,-5.594732165336608887e-01,0.000000000000000000e+00
-1.431125942554880570e-01,7.427417051151426197e-02,8.432760238647460938e-01,2.508540499707852256e-02,-3.742990599097446858e-02,-1.648245194692918580e-01,9.852931555508525063e-01,-2.214409261941909790e-01,1.113983243703842163e-01,2.379904538393020630e-01,1.304292529821395874e-01,4.544037953019142151e-02,7.096781581640243530e-02,-1.271351277828216553e-01,-3.100424446165561676e-02,6.171574592590332031e-01,1.550681591033935547e-01,1.088255718350410461e-01,1.872110217809677124e-01,1.679317653179168701e-01,-1.179152652621269226e-01,-1.041861295700073242e+00,1.088107347488403320e+00,-1.523954719305038452e-01,6.798246502876281738e-02,0.000000000000000000e+00,-1.619580090045928955e-01,-6.422312855720520020e-01,7.366085797548294067e-02,-5.664458870887756348e-01,0.000000000000000000e+00
-1.412853999354614087e-01,7.821199408415230314e-02,8.430985808372497559e-01,2.492792341260099617e-02,-3.759867721321191042e-02,-1.838983176618712023e-01,9.819095410817056946e-01,-2.064970582723617554e-01,1.151545271277427673e-01,2.761441469192504883e-01,1.261495500802993774e-01,3.601890057325363159e-02,8.172405511140823364e-02,-1.275890916585922241e-01,-3.205211088061332703e-02,6.530825495719909668e-01,1.465927809476852417e-01,1.134230792522430420e-01,1.928921043872833252e-01,1.525055170059204102e-01,-1.259261369705200195e-01,-1.003603935241699219e+00,1.136664748191833496e+00,-1.287427693605422974e-01,-7.715902477502822876e-02,0.000000000000000000e+00,-1.531654149293899536e-01,-6.218468546867370605e-01,6.735891103744506836e-02,-5.610666871070861816e-01,0.000000000000000000e+00
-1.389148608584240829e-01,8.097599786644418818e-02,8.447085618972778320e-01,2.465909181270446726e-02,-3.647190366379884918e-02,-1.986577503576938408e-01,9.790795818813359253e-01,-1.994514614343643188e-01,1.186028793454170227e-01,3.043586015701293945e-01,1.277037560939788818e-01,2.848258614540100098e-02,8.476778119802474976e-02,-1.285960674285888672e-01,-3.409725800156593323e-02,6.766656041145324707e-01,1.370522528886795044e-01,1.180381625890731812e-01,2.056362032890319824e-01,1.397421509027481079e-01,-1.378225237131118774e-01,-9.478781223297119141e-01,1.201157927513122559e+00,-8.675650507211685181e-02,-1.552539616823196411e-01,0.000000000000000000e+00,-1.298171281814575195e-01,-6.111168265342712402e-01,5.708004161715507507e-02,-5.483937263488769531e-01,0.000000000000000000e+00
-1.361263412418572682e-01,8.428840921839524103e-02,8.469963073730468750e-01,2.338783108799669802e-02,-3.386564350570061416e-02,-2.080379597679660741e-01,9.772544882693179336e-01,-2.025994360446929932e-01,1.195081844925880432e-01,3.106238842010498047e-01,1.332855373620986938e-01,2.208249643445014954e-02,9.306907653808593750e-02,-1.305733621120452881e-01,-3.545321151614189148e-02,6.965000033378601074e-01,1.279592812061309814e-01,1.179082095623016357e-01,2.104894518852233887e-01,1.404722183942794800e-01,-1.548487246036529541e-01,-8.808608055114746094e-01,1.245996713638305664e+00,-3.169971704483032227e-02,-1.047858074307441711e-01,0.000000000000000000e+00,-1.026128157973289490e-01,-6.309831142425537109e-01,4.195557162165641785e-02,-5.526739954948425293e-01,0.000000000000000000e+00
-1.328828374735331885e-01,8.632207396905025587e-02,8.481253981590270996e-01,2.129713619974504465e-02,-3.319831045226687843e-02,-2.112561768820690744e-01,9.766345948726046222e-01,-2.018424570560455322e-01,1.209906116127967834e-01,3.110304474830627441e-01,1.384290009737014771e-01,1.951669901609420776e-02,1.020480319857597351e-01,-1.250831037759780884e-01,-3.736743703484535217e-02,6.991860270500183105e-01,1.199778988957405090e-01,1.198001205921173096e-01,2.106256186962127686e-01,1.399511843919754028e-01,-1.808170676231384277e-01,-8.645779490470886230e-01,1.275727152824401855e+00,-2.688888087868690491e-02,3.523219376802444458e-02,0.000000000000000000e+00,-8.075851947069168091e-02,-6.476560831069946289e-01,3.799512609839439392e-02,-5.578201413154602051e-01,0.000000000000000000e+00
-1.294842067768275096e-01,8.777405869864232657e-02,8.480823636054992676e-01,1.950945365636751541e-02,-3.178440684360819835e-02,-2.123761610171712444e-01,9.764760616273389093e-01,-2.036779373884201050e-01,1.228879019618034363e-01,3.092033863067626953e-01,1.434444487094879150e-01,1.907775364816188812e-02,1.032252982258796692e-01,-1.239908859133720398e-01,-3.705223649740219116e-02,6.981921792030334473e-01,1.191012710332870483e-01,1.217929422855377197e-01,2.121310830116271973e-01,1.367769986391067505e-01,-2.059407830238342285e-01,-8.912442326545715332e-01,1.283207893371582031e+00,-3.174474462866783142e-02,1.641414910554885864e-01,0.000000000000000000e+00,-6.979369372129440308e-02,-6.634460687637329102e-01,4.807696491479873657e-02,-5.685817599296569824e-01,0.000000000000000000e+00
-1.266760014138228196e-01,8.787169450414997196e-02,8.477458953857421875e-01,1.912770181733959921e-02,-3.092270587679154387e-02,-2.139227496437802467e-01,9.761736395074848138e-01,-1.995351910591125488e-01,1.242076754570007324e-01,3.187347054481506348e-01,1.419606059789657593e-01,1.984258368611335754e-02,1.003162711858749390e-01,-1.232228055596351624e-01,-3.611819446086883545e-02,7.010372877120971680e-01,1.202442422509193420e-01,1.243627592921257019e-01,2.122851014137268066e-01,1.232991367578506470e-01,-2.218964248895645142e-01,-9.156670570373535156e-01,1.280632019042968750e+00,-1.175404712557792664e-02,1.667936593294143677e-01,0.000000000000000000e+00,-6.000370904803276062e-02,-6.667362451553344727e-01,5.600198358297348022e-02,-5.740383267402648926e-01,0.000000000000000000e+00
-1.264627067422963713e-01,8.852950037802512218e-02,8.478075265884399414e-01,1.917780308262742248e-02,-3.018507194345192851e-02,-2.154268624875156635e-01,9.758649190433467124e-01,-1.998842060565948486e-01,1.236213445663452148e-01,3.220581412315368652e-01,1.400249153375625610e-01,2.012053504586219788e-02,9.753084927797317505e-02,-1.274402290582656860e-01,-3.467939794063568115e-02,7.057768106460571289e-01,1.233253553509712219e-01,1.253071874380111694e-01,2.121428102254867554e-01,1.108186841011047363e-01,-2.199785709381103516e-01,-9.301979541778564453e-01,1.266394972801208496e+00,6.488441955298185349e-03,1.341664046049118042e-01,0.000000000000000000e+00,-4.188936576247215271e-02,-6.785233616828918457e-01,5.458284914493560791e-02,-5.738884806632995605e-01,0.000000000000000000e+00
-1.273201271006192681e-01,8.925516646532115350e-02,8.490118980407714844e-01,1.967012041519548490e-02,-2.851971444257869401e-02,-2.144388609919629374e-01,9.761227828236749282e-01,-2.061884403228759766e-01,1.213805079460144043e-01,3.173283934593200684e-01,1.389735937118530273e-01,2.123525552451610565e-02,9.768386930227279663e-02,-1.336769759654998779e-01,-3.486030548810958862e-02,7.078545093536376953e-01,1.244082450866699219e-01,1.260015964508056641e-01,2.124971747398376465e-01,1.053659096360206604e-01,-2.091606408357620239e-01,-9.202775955200195312e-01,1.255386948585510254e+00,4.534843843430280685e-03,1.572312265634536743e-01,0.000000000000000000e+00,-1.304607558995485306e-02,-6.908182501792907715e-01,5.009554326534271240e-02,-5.681092143058776855e-01,0.000000000000000000e+00
-1.272704259163878193e-01,9.041898291581640379e-02,8.511608242988586426e-01,1.841774068111233509e-02,-2.382101320288254262e-02,-2.067736947714746143e-01,9.779253475131650664e-01,-2.275676578283309937e-01,1.198614388704299927e-01,2.903171479701995850e-01,1.455394625663757324e-01,2.055196650326251984e-02,9.427354484796524048e-02,-1.428011953830718994e-01,-3.402098640799522400e-02,6.970502734184265137e-01,1.244528293609619141e-01,1.194488555192947388e-01,2.098270654678344727e-01,1.170763149857521057e-01,-2.080024629831314087e-01,-9.006578326225280762e-01,1.250422716140747070e+00,-4.024467431008815765e-03,2.548524141311645508e-01,0.000000000000000000e+00,1.626938767731189728e-02,-7.213378548622131348e-01,4.064219444990158081e-02,-5.731123089790344238e-01,0.000000000000000000e+00
-1.267749967117455800e-01,8.975405210242175247e-02,8.520977497100830078e-01,1.723928347990630675e-02,-2.015525093927051856e-02,-1.945954016599849845e-01,9.805249627712002702e-01,-2.444712370634078979e-01,1.166560798883438110e-01,2.566916942596435547e-01,1.482707262039184570e-01,2.034991979598999023e-02,9.439264237880706787e-02,-1.452761888504028320e-01,-3.430664166808128357e-02,6.771393418312072754e-01,1.224902197718620300e-01,1.174166649580001831e-01,2.049260288476943970e-01,1.198384910821914673e-01,-2.117739915847778320e-01,-8.777657747268676758e-01,1.231448531150817871e+00,-1.182868517935276031e-02,3.040215075016021729e-01,0.000000000000000000e+00,3.333237022161483765e-02,-7.351826429367065430e-01,4.389908164739608765e-02,-5.874241590499877930e-01,0.000000000000000000e+00
-1.270435563256416822e-01,8.711743753357349684e-02,8.512104749679565430e-01,1.850834905634980709e-02,-1.903453252525033265e-02,-1.826762502905744101e-01,9.828145883972871921e-01,-2.513169348239898682e-01,1.122395396232604980e-01,2.399224340915679932e-01,1.456553786993026733e-01,2.314537391066551208e-02,8.521065860986709595e-02,-1.423417925834655762e-01,-3.881304711103439331e-02,6.539305448532104492e-01,1.192268207669258118e-01,1.197389811277389526e-01,1.997376680374145508e-01,1.000043228268623352e-01,-1.993537843227386475e-01,-8.608379960060119629e-01,1.177316188812255859e+00,-2.506177313625812531e-02,2.612745463848114014e-01,0.000000000000000000e+00,4.109612479805946350e-02,-7.112061977386474609e-01,5.907618626952171326e-02,-6.027348041534423828e-01,0.000000000000000000e+00
-1.293014688876845397e-01,8.418126886530491459e-02,8.500750064849853516e-01,2.042441672056388366e-02,-1.816728379996744927e-02,-1.682454906067874512e-01,9.853660476652510436e-01,-2.629778683185577393e-01,1.052259355783462524e-01,2.152417004108428955e-01,1.450302153825759888e-01,2.484397403895854950e-02,7.521384954452514648e-02,-1.409794986248016357e-01,-4.434850066900253296e-02,6.294022202491760254e-01,1.160010918974876404e-01,1.202260032296180725e-01,1.921665966510772705e-01,7.645639032125473022e-02,-1.660445481538772583e-01,-8.456724286079406738e-01,1.085894465446472168e+00,-4.393757507205009460e-02,1.708191931247711182e-01,0.000000000000000000e+00,3.856700658798217773e-02,-6.727760434150695801e-01,6.914007663726806641e-02,-6.207290887832641602e-01,0.000000000000000000e+00
-1.321582404011678036e-01,8.113475243517762059e-02,8.492946028709411621e-01,2.216309643842172966e-02,-1.610352014885680152e-02,-1.512833451870299328e-01,9.881107343127585318e-01,-2.837740778923034668e-01,9.739470481872558594e-02,1.802286058664321899e-01,1.518749594688415527e-01,2.259337715804576874e-02,6.672261655330657959e-02,-1.431612819433212280e-01,-4.979547858238220215e-02,5.984719395637512207e-01,1.137750744819641113e-01,1.178688555955886841e-01,1.873666793107986450e-01,5.865132063627243042e-02,-1.141988188028335571e-01,-8.183696866035461426e-01,9.503564238548278809e-01,-3.740045800805091858e-02,6.099826097488403320e-02,0.000000000000000000e+00,1.767297275364398956e-02,-6.236505508422851562e-01,6.641564518213272095e-02,-6.472790241241455078e-01,0.000000000000000000e+00
-1.334943277640804615e-01,7.737203585981014542e-02,8.487679958343505859e-01,2.469902609077606614e-02,-1.506546993577302131e-02,-1.323581046472326050e-01,9.907796535355244405e-01,-2.964879870414733887e-01,8.612805604934692383e-02,1.485652327537536621e-01,1.532998532056808472e-01,1.527005061507225037e-02,5.617021396756172180e-02,-1.383427828550338745e-01,-5.892964825034141541e-02,5.622746348381042480e-01,1.085604280233383179e-01,1.192614808678627014e-01,1.846171766519546509e-01,4.105440154671669006e-02,-5.736711248755455017e-02,-7.527696490287780762e-01,8.099033832550048828e-01,-3.266704827547073364e-02,-6.046711280941963196e-02,0.000000000000000000e+00,-3.054865822196006775e-02,-5.756466984748840332e-01,6.529682129621505737e-02,-6.800982356071472168e-01,0.000000000000000000e+00
-1.349125171656902211e-01,7.154883780194264131e-02,8.474397659301757812e-01,2.857108546432658019e-02,-1.764442637639742142e-02,-1.128614326729898976e-01,9.930431331559764763e-01,-2.992209494113922119e-01,7.428241521120071411e-02,1.204811930656433105e-01,1.550805121660232544e-01,1.168642472475767136e-02,4.962078854441642761e-02,-1.224461570382118225e-01,-6.955277174711227417e-02,5.241466164588928223e-01,1.021324098110198975e-01,1.227655932307243347e-01,1.777582913637161255e-01,1.518593449145555496e-02,-1.823180168867111206e-02,-6.484797000885009766e-01,7.284234762191772461e-01,-4.427130147814750671e-02,-1.786374002695083618e-01,0.000000000000000000e+00,-1.392822712659835815e-01,-5.364594459533691406e-01,8.157870918512344360e-02,-6.957599520683288574e-01,0.000000000000000000e+00
-1.351222084148794300e-01,6.537825558053143860e-02,8.462874889373779297e-01,3.428815933837844193e-02,-1.657145813442647414e-02,-9.095986380079131017e-02,9.951261287303365677e-01,-3.133388757705688477e-01,5.693904682993888855e-02,8.564849942922592163e-02,1.611775308847427368e-01,7.021483499556779861e-03,3.846018016338348389e-02,-1.180926337838172913e-01,-8.219797909259796143e-02,4.825999736785888672e-01,1.024057194590568542e-01,1.206854134798049927e-01,1.763457655906677246e-01,-1.313552446663379669e-02,1.904460787773132324e-02,-5.388111472129821777e-01,6.578571200370788574e-01,-5.990539118647575378e-02,-2.844844162464141846e-01,0.000000000000000000e+00,-2.729697525501251221e-01,-4.892040193080902100e-01,9.922564774751663208e-02,-7.015065550804138184e-01,0.000000000000000000e+00
-1.351798264347456036e-01,6.182566874479031999e-02,8.447281718254089355e-01,3.815957465177904212e-02,-1.647841133681186843e-02,-6.931676442640136160e-02,9.967283957988077869e-01,-3.245598375797271729e-01,3.908013924956321716e-02,5.258003249764442444e-02,1.665087789297103882e-01,5.553380120545625687e-03,3.321043774485588074e-02,-1.115548238158226013e-01,-9.355496615171432495e-02,4.423322677612304688e-01,1.039126887917518616e-01,1.258383542299270630e-01,1.651976555585861206e-01,-3.601645305752754211e-02,5.668250471353530884e-02,-4.360968470573425293e-01,5.824027061462402344e-01,-5.571575090289115906e-02,-3.531819283962249756e-01,0.000000000000000000e+00,-4.184735715389251709e-01,-4.720755815505981445e-01,8.444315940141677856e-02,-6.911467313766479492e-01,0.000000000000000000e+00
-1.348110487288548542e-01,5.970244708879318685e-02,8.444518446922302246e-01,4.064556206691258278e-02,-1.679334318363707654e-02,-4.650258587845247649e-02,9.979496136657394212e-01,-3.331856131553649902e-01,2.145559154450893402e-02,2.055385708808898926e-02,1.705448031425476074e-01,4.944762680679559708e-03,3.312082961201667786e-02,-1.012763828039169312e-01,-1.031277850270271301e-01,4.030803143978118896e-01,1.033655554056167603e-01,1.292091906070709229e-01,1.534182131290435791e-01,-5.076325684785842896e-02,9.536099433898925781e-02,-3.416294753551483154e-01,5.282788276672363281e-01,-7.305123656988143921e-02,-3.934792876243591309e-01,0.000000000000000000e+00,-5.554379224777221680e-01,-4.761143624782562256e-01,5.540554225444793701e-02,-6.751196980476379395e-01,0.000000000000000000e+00
-1.325532227671580299e-01,5.582557881659443860e-02,8.442996740341186523e-01,4.346295594673170448e-02,-1.567755341112064132e-02,-2.267317346137263240e-02,9.986746782534363653e-01,-3.420477807521820068e-01,4.918809048831462860e-03,-1.450330857187509537e-02,1.753364950418472290e-01,1.038668327964842319e-03,2.767072804272174835e-02,-9.073755145072937012e-02,-1.117427498102188110e-01,3.563641607761383057e-01,1.038450375199317932e-01,1.340249627828598022e-01,1.473675072193145752e-01,-6.710560619831085205e-02,1.235305815935134888e-01,-2.517651617527008057e-01,5.097684860229492188e-01,-6.778659671545028687e-02,-4.298695623874664307e-01,0.000000000000000000e+00,-6.883056163787841797e-01,-4.786707758903503418e-01,1.557649765163660049e-02,-6.613849401473999023e-01,0.000000000000000000e+00
-1.291907964806821574e-01,5.187779212749923236e-02,8.443604707717895508e-01,4.665196937516059850e-02,-1.503611099457553141e-02,3.586992481731609249e-03,9.987915911763144416e-01,-3.460995554924011230e-01,-1.522368751466274261e-02,-5.459447950124740601e-02,1.771146953105926514e-01,-3.723011817783117294e-03,2.386661246418952942e-02,-7.443127781152725220e-02,-1.217600181698799133e-01,3.037345409393310547e-01,1.013470143079757690e-01,1.366699188947677612e-01,1.454805284738540649e-01,-8.164411038160324097e-02,1.491453200578689575e-01,-1.783324182033538818e-01,5.109375715255737305e-01,-4.707387834787368774e-02,-4.589186906814575195e-01,0.000000000000000000e+00,-8.103475570678710938e-01,-4.856339097023010254e-01,-3.499920666217803955e-02,-6.405453085899353027e-01,0.000000000000000000e+00
-1.255478377294004244e-01,4.792659470092849178e-02,8.450420498847961426e-01,4.824781624452235962e-02,-1.449198405559489963e-02,2.822208059170766906e-02,9.983314303340561358e-01,-3.473744094371795654e-01,-3.065908700227737427e-02,-9.253326058387756348e-02,1.758827716112136841e-01,-3.694590879604220390e-03,1.624775119125843048e-02,-5.816415324807167053e-02,-1.253434568643569946e-01,2.554402053356170654e-01,9.970974922180175781e-02,1.389078795909881592e-01,1.453185379505157471e-01,-9.356025606393814087e-02,1.825821697711944580e-01,-1.340243518352508545e-01,5.250427126884460449e-01,-1.695890910923480988e-02,-4.828674793243408203e-01,0.000000000000000000e+00,-9.042711853981018066e-01,-5.263371467590332031e-01,-8.308316022157669067e-02,-6.114955544471740723e-01,0.000000000000000000e+00
-1.210242519350959584e-01,4.548228032824790101e-02,8.453572988510131836e-01,4.676478641915255557e-02,-1.497367699477399582e-02,5.008122919324562577e-02,9.975373247307194324e-01,-3.427699804306030273e-01,-3.720402345061302185e-02,-1.223052218556404114e-01,1.704405844211578369e-01,3.995476290583610535e-03,5.821005906909704208e-03,-3.837127983570098877e-02,-1.230005845427513123e-01,2.047677934169769287e-01,9.627363830804824829e-02,1.501216143369674683e-01,1.408632993698120117e-01,-9.428104758262634277e-02,2.249191403388977051e-01,-1.145651862025260925e-01,5.251480340957641602e-01,9.153397753834724426e-03,-4.957678914070129395e-01,0.000000000000000000e+00,-9.733277559280395508e-01,-5.754839777946472168e-01,-1.056550219655036926e-01,-5.771485567092895508e-01,0.000000000000000000e+00
-1.167881919850893568e-01,4.155826452060684684e-02,8.456960916519165039e-01,4.785450212107241613e-02,-1.230296049446565239e-02,7.508191094471522442e-02,9.959524539046559211e-01,-3.517679870128631592e-01,-5.209827050566673279e-02,-1.621104478836059570e-01,1.735663414001464844e-01,1.007594354450702667e-02,-8.921800181269645691e-03,-2.974170446395874023e-02,-1.239282488822937012e-01,1.608962565660476685e-01,9.740396589040756226e-02,1.572523564100265503e-01,1.360075920820236206e-01,-1.097125560045242310e-01,2.468458414077758789e-01,-1.023287698626518250e-01,5.607662796974182129e-01,3.943740949034690857e-02,-5.279190540313720703e-01,0.000000000000000000e+00,-1.047312021255493164e+00,-6.083591580390930176e-01,-1.314491778612136841e-01,-5.139537453651428223e-01,0.000000000000000000e+00
-1.116563639378419237e-01,3.964115795590592017e-02,8.464800119400024414e-01,4.622627917713090923e-02,-1.244856704635888441e-02,9.587855933560153476e-02,9.942411509043768136e-01,-3.464942574501037598e-01,-5.725592747330665588e-02,-1.895465403795242310e-01,1.675511300563812256e-01,1.487291697412729263e-02,-2.086441777646541595e-02,-1.131413038820028305e-02,-1.178825646638870239e-01,1.225026845932006836e-01,9.480787813663482666e-02,1.657207608222961426e-01,1.353078335523605347e-01,-1.119968369603157043e-01,2.805421948432922363e-01,-1.028520762920379639e-01,5.515042543411254883e-01,5.658442527055740356e-02,-5.364246964454650879e-01,0.000000000000000000e+00,-1.090502381324768066e+00,-6.542602181434631348e-01,-1.309766620397567749e-01,-4.541192352771759033e-01,0.000000000000000000e+00
-1.069437405344300096e-01,3.719899329913977509e-02,8.468961715698242188e-01,4.611621988324985516e-02,-1.176491486108449322e-02,1.159689935499578911e-01,9.921119259322513928e-01,-3.453487157821655273e-01,-6.516568362712860107e-02,-2.156649082899093628e-01,1.652406156063079834e-01,1.796745508909225464e-02,-3.258258104324340820e-02,1.377045176923274994e-03,-1.157895475625991821e-01,8.444828540086746216e-02,9.477615356445312500e-02,1.747678369283676147e-01,1.312132179737091064e-01,-1.220568045973777771e-01,3.064984679222106934e-01,-1.126307025551795959e-01,5.505091547966003418e-01,7.300989329814910889e-02,-5.486464500427246094e-01,0.000000000000000000e+00,-1.129468441009521484e+00,-6.985686421394348145e-01,-1.263784766197204590e-01,-3.772363364696502686e-01,0.000000000000000000e+00
-1.019370727133425275e-01,3.375741628839423053e-02,8.472923040390014648e-01,4.833249481124638619e-02,-8.567566387953761547e-03,1.364151697201563540e-01,9.894349236921697877e-01,-3.516404926776885986e-01,-8.074303716421127319e-02,-2.503274381160736084e-01,1.685024499893188477e-01,1.697544939815998077e-02,-4.187959060072898865e-02,7.154508493840694427e-03,-1.175061538815498352e-01,4.932084307074546814e-02,9.622383862733840942e-02,1.803866326808929443e-01,1.279504001140594482e-01,-1.437687575817108154e-01,3.234190940856933594e-01,-1.212020143866539001e-01,5.682896375656127930e-01,9.207070618867874146e-02,-5.682668089866638184e-01,0.000000000000000000e+00,-1.178210616111755371e+00,-7.351174354553222656e-01,-1.253813356161117554e-01,-2.604597508907318115e-01,0.000000000000000000e+00
-9.692301068155605159e-02,3.116512773832804881e-02,8.479606509208679199e-01,4.936191123121743546e-02,-6.909106930994756909e-03,1.520007279680833656e-01,9.871228113351400157e-01,-3.524461686611175537e-01,-8.926026523113250732e-02,-2.720677256584167480e-01,1.688373982906341553e-01,2.552923560142517090e-02,-5.366813018918037415e-02,1.472453679889440536e-02,-1.161317452788352966e-01,2.051079273223876953e-02,9.772080183029174805e-02,1.894307434558868408e-01,1.238937154412269592e-01,-1.630351841449737549e-01,3.424043953418731689e-01,-1.286185681819915771e-01,5.693360567092895508e-01,9.380469471216201782e-02,-5.840601921081542969e-01,0.000000000000000000e+00,-1.215253233909606934e+00,-7.619556784629821777e-01,-9.788113832473754883e-02,-1.278208643198013306e-01,0.000000000000000000e+00
-9.272616588315357733e-02,2.684403799540313607e-02,8.478372097015380859e-01,5.187667122318963958e-02,-6.431050836841699023e-03,1.640422517559451121e-01,9.850673033893543318e-01,-3.501492142677307129e-01,-9.610861539840698242e-02,-2.878255844116210938e-01,1.680194586515426636e-01,3.709125891327857971e-02,-6.768471747636795044e-02,2.087338082492351532e-02,-1.149190962314605713e-01,2.330464543774724007e-03,1.014719009399414062e-01,1.936733573675155640e-01,1.166448220610618591e-01,-1.837336868047714233e-01,3.742100298404693604e-01,-1.567182838916778564e-01,5.777574181556701660e-01,8.988384902477264404e-02,-5.868124365806579590e-01,0.000000000000000000e+00,-1.245787024497985840e+00,-7.937023043632507324e-01,-6.077630817890167236e-02,2.379583194851875305e-02,0.000000000000000000e+00
-8.759731707512830035e-02,2.707109851094446212e-02,8.483488559722900391e-01,5.073175494052715312e-02,-4.963491476403391993e-03,1.740691533562453153e-01,9.834132308662814070e-01,-3.473441600799560547e-01,-9.991237521171569824e-02,-3.077044188976287842e-01,1.654525548219680786e-01,4.053835943341255188e-02,-7.924636453390121460e-02,2.749104984104633331e-02,-1.104931756854057312e-01,-1.135193835943937302e-02,1.022199094295501709e-01,1.994932591915130615e-01,1.161641255021095276e-01,-1.954107582569122314e-01,3.928706347942352295e-01,-1.613830775022506714e-01,5.697016716003417969e-01,8.694951236248016357e-02,-5.995148420333862305e-01,0.000000000000000000e+00,-1.280729055404663086e+00,-8.319576978683471680e-01,-9.860969148576259613e-03,1.794561147689819336e-01,0.000000000000000000e+00
-8.376228977031086043e-02,2.473562992487076534e-02,8.488534688949584961e-01,5.406067569936201522e-02,-3.320286290061074102e-03,1.833539886091492543e-01,9.815537345978551098e-01,-3.479999601840972900e-01,-1.112864166498184204e-01,-3.223348855972290039e-01,1.672695726156234741e-01,4.517538845539093018e-02,-8.017464727163314819e-02,2.936225198209285736e-02,-1.149049773812294006e-01,-2.747658640146255493e-02,1.073783934116363525e-01,2.024433165788650513e-01,1.101784780621528625e-01,-2.162765562534332275e-01,4.060267508029937744e-01,-1.762376725673675537e-01,5.761312842369079590e-01,9.027419239282608032e-02,-5.983916521072387695e-01,0.000000000000000000e+00,-1.346498608589172363e+00,-7.953978776931762695e-01,3.540982725098729134e-04,4.000381231307983398e-01,0.000000000000000000e+00
-7.962186387883636585e-02,2.475269091439239594e-02,8.496536016464233398e-01,5.234616834112120615e-02,-4.632474949676850320e-03,1.902281163493886595e-01,9.803324347312024623e-01,-3.379873037338256836e-01,-1.086659207940101624e-01,-3.319000303745269775e-01,1.607191413640975952e-01,5.460884422063827515e-02,-8.545348793268203735e-02,4.328750446438789368e-02,-1.083910316228866577e-01,-4.553837329149246216e-02,1.026050969958305359e-01,2.119554579257965088e-01,1.066163256764411926e-01,-2.191224694252014160e-01,4.297663867473602295e-01,-1.873971074819564819e-01,5.588733553886413574e-01,8.691745251417160034e-02,-5.922004580497741699e-01,0.000000000000000000e+00,-1.329101324081420898e+00,-8.253638148307800293e-01,3.444847464561462402e-02,4.737876057624816895e-01,0.000000000000000000e+00
-7.547242207844336026e-02,2.402089668860628996e-02,8.502820134162902832e-01,5.265427024270923767e-02,-2.554048406955948709e-03,1.983179525700467516e-01,9.787190579274358537e-01,-3.374705314636230469e-01,-1.120427772402763367e-01,-3.411004543304443359e-01,1.571106016635894775e-01,5.979420989751815796e-02,-8.806718140840530396e-02,4.797619208693504333e-02,-1.060592532157897949e-01,-5.914086475968360901e-02,9.983023256063461304e-02,2.164774686098098755e-01,1.077487915754318237e-01,-2.273195534944534302e-01,4.512442350387573242e-01,-2.036244571208953857e-01,5.614976882934570312e-01,9.390448033809661865e-02,-5.944676995277404785e-01,0.000000000000000000e+00,-1.296310544013977051e+00,-8.641231656074523926e-01,2.561978064477443695e-02,4.561703205108642578e-01,0.000000000000000000e+00
-7.246440606443825538e-02,2.445393919909992497e-02,8.496367335319519043e-01,5.224432169229116518e-02,4.696030730805684757e-04,2.072526743233686353e-01,9.768913139698182091e-01,-3.413410782814025879e-01,-1.177890375256538391e-01,-3.545212149620056152e-01,1.548389643430709839e-01,6.631921976804733276e-02,-8.844244480133056641e-02,4.933808371424674988e-02,-1.063273996114730835e-01,-7.816685736179351807e-02,9.750383347272872925e-02,2.258553802967071533e-01,1.089429706335067749e-01,-2.240823060274124146e-01,4.639551341533660889e-01,-2.091914564371109009e-01,5.509067773818969727e-01,1.019565686583518982e-01,-5.949462056159973145e-01,0.000000000000000000e+00,-1.249731183052062988e+00,-9.043368101119995117e-01,-5.300357588566839695e-04,3.594464361667633057e-01,0.000000000000000000e+00
-6.947019054532739546e-02,2.389110998669791847e-02,8.493016958236694336e-01,5.256014602460181567e-02,6.846425757429690749e-03,2.198200474935995130e-01,9.740994324113593228e-01,-3.584005534648895264e-01,-1.328895390033721924e-01,-3.821608126163482666e-01,1.630535721778869629e-01,6.719670444726943970e-02,-8.845656365156173706e-02,4.086179658770561218e-02,-1.077479943633079529e-01,-9.257195889949798584e-02,9.855163097381591797e-02,2.285910546779632568e-01,1.100441664457321167e-01,-2.284273207187652588e-01,4.599379599094390869e-01,-2.061859816312789917e-01,5.528875589370727539e-01,1.181027144193649292e-01,-6.041574478149414062e-01,0.000000000000000000e+00,-1.169647455215454102e+00,-9.731340408325195312e-01,-5.838141962885856628e-02,1.870706677436828613e-01,0.000000000000000000e+00
-6.673355460246667425e-02,2.744997680264506246e-02,8.484997749328613281e-01,4.895185399750569960e-02,8.620295279895048152e-03,2.278214111112839280e-01,9.724334481797496377e-01,-3.616598546504974365e-01,-1.357879787683486938e-01,-3.955501317977905273e-01,1.650504469871520996e-01,7.047115266323089600e-02,-8.244998008012771606e-02,4.623974487185478210e-02,-1.035781055688858032e-01,-1.105343252420425415e-01,9.411425143480300903e-02,2.321035563945770264e-01,1.057485267519950867e-01,-2.043670564889907837e-01,4.685547947883605957e-01,-1.893113851547241211e-01,5.171601176261901855e-01,1.227629333734512329e-01,-5.992133021354675293e-01,0.000000000000000000e+00,-1.120998144149780273e+00,-9.967323541641235352e-01,-1.000446826219558716e-01,5.214875936508178711e-02,0.000000000000000000e+00
-6.373476038301947866e-02,3.069520277223994342e-02,8.482671380043029785e-01,4.636768531423508810e-02,1.150198138801543195e-02,2.329188847571368459e-01,9.713220553998768159e-01,-3.612317740917205811e-01,-1.390580534934997559e-01,-4.114213287830352783e-01,1.593827903270721436e-01,7.624369114637374878e-02,-7.111898064613342285e-02,4.732864722609519958e-02,-1.010850369930267334e-01,-1.175286620855331421e-01,9.096806496381759644e-02,2.353591024875640869e-01,1.049811989068984985e-01,-1.893090456724166870e-01,4.725967049598693848e-01,-1.633461713790893555e-01,4.897707998752593994e-01,1.244658529758453369e-01,-6.034507751464843750e-01,0.000000000000000000e+00,-1.097509503364562988e+00,-1.005337357521057129e+00,-1.512152105569839478e-01,-6.225557625293731689e-02,0.000000000000000000e+00
-6.000791912549940932e-02,3.348523114737333300e-02,8.485034108161926270e-01,4.402798033938890715e-02,1.461540671557397773e-02,2.369687912005417063e-01,9.704090471706902088e-01,-3.661908507347106934e-01,-1.417674571275711060e-01,-4.179560840129852295e-01,1.637798696756362915e-01,7.898630946874618530e-02,-7.221595942974090576e-02,4.699153080582618713e-02,-9.837223589420318604e-02,-1.236699745059013367e-01,9.003660827875137329e-02,2.339304536581039429e-01,1.016411334276199341e-01,-1.826888322830200195e-01,4.797109961509704590e-01,-1.484374403953552246e-01,4.911363422870635986e-01,1.426794826984405518e-01,-6.040935516357421875e-01,0.000000000000000000e+00,-1.086758494377136230e+00,-1.015179038047790527e+00,-2.013615816831588745e-01,-1.235802769660949707e-01,0.000000000000000000e+00
-5.600500391219652430e-02,3.599531746645604630e-02,8.488896489143371582e-01,4.290942649333832903e-02,1.817281404025334821e-02,2.385620329199172884e-01,9.700086011974262679e-01,-3.737280070781707764e-01,-1.449646949768066406e-01,-4.201292991638183594e-01,1.723630130290985107e-01,7.846566289663314819e-02,-7.639842480421066284e-02,4.585966840386390686e-02,-9.790109097957611084e-02,-1.233713105320930481e-01,8.853152394294738770e-02,2.316532880067825317e-01,9.673213213682174683e-02,-1.850432008504867554e-01,4.828305244445800781e-01,-1.325168460607528687e-01,4.970552027225494385e-01,1.480147242546081543e-01,-6.080957651138305664e-01,0.000000000000000000e+00,-1.103452086448669434e+00,-1.011276245117187500e+00,-2.308621704578399658e-01,-1.107901632785797119e-01,0.000000000000000000e+00
-5.243196069285945005e-02,3.609356727913876073e-02,8.493399024009704590e-01,4.517493862612670386e-02,2.368427311990697198e-02,2.376182867619282546e-01,9.700184688567704550e-01,-3.888026177883148193e-01,-1.537117660045623779e-01,-4.167182743549346924e-01,1.886207461357116699e-01,7.391251623630523682e-02,-8.301832526922225952e-02,3.356083482503890991e-02,-1.040117666125297546e-01,-1.127051413059234619e-01,9.513147175312042236e-02,2.256276011466979980e-01,9.043084084987640381e-02,-2.072672694921493530e-01,4.798744022846221924e-01,-1.277815252542495728e-01,5.300872921943664551e-01,1.508802622556686401e-01,-6.199375987052917480e-01,0.000000000000000000e+00,-1.159025669097900391e+00,-9.913113713264465332e-01,-2.292790710926055908e-01,5.355371627956628799e-03,0.000000000000000000e+00
-4.948777860551087371e-02,3.576534910724068345e-02,8.501555323600769043e-01,4.746374634541219995e-02,2.756395406955407593e-02,2.345486865496404782e-01,9.705536228651916453e-01,-3.944071233272552490e-01,-1.569944322109222412e-01,-4.101275801658630371e-01,1.929590106010437012e-01,7.203709334135055542e-02,-9.095013886690139771e-02,2.560734376311302185e-02,-1.089111864566802979e-01,-9.866458922624588013e-02,9.829938411712646484e-02,2.230383455753326416e-01,8.715860545635223389e-02,-2.341171652078628540e-01,4.691015481948852539e-01,-1.266735792160034180e-01,5.639907717704772949e-01,1.436080485582351685e-01,-6.311264038085937500e-01,0.000000000000000000e+00,-1.243907690048217773e+00,-9.613969326019287109e-01,-2.107495814561843872e-01,2.147823274135589600e-01,0.000000000000000000e+00
-4.716787779539541314e-02,3.325268341528263283e-02,8.518607616424560547e-01,5.195616613854065619e-02,2.948767543825681070e-02,2.326642687300918833e-01,9.707205426144663862e-01,-3.950197100639343262e-01,-1.618584692478179932e-01,-4.032926559448242188e-01,1.946809589862823486e-01,7.015166431665420532e-02,-9.403859078884124756e-02,2.461831644177436829e-02,-1.153756007552146912e-01,-9.069781750440597534e-02,9.780078381299972534e-02,2.235546559095382690e-01,8.096136897802352905e-02,-2.695668935775756836e-01,4.559422731399536133e-01,-1.383485943078994751e-01,6.185283660888671875e-01,1.401482969522476196e-01,-6.406921148300170898e-01,0.000000000000000000e+00,-1.274114251136779785e+00,-9.562164545059204102e-01,-1.881607472896575928e-01,4.018307328224182129e-01,0.000000000000000000e+00
-4.691909445999359329e-02,3.540734441953273526e-02,8.524723052978515625e-01,4.982785157577481611e-02,2.676587884085699504e-02,2.267312958515657617e-01,9.723135772057741599e-01,-3.847663402557373047e-01,-1.506768763065338135e-01,-3.903017342090606689e-01,1.879279017448425293e-01,7.186861336231231689e-02,-9.466638416051864624e-02,3.350985422730445862e-02,-1.122260093688964844e-01,-8.635178208351135254e-02,9.240503609180450439e-02,2.306262254714965820e-01,8.120490610599517822e-02,-2.621041536331176758e-01,4.586521387100219727e-01,-1.477319002151489258e-01,6.250131726264953613e-01,1.225742250680923462e-01,-6.477798819541931152e-01,0.000000000000000000e+00,-1.255667686462402344e+00,-9.538580775260925293e-01,-1.465816050767898560e-01,4.239985048770904541e-01,0.000000000000000000e+00
-4.805358732564229962e-02,3.732930058825567610e-02,8.519163131713867188e-01,4.844616398028108589e-02,2.592870912063217209e-02,2.219041024468270951e-01,9.735189985594536743e-01,-3.828967511653900146e-01,-1.457047611474990845e-01,-3.795422315597534180e-01,1.860250085592269897e-01,7.233022153377532959e-02,-9.113929420709609985e-02,3.318170085549354553e-02,-1.126937791705131531e-01,-7.713665813207626343e-02,9.121716767549514771e-02,2.375622242689132690e-01,8.799871802330017090e-02,-2.490465939044952393e-01,4.507237374782562256e-01,-1.565398275852203369e-01,6.237625479698181152e-01,1.144647598266601562e-01,-6.562860608100891113e-01,0.000000000000000000e+00,-1.233771562576293945e+00,-9.275088310241699219e-01,-1.302487701177597046e-01,3.720791041851043701e-01,0.000000000000000000e+00
-5.059338832116323792e-02,3.964003676885416438e-02,8.509057164192199707e-01,4.661924177326176588e-02,2.515104481685996249e-02,2.163728224352178264e-01,9.748727470560063502e-01,-3.834628462791442871e-01,-1.420592069625854492e-01,-3.720678687095642090e-01,1.854930669069290161e-01,7.129738479852676392e-02,-8.314935863018035889e-02,2.930616401135921478e-02,-1.131357625126838684e-01,-6.087926030158996582e-02,9.183654189109802246e-02,2.462456375360488892e-01,9.419970214366912842e-02,-2.291096448898315430e-01,4.296399652957916260e-01,-1.561470180749893188e-01,6.078505516052246094e-01,1.056224182248115540e-01,-6.633362770080566406e-01,0.000000000000000000e+00,-1.195724844932556152e+00,-8.853052258491516113e-01,-1.019396185874938965e-01,2.726098001003265381e-01,0.000000000000000000e+00
-5.346729098203227559e-02,4.085183165518567472e-02,8.503999114036560059e-01,4.579797866059977240e-02,2.422384344477946511e-02,2.078448407784899976e-01,9.767887554231623470e-01,-3.834314048290252686e-01,-1.370195597410202026e-01,-3.600879013538360596e-01,1.839888393878936768e-01,7.277289032936096191e-02,-7.696463167667388916e-02,2.164718136191368103e-02,-1.150190085172653198e-01,-3.996870666742324829e-02,9.577910602092742920e-02,2.514050602912902832e-01,9.805551171302795410e-02,-2.166009247303009033e-01,4.067045152187347412e-01,-1.548373997211456299e-01,6.020218729972839355e-01,1.059914752840995789e-01,-6.688314676284790039e-01,0.000000000000000000e+00,-1.118071556091308594e+00,-8.585044741630554199e-01,-7.590915262699127197e-02,1.519078016281127930e-01,0.000000000000000000e+00
-5.758208357106046893e-02,4.404838193744918529e-02,8.496708869934082031e-01,4.404636586513212965e-02,2.204334840372918630e-02,1.946254794787052878e-01,9.796402049645118737e-01,-3.813059329986572266e-01,-1.289295405149459839e-01,-3.417786061763763428e-01,1.830546706914901733e-01,7.152746617794036865e-02,-6.453272700309753418e-02,1.034153252840042114e-02,-1.178131327033042908e-01,-1.454451493918895721e-02,1.052286848425865173e-01,2.563779652118682861e-01,1.026976555585861206e-01,-1.919466257095336914e-01,3.899224102497100830e-01,-1.589178144931793213e-01,5.770742297172546387e-01,9.701975435018539429e-02,-6.741805076599121094e-01,0.000000000000000000e+00,-1.037737727165222168e+00,-7.929354310035705566e-01,-5.195426940917968750e-02,3.237320110201835632e-02,0.000000000000000000e+00
-6.171797963350453275e-02,4.583492526105857612e-02,8.495720624923706055e-01,4.337771408199442985e-02,2.013748726047994569e-02,1.802500888811318369e-01,9.824575110335300732e-01,-3.840596973896026611e-01,-1.234591975808143616e-01,-3.253370523452758789e-01,1.916821002960205078e-01,6.186646968126296997e-02,-4.642195254564285278e-02,-4.031110089272260666e-03,-1.197556480765342712e-01,1.679640449583530426e-02,1.165014728903770447e-01,2.560474574565887451e-01,1.074655726552009583e-01,-1.798764616250991821e-01,3.638068139553070068e-01,-1.742033660411834717e-01,5.779096484184265137e-01,9.711578488349914551e-02,-6.852619051933288574e-01,0.000000000000000000e+00,-9.308582544326782227e-01,-7.246584296226501465e-01,-4.361438006162643433e-02,-9.299635887145996094e-02,0.000000000000000000e+00
-6.574278074970982266e-02,4.929130225770991108e-02,8.494002819061279297e-01,4.057747992901059725e-02,1.622642733477716592e-02,1.623125573131881383e-01,9.857711726952727016e-01,-3.755203783512115479e-01,-1.075287163257598877e-01,-2.985377609729766846e-01,1.872193813323974609e-01,5.878015980124473572e-02,-3.436167165637016296e-02,-7.880538702011108398e-03,-1.187550425529479980e-01,3.910756856203079224e-02,1.175381392240524292e-01,2.571040093898773193e-01,1.125065460801124573e-01,-1.566465348005294800e-01,3.467988073825836182e-01,-2.051344066858291626e-01,5.565316677093505859e-01,8.026392757892608643e-02,-6.978940367698669434e-01,0.000000000000000000e+00,-8.210638761520385742e-01,-6.673097610473632812e-01,-2.218694798648357391e-02,-1.696422696113586426e-01,0.000000000000000000e+00
-6.991051596148575853e-02,5.199065017627685359e-02,8.489490747451782227e-01,3.886865865733718506e-02,1.306247967848033799e-02,1.439333866360150149e-01,9.887374672835637091e-01,-3.693805932998657227e-01,-9.402740746736526489e-02,-2.717774510383605957e-01,1.846088618040084839e-01,5.559289082884788513e-02,-2.070162259042263031e-02,-1.342394482344388962e-02,-1.184922307729721069e-01,6.871408224105834961e-02,1.177641525864601135e-01,2.588102817535400391e-01,1.150700002908706665e-01,-1.387983113527297974e-01,3.277120888233184814e-01,-2.595882117748260498e-01,5.504659414291381836e-01,6.331731379032135010e-02,-7.178280949592590332e-01,0.000000000000000000e+00,-7.012249827384948730e-01,-6.103376150131225586e-01,4.520740825682878494e-03,-2.325849533081054688e-01,0.000000000000000000e+00
-7.406141737472057840e-02,5.499082913556738172e-02,8.484592437744140625e-01,3.687490399715479678e-02,1.065627682310810349e-02,1.252372905960311700e-01,9.913840357115073498e-01,-3.645998239517211914e-01,-8.008059859275817871e-02,-2.405823767185211182e-01,1.819990277290344238e-01,5.073025077581405640e-02,-1.318965852260589600e-02,-2.115181088447570801e-02,-1.183346733450889587e-01,9.950695931911468506e-02,1.175986379384994507e-01,2.547212243080139160e-01,1.200229227542877197e-01,-1.198288425803184509e-01,3.040329217910766602e-01,-3.268075287342071533e-01,5.363892316818237305e-01,4.065090790390968323e-02,-7.364217638969421387e-01,0.000000000000000000e+00,-5.766953825950622559e-01,-5.582568049430847168e-01,4.024929553270339966e-02,-2.768374383449554443e-01,0.000000000000000000e+00
-7.736137331641509962e-02,5.892261936982868403e-02,8.480401039123535156e-01,3.433543391440910253e-02,8.320457937173094190e-03,1.052180034734907788e-01,9.938214224410126807e-01,-3.573283553123474121e-01,-6.606704741716384888e-02,-2.113600075244903564e-01,1.782032996416091919e-01,3.806560859084129333e-02,-2.136963186785578728e-03,-2.727760933339595795e-02,-1.166974902153015137e-01,1.323615908622741699e-01,1.165538281202316284e-01,2.497988045215606689e-01,1.240923479199409485e-01,-9.899958223104476929e-02,2.799860537052154541e-01,-4.070766866207122803e-01,5.284964442253112793e-01,1.602185703814029694e-02,-7.515546083450317383e-01,0.000000000000000000e+00,-4.528391659259796143e-01,-5.250967144966125488e-01,7.868299633264541626e-02,-3.101767003536224365e-01,0.000000000000000000e+00
-8.113489453838453047e-02,6.236492449554487810e-02,8.473444581031799316e-01,3.199326724122326937e-02,5.405819859613467289e-03,8.401409195100997818e-02,9.959361627717534526e-01,-3.504373431205749512e-01,-5.045383051037788391e-02,-1.783533990383148193e-01,1.766448765993118286e-01,3.286795690655708313e-02,5.376088432967662811e-03,-3.206390142440795898e-02,-1.146453395485877991e-01,1.658905297517776489e-01,1.140451803803443909e-01,2.433644980192184448e-01,1.266239732503890991e-01,-8.005179464817047119e-02,2.493061274290084839e-01,-4.946387410163879395e-01,5.244605541229248047e-01,1.210247445851564407e-02,-7.567396759986877441e-01,0.000000000000000000e+00,-3.421854674816131592e-01,-5.040535926818847656e-01,1.051508560776710510e-01,-3.268477320671081543e-01,0.000000000000000000e+00
-8.315006645141537200e-02,6.647106373483809005e-02,8.467116355895996094e-01,2.918431840325393795e-02,3.977195326166293836e-03,6.195293992963968321e-02,9.976443708610546190e-01,-3.442403376102447510e-01,-3.433915972709655762e-02,-1.439542621374130249e-01,1.749635636806488037e-01,2.860993333160877228e-02,9.973986074328422546e-03,-3.798908367753028870e-02,-1.114104464650154114e-01,2.003122121095657349e-01,1.104546710848808289e-01,2.363613545894622803e-01,1.286714524030685425e-01,-6.070774421095848083e-02,2.244827598333358765e-01,-5.879682302474975586e-01,5.211951732635498047e-01,2.032766304910182953e-02,-7.523515224456787109e-01,0.000000000000000000e+00,-2.303012609481811523e-01,-4.983997642993927002e-01,1.095706373453140259e-01,-3.467641174793243408e-01,0.000000000000000000e+00
-8.447120914641616241e-02,6.972788722190192967e-02,8.464835882186889648e-01,2.634212673408736771e-02,2.268977403016494889e-03,4.041136980354506636e-02,9.988332519951821364e-01,-3.376636207103729248e-01,-1.751902699470520020e-02,-1.095827296376228333e-01,1.754448711872100830e-01,2.439605444669723511e-02,1.836812309920787811e-02,-4.178662970662117004e-02,-1.069609299302101135e-01,2.320892363786697388e-01,1.060894206166267395e-01,2.289436012506484985e-01,1.325386762619018555e-01,-4.256547242403030396e-02,1.966369450092315674e-01,-6.764286160469055176e-01,5.207575559616088867e-01,3.347633406519889832e-02,-7.357092499732971191e-01,0.000000000000000000e+00,-1.304734796285629272e-01,-4.963941872119903564e-01,1.031661108136177063e-01,-3.633938431739807129e-01,0.000000000000000000e+00
-8.586624186352723176e-02,7.340040732723521200e-02,8.467233180999755859e-01,2.292729451934764212e-02,2.001765622597248898e-03,1.929422630848474929e-02,9.995489307340448271e-01,-3.386223018169403076e-01,-1.757634687237441540e-03,-7.844553142786026001e-02,1.816846728324890137e-01,1.778762787580490112e-02,2.364855259656906128e-02,-5.392708629369735718e-02,-1.008401215076446533e-01,2.694495618343353271e-01,1.085164472460746765e-01,2.177515327930450439e-01,1.418687552213668823e-01,-2.207308821380138397e-02,1.751089245080947876e-01,-7.686642408370971680e-01,5.243173837661743164e-01,6.957913190126419067e-02,-7.008688449859619141e-01,0.000000000000000000e+00,-3.321909159421920776e-02,-5.202886462211608887e-01,7.869800925254821777e-02,-3.854919075965881348e-01,0.000000000000000000e+00
-8.565623987746699697e-02,7.432155594418063393e-02,8.471967577934265137e-01,2.208599532252478181e-02,-5.027327387427904483e-04,-1.200245918539710396e-03,9.997552277833520185e-01,-3.234860301017761230e-01,1.473340578377246857e-02,-4.263612627983093262e-02,1.779984384775161743e-01,1.503839157521724701e-02,2.389060333371162415e-02,-5.159914121031761169e-02,-9.789631515741348267e-02,2.996974885463714600e-01,1.023412346839904785e-01,2.149253487586975098e-01,1.465065777301788330e-01,-1.248439308255910873e-02,1.486791670322418213e-01,-8.329981565475463867e-01,5.546672940254211426e-01,9.992016106843948364e-02,-6.821198463439941406e-01,0.000000000000000000e+00,2.350849471986293793e-02,-5.330496430397033691e-01,6.923994421958923340e-02,-3.881972134113311768e-01,0.000000000000000000e+00
-8.549917993944182448e-02,7.630248509757968367e-02,8.474460244178771973e-01,2.125760671336988233e-02,-1.472995049716787491e-03,-2.193853034467010618e-02,9.995322132521389236e-01,-3.141464293003082275e-01,2.642502263188362122e-02,-1.264549139887094498e-02,1.768766939640045166e-01,1.113978493958711624e-02,3.178541362285614014e-02,-5.660678818821907043e-02,-9.572314471006393433e-02,3.356503546237945557e-01,1.000188365578651428e-01,2.102027386426925659e-01,1.568731218576431274e-01,-2.389352070167660713e-03,1.262001544237136841e-01,-8.964152336120605469e-01,5.843791365623474121e-01,1.289612650871276855e-01,-6.610062122344970703e-01,0.000000000000000000e+00,6.840640306472778320e-02,-5.607600808143615723e-01,5.898267403244972229e-02,-3.962863385677337646e-01,0.000000000000000000e+00
-8.587803961573522993e-02,7.947010257615735873e-02,8.481330871582031250e-01,1.739466221048416653e-02,6.657941867945681375e-04,-4.218684698244540981e-02,9.989580833980792329e-01,-3.170827031135559082e-01,4.204462841153144836e-02,1.847474277019500732e-02,1.786340177059173584e-01,8.555099368095397949e-03,3.024245053529739380e-02,-7.312910258769989014e-02,-8.634688705205917358e-02,3.809214830398559570e-01,1.030448004603385925e-01,2.073142230510711670e-01,1.598638147115707397e-01,2.168011665344238281e-02,1.024504080414772034e-01,-9.589477777481079102e-01,6.104494929313659668e-01,1.422711014747619629e-01,-6.281192898750305176e-01,0.000000000000000000e+00,1.033841669559478760e-01,-6.222158670425415039e-01,3.967026248574256897e-02,-4.241176545619964600e-01,0.000000000000000000e+00
-8.542118642977444831e-02,8.014185812665369779e-02,8.487704992294311523e-01,1.766795578158523658e-02,8.887864974006630002e-04,-6.096287957963449772e-02,9.979832567284989686e-01,-3.069499731063842773e-01,5.177123844623565674e-02,5.248889699578285217e-02,1.725527197122573853e-01,7.177399005740880966e-03,3.851979598402976990e-02,-7.898443937301635742e-02,-8.548808842897415161e-02,4.101099967956542969e-01,9.884140640497207642e-02,2.028280198574066162e-01,1.726478040218353271e-01,3.118450194597244263e-02,8.260285109281539917e-02,-1.002095103263854980e+00,6.531362533569335938e-01,1.456421166658401489e-01,-5.999408960342407227e-01,0.000000000000000000e+00,1.117309927940368652e-01,-6.391878724098205566e-01,1.856077462434768677e-02,-4.371358156204223633e-01,0.000000000000000000e+00
-8.532565646306264351e-02,8.095593846441011265e-02,8.495106697082519531e-01,1.722200545767620106e-02,1.564125961242127973e-03,-7.726453107443924384e-02,9.968606463673045370e-01,-3.009473383426666260e-01,6.063120812177658081e-02,7.764536887407302856e-02,1.703799813985824585e-01,1.705347746610641479e-02,4.024611786007881165e-02,-8.726253360509872437e-02,-8.216915279626846313e-02,4.387075901031494141e-01,9.765446186065673828e-02,2.019845396280288696e-01,1.772900968790054321e-01,4.577621817588806152e-02,5.969587713479995728e-02,-1.036216497421264648e+00,6.939884424209594727e-01,1.472772657871246338e-01,-5.649627447128295898e-01,0.000000000000000000e+00,1.108040139079093933e-01,-6.575487852096557617e-01,4.548958968371152878e-03,-4.514403641223907471e-01,0.000000000000000000e+00
-8.559198861071275199e-02,8.141310744289566304e-02,8.506401777267456055e-01,1.697286840691292209e-02,2.771735638558704608e-03,-9.154907232207683265e-02,9.956520509578428157e-01,-2.976737916469573975e-01,6.865846365690231323e-02,9.927682578563690186e-02,1.669171601533889771e-01,2.072193659842014313e-02,4.038830101490020752e-02,-9.833099693059921265e-02,-7.780199497938156128e-02,4.630398452281951904e-01,9.956922382116317749e-02,2.013504803180694580e-01,1.816509813070297241e-01,6.096140295267105103e-02,3.596898540854454041e-02,-1.062272667884826660e+00,7.312559485435485840e-01,1.422581970691680908e-01,-5.172709822654724121e-01,0.000000000000000000e+00,1.069333329796791077e-01,-6.667981147766113281e-01,-4.831744357943534851e-03,-4.653865396976470947e-01,0.000000000000000000e+00
-8.694156431038786714e-02,8.294454226784343798e-02,8.518326282501220703e-01,1.505944264258536960e-02,5.108916400986150338e-03,-1.025594411316063520e-01,9.945997552760985627e-01,-3.021701872348785400e-01,7.692522555589675903e-02,1.116018593311309814e-01,1.667675524950027466e-01,2.336430177092552185e-02,4.414134100079536438e-02,-1.144039258360862732e-01,-6.944957375526428223e-02,4.886116981506347656e-01,1.055404394865036011e-01,1.968575716018676758e-01,1.862322092056274414e-01,8.476295322179794312e-02,1.014115661382675171e-02,-1.084894776344299316e+00,7.770284414291381836e-01,1.518506109714508057e-01,-4.182652235031127930e-01,0.000000000000000000e+00,9.835539013147354126e-02,-6.858448982238769531e-01,-1.817679405212402344e-02,-4.781305193901062012e-01,0.000000000000000000e+00
-8.828240931304717765e-02,8.302521199488577253e-02,8.527350425720214844e-01,1.416327974014403024e-02,5.786771698732831593e-03,-1.116304972578884835e-01,9.936319977045152685e-01,-2.992973327636718750e-01,8.465859293937683105e-02,1.272159516811370850e-01,1.625159829854965210e-01,2.667600847780704498e-02,4.558064788579940796e-02,-1.227385848760604858e-01,-6.291915476322174072e-02,5.069107413291931152e-01,1.088883578777313232e-01,1.907144337892532349e-01,1.914963275194168091e-01,1.032325029373168945e-01,-1.393919531255960464e-02,-1.100270628929138184e+00,8.286966681480407715e-01,1.370802372694015503e-01,-2.673834264278411865e-01,0.000000000000000000e+00,8.895400166511535645e-02,-6.866462230682373047e-01,-2.587709575891494751e-02,-4.835818409919738770e-01,0.000000000000000000e+00
-8.985844286771120515e-02,8.330168262689496839e-02,8.533685803413391113e-01,1.202109103410423964e-02,6.758611445885049675e-03,-1.182176825886020882e-01,9.928919347366328418e-01,-2.994863688945770264e-01,9.321853518486022949e-02,1.352837234735488892e-01,1.592661887407302856e-01,2.758347429335117340e-02,4.699909687042236328e-02,-1.313536167144775391e-01,-5.396416783332824707e-02,5.193313956260681152e-01,1.135561168193817139e-01,1.790201812982559204e-01,1.968581378459930420e-01,1.263506114482879639e-01,-3.747411444783210754e-02,-1.131934046745300293e+00,8.847456574440002441e-01,9.795774519443511963e-02,-4.848048090934753418e-02,0.000000000000000000e+00,7.958043366670608521e-02,-6.997766494750976562e-01,-2.630234137177467346e-02,-4.886057674884796143e-01,0.000000000000000000e+00
-9.044386541272692037e-02,8.197298127603488971e-02,8.538384437561035156e-01,1.233623939688524747e-02,7.387431707914660778e-03,-1.235970831247396179e-01,9.922283024049253219e-01,-2.949323058128356934e-01,9.807355701923370361e-02,1.490679532289505005e-01,1.533708125352859497e-01,3.071653470396995544e-02,4.586502537131309509e-02,-1.336858570575714111e-01,-5.071954801678657532e-02,5.297178030014038086e-01,1.116488873958587646e-01,1.703460365533828735e-01,1.984668374061584473e-01,1.381366848945617676e-01,-6.314095854759216309e-02,-1.147348046302795410e+00,9.478315114974975586e-01,5.137013271450996399e-02,7.218454033136367798e-02,0.000000000000000000e+00,6.886781752109527588e-02,-6.983878016471862793e-01,-1.865930110216140747e-02,-4.950438737869262695e-01,0.000000000000000000e+00
-9.198140726892926888e-02,7.995886438102801919e-02,8.539661169052124023e-01,1.374241982977028945e-02,6.466993344767467053e-03,-1.315955719822413661e-01,9.911871313374522874e-01,-2.857635021209716797e-01,1.030840352177619934e-01,1.698525398969650269e-01,1.461067348718643188e-01,3.453132510185241699e-02,4.768214002251625061e-02,-1.344610005617141724e-01,-4.870454967021942139e-02,5.416628718376159668e-01,1.098687723278999329e-01,1.670707613229751587e-01,1.986266970634460449e-01,1.381658911705017090e-01,-8.747303485870361328e-02,-1.136288404464721680e+00,1.010816812515258789e+00,2.844052016735076904e-02,8.572465181350708008e-02,0.000000000000000000e+00,5.351486057043075562e-02,-7.001268863677978516e-01,-9.769696742296218872e-03,-4.972278475761413574e-01,0.000000000000000000e+00
-9.534566818659420684e-02,7.783251055626430603e-02,8.540798425674438477e-01,1.511143412740641699e-02,5.539305529680006029e-03,-1.398612275853327869e-01,9.900403010338446608e-01,-2.821875214576721191e-01,1.091361418366432190e-01,1.858977824449539185e-01,1.434766799211502075e-01,3.815393894910812378e-02,4.771339893341064453e-02,-1.384043693542480469e-01,-4.443365335464477539e-02,5.609727501869201660e-01,1.098855808377265930e-01,1.657637655735015869e-01,1.994905769824981689e-01,1.323246061801910400e-01,-1.113905087113380432e-01,-1.116420149803161621e+00,1.024383544921875000e+00,3.312514722347259521e-02,5.273844301700592041e-02,0.000000000000000000e+00,4.250704869627952576e-02,-7.217065691947937012e-01,8.762803627178072929e-04,-5.010685324668884277e-01,0.000000000000000000e+00
-9.950590254543088820e-02,7.608807965722962086e-02,8.541157841682434082e-01,1.600538738802150668e-02,6.357629138415970584e-03,-1.478136562150593747e-01,9.888652745256221177e-01,-2.900079488754272461e-01,1.154945939779281616e-01,1.904570162296295166e-01,1.489401459693908691e-01,3.145426511764526367e-02,4.398333281278610229e-02,-1.502318382263183594e-01,-3.810392692685127258e-02,5.800668597221374512e-01,1.133423447608947754e-01,1.563568115234375000e-01,1.980297863483428955e-01,1.269610673189163208e-01,-1.317308396100997925e-01,-1.090271711349487305e+00,1.038413643836975098e+00,6.826002895832061768e-02,1.451899949461221695e-02,0.000000000000000000e+00,4.169351980090141296e-02,-7.699350714683532715e-01,-1.124528236687183380e-02,-4.979473054409027100e-01,0.000000000000000000e+00
-1.027139802437270211e-01,7.340286610229318498e-02,8.540696501731872559e-01,1.739338657796459658e-02,6.546831760470750092e-03,-1.540842194176457736e-01,9.878829193906049078e-01,-2.964886724948883057e-01,1.211637631058692932e-01,1.947776675224304199e-01,1.567847281694412231e-01,2.783681824803352356e-02,4.547562822699546814e-02,-1.556356847286224365e-01,-3.414289653301239014e-02,5.893190503120422363e-01,1.130159497261047363e-01,1.458350419998168945e-01,1.977530270814895630e-01,1.166145652532577515e-01,-1.589671373367309570e-01,-1.049876689910888672e+00,1.065741300582885742e+00,1.054384186863899231e-01,-7.790048141032457352e-03,0.000000000000000000e+00,4.976329579949378967e-02,-8.145806193351745605e-01,-3.773902729153633118e-02,-4.816074073314666748e-01,0.000000000000000000e+00
-1.056638922884744203e-01,7.069789555973059192e-02,8.537147045135498047e-01,1.924844371857240694e-02,6.496370685466114001e-03,-1.592018356469768747e-01,9.870370155718390937e-01,-3.026180267333984375e-01,1.244632229208946228e-01,1.983970254659652710e-01,1.634124070405960083e-01,2.414844930171966553e-02,4.566273465752601624e-02,-1.597458720207214355e-01,-3.184323385357856750e-02,5.974964499473571777e-01,1.129589304327964783e-01,1.322246938943862915e-01,1.924198269844055176e-01,1.035128533840179443e-01,-1.916504353284835815e-01,-9.992491602897644043e-01,1.090673923492431641e+00,1.525359004735946655e-01,-2.584629319608211517e-02,0.000000000000000000e+00,5.666121095418930054e-02,-8.587542176246643066e-01,-7.986390590667724609e-02,-4.495626091957092285e-01,0.000000000000000000e+00
-1.085211504488705764e-01,6.751669911265119339e-02,8.529727458953857422e-01,2.195731196754371548e-02,6.356854150028213267e-03,-1.625402065870171220e-01,9.864370978927774480e-01,-3.102115094661712646e-01,1.262770891189575195e-01,1.979824006557464600e-01,1.728884279727935791e-01,2.340660430490970612e-02,4.530165344476699829e-02,-1.644957661628723145e-01,-3.096259385347366333e-02,6.034367084503173828e-01,1.142524406313896179e-01,1.266261041164398193e-01,1.862479448318481445e-01,8.461461961269378662e-02,-2.239201366901397705e-01,-9.498077630996704102e-01,1.105780124664306641e+00,2.056557983160018921e-01,-4.947288706898689270e-02,0.000000000000000000e+00,6.317716836929321289e-02,-8.904788494110107422e-01,-1.343091875314712524e-01,-3.985331058502197266e-01,0.000000000000000000e+00
-1.121569228267008528e-01,6.410567817690514258e-02,8.521026968955993652e-01,2.427165658823383226e-02,5.764330760971493953e-03,-1.616142766812691811e-01,9.865386382449149449e-01,-3.209219872951507568e-01,1.268694996833801270e-01,1.879006177186965942e-01,1.820997893810272217e-01,2.558629959821701050e-02,3.805779665708541870e-02,-1.659093648195266724e-01,-3.144571185111999512e-02,6.013090014457702637e-01,1.119116097688674927e-01,1.295856982469558716e-01,1.765294224023818970e-01,6.528728455305099487e-02,-2.493673861026763916e-01,-9.057634472846984863e-01,1.098406553268432617e+00,2.562839984893798828e-01,-9.226303547620773315e-02,0.000000000000000000e+00,6.824665516614913940e-02,-9.132697582244873047e-01,-2.000687569379806519e-01,-3.316971361637115479e-01,0.000000000000000000e+00
-1.156238473957303947e-01,5.957461404994106313e-02,8.520082235336303711e-01,2.625434008164168401e-02,4.711346773182423404e-03,-1.553172068658555949e-01,9.875044699087945910e-01,-3.287983238697052002e-01,1.254616677761077881e-01,1.710631102323532104e-01,1.859980374574661255e-01,2.877191081643104553e-02,2.839355729520320892e-02,-1.600392609834671021e-01,-3.405605256557464600e-02,5.874357819557189941e-01,1.029256135225296021e-01,1.308572590351104736e-01,1.632861942052841187e-01,4.319223016500473022e-02,-2.696388065814971924e-01,-8.712249994277954102e-01,1.067581892013549805e+00,3.046625554561614990e-01,-1.504731178283691406e-01,0.000000000000000000e+00,9.159383177757263184e-02,-9.020218253135681152e-01,-2.811278700828552246e-01,-2.464099675416946411e-01,0.000000000000000000e+00
-1.194324474512587220e-01,5.682702418235646702e-02,8.520167469978332520e-01,2.739821101304918544e-02,4.620178630619905212e-03,-1.467059036804776173e-01,9.887898511857815542e-01,-3.374391496181488037e-01,1.236098408699035645e-01,1.627697646617889404e-01,1.845106035470962524e-01,3.190401196479797363e-02,2.020886540412902832e-02,-1.558225899934768677e-01,-3.663072362542152405e-02,5.718991756439208984e-01,9.358474612236022949e-02,1.371264308691024780e-01,1.548433601856231689e-01,2.917124703526496887e-02,-2.729302048683166504e-01,-8.401457071304321289e-01,1.020454049110412598e+00,3.486051857471466064e-01,-2.202093005180358887e-01,0.000000000000000000e+00,1.210869029164314270e-01,-8.836532831192016602e-01,-3.757120072841644287e-01,-1.479363143444061279e-01,0.000000000000000000e+00
-1.222657252803528438e-01,5.341649035484978547e-02,8.522416949272155762e-01,2.744107975669328459e-02,4.769096209110621626e-03,-1.370819390892769607e-01,9.901680588862978860e-01,-3.449011743068695068e-01,1.226258948445320129e-01,1.417815387248992920e-01,1.830679923295974731e-01,3.629961609840393066e-02,7.021045777946710587e-03,-1.517264544963836670e-01,-3.588228300213813782e-02,5.514644980430603027e-01,8.732448518276214600e-02,1.352794617414474487e-01,1.457828283309936523e-01,1.784833520650863647e-02,-2.629009187221527100e-01,-8.095262646675109863e-01,9.788447022438049316e-01,3.827757239341735840e-01,-3.006691336631774902e-01,0.000000000000000000e+00,1.563879847526550293e-01,-8.484887480735778809e-01,-4.735613465309143066e-01,-3.036982193589210510e-02,0.000000000000000000e+00
-1.250811036045570424e-01,5.053631898158962577e-02,8.519640564918518066e-01,2.974388679099806282e-02,5.455698191310292405e-03,-1.202240340873924479e-01,9.922861070193229605e-01,-3.599666953086853027e-01,1.102980673313140869e-01,1.103903651237487793e-01,1.845752894878387451e-01,3.958377614617347717e-02,-7.475407910533249378e-04,-1.467061638832092285e-01,-4.419259354472160339e-02,5.256265997886657715e-01,7.832224667072296143e-02,1.327772736549377441e-01,1.394129842519760132e-01,5.865067243576049805e-03,-2.487592399120330811e-01,-7.873339056968688965e-01,9.396497011184692383e-01,3.987498581409454346e-01,-3.785375356674194336e-01,0.000000000000000000e+00,1.954295337200164795e-01,-8.186321854591369629e-01,-5.564978122711181641e-01,1.123522371053695679e-01,0.000000000000000000e+00
-1.261641816440390029e-01,4.737678972500147800e-02,8.510372042655944824e-01,2.824737038330006611e-02,5.273495208197412874e-03,-1.042946268251149361e-01,9.941312323481884539e-01,-3.679395318031311035e-01,1.085566356778144836e-01,8.493854850530624390e-02,1.834093779325485229e-01,4.885757341980934143e-02,-1.695470139384269714e-02,-1.403442025184631348e-01,-4.018637537956237793e-02,4.952078759670257568e-01,7.862456887960433960e-02,1.378843933343887329e-01,1.194733381271362305e-01,3.616993781179189682e-03,-2.147106677293777466e-01,-7.711198925971984863e-01,8.906688094139099121e-01,3.991990089416503906e-01,-4.476542174816131592e-01,0.000000000000000000e+00,2.561627328395843506e-01,-7.971511483192443848e-01,-5.983599424362182617e-01,2.537106871604919434e-01,0.000000000000000000e+00
-1.271407261150518941e-01,4.458657337563300127e-02,8.506423830986022949e-01,2.857265772285037461e-02,7.385064829969865616e-03,-7.836574980407333413e-02,9.964877687687668795e-01,-3.905253708362579346e-01,9.206441789865493774e-02,3.772867843508720398e-02,1.883117854595184326e-01,5.159879475831985474e-02,-2.356275171041488647e-02,-1.344373077154159546e-01,-4.544278979301452637e-02,4.534085392951965332e-01,7.123888283967971802e-02,1.336435377597808838e-01,1.185216754674911499e-01,3.860733006149530411e-03,-1.764214932918548584e-01,-7.660519480705261230e-01,8.314502239227294922e-01,3.884788155555725098e-01,-5.046978592872619629e-01,0.000000000000000000e+00,2.916048169136047363e-01,-7.584200501441955566e-01,-6.312001943588256836e-01,4.224011301994323730e-01,0.000000000000000000e+00
-1.272920024024332131e-01,4.284706765815958496e-02,8.489072918891906738e-01,2.879767071194455977e-02,9.035297357405450147e-03,-5.775065465367413414e-02,9.978747012778217407e-01,-4.057210087776184082e-01,7.819189876317977905e-02,-3.182934015057981014e-04,1.912678480148315430e-01,6.088600307703018188e-02,-3.697345405817031860e-02,-1.302787959575653076e-01,-4.877885058522224426e-02,4.214940965175628662e-01,6.856472790241241455e-02,1.390390545129776001e-01,1.040781661868095398e-01,5.410560872405767441e-03,-1.417535692453384399e-01,-7.654474973678588867e-01,7.853466272354125977e-01,3.516622781753540039e-01,-5.460615754127502441e-01,0.000000000000000000e+00,3.257453441619873047e-01,-7.596654295921325684e-01,-5.858902931213378906e-01,5.468124151229858398e-01,0.000000000000000000e+00
-1.264734306879353176e-01,4.219536172375712435e-02,8.483476638793945312e-01,2.619274523642241975e-02,1.150614367233226965e-02,-3.207984880114874565e-02,9.990757889447963169e-01,-4.241940379142761230e-01,6.380917876958847046e-02,-5.078743398189544678e-02,1.953887790441513062e-01,6.230924651026725769e-02,-4.217488691210746765e-02,-1.219616457819938660e-01,-5.081219226121902466e-02,3.734774589538574219e-01,6.003074347972869873e-02,1.399998813867568970e-01,9.703882783651351929e-02,2.362197637557983398e-02,-7.173921167850494385e-02,-7.760899066925048828e-01,6.916568875312805176e-01,2.904849350452423096e-01,-5.737218856811523438e-01,0.000000000000000000e+00,3.703705966472625732e-01,-7.284511327743530273e-01,-5.086612701416015625e-01,6.283726692199707031e-01,0.000000000000000000e+00
-1.249815031778330476e-01,4.245141912508802740e-02,8.468285799026489258e-01,2.333807820352936518e-02,1.207066850209063610e-02,-1.314265328002382945e-02,9.995683587091178657e-01,-4.302825033664703369e-01,5.464414134621620178e-02,-7.840031385421752930e-02,1.921065151691436768e-01,7.212667167186737061e-02,-4.424295574426651001e-02,-1.086811125278472900e-01,-5.115909501910209656e-02,3.348632156848907471e-01,5.054279044270515442e-02,1.379071772098541260e-01,9.197514504194259644e-02,4.073134064674377441e-02,4.417392425239086151e-03,-7.930644750595092773e-01,6.127657294273376465e-01,2.162949442863464355e-01,-5.853366851806640625e-01,0.000000000000000000e+00,3.765353262424468994e-01,-6.721645593643188477e-01,-4.497145712375640869e-01,6.479583978652954102e-01,0.000000000000000000e+00
-1.248253640609469917e-01,4.356227075396487680e-02,8.447396159172058105e-01,1.937281629528859322e-02,1.499043781862184274e-02,6.783808902932355299e-03,9.996769281620755399e-01,-4.525058567523956299e-01,4.400873556733131409e-02,-1.135980784893035889e-01,2.005286216735839844e-01,7.782943546772003174e-02,-4.687304049730300903e-02,-1.064425557851791382e-01,-4.878105223178863525e-02,2.986620664596557617e-01,4.624084383249282837e-02,1.364452391862869263e-01,9.047374874353408813e-02,6.205683201551437378e-02,7.487846165895462036e-02,-8.302494883537292480e-01,5.236986279487609863e-01,1.584615111351013184e-01,-5.869426131248474121e-01,0.000000000000000000e+00,3.401736915111541748e-01,-6.405985355377197266e-01,-3.737839758396148682e-01,6.229395270347595215e-01,0.000000000000000000e+00
-1.249976063819517869e-01,4.487547585020868618e-02,8.422509431838989258e-01,1.664599308388482399e-02,1.513566191002427980e-02,2.286272784178543932e-02,9.994854267714108342e-01,-4.625323414802551270e-01,3.426659107208251953e-02,-1.422882974147796631e-01,2.042245417833328247e-01,8.203207701444625854e-02,-4.697443172335624695e-02,-1.004402264952659607e-01,-4.885390400886535645e-02,2.657317221164703369e-01,4.380832985043525696e-02,1.351448446512222290e-01,8.989909291267395020e-02,7.555633038282394409e-02,1.486192494630813599e-01,-8.731679916381835938e-01,4.394381344318389893e-01,1.121374964714050293e-01,-5.748608112335205078e-01,0.000000000000000000e+00,2.436443120241165161e-01,-5.824847221374511719e-01,-3.082464933395385742e-01,5.601751208305358887e-01,0.000000000000000000e+00
-1.258271661789050477e-01,4.524435014900383273e-02,8.392512202262878418e-01,1.538215943123340430e-02,1.471382968288571270e-02,3.309402627199514724e-02,9.992255390112902980e-01,-4.672774970531463623e-01,2.850048989057540894e-02,-1.587622612714767456e-01,2.040972262620925903e-01,8.779166638851165771e-02,-4.522658139467239380e-02,-9.777171164751052856e-02,-4.869158193469047546e-02,2.473857402801513672e-01,4.397214949131011963e-02,1.303709894418716431e-01,9.694224596023559570e-02,8.158519119024276733e-02,2.238935679197311401e-01,-9.138778448104858398e-01,3.631916046142578125e-01,6.486275047063827515e-02,-5.521734952926635742e-01,0.000000000000000000e+00,8.626007288694381714e-02,-5.218551754951477051e-01,-2.368306964635848999e-01,4.683225750923156738e-01,0.000000000000000000e+00
-1.263697358087562395e-01,4.464195549571971233e-02,8.362990617752075195e-01,1.635877656078379636e-02,1.271232258680537672e-02,3.693899549123263321e-02,9.991027464159940585e-01,-4.631172716617584229e-01,2.588775195181369781e-02,-1.612259894609451294e-01,2.018888890743255615e-01,9.510117024183273315e-02,-4.499540105462074280e-02,-9.194669872522354126e-02,-5.061113461852073669e-02,2.412616163492202759e-01,4.421636089682579041e-02,1.315770149230957031e-01,9.834527969360351562e-02,7.809244096279144287e-02,2.888088226318359375e-01,-9.401662945747375488e-01,3.042122125625610352e-01,-2.304958878085017204e-03,-5.269291400909423828e-01,0.000000000000000000e+00,-1.343879252672195435e-01,-4.531838297843933105e-01,-1.454809308052062988e-01,3.506582677364349365e-01,0.000000000000000000e+00
-1.253248616256103509e-01,4.398783712053670747e-02,8.331478834152221680e-01,2.019349598814252841e-02,1.010126686570504348e-02,3.933237570383350812e-02,9.989710463016319153e-01,-4.527526795864105225e-01,1.926683448255062103e-02,-1.552569121122360229e-01,2.002428025007247925e-01,9.608591347932815552e-02,-4.520902782678604126e-02,-8.216148614883422852e-02,-5.894029885530471802e-02,2.330210208892822266e-01,4.433027282357215881e-02,1.323875933885574341e-01,1.039131134748458862e-01,6.683015078306198120e-02,3.292979896068572998e-01,-9.478880167007446289e-01,2.735393047332763672e-01,-6.597717106342315674e-02,-5.047340989112854004e-01,0.000000000000000000e+00,-4.050418436527252197e-01,-3.884133994579315186e-01,-5.736998096108436584e-02,2.259064912796020508e-01,0.000000000000000000e+00
-1.232341211666862224e-01,4.241356547447377306e-02,8.306455016136169434e-01,2.558695058792882088e-02,1.142867117230232134e-02,4.207760879965823098e-02,9.987212665566651548e-01,-4.533818364143371582e-01,7.996005937457084656e-03,-1.530567109584808350e-01,2.035915553569793701e-01,9.030054509639739990e-02,-4.375214874744415283e-02,-8.434689790010452271e-02,-6.904130429029464722e-02,2.321991473436355591e-01,4.892332106828689575e-02,1.271752417087554932e-01,1.081363931298255920e-01,4.521387070417404175e-02,3.416413664817810059e-01,-9.319744706153869629e-01,3.199763596057891846e-01,-9.884889423847198486e-02,-5.135715007781982422e-01,0.000000000000000000e+00,-7.228754758834838867e-01,-3.053672611713409424e-01,6.243065465241670609e-03,1.166295558214187622e-01,0.000000000000000000e+00
-1.186762363194533432e-01,3.576257756651666370e-02,8.296593427658081055e-01,3.722429205657535461e-02,1.312993446081607389e-02,5.344445925250917301e-02,9.977903821330151857e-01,-4.491460919380187988e-01,-1.722845993936061859e-02,-1.570915281772613525e-01,2.047935128211975098e-01,8.558714389801025391e-02,-4.813574254512786865e-02,-7.921092957258224487e-02,-8.912977576255798340e-02,2.152385115623474121e-01,5.196614563465118408e-02,1.206978708505630493e-01,1.053351312875747681e-01,-1.199968345463275909e-02,2.790359556674957275e-01,-8.490778803825378418e-01,4.708139002323150635e-01,-8.110705018043518066e-02,-5.966732501983642578e-01,0.000000000000000000e+00,-1.099915742874145508e+00,-1.395634710788726807e-01,-2.020380087196826935e-02,9.880305826663970947e-02,0.000000000000000000e+00
-1.136014792126829875e-01,3.215687818268009313e-02,8.309552669525146484e-01,4.229374060086731058e-02,1.449561207829419204e-02,7.087635830365872358e-02,9.964826433862628008e-01,-4.460163116455078125e-01,-3.665901720523834229e-02,-1.750529706478118896e-01,2.040236294269561768e-01,8.304377645254135132e-02,-5.472420901060104370e-02,-6.455413252115249634e-02,-9.910121560096740723e-02,1.811699271202087402e-01,4.604016244411468506e-02,1.147976592183113098e-01,1.047292128205299377e-01,-5.175404623150825500e-02,2.159669697284698486e-01,-7.861923575401306152e-01,5.780295729637145996e-01,-2.793831378221511841e-02,-6.487693190574645996e-01,0.000000000000000000e+00,-1.363461732864379883e+00,-7.187110930681228638e-02,-8.671545982360839844e-02,5.662960186600685120e-02,0.000000000000000000e+00
-1.103608525862821571e-01,3.189418760067400105e-02,8.323331475257873535e-01,4.167806408283428188e-02,1.270144072503686175e-02,8.587747159033785882e-02,9.953525366678211972e-01,-4.366343319416046143e-01,-4.472102597355842590e-02,-1.950681209564208984e-01,1.979377269744873047e-01,8.055513352155685425e-02,-5.581779778003692627e-02,-4.377446323633193970e-02,-9.982198476791381836e-02,1.429546028375625610e-01,3.817585855722427368e-02,1.144518479704856873e-01,1.014275327324867249e-01,-6.484343111515045166e-02,2.036908566951751709e-01,-7.817815542221069336e-01,5.944097638130187988e-01,-1.733622141182422638e-02,-6.502818465232849121e-01,0.000000000000000000e+00,-1.476071834564208984e+00,-1.290400624275207520e-01,-8.915654569864273071e-02,4.801061004400253296e-04,0.000000000000000000e+00
-1.099249128592837133e-01,3.122459943031055327e-02,8.330726027488708496e-01,4.041340195676582786e-02,9.723223224509360343e-03,9.893986018857255094e-02,9.942248839866527632e-01,-4.291325509548187256e-01,-4.983103647828102112e-02,-2.160420119762420654e-01,1.924981325864791870e-01,8.195371925830841064e-02,-5.917983129620552063e-02,-2.858036570250988007e-02,-9.651061147451400757e-02,1.134153530001640320e-01,3.478398174047470093e-02,1.161668524146080017e-01,9.681186079978942871e-02,-7.205832004547119141e-02,1.903005987405776978e-01,-7.802280783653259277e-01,6.019704341888427734e-01,-2.093808166682720184e-02,-6.394834518432617188e-01,0.000000000000000000e+00,-1.497563481330871582e+00,-2.168182134628295898e-01,-7.395533472299575806e-02,-2.124225534498691559e-02,0.000000000000000000e+00
-1.105152464771682330e-01,3.081420426176322350e-02,8.327065706253051758e-01,4.041011805064490675e-02,7.039829339147196489e-03,1.049662359555901675e-01,9.936294845018056598e-01,-4.237740635871887207e-01,-5.296760424971580505e-02,-2.248504012823104858e-01,1.901225894689559937e-01,8.414029330015182495e-02,-5.775677785277366638e-02,-1.991137675940990448e-02,-9.611804783344268799e-02,9.697906672954559326e-02,3.392015025019645691e-02,1.199275031685829163e-01,9.551584720611572266e-02,-7.698310911655426025e-02,1.839821338653564453e-01,-7.804949879646301270e-01,6.017243862152099609e-01,-2.673099562525749207e-02,-6.303963065147399902e-01,0.000000000000000000e+00,-1.484472155570983887e+00,-2.491391748189926147e-01,-6.694832444190979004e-02,-2.837104722857475281e-02,0.000000000000000000e+00
-1.121893837680990325e-01,3.008296042576707324e-02,8.316862583160400391e-01,3.929046998277666014e-02,1.563402679665229457e-03,1.184596988306612642e-01,9.921799808973887913e-01,-4.147808551788330078e-01,-5.926172062754631042e-02,-2.489517331123352051e-01,1.870567053556442261e-01,8.437056094408035278e-02,-5.303358659148216248e-02,-7.154009304940700531e-03,-9.234485030174255371e-02,6.597184389829635620e-02,4.000443592667579651e-02,1.195543408393859863e-01,9.235516190528869629e-02,-7.286000996828079224e-02,1.797672808170318604e-01,-7.753008008003234863e-01,5.946468710899353027e-01,-2.652732469141483307e-02,-5.983430743217468262e-01,0.000000000000000000e+00,-1.405418634414672852e+00,-3.339444100856781006e-01,-6.102639809250831604e-02,-1.899070665240287781e-02,0.000000000000000000e+00
-1.127549191731069267e-01,2.934419730612960325e-02,8.313593864440917969e-01,3.782941449868316292e-02,-3.045990343863232315e-03,1.224576655557204907e-01,9.917478396690135867e-01,-4.031699001789093018e-01,-5.553666502237319946e-02,-2.557024657726287842e-01,1.804714798927307129e-01,8.971951901912689209e-02,-5.298916250467300415e-02,2.076336881145834923e-03,-8.706955611705780029e-02,4.940262064337730408e-02,4.460919275879859924e-02,1.146586090326309204e-01,8.677237480878829956e-02,-6.286475807428359985e-02,2.077014744281768799e-01,-7.725260257720947266e-01,5.887187123298645020e-01,-4.150840267539024353e-02,-5.612724423408508301e-01,0.000000000000000000e+00,-1.335903644561767578e+00,-3.600062727928161621e-01,-5.299496650695800781e-02,-1.233676169067621231e-02,0.000000000000000000e+00
-1.112710195212660708e-01,3.154937296952081000e-02,8.311294317245483398e-01,3.466865694790113861e-02,-9.471258291468749937e-03,1.216313638444985468e-01,9.919244884673088514e-01,-3.740761876106262207e-01,-4.281483218073844910e-02,-2.457980215549468994e-01,1.608283519744873047e-01,9.973566234111785889e-02,-4.991184175014495850e-02,2.552029304206371307e-02,-8.014218509197235107e-02,3.147427737712860107e-02,3.960657492280006409e-02,1.167061775922775269e-01,7.847893983125686646e-02,-4.107222706079483032e-02,2.563495337963104248e-01,-7.725852131843566895e-01,5.590720772743225098e-01,-6.528452038764953613e-02,-5.209217071533203125e-01,0.000000000000000000e+00,-1.296816825866699219e+00,-3.954536318778991699e-01,-3.093586862087249756e-02,3.295677481219172478e-03,0.000000000000000000e+00
-1.130579435565784718e-01,2.497928962162862532e-02,8.323259949684143066e-01,4.311915537579860680e-02,-2.097385351221405046e-03,1.279974600963368347e-01,9.908344915389516450e-01,-4.101788699626922607e-01,-7.044484466314315796e-02,-2.740680277347564697e-01,1.900000721216201782e-01,9.118297696113586426e-02,-4.638518765568733215e-02,-4.381668753921985626e-03,-9.266974776983261108e-02,4.590418934822082520e-02,5.424955114722251892e-02,1.037129461765289307e-01,7.960570603609085083e-02,-7.076500356197357178e-02,2.368694692850112915e-01,-6.624123454093933105e-01,7.535603046417236328e-01,1.305080763995647430e-02,-5.420758128166198730e-01,0.000000000000000000e+00,-1.308871984481811523e+00,-3.868849277496337891e-01,-8.248224854469299316e-02,-3.387212380766868591e-02,0.000000000000000000e+00
-1.111744734810509450e-01,2.044082740773602025e-02,8.332971930503845215e-01,4.775160081605168277e-02,-2.915985452504528050e-03,1.311376554679780648e-01,9.902091682905724834e-01,-4.051603972911834717e-01,-7.655640691518783569e-02,-2.771426141262054443e-01,1.894408315420150757e-01,8.807608485221862793e-02,-4.496685788035392761e-02,6.837375927716493607e-03,-9.762160480022430420e-02,3.182765841484069824e-02,4.506763070821762085e-02,9.697176516056060791e-02,9.540023654699325562e-02,-7.868420332670211792e-02,2.757434844970703125e-01,-5.745233893394470215e-01,8.990783691406250000e-01,7.939965277910232544e-02,-5.007545948028564453e-01,0.000000000000000000e+00,-1.309887170791625977e+00,-4.236994981765747070e-01,-1.090985834598541260e-01,-4.352625459432601929e-02,0.000000000000000000e+00
-1.095940263231634237e-01,1.613697777406697398e-02,8.345372080802917480e-01,5.281562535553099152e-02,-2.998342970638643006e-03,1.334142247268192416e-01,9.896474949689290090e-01,-4.013335704803466797e-01,-8.299709111452102661e-02,-2.776727080345153809e-01,1.888323426246643066e-01,8.864299952983856201e-02,-4.583992063999176025e-02,1.456502079963684082e-02,-1.029105037450790405e-01,2.482626028358936310e-02,3.894853591918945312e-02,9.553684294223785400e-02,9.951553493738174438e-02,-8.734829723834991455e-02,3.179933130741119385e-01,-4.662238657474517822e-01,1.032218933105468750e+00,1.102340221405029297e-01,-4.305667877197265625e-01,0.000000000000000000e+00,-1.313856363296508789e+00,-4.577037394046783447e-01,-1.250904202461242676e-01,-6.027754023671150208e-02,0.000000000000000000e+00
-1.079681416239060693e-01,1.358946351379738265e-02,8.355132937431335449e-01,5.507336607117848531e-02,-3.145155567253444476e-03,1.348812700005387333e-01,9.893250605079655369e-01,-3.967306017875671387e-01,-8.381665498018264771e-02,-2.769810259342193604e-01,1.860198676586151123e-01,9.334919601678848267e-02,-5.342586711049079895e-02,2.045066654682159424e-02,-1.042193397879600525e-01,1.839599385857582092e-02,3.556406870484352112e-02,9.423278272151947021e-02,9.432086348533630371e-02,-8.222870528697967529e-02,3.772506415843963623e-01,-3.573473393917083740e-01,1.122995615005493164e+00,1.146646142005920410e-01,-3.210742175579071045e-01,0.000000000000000000e+00,-1.304384231567382812e+00,-5.217785835266113281e-01,-1.221868693828582764e-01,-8.379560708999633789e-02,0.000000000000000000e+00
-1.059298896264023460e-01,1.061838622684931066e-02,8.364863395690917969e-01,5.771474179868638782e-02,-3.791753534065543663e-03,1.386948464051172836e-01,9.886447141237891811e-01,-3.909686505794525146e-01,-8.674693107604980469e-02,-2.791031002998352051e-01,1.839570701122283936e-01,8.951989561319351196e-02,-5.059097334742546082e-02,2.835097908973693848e-02,-1.059177145361900330e-01,3.025069367140531540e-03,3.270047530531883240e-02,9.019055217504501343e-02,1.097052767872810364e-01,-7.945141941308975220e-02,4.434038400650024414e-01,-2.603557109832763672e-01,1.211726546287536621e+00,1.222660839557647705e-01,-1.813232600688934326e-01,0.000000000000000000e+00,-1.275011420249938965e+00,-6.040691733360290527e-01,-1.439967453479766846e-01,-1.126115694642066956e-01,0.000000000000000000e+00
-1.043922623315489823e-01,8.531507198205452724e-03,8.374708294868469238e-01,5.960940782926896220e-02,-3.732774270274907824e-03,1.409304731487696083e-01,9.882162651123259645e-01,-3.886584043502807617e-01,-8.905524015426635742e-02,-2.815230786800384521e-01,1.839573979377746582e-01,8.885048329830169678e-02,-5.043790116906166077e-02,3.059628605842590332e-02,-1.068821772933006287e-01,-1.933475490659475327e-03,3.387350961565971375e-02,8.510345220565795898e-02,1.151117235422134399e-01,-7.258803397417068481e-02,5.080252289772033691e-01,-1.556230336427688599e-01,1.280375242233276367e+00,9.543975442647933960e-02,-3.075255639851093292e-02,0.000000000000000000e+00,-1.241635203361511230e+00,-6.806609630584716797e-01,-1.556856036186218262e-01,-1.348427385091781616e-01,0.000000000000000000e+00
-1.029472049305191345e-01,7.277809534663316759e-03,8.388694524765014648e-01,5.995012042709915029e-02,-2.073307904056684910e-03,1.420744869644556541e-01,9.880367020555956836e-01,-3.917529881000518799e-01,-8.975944668054580688e-02,-2.844165265560150146e-01,1.862034052610397339e-01,8.997397869825363159e-02,-4.821757599711418152e-02,2.569388225674629211e-02,-1.062159016728401184e-01,-8.158254204317927361e-04,3.827397525310516357e-02,8.260875195264816284e-02,1.212204992771148682e-01,-6.287989765405654907e-02,5.656757950782775879e-01,-4.419783875346183777e-02,1.310342192649841309e+00,3.210163488984107971e-02,1.461835801601409912e-01,0.000000000000000000e+00,-1.206861972808837891e+00,-7.460285425186157227e-01,-1.611161082983016968e-01,-1.523368954658508301e-01,0.000000000000000000e+00
-1.012652410278255810e-01,7.456978236159830797e-03,8.409604430198669434e-01,5.953536606720467167e-02,9.273179033442158214e-05,1.416446259474929970e-01,9.881256658584746111e-01,-3.942544758319854736e-01,-8.906489610671997070e-02,-2.822402417659759521e-01,1.870922297239303589e-01,8.967496454715728760e-02,-4.301102831959724426e-02,2.090742625296115875e-02,-1.057630106806755066e-01,1.129575539380311966e-03,4.032173007726669312e-02,7.935284823179244995e-02,1.291778236627578735e-01,-5.512792244553565979e-02,6.053398251533508301e-01,7.268924266099929810e-02,1.285402536392211914e+00,-1.739964261651039124e-02,3.433941304683685303e-01,0.000000000000000000e+00,-1.172856688499450684e+00,-7.911446690559387207e-01,-1.756444275379180908e-01,-1.621913462877273560e-01,0.000000000000000000e+00
-1.003383993869191165e-01,9.572271710847249371e-03,8.430612683296203613e-01,5.765473628385157923e-02,2.547527832340632566e-03,1.367181476986156774e-01,9.889274946000048416e-01,-3.963061273097991943e-01,-8.517141640186309814e-02,-2.791188359260559082e-01,1.855730265378952026e-01,8.758718520402908325e-02,-3.587261587381362915e-02,1.218338962644338608e-02,-1.043665260076522827e-01,1.573347114026546478e-02,4.349761828780174255e-02,8.304782211780548096e-02,1.286517232656478882e-01,-4.930850863456726074e-02,6.271520853042602539e-01,2.073865979909896851e-01,1.242123126983642578e+00,-5.460940673947334290e-02,5.195730328559875488e-01,0.000000000000000000e+00,-1.139200687408447266e+00,-8.238922357559204102e-01,-1.830205619335174561e-01,-1.707159280776977539e-01,0.000000000000000000e+00
-9.982927582495682017e-02,1.285513918241545234e-02,8.447809219360351562e-01,5.385681165563431516e-02,6.215921046611531595e-03,1.293032002793178259e-01,9.901219564080773194e-01,-4.022888541221618652e-01,-7.626756280660629272e-02,-2.678028047084808350e-01,1.831702142953872681e-01,8.710870146751403809e-02,-2.928622066974639893e-02,3.801626444328576326e-04,-1.002126708626747131e-01,3.506645932793617249e-02,4.280760139226913452e-02,8.025714755058288574e-02,1.376937627792358398e-01,-4.249621182680130005e-02,6.249942779541015625e-01,3.512741625308990479e-01,1.176208972930908203e+00,-1.044712066650390625e-01,6.561127305030822754e-01,0.000000000000000000e+00,-1.127396464347839355e+00,-8.215028643608093262e-01,-1.682220399379730225e-01,-1.755814701318740845e-01,0.000000000000000000e+00
-9.946989391582662654e-02,1.470739996734538729e-02,8.446217179298400879e-01,5.176454013587431652e-02,8.495596562593011464e-03,1.222388121417481432e-01,9.911134798950832492e-01,-4.050629436969757080e-01,-7.042738795280456543e-02,-2.565702795982360840e-01,1.828575432300567627e-01,8.565843850374221802e-02,-2.443934231996536255e-02,-8.792763575911521912e-03,-9.926329553127288818e-02,5.388467758893966675e-02,4.541642218828201294e-02,8.134777843952178955e-02,1.339772641658782959e-01,-4.591801762580871582e-02,6.110143661499023438e-01,4.606363475322723389e-01,1.095177173614501953e+00,-1.098087355494499207e-01,7.277978062629699707e-01,0.000000000000000000e+00,-1.120511054992675781e+00,-8.063100576400756836e-01,-1.520679742097854614e-01,-1.820312887430191040e-01,0.000000000000000000e+00
-9.894995074148071890e-02,1.869066205721527096e-02,8.460416793823242188e-01,5.052683452895501831e-02,1.178073273154968403e-02,1.084402766143178209e-01,9.927481854612486556e-01,-4.085325300693511963e-01,-6.260383874177932739e-02,-2.382978796958923340e-01,1.826414465904235840e-01,8.089609444141387939e-02,-1.536897756159305573e-02,-2.431938610970973969e-02,-9.965151548385620117e-02,8.629512786865234375e-02,5.000632256269454956e-02,8.125319331884384155e-02,1.340408325195312500e-01,-5.895654112100601196e-02,5.715932846069335938e-01,5.900767445564270020e-01,1.005215048789978027e+00,-1.432320475578308105e-01,7.343100309371948242e-01,0.000000000000000000e+00,-1.127237439155578613e+00,-7.641774415969848633e-01,-1.377414017915725708e-01,-1.846966296434402466e-01,0.000000000000000000e+00
-9.846308546530849193e-02,2.093017555317117778e-02,8.459014296531677246e-01,4.959557439106083987e-02,1.270687939811997180e-02,9.656725674250725422e-02,9.940088425874334943e-01,-4.069601595401763916e-01,-5.420665070414543152e-02,-2.217649817466735840e-01,1.816910654306411743e-01,7.792036235332489014e-02,-1.049382518976926804e-02,-3.508498892188072205e-02,-9.878783673048019409e-02,1.115662157535552979e-01,5.713370442390441895e-02,8.170428872108459473e-02,1.316375434398651123e-01,-7.009571790695190430e-02,5.310215950012207031e-01,6.496983170509338379e-01,9.371322989463806152e-01,-1.646952033042907715e-01,6.811599731445312500e-01,0.000000000000000000e+00,-1.139855623245239258e+00,-7.177855968475341797e-01,-1.201220974326133728e-01,-1.833489537239074707e-01,0.000000000000000000e+00
-9.859369173577425816e-02,2.179174088749313148e-02,8.451676368713378906e-01,4.971262609960409168e-02,1.258653348591038702e-02,8.435237414126059430e-02,9.951155264379216714e-01,-4.016609787940979004e-01,-4.586618021130561829e-02,-2.039265781641006470e-01,1.788766831159591675e-01,7.806912809610366821e-02,-5.453429184854030609e-03,-4.381566494703292847e-02,-9.837754815816879272e-02,1.368052661418914795e-01,6.407337635755538940e-02,8.377622812986373901e-02,1.308758407831192017e-01,-8.314520865678787231e-02,4.870355725288391113e-01,6.446315050125122070e-01,8.548922538757324219e-01,-1.520121097564697266e-01,6.025137901306152344e-01,0.000000000000000000e+00,-1.158506512641906738e+00,-6.642714738845825195e-01,-1.056439653038978577e-01,-1.771559715270996094e-01,0.000000000000000000e+00
-9.934830780095549319e-02,2.195040846259809636e-02,8.438782095909118652e-01,5.049759676243722323e-02,1.126642336515496293e-02,7.450915189976961561e-02,9.958772247164570102e-01,-3.948740363121032715e-01,-3.785286471247673035e-02,-1.832970082759857178e-01,1.739813089370727539e-01,8.051332086324691772e-02,-6.148710846900939941e-03,-4.848660901188850403e-02,-9.831443428993225098e-02,1.574746668338775635e-01,6.927307695150375366e-02,8.952188491821289062e-02,1.278655678033828735e-01,-9.738186001777648926e-02,4.309508800506591797e-01,5.874373316764831543e-01,7.711114287376403809e-01,-1.177717819809913635e-01,5.033563971519470215e-01,0.000000000000000000e+00,-1.184212446212768555e+00,-5.913217067718505859e-01,-9.067457169294357300e-02,-1.626413911581039429e-01,0.000000000000000000e+00
-1.015127431024819976e-01,2.077233061195052355e-02,8.417745232582092285e-01,5.192704547875826027e-02,8.972752344922204151e-03,6.805874623934837775e-02,9.962886523109313330e-01,-3.888974189758300781e-01,-3.248042240738868713e-02,-1.669103950262069702e-01,1.702564060688018799e-01,8.071804046630859375e-02,-9.210597723722457886e-03,-4.958581924438476562e-02,-9.956445544958114624e-02,1.689982265233993530e-01,7.139040529727935791e-02,8.960820734500885010e-02,1.214589476585388184e-01,-1.111165657639503479e-01,3.620336949825286865e-01,4.715313315391540527e-01,7.031411528587341309e-01,-9.012108296155929565e-02,3.808425366878509521e-01,0.000000000000000000e+00,-1.215651988983154297e+00,-5.025820732116699219e-01,-7.872465252876281738e-02,-1.448877155780792236e-01,0.000000000000000000e+00
-1.044552199826123268e-01,1.960113098149843941e-02,8.394308686256408691e-01,5.295083406582259955e-02,5.962553760277835256e-03,6.312143266471147152e-02,9.965823306996486330e-01,-3.807847499847412109e-01,-2.780134975910186768e-02,-1.547250896692276001e-01,1.632308661937713623e-01,8.327466994524002075e-02,-9.447210468351840973e-03,-5.007402971386909485e-02,-9.909038990736007690e-02,1.803608089685440063e-01,7.462105154991149902e-02,9.515308588743209839e-02,1.125876531004905701e-01,-1.243997514247894287e-01,2.845099270343780518e-01,3.034868538379669189e-01,6.636714935302734375e-01,-8.063402026891708374e-02,2.347537875175476074e-01,0.000000000000000000e+00,-1.240973711013793945e+00,-4.159471988677978516e-01,-6.618055701255798340e-02,-1.304021924734115601e-01,0.000000000000000000e+00
-1.079647184340032234e-01,1.966258874041398180e-02,8.369413614273071289e-01,5.237303882778917424e-02,2.989667029210501745e-03,6.026532748050841132e-02,9.968029980887218588e-01,-3.749335408210754395e-01,-2.281840890645980835e-02,-1.448763757944107056e-01,1.560508757829666138e-01,8.274421095848083496e-02,-1.167944353073835373e-02,-5.122111365199089050e-02,-9.709552675485610962e-02,1.876053512096405029e-01,7.792714983224868774e-02,9.457427263259887695e-02,1.093590632081031799e-01,-1.300687044858932495e-01,2.104518711566925049e-01,7.389781624078750610e-02,6.252986192703247070e-01,-6.626015156507492065e-02,9.019187092781066895e-02,0.000000000000000000e+00,-1.256022691726684570e+00,-3.380714058876037598e-01,-5.099765956401824951e-02,-1.240351423621177673e-01,0.000000000000000000e+00
-1.117306902326425100e-01,1.942138834621973120e-02,8.346244692802429199e-01,5.254916153430085751e-02,2.025741893477341765e-03,5.990881562500220692e-02,9.968176442069193177e-01,-3.783501088619232178e-01,-2.443677186965942383e-02,-1.486138999462127686e-01,1.557736694812774658e-01,9.354588389396667480e-02,-1.435573212802410126e-02,-6.119301915168762207e-02,-9.637119621038436890e-02,1.972274184226989746e-01,8.842530101537704468e-02,1.062549352645874023e-01,9.246921539306640625e-02,-1.397969722747802734e-01,1.312741339206695557e-01,-1.953471601009368896e-01,5.906281471252441406e-01,-4.131790623068809509e-02,-4.297486320137977600e-02,0.000000000000000000e+00,-1.266919970512390137e+00,-2.743961811065673828e-01,-2.909018099308013916e-02,-1.205534562468528748e-01,0.000000000000000000e+00
-1.137157847664115595e-01,2.243188043818426791e-02,8.323652744293212891e-01,4.741691626223195483e-02,-3.166087132548718684e-03,5.610721401646842632e-02,9.972931326745211322e-01,-3.660086095333099365e-01,-1.212493237107992172e-02,-1.403457224369049072e-01,1.491264700889587402e-01,9.198508411645889282e-02,-9.237368591129779816e-03,-5.076287314295768738e-02,-8.854036033153533936e-02,1.945048570632934570e-01,8.679835498332977295e-02,1.026476770639419556e-01,9.634254872798919678e-02,-1.240496635437011719e-01,8.671335130929946899e-02,-4.868371188640594482e-01,5.403863191604614258e-01,-3.191069513559341431e-02,-1.254165917634963989e-01,0.000000000000000000e+00,-1.249984502792358398e+00,-2.383443564176559448e-01,4.696006653830409050e-04,-1.266069561243057251e-01,0.000000000000000000e+00
-1.156745626806668509e-01,2.679606501927423584e-02,8.315894603729248047e-01,4.304531831157604876e-02,-2.344010184841986873e-03,4.904959959645872197e-02,9.978655936383094005e-01,-3.727646470069885254e-01,-4.509131424129009247e-03,-1.345698535442352295e-01,1.533637046813964844e-01,9.102243185043334961e-02,-5.681204609572887421e-03,-6.145346537232398987e-02,-8.335289359092712402e-02,2.104723155498504639e-01,9.172320365905761719e-02,1.023479253053665161e-01,9.753704816102981567e-02,-1.071264520287513733e-01,5.433804914355278015e-02,-7.743492722511291504e-01,4.854050874710083008e-01,-3.146178787574172020e-03,-1.775702536106109619e-01,0.000000000000000000e+00,-1.225348830223083496e+00,-2.430213093757629395e-01,3.374500945210456848e-02,-1.575672030448913574e-01,0.000000000000000000e+00
-1.164053731525790669e-01,3.248365480880950618e-02,8.321311473846435547e-01,3.808509824849627690e-02,-2.077873769873945023e-03,3.541006975440900983e-02,9.986447489933479860e-01,-3.723435997962951660e-01,8.712057024240493774e-03,-1.154951155185699463e-01,1.547110676765441895e-01,8.814689517021179199e-02,-2.717501251026988029e-03,-6.796039640903472900e-02,-7.715513557195663452e-02,2.315511107444763184e-01,9.369593858718872070e-02,1.036207675933837891e-01,1.056921631097793579e-01,-7.903793454170227051e-02,5.145028233528137207e-02,-1.008782982826232910e+00,4.310779571533203125e-01,2.390207536518573761e-02,-2.147447466850280762e-01,0.000000000000000000e+00,-1.183231234550476074e+00,-2.810006141662597656e-01,5.929949507117271423e-02,-1.987962573766708374e-01,0.000000000000000000e+00
-1.136488318230841899e-01,3.743269243655623912e-02,8.325914740562438965e-01,3.409185230079410378e-02,-1.061026087045680195e-02,2.042959135664244516e-02,9.991535416381018830e-01,-3.309963345527648926e-01,2.734828926622867584e-02,-7.707800716161727905e-02,1.380650401115417480e-01,8.776106685400009155e-02,2.127178246155381203e-03,-3.695004805922508240e-02,-7.474517077207565308e-02,2.281729876995086670e-01,8.153631538152694702e-02,1.095639094710350037e-01,1.091077700257301331e-01,-5.295563861727714539e-02,5.742533132433891296e-02,-1.141514539718627930e+00,3.904568552970886230e-01,3.561041876673698425e-02,-2.207846641540527344e-01,0.000000000000000000e+00,-1.150231003761291504e+00,-2.872864305973052979e-01,6.940552592277526855e-02,-1.893816888332366943e-01,0.000000000000000000e+00
-1.139197192748266085e-01,4.123583922315922357e-02,8.332014083862304688e-01,3.210543661235698565e-02,-1.371747210528216632e-02,5.887156444253731184e-03,9.993730100858095877e-01,-3.096402585506439209e-01,3.818210214376449585e-02,-4.652466624975204468e-02,1.247005164623260498e-01,8.567795902490615845e-02,1.002524141222238541e-02,-2.666110917925834656e-02,-7.556439191102981567e-02,2.424113452434539795e-01,6.894383579492568970e-02,1.132446676492691040e-01,1.182175576686859131e-01,-3.165625035762786865e-02,7.565540820360183716e-02,-1.232800602912902832e+00,3.743688464164733887e-01,4.115244373679161072e-02,-2.170781493186950684e-01,0.000000000000000000e+00,-1.116231560707092285e+00,-2.979211509227752686e-01,7.272562384605407715e-02,-1.944458484649658203e-01,0.000000000000000000e+00
-1.158992962268171195e-01,4.287080768163354511e-02,8.333654999732971191e-01,3.101121527700563887e-02,-1.564611092624964422e-02,-3.228324129673024352e-03,9.993913556076220450e-01,-3.012292385101318359e-01,4.501238465309143066e-02,-2.889260090887546539e-02,1.193585395812988281e-01,8.676317334175109863e-02,1.167243719100952148e-02,-2.308188565075397491e-02,-7.512361556291580200e-02,2.535460591316223145e-01,6.002333387732505798e-02,1.175641641020774841e-01,1.230132207274436951e-01,-1.869925484061241150e-02,9.455678611993789673e-02,-1.266138553619384766e+00,3.598746359348297119e-01,3.938931971788406372e-02,-1.991765946149826050e-01,0.000000000000000000e+00,-1.081438899040222168e+00,-3.092495203018188477e-01,6.409487873315811157e-02,-2.094596475362777710e-01,0.000000000000000000e+00
-1.180435991833339859e-01,4.274668061978436490e-02,8.325538039207458496e-01,3.092989210850063259e-02,-1.695653543330074425e-02,-8.665822913391978480e-03,9.993401428910425599e-01,-2.994565963745117188e-01,4.990916699171066284e-02,-1.665276475250720978e-02,1.191604882478713989e-01,8.896525204181671143e-02,1.089622545987367630e-02,-2.233492024242877960e-02,-7.450421899557113647e-02,2.611541450023651123e-01,5.548435822129249573e-02,1.220571622252464294e-01,1.230955272912979126e-01,-1.317097526043653488e-02,1.149101480841636658e-01,-1.253790378570556641e+00,3.494383096694946289e-01,3.261082619428634644e-02,-1.783922165632247925e-01,0.000000000000000000e+00,-1.048734307289123535e+00,-3.224761486053466797e-01,4.613486304879188538e-02,-2.365876883268356323e-01,0.000000000000000000e+00
-1.200278010753172975e-01,4.260617383303016981e-02,8.306412696838378906e-01,3.084354749524431324e-02,-1.917982353691373085e-02,-1.024640432221715115e-02,9.992876568563564543e-01,-2.970739901065826416e-01,5.271791294217109680e-02,-8.335682563483715057e-03,1.200395524501800537e-01,8.968728780746459961e-02,1.143158599734306335e-02,-1.859114319086074829e-02,-7.439506798982620239e-02,2.630898058414459229e-01,5.351398140192031860e-02,1.251245290040969849e-01,1.234661564230918884e-01,-1.315834373235702515e-02,1.325408071279525757e-01,-1.225291013717651367e+00,3.453373312950134277e-01,2.685691229999065399e-02,-1.615489125251770020e-01,0.000000000000000000e+00,-1.023187160491943359e+00,-3.390751183032989502e-01,2.225011587142944336e-02,-2.685564458370208740e-01,0.000000000000000000e+00
-1.256344601524946314e-01,4.119478091961593924e-02,8.315951228141784668e-01,3.370705137216489788e-02,-1.025268379057083651e-02,2.575213189051957490e-03,9.993758479370591363e-01,-3.698239624500274658e-01,3.119738586246967316e-02,-6.711838394403457642e-02,1.776551157236099243e-01,7.860867679119110107e-02,5.003183614462614059e-03,-6.714454293251037598e-02,-7.590878754854202271e-02,2.744811475276947021e-01,8.487395942211151123e-02,1.127248555421829224e-01,1.211453452706336975e-01,-1.799193955957889557e-02,1.458260565996170044e-01,-1.137726902961730957e+00,3.461878299713134766e-01,5.019805952906608582e-02,-2.459059059619903564e-01,0.000000000000000000e+00,-9.380527138710021973e-01,-4.077211022377014160e-01,-4.575141146779060364e-02,-4.970802068710327148e-01,0.000000000000000000e+00
-1.228656849834295628e-01,4.089305607803356279e-02,8.305777311325073242e-01,3.160764650403925097e-02,-1.811315119913022714e-02,4.839465043687031683e-03,9.993244968548524731e-01,-3.331469297409057617e-01,4.186416789889335632e-02,-4.342296719551086426e-02,1.563185006380081177e-01,8.275594562292098999e-02,2.737812232226133347e-03,-3.430460020899772644e-02,-7.305359840393066406e-02,2.534914612770080566e-01,7.455652207136154175e-02,1.179595664143562317e-01,1.127828061580657959e-01,-1.521732658147811890e-02,1.645219773054122925e-01,-1.105871319770812988e+00,3.279854655265808105e-01,3.466254472732543945e-02,-2.219417840242385864e-01,0.000000000000000000e+00,-9.599409699440002441e-01,-3.950479328632354736e-01,-4.605596140027046204e-02,-4.956705868244171143e-01,0.000000000000000000e+00
-1.200409887561787459e-01,4.031389540808119620e-02,8.306490182876586914e-01,3.096789109404451956e-02,-2.168553572483305353e-02,1.323431412915885078e-02,9.991974680667706776e-01,-3.154610097408294678e-01,4.228550195693969727e-02,-4.136514663696289062e-02,1.442920267581939697e-01,8.744726330041885376e-02,-1.341615919955074787e-03,-1.195771433413028717e-02,-7.205643504858016968e-02,2.326676845550537109e-01,6.624556332826614380e-02,1.208527907729148865e-01,1.068902537226676941e-01,-1.444891188293695450e-02,1.860205829143524170e-01,-1.076375246047973633e+00,3.124864995479583740e-01,1.994003728032112122e-02,-2.146835327148437500e-01,0.000000000000000000e+00,-1.002357721328735352e+00,-4.044650197029113770e-01,-4.949784278869628906e-02,-5.181950330734252930e-01,0.000000000000000000e+00
-1.176957446782023464e-01,3.882573102562983380e-02,8.305287361145019531e-01,3.002231346752496852e-02,-2.343493715963360785e-02,2.703891814869607141e-02,9.989085850665865296e-01,-3.089370727539062500e-01,3.920862451195716858e-02,-5.714451894164085388e-02,1.382049918174743652e-01,8.883777260780334473e-02,-5.768898874521255493e-03,5.207215901464223862e-03,-6.921490281820297241e-02,2.055467665195465088e-01,6.050739437341690063e-02,1.191779375076293945e-01,1.049383953213691711e-01,-1.360294595360755920e-02,2.169262021780014038e-01,-1.056342959403991699e+00,2.967520058155059814e-01,-4.801115486770868301e-03,-2.219147831201553345e-01,0.000000000000000000e+00,-1.064695954322814941e+00,-4.341575801372528076e-01,-5.203032493591308594e-02,-5.450204014778137207e-01,0.000000000000000000e+00
-1.150542073039387547e-01,3.676060306691110446e-02,8.305350542068481445e-01,2.984621113681424145e-02,-2.399893094122087372e-02,4.245703949238431585e-02,9.983639891302157343e-01,-3.079058229923248291e-01,3.344737365841865540e-02,-7.926718890666961670e-02,1.353985667228698730e-01,9.049358963966369629e-02,-1.288958173245191574e-02,1.815091073513031006e-02,-6.674245744943618774e-02,1.783252805471420288e-01,5.672867968678474426e-02,1.219724267721176147e-01,1.036732271313667297e-01,-1.990626007318496704e-02,2.499800175428390503e-01,-1.052676796913146973e+00,2.752758264541625977e-01,-3.026034496724605560e-02,-2.411407530307769775e-01,0.000000000000000000e+00,-1.124365568161010742e+00,-4.656981229782104492e-01,-4.757042601704597473e-02,-5.387831330299377441e-01,0.000000000000000000e+00
-1.139546283591526543e-01,3.441427169892841142e-02,8.307113051414489746e-01,3.053187514109911155e-02,-2.422504133398374615e-02,5.534103393932598286e-02,9.977065309675292593e-01,-3.100262284278869629e-01,2.722301706671714783e-02,-9.720427542924880981e-02,1.351688206195831299e-01,9.401418268680572510e-02,-2.368432842195034027e-02,2.564447373151779175e-02,-6.593432277441024780e-02,1.546998918056488037e-01,5.544160306453704834e-02,1.244866624474525452e-01,9.988495707511901855e-02,-2.634763531386852264e-02,2.833477854728698730e-01,-1.053810119628906250e+00,2.588558793067932129e-01,-6.761646270751953125e-02,-2.611043751239776611e-01,0.000000000000000000e+00,-1.176135540008544922e+00,-5.000197887420654297e-01,-2.933050319552421570e-02,-4.859739243984222412e-01,0.000000000000000000e+00
-1.129344439289751839e-01,3.155087449010273576e-02,8.313387632369995117e-01,3.114387282896950021e-02,-2.505340531621453454e-02,6.555968808480117094e-02,9.970477989371914207e-01,-3.096844851970672607e-01,2.346484921872615814e-02,-1.142987385392189026e-01,1.340785026550292969e-01,9.072916209697723389e-02,-2.813187614083290100e-02,3.255504369735717773e-02,-6.356562674045562744e-02,1.334329098463058472e-01,5.451133102178573608e-02,1.205166801810264587e-01,1.026527732610702515e-01,-3.722384572029113770e-02,3.162657916545867920e-01,-1.053456425666809082e+00,2.485271245241165161e-01,-1.026423797011375427e-01,-2.751891016960144043e-01,0.000000000000000000e+00,-1.213901638984680176e+00,-5.400398969650268555e-01,-7.579596247524023056e-03,-3.875238895416259766e-01,0.000000000000000000e+00
-1.157319876415646431e-01,2.365647181545831035e-02,8.320308923721313477e-01,4.287173222243956250e-02,-9.331203665211618148e-03,9.062170546832665208e-02,9.949184135960184028e-01,-3.899375200271606445e-01,-3.060035035014152527e-02,-1.957760304212570190e-01,1.917770653963088989e-01,7.211083918809890747e-02,-3.725879639387130737e-02,-2.911871299147605896e-02,-8.366026729345321655e-02,1.299167871475219727e-01,9.397435188293457031e-02,1.040140315890312195e-01,9.841191768646240234e-02,-9.975961595773696899e-02,2.316085994243621826e-01,-9.550645351409912109e-01,4.012724757194519043e-01,-1.261674761772155762e-01,-4.755190014839172363e-01,0.000000000000000000e+00,-1.441226005554199219e+00,-4.965224862098693848e-01,6.428050249814987183e-02,-7.143118418753147125e-03,0.000000000000000000e+00
-1.146912963198156443e-01,1.848101329004771948e-02,8.322992920875549316e-01,4.787534933714069491e-02,-9.576205332679152415e-03,9.987460507887520322e-02,9.938014441917519814e-01,-3.890679776668548584e-01,-4.129610955715179443e-02,-2.046855390071868896e-01,1.915859580039978027e-01,6.686509400606155396e-02,-4.734067618846893311e-02,-2.619381435215473175e-02,-8.873220533132553101e-02,1.146158277988433838e-01,9.670362621545791626e-02,9.572912007570266724e-02,9.744375944137573242e-02,-1.351254582405090332e-01,1.842922121286392212e-01,-8.978896141052246094e-01,4.823170602321624756e-01,-9.677164256572723389e-02,-5.284453034400939941e-01,0.000000000000000000e+00,-1.566552996635437012e+00,-4.091916680335998535e-01,1.190443783998489380e-01,2.557647526264190674e-01,0.000000000000000000e+00
-1.137553177651873665e-01,1.545749567876230496e-02,8.324974179267883301e-01,4.967708688360226998e-02,-1.115265242514326682e-02,1.067352310189655790e-01,9.929830793331632099e-01,-3.830370903015136719e-01,-4.456776753067970276e-02,-2.128600478172302246e-01,1.873050630092620850e-01,7.281740754842758179e-02,-5.439667031168937683e-02,-1.522528938949108124e-02,-8.912701904773712158e-02,9.769722074270248413e-02,9.185384213924407959e-02,9.884458780288696289e-02,8.890562504529953003e-02,-1.552621424198150635e-01,1.774414926767349243e-01,-8.814325332641601562e-01,4.999266266822814941e-01,-1.201338395476341248e-01,-5.434309244155883789e-01,0.000000000000000000e+00,-1.602934241294860840e+00,-4.019752144813537598e-01,1.716208457946777344e-01,4.131735563278198242e-01,0.000000000000000000e+00
-1.130529928515151966e-01,1.430230657266522154e-02,8.324512839317321777e-01,4.845782169687764401e-02,-1.411958822353908717e-02,1.113279091296151546e-01,9.925011704746848906e-01,-3.712781071662902832e-01,-4.053825139999389648e-02,-2.153757065534591675e-01,1.769307106733322144e-01,7.875358313322067261e-02,-5.800369754433631897e-02,1.140416134148836136e-03,-8.479046076536178589e-02,7.781732082366943359e-02,8.233801275491714478e-02,1.011266335844993591e-01,8.688477426767349243e-02,-1.599979847669601440e-01,2.006275504827499390e-01,-8.918790817260742188e-01,4.752307534217834473e-01,-1.307137161493301392e-01,-5.268964767456054688e-01,0.000000000000000000e+00,-1.569805860519409180e+00,-4.443253278732299805e-01,2.129584252834320068e-01,4.060286283493041992e-01,0.000000000000000000e+00
-1.138107349382388583e-01,1.242600962562801642e-02,8.317347168922424316e-01,5.014025572926829322e-02,-1.245429662785118956e-02,1.218839314579886618e-01,9.911988460966111303e-01,-3.816716074943542480e-01,-5.423434451222419739e-02,-2.398100048303604126e-01,1.812136620283126831e-01,8.007951080799102783e-02,-5.471293628215789795e-02,2.483285497874021530e-04,-8.846735954284667969e-02,5.773796513676643372e-02,7.972723990678787231e-02,1.033297851681709290e-01,8.893924206495285034e-02,-1.681260168552398682e-01,2.048020213842391968e-01,-8.806341886520385742e-01,4.815444350242614746e-01,-1.339671015739440918e-01,-5.412738323211669922e-01,0.000000000000000000e+00,-1.493683576583862305e+00,-4.969095289707183838e-01,1.819226294755935669e-01,2.663543522357940674e-01,0.000000000000000000e+00
-1.151104642206014217e-01,1.391188896238196998e-02,8.298191428184509277e-01,4.786071547432910189e-02,-1.390057550917022516e-02,1.274640204043069602e-01,9.905902530396560879e-01,-3.829566240310668945e-01,-5.553736165165901184e-02,-2.503182590007781982e-01,1.815924495458602905e-01,8.257538080215454102e-02,-5.149609595537185669e-02,6.444129627197980881e-03,-8.577737957239151001e-02,4.182751849293708801e-02,7.610583305358886719e-02,1.045582666993141174e-01,8.934754133224487305e-02,-1.492990553379058838e-01,2.295898348093032837e-01,-8.839379549026489258e-01,4.380268752574920654e-01,-1.328146308660507202e-01,-5.352481007575988770e-01,0.000000000000000000e+00,-1.415929675102233887e+00,-5.329914689064025879e-01,1.391303092241287231e-01,1.373832523822784424e-01,0.000000000000000000e+00
-1.147731293325993801e-01,1.916270763924536602e-02,8.279294371604919434e-01,4.262183161399698411e-02,-2.156480997431729080e-02,1.287363800178625561e-01,9.905277799741591949e-01,-3.545506894588470459e-01,-4.350714385509490967e-02,-2.405053079128265381e-01,1.623547077178955078e-01,9.258155524730682373e-02,-4.610720276832580566e-02,3.499263152480125427e-02,-7.923851907253265381e-02,1.664897613227367401e-02,6.708545237779617310e-02,1.109344512224197388e-01,8.642610907554626465e-02,-1.070648804306983948e-01,2.751582264900207520e-01,-8.936769366264343262e-01,3.501897454261779785e-01,-1.344793885946273804e-01,-4.998922049999237061e-01,0.000000000000000000e+00,-1.373031854629516602e+00,-5.613578557968139648e-01,1.452195048332214355e-01,9.405805170536041260e-02,0.000000000000000000e+00
-1.147794482379976555e-01,2.251687667884645638e-02,8.270430564880371094e-01,3.825813543620203150e-02,-2.539293297412523187e-02,1.291791195143743298e-01,9.905575546677779508e-01,-3.406678736209869385e-01,-3.426750749349594116e-02,-2.377426922321319580e-01,1.508082449436187744e-01,9.808199852705001831e-02,-3.915043175220489502e-02,5.223912745714187622e-02,-7.219918817281723022e-02,4.117519594728946686e-03,5.498019605875015259e-02,1.141574457287788391e-01,8.545722067356109619e-02,-7.874060422182083130e-02,3.001007437705993652e-01,-8.978437781333923340e-01,2.972438037395477295e-01,-1.360042393207550049e-01,-4.684702754020690918e-01,0.000000000000000000e+00,-1.338186502456665039e+00,-5.874408483505249023e-01,1.286370009183883667e-01,2.910665795207023621e-02,0.000000000000000000e+00
-1.154459857329738770e-01,2.332033978105257227e-02,8.266697525978088379e-01,3.554771670630749170e-02,-2.768371675839009782e-02,1.283878768987178898e-01,9.907000175274294218e-01,-3.334974348545074463e-01,-2.667522244155406952e-02,-2.352630048990249634e-01,1.449831873178482056e-01,1.007370501756668091e-01,-3.753054141998291016e-02,6.160110235214233398e-02,-6.642072647809982300e-02,-2.848466392606496811e-04,4.727955162525177002e-02,1.168164759874343872e-01,8.478254079818725586e-02,-6.686584651470184326e-02,3.145418167114257812e-01,-9.076079130172729492e-01,2.685232162475585938e-01,-1.399940550327301025e-01,-4.451478123664855957e-01,0.000000000000000000e+00,-1.304035544395446777e+00,-6.098666191101074219e-01,1.139771267771720886e-01,-1.978435926139354706e-02,0.000000000000000000e+00
-1.142616697813475385e-01,2.428377478848566667e-02,8.275065422058105469e-01,3.408990767465988614e-02,-2.782962310667166927e-02,1.288054513178673866e-01,9.906929625182941956e-01,-3.302984833717346191e-01,-2.414638176560401917e-02,-2.358595728874206543e-01,1.418937891721725464e-01,1.018671020865440369e-01,-3.603967651724815369e-02,6.756839901208877563e-02,-6.320140510797500610e-02,-1.875400193966925144e-03,4.081318899989128113e-02,1.169468313455581665e-01,8.419916778802871704e-02,-5.586480721831321716e-02,3.380630314350128174e-01,-9.100694656372070312e-01,2.407493442296981812e-01,-1.490572392940521240e-01,-4.272185862064361572e-01,0.000000000000000000e+00,-1.294174671173095703e+00,-6.035099029541015625e-01,7.624915987253189087e-02,-5.020087584853172302e-02,0.000000000000000000e+00
-1.137417182012512018e-01,2.358357766308227799e-02,8.286160826683044434e-01,3.368279035601606103e-02,-2.836725599943830736e-02,1.255897582241905230e-01,9.911044248968342574e-01,-3.273457288742065430e-01,-1.901054754853248596e-02,-2.311460524797439575e-01,1.407985240221023560e-01,1.044799834489822388e-01,-4.010524228215217590e-02,6.901916861534118652e-02,-6.029377877712249756e-02,2.518159104511141777e-03,3.864087909460067749e-02,1.189041435718536377e-01,8.310689777135848999e-02,-5.757684260606765747e-02,3.579726815223693848e-01,-9.181544184684753418e-01,2.165581583976745605e-01,-1.670639365911483765e-01,-4.134102165699005127e-01,0.000000000000000000e+00,-1.286198854446411133e+00,-5.994658470153808594e-01,5.818589404225349426e-02,-2.050033956766128540e-02,0.000000000000000000e+00
-1.170383131427417261e-01,1.311853820858514819e-02,8.301679491996765137e-01,4.794577689382106822e-02,-1.395088653706404690e-02,1.296879672783125548e-01,9.902967264341012710e-01,-3.911207914352416992e-01,-6.005729362368583679e-02,-2.611464858055114746e-01,1.907659173011779785e-01,7.744349539279937744e-02,-4.458840191364288330e-02,2.635649871081113815e-03,-8.553510904312133789e-02,4.258928820490837097e-02,7.784831523895263672e-02,9.993284195661544800e-02,8.457624167203903198e-02,-1.348378211259841919e-01,2.674045562744140625e-01,-8.471140861511230469e-01,3.946636319160461426e-01,-1.756548583507537842e-01,-5.388098955154418945e-01,0.000000000000000000e+00,-1.431565523147583008e+00,-4.930923283100128174e-01,3.593664616346359253e-02,2.053573429584503174e-01,0.000000000000000000e+00
-1.161396697567459585e-01,1.093431564347425999e-02,8.312813043594360352e-01,4.892913072755890325e-02,-1.416165681765535825e-02,1.263639226154980588e-01,9.906752983211244423e-01,-3.848960995674133301e-01,-5.439693853259086609e-02,-2.530713677406311035e-01,1.846247464418411255e-01,7.864228636026382446e-02,-5.282761529088020325e-02,3.713834332302212715e-03,-8.379315584897994995e-02,5.080661550164222717e-02,7.666782289743423462e-02,1.018648073077201843e-01,8.195056021213531494e-02,-1.468159109354019165e-01,2.569592297077178955e-01,-8.302245736122131348e-01,4.152886569499969482e-01,-1.897173225879669189e-01,-5.547887086868286133e-01,0.000000000000000000e+00,-1.480419635772705078e+00,-4.715595543384552002e-01,9.563270956277847290e-02,3.604505956172943115e-01,0.000000000000000000e+00
-1.175551079104169283e-01,8.865574048386039296e-03,8.313695192337036133e-01,5.213506487974180897e-02,-1.441649135567502765e-02,1.233995566440518471e-01,9.908817533929203947e-01,-3.821732997894287109e-01,-5.613166838884353638e-02,-2.434387058019638062e-01,1.818649917840957642e-01,7.780934870243072510e-02,-5.406296253204345703e-02,2.827371936291456223e-04,-8.900563418865203857e-02,5.793533846735954285e-02,7.919172942638397217e-02,1.032759919762611389e-01,8.091712743043899536e-02,-1.586443036794662476e-01,2.214604318141937256e-01,-8.021952509880065918e-01,4.505566954612731934e-01,-1.876365989446640015e-01,-5.810970067977905273e-01,0.000000000000000000e+00,-1.566775441169738770e+00,-3.784504830837249756e-01,1.267303526401519775e-01,5.627121925354003906e-01,0.000000000000000000e+00
-1.191391366399168067e-01,7.581739456654135179e-03,8.309515714645385742e-01,5.089017221634285770e-02,-1.795554484149395821e-02,1.164554291663943836e-01,9.917287541454603561e-01,-3.657324910163879395e-01,-4.120491817593574524e-02,-2.250877469778060913e-01,1.664512455463409424e-01,8.439133316278457642e-02,-5.820482969284057617e-02,1.109763886779546738e-02,-8.343981951475143433e-02,6.025362014770507812e-02,7.031905651092529297e-02,1.103557273745536804e-01,8.605442196130752563e-02,-1.526770144701004028e-01,2.312503606081008911e-01,-8.160954117774963379e-01,4.186083078384399414e-01,-2.119785100221633911e-01,-5.685232281684875488e-01,0.000000000000000000e+00,-1.525876283645629883e+00,-3.887910246849060059e-01,1.931468993425369263e-01,5.592344999313354492e-01,0.000000000000000000e+00
-1.216898798201877796e-01,5.692137986617759604e-03,8.301985859870910645e-01,5.213441005587859944e-02,-1.784768185537952134e-02,1.115802334870305557e-01,9.922264434268492916e-01,-3.651442527770996094e-01,-3.770972043275833130e-02,-2.163040935993194580e-01,1.597808152437210083e-01,8.957428485155105591e-02,-5.503166839480400085e-02,6.989436689764261246e-03,-8.483371138572692871e-02,7.090917229652404785e-02,6.564670801162719727e-02,1.169521734118461609e-01,9.470023214817047119e-02,-1.551326960325241089e-01,2.246586978435516357e-01,-8.255957365036010742e-01,4.300583004951477051e-01,-2.181038111448287964e-01,-5.813689231872558594e-01,0.000000000000000000e+00,-1.448527574539184570e+00,-4.075360596179962158e-01,2.343956083059310913e-01,4.407317340373992920e-01,0.000000000000000000e+00
-1.261964051387973740e-01,6.847503121793108161e-03,8.303166031837463379e-01,5.173860887942492021e-02,-1.849569755994287870e-02,1.032553071625604418e-01,9.931361271576814032e-01,-3.675569295883178711e-01,-3.330747410655021667e-02,-2.074615508317947388e-01,1.569695323705673218e-01,9.204259514808654785e-02,-4.709396883845329285e-02,-3.738975385203957558e-03,-8.558794856071472168e-02,8.813001215457916260e-02,6.657406687736511230e-02,1.221216320991516113e-01,1.008196771144866943e-01,-1.392647176980972290e-01,2.235864400863647461e-01,-8.270174860954284668e-01,4.167458117008209229e-01,-2.093905955553054810e-01,-6.097778081893920898e-01,0.000000000000000000e+00,-1.311651945114135742e+00,-4.153747856616973877e-01,2.249622792005538940e-01,2.615889012813568115e-01,0.000000000000000000e+00
-1.297922978645721925e-01,8.256558217908098463e-03,8.290619850158691406e-01,5.006385529151143043e-02,-2.066212003141659065e-02,9.327790050291412394e-02,9.941659421177766465e-01,-3.609648048877716064e-01,-2.251410111784934998e-02,-1.893505454063415527e-01,1.506167054176330566e-01,9.546018391847610474e-02,-4.092130810022354126e-02,-3.219162579625844955e-03,-8.331030607223510742e-02,1.020569950342178345e-01,6.317130476236343384e-02,1.263163387775421143e-01,1.077146679162979126e-01,-1.132755652070045471e-01,2.340604215860366821e-01,-8.390492796897888184e-01,3.789506554603576660e-01,-2.018860727548599243e-01,-6.175697445869445801e-01,0.000000000000000000e+00,-1.193335771560668945e+00,-4.371444284915924072e-01,2.288988232612609863e-01,1.404677927494049072e-01,0.000000000000000000e+00
-1.336988705850450376e-01,1.006448212713360185e-02,8.303372859954833984e-01,4.833472435947462620e-02,-2.202381038500125440e-02,7.691062379512819680e-02,9.956221482794883615e-01,-3.560268878936767578e-01,-9.275131858885288239e-03,-1.684138774871826172e-01,1.446797847747802734e-01,9.418224543333053589e-02,-3.366294130682945251e-02,-1.300256326794624329e-02,-8.054417371749877930e-02,1.340642720460891724e-01,6.353793293237686157e-02,1.314665824174880981e-01,1.146786138415336609e-01,-9.200676530599594116e-02,2.448263168334960938e-01,-8.588244318962097168e-01,3.554302155971527100e-01,-1.726962327957153320e-01,-6.421124339103698730e-01,0.000000000000000000e+00,-1.023201942443847656e+00,-4.733078181743621826e-01,2.332442551851272583e-01,-2.895617485046386719e-02,0.000000000000000000e+00
-1.372996118738769034e-01,1.144720883784830501e-02,8.308556675910949707e-01,4.703809489495300311e-02,-2.437573341157747014e-02,6.102128539542658187e-02,9.967294738182428393e-01,-3.434048593044281006e-01,5.506508983671665192e-03,-1.386403292417526245e-01,1.328673958778381348e-01,9.809692949056625366e-02,-2.446197718381881714e-02,-1.320524234324693680e-02,-7.819668948650360107e-02,1.593360453844070435e-01,5.621519312262535095e-02,1.399691700935363770e-01,1.203314661979675293e-01,-7.588904350996017456e-02,2.529912889003753662e-01,-8.882037401199340820e-01,3.417368233203887939e-01,-1.432775557041168213e-01,-6.528738141059875488e-01,0.000000000000000000e+00,-8.726179003715515137e-01,-5.004749894142150879e-01,2.261829972267150879e-01,-1.256211847066879272e-01,0.000000000000000000e+00
-1.409352483229508735e-01,1.306731443345345023e-02,8.320562243461608887e-01,4.439638066021114882e-02,-2.500993894154149993e-02,4.295566313439010825e-02,9.977766660646554264e-01,-3.348503112792968750e-01,2.379526570439338684e-02,-1.058635413646697998e-01,1.215572655200958252e-01,1.057844385504722595e-01,-2.637958712875843048e-02,-2.167070843279361725e-02,-7.190687954425811768e-02,1.921677142381668091e-01,5.337271839380264282e-02,1.483796536922454834e-01,1.225240975618362427e-01,-5.781417712569236755e-02,2.603152692317962646e-01,-9.264150261878967285e-01,3.302017748355865479e-01,-1.171303018927574158e-01,-6.706646084785461426e-01,0.000000000000000000e+00,-7.227470278739929199e-01,-5.235943794250488281e-01,2.204309254884719849e-01,-2.090876400470733643e-01,0.000000000000000000e+00
-1.424905985773582684e-01,1.383303681038128979e-02,8.324457406997680664e-01,4.236066339774577361e-02,-2.712925179453799795e-02,2.602973180996180982e-02,9.983947270270776553e-01,-3.151537775993347168e-01,4.133930802345275879e-02,-7.239052653312683105e-02,1.044693142175674438e-01,1.073009669780731201e-01,-2.287388965487480164e-02,-1.681314967572689056e-02,-6.721344590187072754e-02,2.143831402063369751e-01,4.220975935459136963e-02,1.500412523746490479e-01,1.346513628959655762e-01,-4.105261340737342834e-02,2.564589679241180420e-01,-9.623149037361145020e-01,3.384553492069244385e-01,-7.821457087993621826e-02,-6.811177134513854980e-01,0.000000000000000000e+00,-5.984219908714294434e-01,-5.187546610832214355e-01,2.113451659679412842e-01,-2.409981042146682739e-01,0.000000000000000000e+00
-1.454862290370337874e-01,1.543480897538954122e-02,8.332833051681518555e-01,4.012740454531602691e-02,-2.647148493272332911e-02,7.374889691254831944e-03,9.988166312651962642e-01,-3.075725138187408447e-01,5.777088180184364319e-02,-3.879585489630699158e-02,9.331899881362915039e-02,1.067532971501350403e-01,-2.139354310929775238e-02,-2.823666483163833618e-02,-6.123588234186172485e-02,2.484752833843231201e-01,4.040843248367309570e-02,1.509974449872970581e-01,1.439212262630462646e-01,-2.517266944050788879e-02,2.494830638170242310e-01,-1.006447792053222656e+00,3.518216907978057861e-01,-3.317035734653472900e-02,-6.934740543365478516e-01,0.000000000000000000e+00,-4.702733159065246582e-01,-5.392535328865051270e-01,1.925830096006393433e-01,-2.912339866161346436e-01,0.000000000000000000e+00
-1.477344080465290699e-01,1.848928760113740383e-02,8.346111178398132324e-01,3.576801328633883587e-02,-2.392546075643219722e-02,-1.060599044265037733e-02,9.990173844933186720e-01,-3.036827147006988525e-01,7.641544193029403687e-02,-5.674865562468767166e-03,8.315415680408477783e-02,1.138752624392509460e-01,-2.049566619098186493e-02,-4.287120699882507324e-02,-5.149389803409576416e-02,2.857906818389892578e-01,3.959172219038009644e-02,1.580686271190643311e-01,1.430058032274246216e-01,-3.463466884568333626e-03,2.315485924482345581e-01,-1.050522923469543457e+00,3.621650040149688721e-01,-6.269990932196378708e-03,-6.961013674736022949e-01,0.000000000000000000e+00,-3.603892624378204346e-01,-5.709025263786315918e-01,1.759544163942337036e-01,-3.212160170078277588e-01,0.000000000000000000e+00
-1.478005391169575078e-01,1.917003901331886667e-02,8.349187374114990234e-01,3.379251184802124774e-02,-2.618952508082151437e-02,-2.435078758871637994e-02,9.987888736178690552e-01,-2.822721004486083984e-01,9.038800001144409180e-02,2.408279106020927429e-02,6.809112429618835449e-02,1.115404739975929260e-01,-1.315564662218093872e-02,-3.527378290891647339e-02,-4.606312140822410583e-02,3.007514476776123047e-01,3.205667063593864441e-02,1.570765823125839233e-01,1.597488671541213989e-01,8.120700716972351074e-03,2.036270648241043091e-01,-1.077671408653259277e+00,3.863314092159271240e-01,2.016454935073852539e-02,-6.795418262481689453e-01,0.000000000000000000e+00,-2.908309400081634521e-01,-5.678787231445312500e-01,1.504646688699722290e-01,-3.188211023807525635e-01,0.000000000000000000e+00
-1.484817418908704334e-01,2.090919375377081613e-02,8.358734846115112305e-01,3.130803827067597800e-02,-2.595774861139190509e-02,-4.195164660639304904e-02,9.982915713225680721e-01,-2.706177234649658203e-01,1.052014082670211792e-01,6.004158034920692444e-02,6.110329553484916687e-02,1.109738498926162720e-01,-1.453206501901149750e-02,-4.040690883994102478e-02,-3.956154733896255493e-02,3.358094990253448486e-01,2.888612635433673859e-02,1.635843664407730103e-01,1.586004495620727539e-01,1.905854418873786926e-02,1.689071804285049438e-01,-1.117318272590637207e+00,4.309297502040863037e-01,4.001475498080253601e-02,-6.535196900367736816e-01,0.000000000000000000e+00,-2.112550586462020874e-01,-5.776257514953613281e-01,1.372690200805664062e-01,-3.106243312358856201e-01,0.000000000000000000e+00
-1.484991703520166795e-01,2.203509245027203411e-02,8.367484211921691895e-01,2.979235776842211261e-02,-2.531470457414262271e-02,-5.791673060634863757e-02,9.975556292592377972e-01,-2.622848451137542725e-01,1.175100356340408325e-01,8.876921981573104858e-02,5.849504843354225159e-02,1.116132289171218872e-01,-1.209742110222578049e-02,-4.397628456354141235e-02,-3.465836867690086365e-02,3.668178915977478027e-01,2.517343126237392426e-02,1.633788645267486572e-01,1.618809401988983154e-01,2.985673956573009491e-02,1.396439671516418457e-01,-1.145427465438842773e+00,4.696264564990997314e-01,5.614846572279930115e-02,-6.019665598869323730e-01,0.000000000000000000e+00,-1.511830240488052368e-01,-5.867880582809448242e-01,1.165533885359764099e-01,-3.068295717239379883e-01,0.000000000000000000e+00
-1.488302856726225476e-01,2.377700277469409207e-02,8.380568027496337891e-01,2.663857045785784916e-02,-2.361186177348156487e-02,-7.197068966678406288e-02,9.967713310365819979e-01,-2.636010050773620605e-01,1.313154548406600952e-01,1.086909100413322449e-01,6.366948038339614868e-02,1.094926819205284119e-01,-1.000167056918144226e-02,-5.195437744259834290e-02,-2.631060034036636353e-02,3.946584165096282959e-01,2.467823959887027740e-02,1.623928248882293701e-01,1.669965684413909912e-01,4.869962483644485474e-02,1.088428050279617310e-01,-1.173922300338745117e+00,5.050826668739318848e-01,8.019837737083435059e-02,-4.999865889549255371e-01,0.000000000000000000e+00,-9.696007519960403442e-02,-6.223186850547790527e-01,8.356039971113204956e-02,-3.162012994289398193e-01,0.000000000000000000e+00
-1.488289780213489788e-01,2.473066208039777225e-02,8.394133448600769043e-01,2.486814710443830539e-02,-2.368732787666059936e-02,-8.552991428880590830e-02,9.957435008672691490e-01,-2.579863965511322021e-01,1.420241892337799072e-01,1.295067220926284790e-01,6.648727506399154663e-02,1.094738468527793884e-01,-6.378518883138895035e-03,-5.298382043838500977e-02,-2.127584442496299744e-02,4.189471006393432617e-01,2.135556749999523163e-02,1.627193391323089600e-01,1.714291870594024658e-01,6.267090886831283569e-02,7.892709970474243164e-02,-1.191944241523742676e+00,5.562371611595153809e-01,8.728649467229843140e-02,-3.436166346073150635e-01,0.000000000000000000e+00,-5.869912356138229370e-02,-6.435062289237976074e-01,6.475771963596343994e-02,-3.166460692882537842e-01,0.000000000000000000e+00
-1.489354668719941044e-01,2.520597172184497331e-02,8.404488563537597656e-01,2.383335283657038797e-02,-2.424002859285262490e-02,-9.797272682959355661e-02,9.946083335182543950e-01,-2.517378926277160645e-01,1.511627286672592163e-01,1.496166586875915527e-01,7.012689113616943359e-02,1.103959977626800537e-01,-3.702710615471005440e-03,-5.268875882029533386e-02,-1.750745996832847595e-02,4.414620697498321533e-01,1.792359724640846252e-02,1.626284569501876831e-01,1.772728264331817627e-01,7.612649351358413696e-02,5.030357837677001953e-02,-1.214670538902282715e+00,5.994557738304138184e-01,7.242608070373535156e-02,-1.203074976801872253e-01,0.000000000000000000e+00,-3.561412543058395386e-02,-6.643653512001037598e-01,5.615620315074920654e-02,-3.165202140808105469e-01,0.000000000000000000e+00
-1.482436260467292211e-01,2.537171849622926745e-02,8.412799239158630371e-01,2.306373060149920218e-02,-2.453153226356923067e-02,-1.091653672786345314e-01,9.934531648962943162e-01,-2.461337894201278687e-01,1.590680330991744995e-01,1.686519384384155273e-01,7.465957850217819214e-02,1.094270497560501099e-01,7.905023085186257958e-05,-5.104822665452957153e-02,-1.522776950150728226e-02,4.616228640079498291e-01,1.339366938918828964e-02,1.610335558652877808e-01,1.819361299276351929e-01,8.874473720788955688e-02,1.815222948789596558e-02,-1.246850132942199707e+00,6.296398639678955078e-01,4.757847264409065247e-02,9.121936559677124023e-02,0.000000000000000000e+00,-2.349402196705341339e-02,-6.875905990600585938e-01,4.976715520024299622e-02,-3.204992413520812988e-01,0.000000000000000000e+00
-1.470701640201882987e-01,2.494528433771905918e-02,8.416609168052673340e-01,2.385512611049301138e-02,-2.441256635005233100e-02,-1.218734776353285615e-01,9.919585752497570574e-01,-2.365477979183197021e-01,1.657022982835769653e-01,1.854181587696075439e-01,7.636322081089019775e-02,1.076654344797134399e-01,1.194573240354657173e-03,-5.105827748775482178e-02,-1.487038191407918930e-02,4.752663373947143555e-01,9.807805530726909637e-03,1.523808240890502930e-01,2.032189518213272095e-01,9.478019177913665771e-02,-1.568549871444702148e-02,-1.252474546432495117e+00,6.850738525390625000e-01,2.814255282282829285e-02,1.264342367649078369e-01,0.000000000000000000e+00,-3.906964138150215149e-02,-6.891153454780578613e-01,5.524538457393646240e-02,-3.305245637893676758e-01,0.000000000000000000e+00
-1.472748303966313899e-01,2.492070611883522718e-02,8.417227864265441895e-01,2.428188175328442264e-02,-2.409901460142075194e-02,-1.345695632050555035e-01,9.903134152239686516e-01,-2.341989576816558838e-01,1.721255630254745483e-01,2.125310748815536499e-01,8.021862804889678955e-02,1.109328120946884155e-01,5.045048426836729050e-03,-5.616776272654533386e-02,-1.296888571232557297e-02,4.971848428249359131e-01,1.118907891213893890e-02,1.540768146514892578e-01,2.096873074769973755e-01,9.942219406366348267e-02,-3.411415219306945801e-02,-1.237526893615722656e+00,7.252660989761352539e-01,1.535632740706205368e-02,5.188822001218795776e-02,0.000000000000000000e+00,-4.699308797717094421e-02,-7.068112492561340332e-01,5.482468754053115845e-02,-3.463406860828399658e-01,0.000000000000000000e+00
-1.486663051193222174e-01,2.376085154107552416e-02,8.416395187377929688e-01,2.470868083030845069e-02,-2.526812281108018962e-02,-1.474688207354489800e-01,9.884351015479599933e-01,-2.284148484468460083e-01,1.814142465591430664e-01,2.319079488515853882e-01,8.688914030790328979e-02,1.086382567882537842e-01,-1.458722836105152965e-04,-5.746766552329063416e-02,-9.765263646841049194e-03,5.197110772132873535e-01,1.156668085604906082e-02,1.561053544282913208e-01,2.148965597152709961e-01,9.731462597846984863e-02,-4.034512117505073547e-02,-1.225103259086608887e+00,7.289596199989318848e-01,1.320820674300193787e-02,-5.285716801881790161e-02,0.000000000000000000e+00,-4.611967131495475769e-02,-7.081159353256225586e-01,4.734462872147560120e-02,-3.555388748645782471e-01,0.000000000000000000e+00
-1.491402161765445211e-01,2.190819943014010729e-02,8.419504761695861816e-01,2.487410294890483528e-02,-2.609112431877452787e-02,-1.590266247799437538e-01,9.866159662428783950e-01,-2.240358740091323853e-01,1.913054585456848145e-01,2.539114356040954590e-01,9.453500807285308838e-02,1.071164011955261230e-01,4.150100518018007278e-03,-5.662721022963523865e-02,-6.190862040966749191e-03,5.371305942535400391e-01,8.956005796790122986e-03,1.547433286905288696e-01,2.254121601581573486e-01,9.471552073955535889e-02,-4.250727966427803040e-02,-1.211712121963500977e+00,7.361579537391662598e-01,2.333139069378376007e-02,-1.297284960746765137e-01,0.000000000000000000e+00,-3.369874879717826843e-02,-7.019823789596557617e-01,2.598480135202407837e-02,-3.624943792819976807e-01,0.000000000000000000e+00
-1.491060314422974209e-01,2.057254952145098903e-02,8.427536487579345703e-01,2.571482412401928860e-02,-2.666262256919511506e-02,-1.689483527687470343e-01,9.849285793775762743e-01,-2.202878594398498535e-01,1.977642178535461426e-01,2.713023424148559570e-01,1.026138812303543091e-01,1.117556318640708923e-01,1.041357126086950302e-02,-5.583455413579940796e-02,-5.756804719567298889e-03,5.523856282234191895e-01,6.573597434908151627e-03,1.542960405349731445e-01,2.266572415828704834e-01,9.625347703695297241e-02,-4.448746144771575928e-02,-1.185461997985839844e+00,7.456049323081970215e-01,3.140091150999069214e-02,-1.292232125997543335e-01,0.000000000000000000e+00,-2.088465541601181030e-02,-7.004178166389465332e-01,1.459605153650045395e-02,-3.694369792938232422e-01,0.000000000000000000e+00
-1.488844495381199118e-01,1.930422793288821826e-02,8.430900573730468750e-01,2.542539497172213378e-02,-2.750211288907680393e-02,-1.748272506346837396e-01,9.838864850747193191e-01,-2.217257916927337646e-01,2.039923518896102905e-01,2.833408117294311523e-01,1.116307005286216736e-01,1.178151145577430725e-01,2.396387793123722076e-02,-5.292272940278053284e-02,-3.492637770250439644e-03,5.619078278541564941e-01,4.636771976947784424e-03,1.534589976072311401e-01,2.231125235557556152e-01,9.995106607675552368e-02,-5.132494494318962097e-02,-1.173011064529418945e+00,7.620623111724853516e-01,3.098755702376365662e-02,-4.238063842058181763e-02,0.000000000000000000e+00,-1.373567804694175720e-02,-7.059945464134216309e-01,8.333001285791397095e-03,-3.798190355300903320e-01,0.000000000000000000e+00
-1.490126937833752829e-01,1.871960386679173000e-02,8.432203531265258789e-01,2.396062433338368852e-02,-2.720288702928257141e-02,-1.802697834232225849e-01,9.829489796542703051e-01,-2.293434888124465942e-01,2.119497060775756836e-01,2.755396664142608643e-01,1.263587474822998047e-01,1.262724250555038452e-01,2.907848730683326721e-02,-5.256866663694381714e-02,1.895746565423905849e-03,5.741490125656127930e-01,2.944655716419219971e-03,1.526024788618087769e-01,2.215483784675598145e-01,1.101245731115341187e-01,-6.306279450654983521e-02,-1.190971732139587402e+00,7.983729243278503418e-01,2.152416668832302094e-02,1.495995670557022095e-01,0.000000000000000000e+00,-2.125247381627559662e-02,-7.271472811698913574e-01,1.430144347250461578e-02,-3.917004168033599854e-01,0.000000000000000000e+00
-1.486763959407632896e-01,1.939750569302441108e-02,8.441556692123413086e-01,2.229160187238609508e-02,-2.556660768498571906e-02,-1.853840286096820333e-01,9.820805440461030100e-01,-2.385444343090057373e-01,2.204450219869613647e-01,2.716836631298065186e-01,1.397400647401809692e-01,1.341989487409591675e-01,2.955609373748302460e-02,-5.637580528855323792e-02,6.226915400475263596e-03,5.854858756065368652e-01,3.186832647770643234e-03,1.512953788042068481e-01,2.265960872173309326e-01,1.291738599538803101e-01,-7.652522623538970947e-02,-1.224433898925781250e+00,8.284616470336914062e-01,-2.720002643764019012e-02,4.068907499313354492e-01,0.000000000000000000e+00,-3.746554255485534668e-02,-7.599726319313049316e-01,3.118092007935047150e-02,-3.998572528362274170e-01,0.000000000000000000e+00
-1.478082302730382158e-01,2.037908426914110394e-02,8.459332585334777832e-01,1.964082987669287655e-02,-2.368051102486227327e-02,-1.904584047791303969e-01,9.812130590490250048e-01,-2.459066957235336304e-01,2.290692925453186035e-01,2.747911810874938965e-01,1.465259641408920288e-01,1.530387699604034424e-01,3.189424425363540649e-02,-5.878650397062301636e-02,1.126945856958627701e-02,5.935803055763244629e-01,8.369827410206198692e-04,1.483505070209503174e-01,2.290361076593399048e-01,1.536511182785034180e-01,-9.060081839561462402e-02,-1.241467237472534180e+00,8.653701543807983398e-01,-1.063407137989997864e-01,6.557352542877197266e-01,0.000000000000000000e+00,-5.764613300561904907e-02,-7.950497269630432129e-01,4.652484133839607239e-02,-4.015644788742065430e-01,0.000000000000000000e+00
-1.476464981734166571e-01,2.217909464826141319e-02,8.483110666275024414e-01,1.756164325225774078e-02,-2.131842507811123819e-02,-1.962421460103455084e-01,9.801663805536913188e-01,-2.531368732452392578e-01,2.363885939121246338e-01,2.823133468627929688e-01,1.510011702775955200e-01,1.685994416475296021e-01,3.600047156214714050e-02,-6.430906802415847778e-02,1.363140624016523361e-02,6.019290685653686523e-01,-2.162965247407555580e-03,1.481843292713165283e-01,2.369875013828277588e-01,1.807239651679992676e-01,-9.954147040843963623e-02,-1.232073068618774414e+00,9.012761116027832031e-01,-2.096486836671829224e-01,8.615559339523315430e-01,0.000000000000000000e+00,-7.632494717836380005e-02,-8.365284800529479980e-01,6.106066331267356873e-02,-4.032311439514160156e-01,0.000000000000000000e+00
-1.481805627120045266e-01,2.304239789047762138e-02,8.505994677543640137e-01,1.753679303778011775e-02,-1.953994515624606423e-02,-2.029141508269632632e-01,9.788444712146120441e-01,-2.562020719051361084e-01,2.407885193824768066e-01,2.990047037601470947e-01,1.512128114700317383e-01,1.857559382915496826e-01,3.533601015806198120e-02,-6.955713033676147461e-02,1.396483927965164185e-02,6.128825545310974121e-01,-5.337185692042112350e-03,1.491898745298385620e-01,2.475848793983459473e-01,1.990562528371810913e-01,-1.017596200108528137e-01,-1.186147093772888184e+00,9.408602714538574219e-01,-3.253523707389831543e-01,9.840212464332580566e-01,0.000000000000000000e+00,-8.341969549655914307e-02,-8.556377291679382324e-01,7.261395454406738281e-02,-3.943611681461334229e-01,0.000000000000000000e+00
-1.492619148979048571e-01,2.089718808673808603e-02,8.518014550209045410e-01,2.001595564631090604e-02,-1.852584671077430606e-02,-2.115140924257432609e-01,9.769943414516422120e-01,-2.493555694818496704e-01,2.414084672927856445e-01,3.142412900924682617e-01,1.445224285125732422e-01,2.029364556074142456e-01,4.354842379689216614e-02,-7.497652620077133179e-02,1.394448801875114441e-02,6.234050393104553223e-01,-7.768255658447742462e-03,1.529969722032546997e-01,2.550643384456634521e-01,1.997464150190353394e-01,-9.778330475091934204e-02,-1.129316449165344238e+00,9.553446769714355469e-01,-4.120126366615295410e-01,1.042265892028808594e+00,0.000000000000000000e+00,-8.005796372890472412e-02,-8.388045430183410645e-01,1.003248691558837891e-01,-3.689316809177398682e-01,0.000000000000000000e+00
