-5.203786492347717285e-01,-8.628410845994949341e-02,7.862692475318908691e-01,3.135130554437637329e-02,1.449075192213058472e-01,-6.950493454933166504e-01,7.035093307495117188e-01,-6.233798265457153320e-01,-5.258367955684661865e-02,2.060564160346984863e-01,4.976120293140411377e-01,-3.949970602989196777e-01,1.496550589799880981e-01,-2.472269833087921143e-01,-4.800121858716011047e-02,-4.307631030678749084e-02,8.069536089897155762e-01,2.793890237808227539e-01,2.617999911308288574e-01,2.910436093807220459e-01,4.534877538681030273e-01,3.805646598339080811e-01,3.722118586301803589e-02,-1.967463970184326172e+00,4.781472980976104736e-01,1.314892619848251343e-01,-6.017550230026245117e-01,8.720852434635162354e-02,-2.194797754287719727e+00,-3.668779730796813965e-01,0.000000000000000000e+00
-5.124343037605285645e-01,-1.226372346282005310e-01,7.738491296768188477e-01,2.470173314213752747e-02,1.219889074563980103e-01,-6.537402868270874023e-01,7.464128732681274414e-01,-5.101614594459533691e-01,-1.482917517423629761e-01,9.922193735837936401e-02,4.648148715496063232e-01,-3.490311503410339355e-01,1.601969599723815918e-01,-2.712553441524505615e-01,-1.178868487477302551e-01,-8.218812756240367889e-03,1.007518768310546875e+00,1.701865941286087036e-01,1.987970769405364990e-01,2.269611656665802002e-01,4.551942944526672363e-01,3.915241658687591553e-01,2.158362884074449539e-03,-1.986924886703491211e+00,5.267641544342041016e-01,2.335522472858428955e-01,-6.166524887084960938e-01,4.001083970069885254e-02,-2.194312810897827148e+00,-4.656550884246826172e-01,0.000000000000000000e+00
-5.121445059776306152e-01,-1.560656726360321045e-01,7.556376457214355469e-01,1.803175732493400574e-02,1.218572482466697693e-01,-6.243911981582641602e-01,7.713373303413391113e-01,-5.059899687767028809e-01,-1.642011851072311401e-01,2.039586566388607025e-02,5.798374414443969727e-01,-4.849915504455566406e-01,1.928568184375762939e-01,-3.368263840675354004e-01,-1.488172411918640137e-01,1.532816886901855469e-02,1.143743038177490234e+00,8.110126852989196777e-02,1.489294320344924927e-01,1.859267204999923706e-01,3.986267149448394775e-01,3.655695319175720215e-01,-3.224119916558265686e-02,-1.940251469612121582e+00,5.094235539436340332e-01,2.642830908298492432e-01,-5.887464284896850586e-01,5.530299246311187744e-02,-2.138146877288818359e+00,-4.527633786201477051e-01,0.000000000000000000e+00
-5.120962262153625488e-01,-1.836750805377960205e-01,7.400773167610168457e-01,2.351403795182704926e-02,1.323109120130538940e-01,-5.915869474411010742e-01,7.949627637863159180e-01,-5.523256063461303711e-01,-1.937258243560791016e-01,-6.223538145422935486e-02,7.076954841613769531e-01,-5.548406243324279785e-01,1.974863559007644653e-01,-4.789072573184967041e-01,-1.549549698829650879e-01,8.183509111404418945e-02,1.248747825622558594e+00,1.066771987825632095e-02,1.228255182504653931e-01,1.272046118974685669e-01,2.892598807811737061e-01,3.148303627967834473e-01,-7.589972019195556641e-02,-1.873643875122070312e+00,4.771471619606018066e-01,2.629344165325164795e-01,-5.621331334114074707e-01,9.537677466869354248e-02,-2.012355089187622070e+00,-4.492656588554382324e-01,0.000000000000000000e+00
-5.102009773254394531e-01,-2.144505977630615234e-01,7.340663671493530273e-01,2.416834980249404907e-02,1.397495269775390625e-01,-5.499435067176818848e-01,8.230723142623901367e-01,-5.468044281005859375e-01,-2.150694578886032104e-01,-1.463909149169921875e-01,7.733229398727416992e-01,-5.903152823448181152e-01,1.904147118330001831e-01,-5.963657498359680176e-01,-1.525461524724960327e-01,1.204105541110038757e-01,1.263285160064697266e+00,-4.484595730900764465e-02,1.282150298357009888e-01,5.309409275650978088e-02,1.699008196592330933e-01,2.958674430847167969e-01,-1.023810058832168579e-01,-1.832248568534851074e+00,4.896211028099060059e-01,2.531682252883911133e-01,-4.901677668094635010e-01,1.244344487786293030e-01,-1.813375711441040039e+00,-3.677336573600769043e-01,0.000000000000000000e+00
-5.051999092102050781e-01,-2.465784698724746704e-01,7.351202368736267090e-01,2.313788235187530518e-02,1.456976234912872314e-01,-5.059078335762023926e-01,8.498788475990295410e-01,-4.902369081974029541e-01,-2.197020351886749268e-01,-2.283157557249069214e-01,7.502971887588500977e-01,-6.001422405242919922e-01,1.491801589727401733e-01,-6.887739300727844238e-01,-1.622014641761779785e-01,1.304197013378143311e-01,1.201404571533203125e+00,-8.676083385944366455e-02,1.368877887725830078e-01,-2.152832597494125366e-02,7.833827286958694458e-02,2.869708836078643799e-01,-1.143600121140480042e-01,-1.893444061279296875e+00,5.295509696006774902e-01,2.946639657020568848e-01,-4.410713315010070801e-01,1.038626655936241150e-01,-1.726058244705200195e+00,-3.335663378238677979e-01,0.000000000000000000e+00
-4.963864684104919434e-01,-2.800718545913696289e-01,7.420118451118469238e-01,2.239544875919818878e-02,1.482217013835906982e-01,-4.586713314056396484e-01,8.758706450462341309e-01,-4.137117564678192139e-01,-2.148348838090896606e-01,-3.108510673046112061e-01,6.986089944839477539e-01,-5.711677074432373047e-01,1.107909381389617920e-01,-7.519516348838806152e-01,-1.908764392137527466e-01,1.160619109869003296e-01,1.084641218185424805e+00,-1.346468180418014526e-01,1.115825176239013672e-01,-1.018120795488357544e-01,-4.325766582041978836e-03,2.976326644420623779e-01,-1.122062951326370239e-01,-2.015388011932373047e+00,5.583282709121704102e-01,3.700503110885620117e-01,-4.342125058174133301e-01,7.707064598798751831e-02,-1.746001958847045898e+00,-3.460299074649810791e-01,0.000000000000000000e+00
-4.832184016704559326e-01,-3.158421516418457031e-01,7.535548806190490723e-01,1.930571533739566803e-02,1.425409615039825439e-01,-4.074137210845947266e-01,9.018444418907165527e-01,-3.148515224456787109e-01,-1.924511492252349854e-01,-3.694955408573150635e-01,6.356083154678344727e-01,-5.143114328384399414e-01,9.049081057310104370e-02,-7.512112855911254883e-01,-2.141040414571762085e-01,1.011127755045890808e-01,9.089927077293395996e-01,-1.321331262588500977e-01,1.088682934641838074e-01,-2.015260607004165649e-01,-3.440477326512336731e-02,3.229025304317474365e-01,-7.683990895748138428e-02,-2.149644613265991211e+00,5.678764581680297852e-01,4.713028371334075928e-01,-4.575465023517608643e-01,5.226325243711471558e-02,-1.819983720779418945e+00,-3.807012736797332764e-01,0.000000000000000000e+00
-4.668461382389068604e-01,-3.534517586231231689e-01,7.673102021217346191e-01,1.275129057466983795e-02,1.348987072706222534e-01,-3.658217489719390869e-01,9.207682609558105469e-01,-2.254303842782974243e-01,-1.490913927555084229e-01,-3.846190571784973145e-01,5.930250287055969238e-01,-4.072904586791992188e-01,5.789354816079139709e-02,-7.196243405342102051e-01,-2.000370919704437256e-01,1.330910027027130127e-01,6.983006596565246582e-01,-1.209565997123718262e-01,1.267759501934051514e-01,-2.773034870624542236e-01,-5.574490502476692200e-02,3.498343527317047119e-01,-3.680499270558357239e-02,-2.194799900054931641e+00,6.027293801307678223e-01,5.597440600395202637e-01,-4.656856358051300049e-01,1.325017493218183517e-02,-1.875605702400207520e+00,-3.942158222198486328e-01,0.000000000000000000e+00
-4.478935599327087402e-01,-3.924951553344726562e-01,7.792150974273681641e-01,3.089422360062599182e-03,1.262346953153610229e-01,-3.289643228054046631e-01,9.358620047569274902e-01,-1.644486635923385620e-01,-9.113632142543792725e-02,-3.451866209506988525e-01,6.105085015296936035e-01,-3.167116343975067139e-01,3.244683519005775452e-02,-6.718714833259582520e-01,-1.731345653533935547e-01,1.883282661437988281e-01,5.036702752113342285e-01,-1.253830045461654663e-01,1.545595079660415649e-01,-3.413145840167999268e-01,-6.397479772567749023e-02,3.704281747341156006e-01,-3.267396008595824242e-03,-2.194799900054931641e+00,6.127685904502868652e-01,6.170139312744140625e-01,-4.811263978481292725e-01,3.066639881581068039e-03,-1.918791890144348145e+00,-3.779709935188293457e-01,0.000000000000000000e+00
-4.287454187870025635e-01,-4.311472773551940918e-01,7.851243019104003906e-01,-8.199761621654033661e-03,1.178865879774093628e-01,-3.010396957397460938e-01,9.462614059448242188e-01,-1.545088887214660645e-01,-4.097676649689674377e-02,-2.990580797195434570e-01,7.196368575096130371e-01,-2.658906280994415283e-01,2.992257289588451385e-02,-6.255945563316345215e-01,-1.371491253376007080e-01,2.908785045146942139e-01,3.756387829780578613e-01,-8.476758748292922974e-02,1.718840003013610840e-01,-3.708150684833526611e-01,-4.289689287543296814e-02,3.934266567230224609e-01,2.619442529976367950e-02,-2.194799900054931641e+00,5.804230570793151855e-01,6.336995959281921387e-01,-4.915413856506347656e-01,8.675366640090942383e-03,-1.936667680740356445e+00,-3.892808854579925537e-01,0.000000000000000000e+00
-4.109688699245452881e-01,-4.683738648891448975e-01,7.804332375526428223e-01,-1.542397867888212204e-02,1.078988760709762573e-01,-2.758649587631225586e-01,9.549965858459472656e-01,-2.097246646881103516e-01,-1.723764650523662567e-02,-2.688380181789398193e-01,9.355525970458984375e-01,-2.547815144062042236e-01,8.024063706398010254e-02,-6.006214022636413574e-01,-1.089073643088340759e-01,3.870348036289215088e-01,3.654557168483734131e-01,-4.116971045732498169e-02,1.899180710315704346e-01,-3.736960589885711670e-01,4.538899287581443787e-03,3.997118175029754639e-01,3.770314529538154602e-02,-2.194799900054931641e+00,5.505759119987487793e-01,6.215159296989440918e-01,-4.988135993480682373e-01,1.317274942994117737e-02,-1.935684561729431152e+00,-4.033023416996002197e-01,0.000000000000000000e+00
-3.943654596805572510e-01,-5.038347840309143066e-01,7.636633515357971191e-01,-1.667575538158416748e-02,9.978710860013961792e-02,-2.545920014381408691e-01,9.617418646812438965e-01,-2.946155071258544922e-01,-1.157065480947494507e-02,-2.473366111516952515e-01,1.181050181388854980e+00,-3.035220801830291748e-01,1.540543586015701294e-01,-5.919089913368225098e-01,-1.006094217300415039e-01,3.699054121971130371e-01,4.727237820625305176e-01,4.356609191745519638e-03,2.095552831888198853e-01,-3.467738926410675049e-01,5.507422983646392822e-02,3.872106969356536865e-01,3.160749003291130066e-02,-2.194799900054931641e+00,5.524370670318603516e-01,5.931405425071716309e-01,-5.159377455711364746e-01,4.491487052291631699e-03,-1.928639769554138184e+00,-4.229962229728698730e-01,0.000000000000000000e+00
-3.792017102241516113e-01,-5.358052253723144531e-01,7.431788444519042969e-01,-1.841794513165950775e-02,9.695682674646377563e-02,-2.402169704437255859e-01,9.656893610954284668e-01,-3.776738643646240234e-01,-1.534100342541933060e-02,-2.311363667249679565e-01,1.367141127586364746e+00,-3.779393434524536133e-01,1.736295521259307861e-01,-6.254258155822753906e-01,-8.226406574249267578e-02,3.256567120552062988e-01,6.525912284851074219e-01,-1.268333196640014648e-01,2.168758511543273926e-01,-2.890349328517913818e-01,1.102327331900596619e-01,3.868139684200286865e-01,1.569489389657974243e-02,-2.185992717742919922e+00,5.155125856399536133e-01,5.524860620498657227e-01,-5.267029404640197754e-01,4.495651461184024811e-03,-1.896057963371276855e+00,-4.416191875934600830e-01,0.000000000000000000e+00
-3.644263446331024170e-01,-5.609455108642578125e-01,7.254746556282043457e-01,-1.816465333104133606e-02,1.070219650864601135e-01,-2.377476245164871216e-01,9.652421474456787109e-01,-5.079789161682128906e-01,-3.151652961969375610e-02,-2.087317705154418945e-01,1.515753388404846191e+00,-4.077573120594024658e-01,2.015651166439056396e-01,-6.874747872352600098e-01,-5.283341184258460999e-02,3.045457005500793457e-01,8.124693036079406738e-01,-2.215385884046554565e-01,1.812001317739486694e-01,-1.935817301273345947e-01,1.155733987689018250e-01,3.852649033069610596e-01,-3.067619726061820984e-02,-2.081374168395996094e+00,4.495440721511840820e-01,4.649128615856170654e-01,-5.153375267982482910e-01,4.008640721440315247e-02,-1.807299733161926270e+00,-4.662340581417083740e-01,0.000000000000000000e+00
-3.451757729053497314e-01,-5.835850834846496582e-01,7.175387740135192871e-01,-1.839366555213928223e-02,1.134669631719589233e-01,-2.296780794858932495e-01,9.664548039436340332e-01,-6.254287958145141602e-01,-4.072739556431770325e-02,-1.727864742279052734e-01,1.586884379386901855e+00,-4.219743609428405762e-01,2.155240029096603394e-01,-6.775111556053161621e-01,-4.569427296519279480e-02,2.712306976318359375e-01,8.710111975669860840e-01,-2.695604562759399414e-01,1.378364264965057373e-01,-1.020318344235420227e-01,1.358542889356613159e-01,3.463259637355804443e-01,-4.231190308928489685e-02,-1.957496881484985352e+00,4.544730782508850098e-01,3.710973858833312988e-01,-5.173954367637634277e-01,6.070904433727264404e-02,-1.740162253379821777e+00,-3.392716944217681885e-01,0.000000000000000000e+00
-3.224450647830963135e-01,-6.031813621520996094e-01,7.170203924179077148e-01,-1.649883762001991272e-02,1.205251365900039673e-01,-2.224077582359313965e-01,9.673346281051635742e-01,-7.298687696456909180e-01,-4.253638163208961487e-02,-1.152689382433891296e-01,1.582972288131713867e+00,-4.565312564373016357e-01,2.530677616596221924e-01,-6.442885398864746094e-01,-5.602305382490158081e-02,2.336935698986053467e-01,8.762614727020263672e-01,-3.235902786254882812e-01,7.504764944314956665e-02,-4.455174785107374191e-03,1.733399927616119385e-01,2.954965233802795410e-01,-4.323593154549598694e-02,-1.919228911399841309e+00,4.764169454574584961e-01,2.791434824466705322e-01,-5.000672340393066406e-01,8.733422309160232544e-02,-1.754081845283508301e+00,-3.560811877250671387e-01,0.000000000000000000e+00
-2.953433692455291748e-01,-6.202459335327148438e-01,7.241060137748718262e-01,-1.748376153409481049e-02,1.264050304889678955e-01,-2.130909860134124756e-01,9.686631560325622559e-01,-8.015967011451721191e-01,-2.892595343291759491e-02,-5.857199802994728088e-02,1.506771564483642578e+00,-4.929936528205871582e-01,2.617993056774139404e-01,-5.567663311958312988e-01,-6.521049141883850098e-02,1.821557134389877319e-01,8.012474775314331055e-01,-3.109160065650939941e-01,1.212053298950195312e-01,9.395854175090789795e-02,2.275663912296295166e-01,3.184470832347869873e-01,-4.308359697461128235e-02,-1.957280397415161133e+00,4.534150063991546631e-01,2.109330445528030396e-01,-4.973741173744201660e-01,6.493992358446121216e-02,-1.861014962196350098e+00,-3.387058079242706299e-01,0.000000000000000000e+00
-2.641828954219818115e-01,-6.336328983306884766e-01,7.378563880920410156e-01,-1.709493622183799744e-02,1.253065168857574463e-01,-1.952127218246459961e-01,9.725728631019592285e-01,-8.250107169151306152e-01,-5.209570005536079407e-02,-2.672009542584419250e-02,1.349713683128356934e+00,-4.973952174186706543e-01,2.511869966983795166e-01,-4.199850559234619141e-01,-9.665378183126449585e-02,9.720157831907272339e-02,6.701368093490600586e-01,-2.912879288196563721e-01,1.407075375318527222e-01,1.648278832435607910e-01,3.036808371543884277e-01,3.412853479385375977e-01,-2.146960236132144928e-02,-1.999365568161010742e+00,4.494343101978302002e-01,1.824424713850021362e-01,-4.965314865112304688e-01,4.123032558709383011e-03,-2.024789810180664062e+00,-3.831501007080078125e-01,0.000000000000000000e+00
-2.294396907091140747e-01,-6.443195939064025879e-01,7.546869516372680664e-01,-1.510332711040973663e-02,1.217790022492408752e-01,-1.771378070116043091e-01,9.765059947967529297e-01,-8.088063597679138184e-01,-7.821269333362579346e-02,-4.107706248760223389e-03,1.129459381103515625e+00,-4.941890239715576172e-01,2.275270223617553711e-01,-2.836233079433441162e-01,-1.211710199713706970e-01,2.592669241130352020e-02,5.464973449707031250e-01,-1.981179863214492798e-01,1.285131722688674927e-01,2.160240113735198975e-01,3.830842971801757812e-01,3.395131528377532959e-01,-2.491183811798691750e-03,-2.013896226882934570e+00,4.815740883350372314e-01,1.707136780023574829e-01,-4.974096417427062988e-01,-4.699901118874549866e-02,-2.173037052154541016e+00,-4.415842294692993164e-01,0.000000000000000000e+00
-1.946009695529937744e-01,-6.527936458587646484e-01,7.727594375610351562e-01,-1.776442676782608032e-02,1.165659055113792419e-01,-1.608898192644119263e-01,9.799036979675292969e-01,-7.441526651382446289e-01,-8.005885779857635498e-02,4.109149426221847534e-02,8.483529686927795410e-01,-4.755204021930694580e-01,1.711448431015014648e-01,-1.848215311765670776e-01,-1.279606372117996216e-01,-3.229305893182754517e-02,4.905573427677154541e-01,-5.304503440856933594e-02,1.151361539959907532e-01,2.585168480873107910e-01,4.471228420734405518e-01,3.381462693214416504e-01,1.204917673021554947e-02,-2.014327526092529297e+00,5.115142464637756348e-01,1.232170090079307556e-01,-5.023936033248901367e-01,-5.418753623962402344e-02,-2.194799900054931641e+00,-4.342595040798187256e-01,0.000000000000000000e+00
-1.593831777572631836e-01,-6.603747606277465820e-01,7.869601249694824219e-01,-2.022577263414859772e-02,1.136289611458778381e-01,-1.436517536640167236e-01,9.828751683235168457e-01,-6.646813750267028809e-01,-8.824731409549713135e-02,1.010450199246406555e-01,5.787438750267028809e-01,-4.422248601913452148e-01,1.219694986939430237e-01,-1.485177576541900635e-01,-1.365026384592056274e-01,-8.291034400463104248e-02,5.305222272872924805e-01,7.904487848281860352e-02,1.259332746267318726e-01,2.815458774566650391e-01,4.806403815746307373e-01,3.320532143115997314e-01,2.968800812959671021e-02,-1.994851827621459961e+00,4.891012310981750488e-01,9.607566893100738525e-02,-4.993982315063476562e-01,-4.740136116743087769e-02,-2.194799900054931641e+00,-4.083851575851440430e-01,0.000000000000000000e+00
-1.241924911737442017e-01,-6.671128273010253906e-01,7.937978506088256836e-01,-1.848060265183448792e-02,1.096312031149864197e-01,-1.192476674914360046e-01,9.866202473640441895e-01,-5.954746007919311523e-01,-1.178856045007705688e-01,1.406416296958923340e-01,4.064701199531555176e-01,-3.984169363975524902e-01,1.262006610631942749e-01,-1.751611083745956421e-01,-1.489051431417465210e-01,-5.742006748914718628e-02,6.585183739662170410e-01,1.779947727918624878e-01,1.457363963127136230e-01,2.705004215240478516e-01,4.807048141956329346e-01,3.108133077621459961e-01,2.730107307434082031e-02,-1.947256922721862793e+00,4.731703698635101318e-01,1.225818842649459839e-01,-4.974155426025390625e-01,-3.142604604363441467e-02,-2.194799900054931641e+00,-4.170573055744171143e-01,0.000000000000000000e+00
-8.884916454553604126e-02,-6.746691465377807617e-01,7.898913025856018066e-01,-1.893679238855838776e-02,1.039849370718002319e-01,-9.277620911598205566e-02,9.900611639022827148e-01,-5.608573555946350098e-01,-1.402938663959503174e-01,1.356413513422012329e-01,3.881143629550933838e-01,-3.241528570652008057e-01,1.624138951301574707e-01,-2.419615089893341064e-01,-1.468221247196197510e-01,1.223865523934364319e-02,8.503884673118591309e-01,1.974187046289443970e-01,1.509921401739120483e-01,2.382071167230606079e-01,4.597851634025573730e-01,2.967433631420135498e-01,1.580387353897094727e-02,-1.895628094673156738e+00,4.143447279930114746e-01,1.741632521152496338e-01,-5.019274950027465820e-01,-1.246318500488996506e-02,-2.194799900054931641e+00,-4.307576715946197510e-01,0.000000000000000000e+00
-5.286755412817001343e-02,-6.831526756286621094e-01,7.759089469909667969e-01,-2.430003695189952850e-02,9.619852900505065918e-02,-6.799755245447158813e-02,9.927394986152648926e-01,-5.390363931655883789e-01,-1.538720875978469849e-01,7.480546832084655762e-02,4.699116349220275879e-01,-3.552428781986236572e-01,1.864487677812576294e-01,-3.061381280422210693e-01,-1.646275520324707031e-01,3.526697680354118347e-02,1.033648252487182617e+00,1.351915746927261353e-01,1.122028976678848267e-01,2.004318088293075562e-01,4.297025501728057861e-01,2.968152165412902832e-01,3.653850173577666283e-03,-1.861543297767639160e+00,3.826637864112854004e-01,2.302872240543365479e-01,-5.019134879112243652e-01,4.414972383528947830e-03,-2.181410551071166992e+00,-4.058385789394378662e-01,0.000000000000000000e+00
-1.954894885420799255e-02,-6.901807785034179688e-01,7.577401399612426758e-01,-2.938101440668106079e-02,9.000891447067260742e-02,-4.172884672880172729e-02,9.946325421333312988e-01,-5.391137003898620605e-01,-1.694454252719879150e-01,2.210845850640907884e-04,5.911484956741333008e-01,-4.734006524085998535e-01,2.087509036064147949e-01,-3.792275488376617432e-01,-1.874100565910339355e-01,5.396883189678192139e-02,1.172991156578063965e+00,4.454500600695610046e-02,7.775557041168212891e-02,1.544409245252609253e-01,3.756217956542968750e-01,2.907137572765350342e-01,-1.102497894316911697e-02,-1.822364449501037598e+00,3.843856453895568848e-01,2.520859241485595703e-01,-5.046228170394897461e-01,3.397713601589202881e-02,-2.070673942565917969e+00,-3.848240375518798828e-01,0.000000000000000000e+00
9.690549224615097046e-03,-6.992083787918090820e-01,7.462198734283447266e-01,-3.788216412067413330e-02,9.097525477409362793e-02,-1.116637885570526123e-02,9.950697422027587891e-01,-5.577891469001770020e-01,-1.661081016063690186e-01,-4.193186387419700623e-02,7.098883390426635742e-01,-5.346746444702148438e-01,1.708803474903106689e-01,-4.822961091995239258e-01,-1.785430163145065308e-01,7.724258303642272949e-02,1.248198270797729492e+00,-4.354611039161682129e-02,5.894908308982849121e-02,9.022313356399536133e-02,2.865265011787414551e-01,2.987151145935058594e-01,-3.436971828341484070e-02,-1.790310740470886230e+00,3.842256367206573486e-01,2.508209943771362305e-01,-4.798372685909271240e-01,9.403053671121597290e-02,-1.906710863113403320e+00,-3.504043221473693848e-01,0.000000000000000000e+00
4.272840917110443115e-02,-7.031295895576477051e-01,7.412606477737426758e-01,-4.022093862295150757e-02,9.051918238401412964e-02,2.327617444097995758e-02,9.948099255561828613e-01,-5.247421264648437500e-01,-1.809033751487731934e-01,-8.488917350769042969e-02,7.544911503791809082e-01,-5.783935189247131348e-01,1.744583994150161743e-01,-5.720313191413879395e-01,-1.681026965379714966e-01,1.155130863189697266e-01,1.243685126304626465e+00,-8.723947405815124512e-02,8.000247925519943237e-02,1.789719425141811371e-02,2.015170902013778687e-01,3.009626865386962891e-01,-3.989303857088088989e-02,-1.816397190093994141e+00,4.209866225719451904e-01,2.763688266277313232e-01,-4.340217113494873047e-01,9.270589053630828857e-02,-1.761246323585510254e+00,-3.139808475971221924e-01,0.000000000000000000e+00
7.616189867258071899e-02,-7.029479742050170898e-01,7.407432794570922852e-01,-3.765288740396499634e-02,9.847477078437805176e-02,5.942278355360031128e-02,9.926499724388122559e-01,-4.688228964805603027e-01,-2.005289942026138306e-01,-1.226861923933029175e-01,7.194332480430603027e-01,-6.033002138137817383e-01,1.556899547576904297e-01,-6.728776097297668457e-01,-1.752592176198959351e-01,1.492185890674591064e-01,1.183553457260131836e+00,-1.260811984539031982e-01,1.361537724733352661e-01,-5.743851885199546814e-02,1.026935577392578125e-01,2.859323024749755859e-01,-5.017877742648124695e-02,-1.899021148681640625e+00,5.424963831901550293e-01,3.191312551498413086e-01,-4.380515515804290771e-01,7.431291043758392334e-02,-1.733972311019897461e+00,-2.957061231136322021e-01,0.000000000000000000e+00
1.112889274954795837e-01,-7.040570974349975586e-01,7.501893043518066406e-01,-4.087668657302856445e-02,9.722630679607391357e-02,9.684867411851882935e-02,9.896951317787170410e-01,-3.773985505104064941e-01,-1.933564841747283936e-01,-1.858807057142257690e-01,6.469449996948242188e-01,-5.617510080337524414e-01,1.103625446557998657e-01,-7.104097604751586914e-01,-1.901717931032180786e-01,1.277105361223220825e-01,1.042779564857482910e+00,-1.575784087181091309e-01,1.344561874866485596e-01,-1.370770782232284546e-01,3.516713529825210571e-02,3.151839673519134521e-01,-2.426858805119991302e-02,-2.043980598449707031e+00,5.267922878265380859e-01,3.949108421802520752e-01,-4.520834088325500488e-01,5.523131042718887329e-02,-1.785961627960205078e+00,-2.947118580341339111e-01,0.000000000000000000e+00
1.488255709409713745e-01,-7.023226022720336914e-01,7.645822763442993164e-01,-4.297134280204772949e-02,8.990356326103210449e-02,1.380234062671661377e-01,9.854036569595336914e-01,-2.624486684799194336e-01,-1.729555577039718628e-01,-2.459555566310882568e-01,5.569705367088317871e-01,-4.945175945758819580e-01,9.391386061906814575e-02,-6.872511506080627441e-01,-2.100091725587844849e-01,7.853715121746063232e-02,8.419730067253112793e-01,-1.541458964347839355e-01,1.233903169631958008e-01,-2.288424223661422729e-01,1.497773453593254089e-02,3.504517078399658203e-01,2.981851063668727875e-02,-2.179491758346557617e+00,5.277976989746093750e-01,4.807867109775543213e-01,-4.725728332996368408e-01,2.745140902698040009e-02,-1.851834416389465332e+00,-3.193288743495941162e-01,0.000000000000000000e+00
1.877701133489608765e-01,-6.991990804672241211e-01,7.800816297531127930e-01,-4.698872193694114685e-02,8.030990511178970337e-02,1.743750125169754028e-01,9.802733063697814941e-01,-1.598154157400131226e-01,-1.273987591266632080e-01,-2.312243282794952393e-01,4.906015098094940186e-01,-3.997957110404968262e-01,4.044424369931221008e-02,-6.350799202919006348e-01,-1.967979073524475098e-01,5.788685008883476257e-02,6.167743802070617676e-01,-1.221837475895881653e-01,1.263336539268493652e-01,-3.071359395980834961e-01,-1.529896724969148636e-02,3.563866913318634033e-01,5.368104577064514160e-02,-2.194799900054931641e+00,6.023100018501281738e-01,5.538827776908874512e-01,-4.782022833824157715e-01,1.118549518287181854e-02,-1.895814657211303711e+00,-3.408019542694091797e-01,0.000000000000000000e+00
2.273267209529876709e-01,-6.956484913825988770e-01,7.936796545982360840e-01,-5.289307981729507446e-02,7.184293866157531738e-02,2.031063288450241089e-01,9.750839471817016602e-01,-1.142904385924339294e-01,-7.708315551280975342e-02,-1.932765245437622070e-01,5.253956913948059082e-01,-3.183638751506805420e-01,3.048065491020679474e-02,-5.809793472290039062e-01,-1.569946110248565674e-01,9.075783938169479370e-02,4.090350866317749023e-01,-1.018732488155364990e-01,1.531220078468322754e-01,-3.546720147132873535e-01,-2.562886290252208710e-02,3.453544080257415771e-01,6.650696694850921631e-02,-2.194799900054931641e+00,6.268816590309143066e-01,5.966990590095520020e-01,-4.693565070629119873e-01,-1.477393554523587227e-03,-1.912978768348693848e+00,-3.120068311691284180e-01,0.000000000000000000e+00
2.655948102474212646e-01,-6.922254562377929688e-01,7.994698286056518555e-01,-5.783056095242500305e-02,6.536296010017395020e-02,2.215902656316757202e-01,9.712265729904174805e-01,-1.338858753442764282e-01,-3.804924339056015015e-02,-1.472150087356567383e-01,6.617429852485656738e-01,-2.661876976490020752e-01,3.339597582817077637e-02,-5.505120158195495605e-01,-1.050077453255653381e-01,2.130790203809738159e-01,2.898517549037933350e-01,-5.275351926684379578e-02,1.866356879472732544e-01,-3.633030056953430176e-01,-9.798038750886917114e-03,3.352431356906890869e-01,6.360208988189697266e-02,-2.194799900054931641e+00,6.207941770553588867e-01,6.031867861747741699e-01,-4.673355221748352051e-01,-3.668785328045487404e-03,-1.910048484802246094e+00,-2.938320636749267578e-01,0.000000000000000000e+00
3.034769594669342041e-01,-6.887560486793518066e-01,7.945085763931274414e-01,-5.889946222305297852e-02,5.619791895151138306e-02,2.375024259090423584e-01,9.679696559906005859e-01,-1.970584392547607422e-01,-1.459288503974676132e-02,-1.309631019830703735e-01,8.777763843536376953e-01,-2.482353448867797852e-01,7.079049199819564819e-02,-5.348816514015197754e-01,-6.483666598796844482e-02,3.159766495227813721e-01,2.864695489406585693e-01,-4.168680310249328613e-02,1.957490742206573486e-01,-3.526302278041839600e-01,3.483237326145172119e-02,3.390491604804992676e-01,6.085795536637306213e-02,-2.194799900054931641e+00,5.693065524101257324e-01,5.840201377868652344e-01,-4.669677913188934326e-01,-4.009285941720008850e-03,-1.896402001380920410e+00,-3.009318113327026367e-01,0.000000000000000000e+00
3.400409817695617676e-01,-6.841868162155151367e-01,7.786861658096313477e-01,-5.367282405495643616e-02,4.937372729182243347e-02,2.527849078178405762e-01,9.647700786590576172e-01,-2.607502639293670654e-01,-1.004530116915702820e-02,-1.235223487019538879e-01,1.080586194992065430e+00,-2.706047296524047852e-01,1.251791864633560181e-01,-5.249192118644714355e-01,-5.220120027661323547e-02,3.478716909885406494e-01,3.763722479343414307e-01,1.293655298650264740e-02,2.122947275638580322e-01,-3.238911926746368408e-01,8.511123061180114746e-02,3.352166414260864258e-01,4.509828239679336548e-02,-2.194799900054931641e+00,5.450373888015747070e-01,5.471867918968200684e-01,-4.722860753536224365e-01,-5.818538367748260498e-03,-1.872726917266845703e+00,-3.064458668231964111e-01,0.000000000000000000e+00
3.728634417057037354e-01,-6.797522902488708496e-01,7.580631375312805176e-01,-5.260606855154037476e-02,4.690830409526824951e-02,2.638212442398071289e-01,9.619930386543273926e-01,-3.434196412563323975e-01,4.257209133356809616e-03,-1.163191720843315125e-01,1.255618929862976074e+00,-3.449762761592864990e-01,1.614343822002410889e-01,-5.617966651916503906e-01,-4.252727329730987549e-02,3.166809678077697754e-01,5.437235832214355469e-01,-7.148432731628417969e-02,1.894378066062927246e-01,-2.774091362953186035e-01,1.401334553956985474e-01,3.377595543861389160e-01,2.643419802188873291e-02,-2.168726444244384766e+00,5.466864109039306641e-01,4.907288253307342529e-01,-4.801295697689056396e-01,-1.923950738273561001e-03,-1.823983669281005859e+00,-2.927190363407135010e-01,0.000000000000000000e+00
3.998233675956726074e-01,-6.738103628158569336e-01,7.384513616561889648e-01,-5.596531182527542114e-02,5.560087785124778748e-02,2.654330432415008545e-01,9.608963131904602051e-01,-4.724234044551849365e-01,-3.050881205126643181e-03,-1.238914728164672852e-01,1.395980834960937500e+00,-4.134065210819244385e-01,1.941988468170166016e-01,-6.343008279800415039e-01,-1.206197962164878845e-02,3.109671175479888916e-01,7.211055159568786621e-01,-1.753519177436828613e-01,1.945425271987915039e-01,-1.956459432840347290e-01,1.383450031280517578e-01,3.412147760391235352e-01,-1.229601074010133743e-02,-2.053664922714233398e+00,4.808221161365509033e-01,4.019043743610382080e-01,-4.732815027236938477e-01,5.089560523629188538e-03,-1.736072540283203125e+00,-2.093000262975692749e-01,0.000000000000000000e+00
4.258812665939331055e-01,-6.637321114540100098e-01,7.278316020965576172e-01,-5.664693564176559448e-02,6.394663453102111816e-02,2.698077857494354248e-01,9.591171741485595703e-01,-5.978309512138366699e-01,-1.584930531680583954e-02,-1.156901046633720398e-01,1.469245314598083496e+00,-4.449610114097595215e-01,2.284505069255828857e-01,-6.545420885086059570e-01,-9.585097432136535645e-03,2.946118414402008057e-01,8.112786412239074707e-01,-2.371134608983993530e-01,1.490740776062011719e-01,-1.146635785698890686e-01,1.538765132427215576e-01,3.201248347759246826e-01,-4.062410816550254822e-02,-1.953312873840332031e+00,4.701725840568542480e-01,3.086481392383575439e-01,-4.800284504890441895e-01,5.238585546612739563e-02,-1.685069441795349121e+00,-2.116970568895339966e-01,0.000000000000000000e+00
4.537341594696044922e-01,-6.534478068351745605e-01,7.296006083488464355e-01,-6.233289092779159546e-02,6.469306349754333496e-02,2.789506018161773682e-01,9.560941457748413086e-01,-6.825865507125854492e-01,1.983103901147842407e-02,-7.187245041131973267e-02,1.446949481964111328e+00,-4.800094068050384521e-01,2.275163978338241577e-01,-6.070390939712524414e-01,-1.421037875115871429e-02,2.451351583003997803e-01,8.147448897361755371e-01,-2.895337939262390137e-01,7.375870645046234131e-02,-3.387099504470825195e-02,2.060517072677612305e-01,3.122772276401519775e-01,-5.328323319554328918e-02,-1.941346168518066406e+00,5.269279479980468750e-01,2.486624717712402344e-01,-4.937220811843872070e-01,6.385938078165054321e-02,-1.752938032150268555e+00,-1.488846689462661743e-01,0.000000000000000000e+00
4.794879555702209473e-01,-6.359118819236755371e-01,7.360443472862243652e-01,-6.631547957658767700e-02,6.731095910072326660e-02,2.896122038364410400e-01,9.524685144424438477e-01,-7.496522068977355957e-01,2.579572610557079315e-02,-3.099733777344226837e-02,1.370182633399963379e+00,-5.144066214561462402e-01,2.617993652820587158e-01,-5.270929336547851562e-01,-3.233838453888893127e-02,1.945167779922485352e-01,7.562381029129028320e-01,-2.948846817016601562e-01,1.084435656666755676e-01,4.568095132708549500e-02,2.664686739444732666e-01,3.146291077136993408e-01,-3.951369971036911011e-02,-1.991970062255859375e+00,5.522480010986328125e-01,2.029801011085510254e-01,-4.778189957141876221e-01,3.696790337562561035e-02,-1.870023608207702637e+00,-1.930190175771713257e-01,0.000000000000000000e+00
5.060245990753173828e-01,-6.125458478927612305e-01,7.472568750381469727e-01,-6.929256021976470947e-02,6.922926753759384155e-02,3.067599236965179443e-01,9.467334151268005371e-01,-7.701672911643981934e-01,1.619211398065090179e-02,8.350986056029796600e-03,1.215907335281372070e+00,-5.290970802307128906e-01,2.617999911308288574e-01,-4.166213572025299072e-01,-6.221663579344749451e-02,1.213705688714981079e-01,6.586841940879821777e-01,-2.662939131259918213e-01,9.791272133588790894e-02,1.042318046092987061e-01,3.475883305072784424e-01,3.190549910068511963e-01,-1.300868019461631775e-02,-2.058354377746582031e+00,5.765637159347534180e-01,1.873073726892471313e-01,-4.962326288223266602e-01,5.146107170730829239e-03,-2.022090911865234375e+00,-2.887890934944152832e-01,0.000000000000000000e+00
5.295748710632324219e-01,-5.861840248107910156e-01,7.636429667472839355e-01,-6.818877160549163818e-02,6.681594997644424438e-02,3.329757153987884521e-01,9.380901455879211426e-01,-7.234393954277038574e-01,-1.310223340988159180e-02,5.994874238967895508e-02,9.668699502944946289e-01,-5.055170059204101562e-01,2.140538841485977173e-01,-2.840957641601562500e-01,-9.496315568685531616e-02,3.118169493973255157e-02,5.460722446441650391e-01,-1.840387582778930664e-01,1.067154407501220703e-01,1.355307400226593018e-01,4.319318830966949463e-01,3.208061158657073975e-01,1.135421078652143478e-02,-2.105929374694824219e+00,6.248033642768859863e-01,2.048110514879226685e-01,-5.301204323768615723e-01,-3.822929412126541138e-02,-2.150105237960815430e+00,-3.119481205940246582e-01,0.000000000000000000e+00
5.531341433525085449e-01,-5.581803917884826660e-01,7.799681425094604492e-01,-6.896354258060455322e-02,5.938229709863662720e-02,3.527205288410186768e-01,9.312926530838012695e-01,-6.388509869575500488e-01,-3.458178415894508362e-02,1.050706133246421814e-01,6.918613910675048828e-01,-4.630951583385467529e-01,1.484176069498062134e-01,-1.802195757627487183e-01,-1.026622727513313293e-01,-2.410411834716796875e-02,4.906830191612243652e-01,-4.426973685622215271e-02,1.251898407936096191e-01,1.691760122776031494e-01,5.048608183860778809e-01,3.324194550514221191e-01,3.352301195263862610e-02,-2.116894245147705078e+00,6.042203903198242188e-01,2.203337401151657104e-01,-5.451824069023132324e-01,-5.645421147346496582e-02,-2.194799900054931641e+00,-3.014924228191375732e-01,0.000000000000000000e+00
5.756555199623107910e-01,-5.300923585891723633e-01,7.917811870574951172e-01,-7.327003777027130127e-02,5.727302283048629761e-02,3.747618794441223145e-01,9.224450588226318359e-01,-5.648280382156372070e-01,-5.353250727057456970e-02,1.636935323476791382e-01,4.620080590248107910e-01,-4.115160703659057617e-01,1.108865886926651001e-01,-1.440816223621368408e-01,-1.045684963464736938e-01,-5.537566170096397400e-02,5.215629339218139648e-01,8.137705177068710327e-02,1.466536372900009155e-01,1.761827468872070312e-01,5.372442603111267090e-01,3.333154916763305664e-01,5.128918215632438660e-02,-2.090457439422607422e+00,5.618454813957214355e-01,2.247272133827209473e-01,-5.474866032600402832e-01,-4.494706168770790100e-02,-2.194799900054931641e+00,-3.334003686904907227e-01,0.000000000000000000e+00
5.957110524177551270e-01,-5.023838281631469727e-01,7.966526150703430176e-01,-7.344283908605575562e-02,5.313721299171447754e-02,3.976308107376098633e-01,9.130566120147705078e-01,-5.008708238601684570e-01,-7.528372853994369507e-02,2.334645092487335205e-01,3.523707687854766846e-01,-3.594527244567871094e-01,1.296969205141067505e-01,-1.667307317256927490e-01,-1.119524911046028137e-01,-3.556510061025619507e-02,6.490418910980224609e-01,1.718113124370574951e-01,1.725257486104965210e-01,1.593378335237503052e-01,5.422738790512084961e-01,3.098889291286468506e-01,5.206577479839324951e-02,-2.025194644927978516e+00,5.243884325027465820e-01,2.567962408065795898e-01,-5.501522421836853027e-01,-2.680531889200210571e-02,-2.194799900054931641e+00,-3.321173787117004395e-01,0.000000000000000000e+00
6.158688664436340332e-01,-4.737626612186431885e-01,7.910623550415039062e-01,-7.394110411405563354e-02,4.487366974353790283e-02,4.204779863357543945e-01,9.031707048416137695e-01,-4.611722826957702637e-01,-9.784891456365585327e-02,2.142923474311828613e-01,3.584195673465728760e-01,-3.132612407207489014e-01,1.600369513034820557e-01,-2.223111838102340698e-01,-1.204848587512969971e-01,2.388466236880049109e-04,8.369870781898498535e-01,1.928134709596633911e-01,1.645522415637969971e-01,1.345054656267166138e-01,5.242740511894226074e-01,3.000769317150115967e-01,3.698455914855003357e-02,-1.957014441490173340e+00,4.849018156528472900e-01,2.947182059288024902e-01,-5.452634096145629883e-01,3.275034949183464050e-03,-2.178497552871704102e+00,-3.135206103324890137e-01,0.000000000000000000e+00
6.361564397811889648e-01,-4.462610185146331787e-01,7.759916186332702637e-01,-7.285502552986145020e-02,3.532895073294639587e-02,4.425040483474731445e-01,8.931036591529846191e-01,-4.469949603080749512e-01,-1.199424192309379578e-01,1.207456961274147034e-01,4.478086531162261963e-01,-3.736665248870849609e-01,1.965304315090179443e-01,-2.877551913261413574e-01,-1.595860570669174194e-01,1.546267420053482056e-02,1.030522346496582031e+00,1.289194971323013306e-01,1.163969635963439941e-01,1.121597662568092346e-01,4.879554808139801025e-01,3.070999085903167725e-01,1.533402781933546066e-02,-1.906140685081481934e+00,4.242128729820251465e-01,3.203940689563751221e-01,-5.407010316848754883e-01,3.995220363140106201e-02,-2.110041141510009766e+00,-3.071976006031036377e-01,0.000000000000000000e+00
6.537469029426574707e-01,-4.216228425502777100e-01,7.566177845001220703e-01,-7.622137665748596191e-02,3.303878381848335266e-02,4.659267961978912354e-01,8.809148669242858887e-01,-4.774203300476074219e-01,-1.343672424554824829e-01,4.932894185185432434e-02,5.916135907173156738e-01,-5.048346519470214844e-01,2.251015007495880127e-01,-3.806691169738769531e-01,-1.877418160438537598e-01,4.916931316256523132e-02,1.183212280273437500e+00,2.728040516376495361e-02,7.672771811485290527e-02,8.183905482292175293e-02,4.231159090995788574e-01,2.990386486053466797e-01,-7.214655168354511261e-03,-1.869277477264404297e+00,4.643262624740600586e-01,3.306789994239807129e-01,-5.225199460983276367e-01,6.946154683828353882e-02,-2.011494636535644531e+00,-3.199215829372406006e-01,0.000000000000000000e+00
6.674640774726867676e-01,-4.022565484046936035e-01,7.412340044975280762e-01,-8.567358553409576416e-02,4.608016833662986755e-02,4.899841547012329102e-01,8.662864565849304199e-01,-5.452980995178222656e-01,-1.603583246469497681e-01,-7.129741832613945007e-03,7.253986001014709473e-01,-5.696468353271484375e-01,2.312283813953399658e-01,-5.455290079116821289e-01,-1.926580965518951416e-01,1.036998778581619263e-01,1.294432282447814941e+00,-5.840770900249481201e-02,6.396745145320892334e-02,3.688649460673332214e-02,3.003135323524475098e-01,2.861950397491455078e-01,-2.474451810121536255e-02,-1.846019983291625977e+00,4.835760295391082764e-01,3.043096065521240234e-01,-4.990695416927337646e-01,9.047938138246536255e-02,-1.872287750244140625e+00,-3.202829062938690186e-01,0.000000000000000000e+00
6.820360422134399414e-01,-3.776974976062774658e-01,7.379741668701171875e-01,-9.225194156169891357e-02,5.179000273346900940e-02,5.204662680625915527e-01,8.473029136657714844e-01,-5.280764698982238770e-01,-1.824900209903717041e-01,-6.208932772278785706e-02,7.503868937492370605e-01,-6.003580093383789062e-01,2.302351295948028564e-01,-6.544389724731445312e-01,-1.729671061038970947e-01,1.414555013179779053e-01,1.292051792144775391e+00,-8.059848099946975708e-02,7.875259965658187866e-02,-1.967490278184413910e-02,1.957350820302963257e-01,2.935439944267272949e-01,-3.759469464421272278e-02,-1.888386368751525879e+00,4.980287253856658936e-01,3.175035417079925537e-01,-4.483524262905120850e-01,8.718662708997726440e-02,-1.772783517837524414e+00,-3.085477054119110107e-01,0.000000000000000000e+00
6.962786316871643066e-01,-3.493007123470306396e-01,7.415760159492492676e-01,-9.945630282163619995e-02,5.678731948137283325e-02,5.602664947509765625e-01,8.203567266464233398e-01,-4.729247391223907471e-01,-2.003265172243118286e-01,-1.376748383045196533e-01,7.110416889190673828e-01,-5.899887084960937500e-01,1.836366504430770874e-01,-7.211199998855590820e-01,-1.680338829755783081e-01,1.319761425256729126e-01,1.202741861343383789e+00,-1.075858473777770996e-01,1.149789243936538696e-01,-9.414337575435638428e-02,9.068138897418975830e-02,2.996164858341217041e-01,-3.324146196246147156e-02,-1.984898447990417480e+00,5.292540192604064941e-01,3.512295782566070557e-01,-4.246253669261932373e-01,6.070126965641975403e-02,-1.783792257308959961e+00,-3.100794851779937744e-01,0.000000000000000000e+00
7.094234228134155273e-01,-3.177533149719238281e-01,7.523723840713500977e-01,-1.022754907608032227e-01,5.601701140403747559e-02,6.083664298057556152e-01,7.850427627563476562e-01,-3.742945492267608643e-01,-2.029662132263183594e-01,-2.180971801280975342e-01,6.235259771347045898e-01,-5.416973829269409180e-01,1.327837109565734863e-01,-7.321215271949768066e-01,-1.837396323680877686e-01,8.429352939128875732e-02,1.047403097152709961e+00,-1.433317810297012329e-01,1.103012859821319580e-01,-2.016498148441314697e-01,2.534292638301849365e-02,3.044680058956146240e-01,-6.502070464193820953e-03,-2.100847005844116211e+00,5.329834818840026855e-01,4.135183990001678467e-01,-4.265102744102478027e-01,4.012675583362579346e-02,-1.847396135330200195e+00,-3.256735503673553467e-01,0.000000000000000000e+00
7.205871939659118652e-01,-2.855167984962463379e-01,7.665357589721679688e-01,-1.019174978137016296e-01,5.309457331895828247e-02,6.457949280738830566e-01,7.548130154609680176e-01,-2.673113942146301270e-01,-1.833823770284652710e-01,-2.587632536888122559e-01,5.236139297485351562e-01,-4.523193538188934326e-01,8.160053938627243042e-02,-7.141053676605224609e-01,-1.866251528263092041e-01,5.271955579519271851e-02,8.411540985107421875e-01,-1.332810372114181519e-01,1.057346090674400330e-01,-2.868110239505767822e-01,-9.752800688147544861e-03,2.973302006721496582e-01,3.589639440178871155e-02,-2.186835765838623047e+00,5.360171794891357422e-01,4.856325387954711914e-01,-4.320975542068481445e-01,1.058940496295690536e-02,-1.909397721290588379e+00,-3.295188546180725098e-01,0.000000000000000000e+00
7.304261922836303711e-01,-2.497944831848144531e-01,7.812290191650390625e-01,-9.998359531164169312e-02,4.773977771401405334e-02,6.775728464126586914e-01,7.270620465278625488e-01,-1.707306355237960815e-01,-1.509689241647720337e-01,-2.533553540706634521e-01,4.565000236034393311e-01,-3.503196835517883301e-01,3.861498460173606873e-02,-6.757950782775878906e-01,-1.665379405021667480e-01,6.424987316131591797e-02,6.167836189270019531e-01,-1.047994047403335571e-01,1.083097904920578003e-01,-3.453870415687561035e-01,-6.168523803353309631e-02,2.909205853939056396e-01,3.455301374197006226e-02,-2.194799900054931641e+00,5.640058517456054688e-01,5.603682994842529297e-01,-4.384902715682983398e-01,-1.519194152206182480e-02,-1.942843556404113770e+00,-3.316425383090972900e-01,0.000000000000000000e+00
7.394929528236389160e-01,-2.125256210565567017e-01,7.936457991600036621e-01,-1.001348942518234253e-01,3.544011339545249939e-02,7.030406594276428223e-01,7.031719684600830078e-01,-9.619106352329254150e-02,-1.004716381430625916e-01,-2.088184058666229248e-01,4.465178251266479492e-01,-2.535663843154907227e-01,-7.850168272852897644e-03,-6.219145655632019043e-01,-1.287259906530380249e-01,1.070698127150535583e-01,4.165914654731750488e-01,-9.072170406579971313e-02,1.345389038324356079e-01,-3.823350667953491211e-01,-8.332245796918869019e-02,3.001804649829864502e-01,4.143040254712104797e-02,-2.194799900054931641e+00,5.468632578849792480e-01,6.140590310096740723e-01,-4.376345872879028320e-01,-2.400925569236278534e-02,-1.954958558082580566e+00,-3.383187353610992432e-01,0.000000000000000000e+00
7.485227584838867188e-01,-1.747830659151077271e-01,7.999266386032104492e-01,-1.009833216667175293e-01,2.529660612344741821e-02,7.233414649963378906e-01,6.825976967811584473e-01,-9.201592206954956055e-02,-6.026080623269081116e-02,-1.627624183893203735e-01,5.507279038429260254e-01,-2.073072195053100586e-01,-9.609087370336055756e-03,-5.846161842346191406e-01,-9.278272837400436401e-02,1.833330839872360229e-01,2.844343185424804688e-01,-6.802466511726379395e-02,1.513887345790863037e-01,-3.970206975936889648e-01,-7.153320312500000000e-02,3.130555152893066406e-01,4.117511212825775146e-02,-2.194799900054931641e+00,5.249705314636230469e-01,6.272640824317932129e-01,-4.464555978775024414e-01,-1.853336766362190247e-02,-1.950367808341979980e+00,-3.150266706943511963e-01,0.000000000000000000e+00
7.573701739311218262e-01,-1.379099190235137939e-01,7.967575788497924805e-01,-9.630353003740310669e-02,1.461032126098871231e-02,7.427929043769836426e-01,6.623978018760681152e-01,-1.469481438398361206e-01,-3.409527242183685303e-02,-1.453250050544738770e-01,7.731329202651977539e-01,-1.949851810932159424e-01,2.512003108859062195e-02,-5.673397183418273926e-01,-6.650205701589584351e-02,2.639587521553039551e-01,2.684053778648376465e-01,-6.295469403266906738e-02,1.552865654230117798e-01,-3.998406231403350830e-01,-2.225557528436183929e-02,3.231318295001983643e-01,3.872005268931388855e-02,-2.194799900054931641e+00,5.141766667366027832e-01,6.125390529632568359e-01,-4.725813567638397217e-01,-1.061489246785640717e-02,-1.930959463119506836e+00,-2.969833016395568848e-01,0.000000000000000000e+00
7.651565074920654297e-01,-1.029929369688034058e-01,7.817770242691040039e-01,-8.881062269210815430e-02,8.212715387344360352e-03,7.589426636695861816e-01,6.450203061103820801e-01,-2.377315163612365723e-01,-1.339732017368078232e-02,-1.199132055044174194e-01,1.031045675277709961e+00,-1.925496160984039307e-01,7.752754539251327515e-02,-5.614091753959655762e-01,-5.527915433049201965e-02,3.135992884635925293e-01,3.393388986587524414e-01,4.532177001237869263e-03,1.671039611101150513e-01,-3.827268183231353760e-01,5.810512974858283997e-02,3.138822019100189209e-01,4.334590584039688110e-02,-2.194799900054931641e+00,4.999951124191284180e-01,5.727927684783935547e-01,-5.041427612304687500e-01,3.851907560601830482e-03,-1.897989630699157715e+00,-3.248979449272155762e-01,0.000000000000000000e+00
7.727798223495483398e-01,-6.992537528276443481e-02,7.600801587104797363e-01,-8.394235372543334961e-02,6.657978519797325134e-03,7.692232131958007812e-01,6.334074735641479492e-01,-3.435008823871612549e-01,2.956587588414549828e-03,-1.092727929353713989e-01,1.260880827903747559e+00,-2.428616136312484741e-01,1.445305347442626953e-01,-5.997107028961181641e-01,-4.905113577842712402e-02,2.986042797565460205e-01,5.110884904861450195e-01,-2.727805450558662415e-02,1.496475934982299805e-01,-3.303327262401580811e-01,1.246695742011070251e-01,3.135782778263092041e-01,2.232779003679752350e-02,-2.179748296737670898e+00,4.893355369567871094e-01,5.357014536857604980e-01,-5.255649685859680176e-01,1.043541729450225830e-02,-1.864524364471435547e+00,-3.244065642356872559e-01,0.000000000000000000e+00
7.774295806884765625e-01,-4.268422722816467285e-02,7.375507950782775879e-01,-8.998607099056243896e-02,9.991671890020370483e-03,7.683621644973754883e-01,6.335789561271667480e-01,-4.746240079402923584e-01,2.371268719434738159e-02,-8.866714686155319214e-02,1.440120458602905273e+00,-3.406415581703186035e-01,1.841755062341690063e-01,-6.913540363311767578e-01,-4.474092274904251099e-03,3.154164254665374756e-01,7.278185486793518066e-01,-1.312340050935745239e-01,1.762681603431701660e-01,-2.315738648176193237e-01,1.407255232334136963e-01,3.341674506664276123e-01,-8.584260940551757812e-03,-2.084306716918945312e+00,4.488946199417114258e-01,4.566950500011444092e-01,-5.412662029266357422e-01,3.043738193809986115e-02,-1.804411411285400391e+00,-3.839430510997772217e-01,0.000000000000000000e+00
7.778462171554565430e-01,-1.404207758605480194e-02,7.242578268051147461e-01,-9.837231785058975220e-02,1.485372707247734070e-02,7.667250633239746094e-01,6.342199444770812988e-01,-6.204594969749450684e-01,3.044006973505020142e-02,-7.447990775108337402e-02,1.559363245964050293e+00,-3.960475027561187744e-01,2.573028504848480225e-01,-7.376241087913513184e-01,1.571859605610370636e-02,3.078657090663909912e-01,8.586694002151489258e-01,-2.191185653209686279e-01,8.226366341114044189e-02,-1.233471408486366272e-01,1.657020747661590576e-01,3.227560818195343018e-01,-1.608994789421558380e-02,-1.956724286079406738e+00,4.439854323863983154e-01,3.638708889484405518e-01,-5.453580617904663086e-01,5.710028856992721558e-02,-1.768063902854919434e+00,-3.990680873394012451e-01,0.000000000000000000e+00
7.781841158866882324e-01,1.591019518673419952e-02,7.220316529273986816e-01,-1.075194850564002991e-01,1.074137073010206223e-02,7.728547453880310059e-01,6.253156661987304688e-01,-7.402372360229492188e-01,4.997725784778594971e-02,-8.300364017486572266e-02,1.584697842597961426e+00,-4.509431421756744385e-01,2.617999911308288574e-01,-7.014498710632324219e-01,1.718581281602382660e-02,2.551785111427307129e-01,8.802829980850219727e-01,-2.831009626388549805e-01,1.835395209491252899e-02,-2.662670239806175232e-02,2.305714637041091919e-01,3.028207719326019287e-01,-2.196986041963100433e-02,-1.924524068832397461e+00,5.889077782630920410e-01,3.079473972320556641e-01,-5.358256697654724121e-01,5.765186995267868042e-02,-1.841058135032653809e+00,-3.041739165782928467e-01,0.000000000000000000e+00
7.711269855499267578e-01,4.627404361963272095e-02,7.283826470375061035e-01,-1.135496869683265686e-01,6.112460047006607056e-03,7.803682684898376465e-01,6.148939132690429688e-01,-8.173860311508178711e-01,6.120111048221588135e-02,-6.199642643332481384e-02,1.518712997436523438e+00,-4.971300363540649414e-01,2.617999911308288574e-01,-6.217819452285766602e-01,2.209207741543650627e-03,1.992958784103393555e-01,8.341982364654541016e-01,-3.013863861560821533e-01,2.077162824571132660e-02,7.842761278152465820e-02,3.000312447547912598e-01,3.429183661937713623e-01,-9.309988468885421753e-03,-1.999436020851135254e+00,5.502051711082458496e-01,2.637920081615447998e-01,-4.974715709686279297e-01,2.656213566660881042e-02,-1.969716668128967285e+00,-3.774979114532470703e-01,0.000000000000000000e+00
7.548465132713317871e-01,7.820206135511398315e-02,7.427608966827392578e-01,-1.126167103648185730e-01,4.915681201964616776e-03,8.009241223335266113e-01,5.880594253540039062e-01,-8.267342448234558105e-01,3.014790266752243042e-02,-1.618902571499347687e-02,1.348658442497253418e+00,-5.041521787643432617e-01,2.617999911308288574e-01,-4.779369831085205078e-01,-5.582516640424728394e-02,9.372180700302124023e-02,7.065265774726867676e-01,-2.754926681518554688e-01,6.604276597499847412e-02,1.357466280460357666e-01,3.835361897945404053e-01,3.606906533241271973e-01,1.169167738407850266e-02,-2.062776803970336914e+00,5.228499174118041992e-01,2.433464527130126953e-01,-4.927766919136047363e-01,-1.199452904984354973e-03,-2.114470005035400391e+00,-4.412506520748138428e-01,0.000000000000000000e+00
7.334656119346618652e-01,1.085273623466491699e-01,7.606102824211120605e-01,-1.060411706566810608e-01,3.899892792105674744e-03,8.258693218231201172e-01,5.537868738174438477e-01,-7.744432091712951660e-01,-3.721096739172935486e-02,1.659325696527957916e-02,1.098770380020141602e+00,-4.946517944335937500e-01,2.384661287069320679e-01,-3.125663101673126221e-01,-1.097282990813255310e-01,-3.419805318117141724e-02,5.705838799476623535e-01,-1.945129334926605225e-01,9.181474149227142334e-02,1.676989793777465820e-01,4.690536260604858398e-01,3.519504666328430176e-01,2.726019918918609619e-02,-2.093705415725708008e+00,5.355218648910522461e-01,2.359664291143417358e-01,-5.026278495788574219e-01,-3.220657631754875183e-02,-2.194799900054931641e+00,-4.362305402755737305e-01,0.000000000000000000e+00
7.143150568008422852e-01,1.380608826875686646e-01,7.791336774826049805e-01,-1.054991781711578369e-01,-6.870180834084749222e-03,8.433945775032043457e-01,5.267905592918395996e-01,-6.914943456649780273e-01,-4.965042695403099060e-02,6.827316433191299438e-02,8.115465641021728516e-01,-4.809686541557312012e-01,1.702457070350646973e-01,-1.941460669040679932e-01,-1.058090552687644958e-01,-1.165946051478385925e-01,4.962070882320404053e-01,-4.681962728500366211e-02,8.092375844717025757e-02,2.036522626876831055e-01,5.379309654235839844e-01,3.369212746620178223e-01,4.768456146121025085e-02,-2.085818529129028320e+00,5.769389271736145020e-01,2.026196271181106567e-01,-4.896662235260009766e-01,-1.972332596778869629e-02,-2.194799900054931641e+00,-3.912243247032165527e-01,0.000000000000000000e+00
6.935186386108398438e-01,1.659996062517166138e-01,7.924420237541198730e-01,-1.094849333167076111e-01,-1.488139573484659195e-02,8.604600429534912109e-01,4.973933398723602295e-01,-5.988426208496093750e-01,-7.216499745845794678e-02,1.397285610437393188e-01,5.304456949234008789e-01,-4.528435468673706055e-01,1.017642319202423096e-01,-1.629070639610290527e-01,-1.052426472306251526e-01,-1.631363183259963989e-01,5.414839386940002441e-01,8.441060036420822144e-02,9.164622426033020020e-02,2.133160233497619629e-01,5.642536878585815430e-01,3.267337083816528320e-01,6.714341789484024048e-02,-2.065196275711059570e+00,5.744765400886535645e-01,2.027079463005065918e-01,-4.637561142444610596e-01,9.552519768476486206e-04,-2.194799900054931641e+00,-4.019829928874969482e-01,0.000000000000000000e+00
6.723783612251281738e-01,1.934304088354110718e-01,7.968583703041076660e-01,-1.121218502521514893e-01,-1.951908133924007416e-02,8.796219229698181152e-01,4.618581235408782959e-01,-5.135383009910583496e-01,-1.067243292927742004e-01,2.237466573715209961e-01,3.337413370609283447e-01,-4.117905199527740479e-01,7.638061791658401489e-02,-2.003403156995773315e-01,-1.115914061665534973e-01,-1.491536945104598999e-01,6.920796036720275879e-01,1.559264063835144043e-01,1.148886457085609436e-01,1.933707147836685181e-01,5.588743090629577637e-01,3.169604241847991943e-01,6.867539882659912109e-02,-2.034645080566406250e+00,5.273933410644531250e-01,2.400576174259185791e-01,-4.466691017150878906e-01,2.926217950880527496e-02,-2.194799900054931641e+00,-4.324609339237213135e-01,0.000000000000000000e+00
6.516725420951843262e-01,2.194253355264663696e-01,7.911683917045593262e-01,-1.127124428749084473e-01,-2.351935766637325287e-02,8.980320096015930176e-01,4.245953559875488281e-01,-4.680925607681274414e-01,-1.412254273891448975e-01,2.376844584941864014e-01,2.811313569545745850e-01,-3.438631594181060791e-01,1.157023608684539795e-01,-2.723356485366821289e-01,-1.363499164581298828e-01,-1.128128543496131897e-01,8.831691145896911621e-01,1.480293571949005127e-01,1.008542999625205994e-01,1.612132042646408081e-01,5.284749269485473633e-01,3.126649558544158936e-01,5.392596125602722168e-02,-1.991149067878723145e+00,4.938634932041168213e-01,2.873158752918243408e-01,-4.443690478801727295e-01,2.853762544691562653e-02,-2.193837165832519531e+00,-3.882777392864227295e-01,0.000000000000000000e+00
6.324447989463806152e-01,2.456334084272384644e-01,7.755807638168334961e-01,-1.096150279045104980e-01,-3.183203190565109253e-02,9.139856696128845215e-01,3.893603086471557617e-01,-4.458646476268768311e-01,-1.597290337085723877e-01,1.612586379051208496e-01,3.383335769176483154e-01,-3.461138904094696045e-01,1.536670774221420288e-01,-3.268521130084991455e-01,-1.842342913150787354e-01,-1.083471477031707764e-01,1.047947645187377930e+00,8.402836322784423828e-02,5.395087599754333496e-02,1.329235136508941650e-01,4.971225261688232422e-01,3.150688409805297852e-01,4.497565329074859619e-02,-1.958170175552368164e+00,4.772416651248931885e-01,3.125329315662384033e-01,-4.396128654479980469e-01,4.343207180500030518e-02,-2.121987819671630859e+00,-3.613940775394439697e-01,0.000000000000000000e+00
6.159169077873229980e-01,2.681444287300109863e-01,7.555398344993591309e-01,-1.130696982145309448e-01,-3.394261747598648071e-02,9.287470579147338867e-01,3.514143824577331543e-01,-4.887013435363769531e-01,-1.846056878566741943e-01,5.691227316856384277e-02,4.927527010440826416e-01,-4.774229526519775391e-01,2.240803688764572144e-01,-4.202210605144500732e-01,-2.207162678241729736e-01,-5.888523906469345093e-02,1.177491068840026855e+00,-8.267953060567378998e-03,1.889004185795783997e-02,8.834668248891830444e-02,4.408932030200958252e-01,3.045321106910705566e-01,2.943495102226734161e-02,-1.925388097763061523e+00,4.489842653274536133e-01,3.251169323921203613e-01,-4.418863952159881592e-01,5.372880771756172180e-02,-2.022924184799194336e+00,-3.565549850463867188e-01,0.000000000000000000e+00
6.015141010284423828e-01,2.883810102939605713e-01,7.389447093009948730e-01,-1.321046501398086548e-01,-3.127744793891906738e-02,9.413980841636657715e-01,3.087713420391082764e-01,-5.753437876701354980e-01,-2.141299247741699219e-01,-2.783989347517490387e-02,6.581010222434997559e-01,-5.482804179191589355e-01,2.297957241535186768e-01,-5.686715245246887207e-01,-2.195369303226470947e-01,2.510427683591842651e-02,1.251323342323303223e+00,-9.275175631046295166e-02,9.923832491040229797e-03,2.541904151439666748e-02,3.231861591339111328e-01,2.965327203273773193e-01,1.452077552676200867e-02,-1.898673892021179199e+00,4.173615276813507080e-01,3.033698201179504395e-01,-4.425685405731201172e-01,4.901845380663871765e-02,-1.893306374549865723e+00,-3.059276342391967773e-01,0.000000000000000000e+00
5.817670822143554688e-01,3.134978413581848145e-01,7.374798059463500977e-01,-1.370964646339416504e-01,-4.222166538238525391e-02,9.537719488143920898e-01,2.640851736068725586e-01,-5.425083041191101074e-01,-2.033280283212661743e-01,-8.562520146369934082e-02,6.915085315704345703e-01,-5.839507579803466797e-01,1.676418334245681763e-01,-6.370961666107177734e-01,-1.719213426113128662e-01,8.598685264587402344e-02,1.210563302040100098e+00,-1.184607148170471191e-01,3.865069895982742310e-02,-4.484231024980545044e-02,2.515559792518615723e-01,3.150607645511627197e-01,8.482001721858978271e-03,-1.924904227256774902e+00,4.369625747203826904e-01,3.331553339958190918e-01,-3.899922668933868408e-01,5.298596993088722229e-02,-1.792847514152526855e+00,-2.900396287441253662e-01,0.000000000000000000e+00
5.569526553153991699e-01,3.291768431663513184e-01,7.364595532417297363e-01,-1.501721441745758057e-01,-3.762302920222282410e-02,9.640322327613830566e-01,2.160431444644927979e-01,-5.071316361427307129e-01,-2.373540699481964111e-01,-1.680318564176559448e-01,6.740989685058593750e-01,-5.940426588058471680e-01,1.640999019145965576e-01,-7.466942071914672852e-01,-1.606582850217819214e-01,1.465538293123245239e-01,1.154387235641479492e+00,-1.445784866809844971e-01,1.103979200124740601e-01,-1.260030120611190796e-01,1.497524827718734741e-01,3.115490376949310303e-01,-8.650580421090126038e-03,-2.006656646728515625e+00,4.913260638713836670e-01,3.648506402969360352e-01,-3.914050757884979248e-01,2.948517724871635437e-02,-1.792103767395019531e+00,-3.134558796882629395e-01,0.000000000000000000e+00
5.283830165863037109e-01,3.457386791706085205e-01,7.469459772109985352e-01,-1.561205387115478516e-01,-3.410553187131881714e-02,9.718855023384094238e-01,1.729213446378707886e-01,-4.214629530906677246e-01,-2.379542142152786255e-01,-2.222771644592285156e-01,5.903579592704772949e-01,-5.353379845619201660e-01,1.152672991156578064e-01,-8.170627951622009277e-01,-1.318950355052947998e-01,2.068164050579071045e-01,1.055026173591613770e+00,-1.502941399812698364e-01,5.997984111309051514e-02,-2.049906849861145020e-01,8.838897198438644409e-02,3.327385485172271729e-01,1.528762839734554291e-02,-2.144080877304077148e+00,4.976315796375274658e-01,4.379493594169616699e-01,-4.078445136547088623e-01,1.687292382121086121e-02,-1.854185104370117188e+00,-4.042340815067291260e-01,0.000000000000000000e+00
4.957044720649719238e-01,3.614334166049957275e-01,7.626614570617675781e-01,-1.535652428865432739e-01,-3.695844858884811401e-02,9.790027737617492676e-01,1.288619637489318848e-01,-3.014379441738128662e-01,-2.080147266387939453e-01,-2.558968067169189453e-01,4.762115776538848877e-01,-4.427844285964965820e-01,6.168823316693305969e-02,-8.115663528442382812e-01,-1.129466071724891663e-01,2.120140641927719116e-01,8.866331577301025391e-01,-1.501944065093994141e-01,5.730098113417625427e-02,-2.944904565811157227e-01,1.884172856807708740e-02,3.599185645580291748e-01,4.538623243570327759e-02,-2.194799900054931641e+00,4.814957678318023682e-01,5.254708528518676758e-01,-4.240013062953948975e-01,7.149039302021265030e-03,-1.913243889808654785e+00,-4.312116205692291260e-01,0.000000000000000000e+00
4.607053995132446289e-01,3.761822581291198730e-01,7.798839211463928223e-01,-1.461957842111587524e-01,-4.074967652559280396e-02,9.848598837852478027e-01,8.376894891262054443e-02,-1.928813606500625610e-01,-1.689423322677612305e-01,-2.572168111801147461e-01,3.962084949016571045e-01,-3.170421421527862549e-01,-1.036511547863483429e-02,-7.599395513534545898e-01,-1.010406240820884705e-01,2.009367197751998901e-01,6.794587969779968262e-01,-1.345155090093612671e-01,1.409392803907394409e-01,-3.722630739212036133e-01,-3.849200531840324402e-02,3.567276000976562500e-01,3.598164394497871399e-02,-2.194799900054931641e+00,5.418035387992858887e-01,6.128434538841247559e-01,-4.399023056030273438e-01,-5.480575840920209885e-03,-1.953107714653015137e+00,-3.864769637584686279e-01,0.000000000000000000e+00
4.229678213596343994e-01,3.907556831836700439e-01,7.960904836654663086e-01,-1.380722224712371826e-01,-4.728422313928604126e-02,9.881818294525146484e-01,4.687111079692840576e-02,-1.270218491554260254e-01,-1.222311928868293762e-01,-2.242659777402877808e-01,3.983527123928070068e-01,-2.138604223728179932e-01,-5.451235547661781311e-02,-7.007371783256530762e-01,-7.333708554506301880e-02,2.144377678632736206e-01,4.893110394477844238e-01,-1.053235158324241638e-01,1.472339928150177002e-01,-4.179309010505676270e-01,-5.546040460467338562e-02,3.561353981494903564e-01,2.310685254633426666e-02,-2.194799900054931641e+00,5.591665506362915039e-01,6.757418513298034668e-01,-4.371429383754730225e-01,-3.761797677725553513e-03,-1.967557072639465332e+00,-3.703132271766662598e-01,0.000000000000000000e+00
3.841851055622100830e-01,4.042631983757019043e-01,8.055904507637023926e-01,-1.295552253723144531e-01,-5.211510136723518372e-02,9.899226427078247070e-01,2.350813336670398712e-02,-1.215310841798782349e-01,-8.471096307039260864e-02,-1.723798513412475586e-01,5.072664618492126465e-01,-1.563769578933715820e-01,-5.884580314159393311e-02,-6.551820039749145508e-01,-3.491180017590522766e-02,2.643622457981109619e-01,3.622815012931823730e-01,-6.759046018123626709e-02,1.554861217737197876e-01,-4.236645102500915527e-01,-3.823445364832878113e-02,3.667619526386260986e-01,2.701835148036479950e-02,-2.194799900054931641e+00,5.057547092437744141e-01,6.870754957199096680e-01,-4.265250265598297119e-01,6.715054158121347427e-03,-1.943935751914978027e+00,-3.627464473247528076e-01,0.000000000000000000e+00
3.464177250862121582e-01,4.170982539653778076e-01,8.043327927589416504e-01,-1.213146746158599854e-01,-5.215964466333389282e-02,9.912075996398925781e-01,8.345847949385643005e-03,-1.905748099088668823e-01,-7.524318248033523560e-02,-1.575540304183959961e-01,7.375178933143615723e-01,-1.671468615531921387e-01,-2.233082661405205727e-03,-6.290950775146484375e-01,1.922042225487530231e-03,3.221998214721679688e-01,3.215447366237640381e-01,-3.790651634335517883e-02,1.665814816951751709e-01,-4.034239351749420166e-01,1.172612048685550690e-02,3.588372766971588135e-01,2.987058833241462708e-02,-2.194799900054931641e+00,4.950966835021972656e-01,6.537321805953979492e-01,-4.389989078044891357e-01,1.417470723390579224e-02,-1.909167647361755371e+00,-3.481133282184600830e-01,0.000000000000000000e+00
3.109135329723358154e-01,4.286526143550872803e-01,7.912518382072448730e-01,-1.126786991953849792e-01,-4.865100234746932983e-02,9.924271106719970703e-01,-5.005876533687114716e-03,-2.873428165912628174e-01,-8.376747369766235352e-02,-1.613868474960327148e-01,9.969747662544250488e-01,-2.023409008979797363e-01,5.933043360710144043e-02,-6.184169054031372070e-01,3.553409501910209656e-02,3.800773322582244873e-01,3.999547064304351807e-01,3.614807128906250000e-02,1.557520925998687744e-01,-3.657633364200592041e-01,8.238716423511505127e-02,3.297819197177886963e-01,2.392970025539398193e-02,-2.194799900054931641e+00,5.087457299232482910e-01,6.059075593948364258e-01,-4.534433782100677490e-01,9.527580812573432922e-03,-1.870296478271484375e+00,-3.543711602687835693e-01,0.000000000000000000e+00
2.776118814945220947e-01,4.399115443229675293e-01,7.707558274269104004e-01,-1.066727936267852783e-01,-4.657112434506416321e-02,9.931269288063049316e-01,-1.228842698037624359e-02,-3.867626190185546875e-01,-9.939612448215484619e-02,-1.727579534053802490e-01,1.216392874717712402e+00,-2.792270183563232422e-01,9.025355428457260132e-02,-6.616066694259643555e-01,5.818011611700057983e-02,3.535502851009368896e-01,6.042545437812805176e-01,-9.053063392639160156e-02,1.218861117959022522e-01,-3.023239076137542725e-01,1.468336135149002075e-01,3.307951986789703369e-01,9.037254378199577332e-03,-2.171573400497436523e+00,4.493764042854309082e-01,5.504934191703796387e-01,-4.654085040092468262e-01,4.497359332162886858e-04,-1.828385591506958008e+00,-3.709423542022705078e-01,0.000000000000000000e+00
2.478015571832656860e-01,4.480347037315368652e-01,7.497028708457946777e-01,-1.171606704592704773e-01,-4.547771811485290527e-02,9.920527338981628418e-01,-6.048390641808509827e-03,-5.368796586990356445e-01,-1.011715903878211975e-01,-1.573901921510696411e-01,1.396452665328979492e+00,-3.472265899181365967e-01,1.280512064695358276e-01,-7.434456944465637207e-01,1.036345586180686951e-01,3.646123707294464111e-01,8.053706288337707520e-01,-1.942871361970901489e-01,6.292836368083953857e-02,-1.994522362947463989e-01,1.362028568983078003e-01,3.359425067901611328e-01,-1.680456288158893585e-02,-2.059988975524902344e+00,3.575384020805358887e-01,4.484785199165344238e-01,-4.754227995872497559e-01,-4.488981503527611494e-04,-1.769751310348510742e+00,-3.443788886070251465e-01,0.000000000000000000e+00
2.155429273843765259e-01,4.533308148384094238e-01,7.392395138740539551e-01,-1.222983151674270630e-01,-4.712648317217826843e-02,9.912998080253601074e-01,-1.211863011121749878e-02,-6.793946623802185059e-01,-9.132269769906997681e-02,-1.546427905559539795e-01,1.497441649436950684e+00,-3.780421018600463867e-01,1.657391637563705444e-01,-7.414813041687011719e-01,1.049099862575531006e-01,3.303841054439544678e-01,8.833922743797302246e-01,-2.899425327777862549e-01,-7.385673816315829754e-04,-1.112039387226104736e-01,1.662178337574005127e-01,3.254425227642059326e-01,-3.411499038338661194e-02,-1.969249725341796875e+00,3.478353321552276611e-01,3.490773737430572510e-01,-4.777666926383972168e-01,1.902756839990615845e-02,-1.745921254158020020e+00,-3.766916692256927490e-01,0.000000000000000000e+00
1.796794086694717407e-01,4.580293297767639160e-01,7.431415319442749023e-01,-1.171924173831939697e-01,-5.465431883931159973e-02,9.914152026176452637e-01,-1.935911737382411957e-02,-7.712170481681823730e-01,-4.730811715126037598e-02,-1.395659893751144409e-01,1.486672520637512207e+00,-4.005355834960937500e-01,1.695585548877716064e-01,-6.418913602828979492e-01,9.720472991466522217e-02,2.768673598766326904e-01,8.334490060806274414e-01,-3.227964341640472412e-01,-1.425235718488693237e-02,-1.436037104576826096e-02,2.586756050586700439e-01,3.267070353031158447e-01,-3.073663264513015747e-02,-1.986469149589538574e+00,4.409080147743225098e-01,2.868347167968750000e-01,-4.858304262161254883e-01,2.128876373171806335e-02,-1.828176379203796387e+00,-2.722183763980865479e-01,0.000000000000000000e+00
1.431091874837875366e-01,4.536123573780059814e-01,7.503986954689025879e-01,-1.189623549580574036e-01,-5.206165835261344910e-02,9.909574985504150391e-01,-3.377587348222732544e-02,-8.519192934036254883e-01,-4.859440773725509644e-02,-1.045372188091278076e-01,1.406716823577880859e+00,-4.257160425186157227e-01,2.246457934379577637e-01,-5.473019480705261230e-01,5.634290724992752075e-02,2.300722897052764893e-01,7.594611048698425293e-01,-3.228270411491394043e-01,2.422684617340564728e-02,7.327333092689514160e-02,3.311632573604583740e-01,3.336245715618133545e-01,-2.224398031830787659e-02,-2.043542385101318359e+00,4.719425141811370850e-01,2.320290356874465942e-01,-4.898215830326080322e-01,4.525482654571533203e-03,-1.965299963951110840e+00,-3.800906240940093994e-01,0.000000000000000000e+00
1.022488847374916077e-01,4.486996531486511230e-01,7.660431861877441406e-01,-1.117290183901786804e-01,-5.200026929378509521e-02,9.909266829490661621e-01,-5.363661423325538635e-02,-8.544319868087768555e-01,-5.344302579760551453e-02,-7.371103018522262573e-02,1.229181885719299316e+00,-4.362586736679077148e-01,2.257124334573745728e-01,-3.818837106227874756e-01,1.751014776527881622e-02,1.463386714458465576e-01,6.061075925827026367e-01,-2.651076316833496094e-01,8.519745618104934692e-02,1.449761092662811279e-01,4.318036735057830811e-01,3.373183310031890869e-01,1.402608468197286129e-03,-2.078515529632568359e+00,5.185287594795227051e-01,2.193432897329330444e-01,-4.910211563110351562e-01,-3.350006416440010071e-02,-2.100310325622558594e+00,-3.994258642196655273e-01,0.000000000000000000e+00
6.125835329294204712e-02,4.409739971160888672e-01,7.849879860877990723e-01,-9.969128668308258057e-02,-5.265213549137115479e-02,9.910919070243835449e-01,-7.089587301015853882e-02,-7.897925376892089844e-01,-6.037291139364242554e-02,-3.764065355062484741e-02,9.684707522392272949e-01,-4.426063299179077148e-01,1.918425709009170532e-01,-2.331042438745498657e-01,-1.445285859517753124e-03,7.441765815019607544e-02,4.952615201473236084e-01,-1.312545388936996460e-01,1.155442222952842712e-01,2.059718519449234009e-01,5.355229377746582031e-01,3.238833546638488770e-01,3.083935752511024475e-02,-2.092850923538208008e+00,5.545496344566345215e-01,2.173907458782196045e-01,-5.066702961921691895e-01,-7.268183678388595581e-02,-2.194645881652832031e+00,-3.253810107707977295e-01,0.000000000000000000e+00
2.209752798080444336e-02,4.316051900386810303e-01,8.020721673965454102e-01,-8.906510472297668457e-02,-5.817928165197372437e-02,9.907018542289733887e-01,-8.480829745531082153e-02,-6.866250038146972656e-01,-6.415490806102752686e-02,1.593242771923542023e-02,6.547576189041137695e-01,-4.218458831310272217e-01,1.205713748931884766e-01,-1.597386896610260010e-01,2.215123735368251801e-03,4.311635717749595642e-02,4.922880232334136963e-01,3.530159965157508850e-02,1.495198458433151245e-01,2.565493285655975342e-01,6.046342253684997559e-01,3.308548331260681152e-01,5.659305304288864136e-02,-2.089865207672119141e+00,5.328365564346313477e-01,1.752022951841354370e-01,-5.053385496139526367e-01,-5.756321921944618225e-02,-2.194799900054931641e+00,-3.210434019565582275e-01,0.000000000000000000e+00
-1.786820590496063232e-02,4.216526448726654053e-01,8.119266033172607422e-01,-8.078881353139877319e-02,-6.465097516775131226e-02,9.884762763977050781e-01,-1.104902774095535278e-01,-5.777313113212585449e-01,-9.010890126228332520e-02,6.233967840671539307e-02,3.741851747035980225e-01,-3.635678589344024658e-01,4.932985454797744751e-02,-1.452247500419616699e-01,1.785987056791782379e-02,7.663778215646743774e-02,5.719397068023681641e-01,1.691783964633941650e-01,2.193592190742492676e-01,2.595516145229339600e-01,6.331161856651306152e-01,3.460023105144500732e-01,8.092445880174636841e-02,-2.063611507415771484e+00,4.829902946949005127e-01,1.609525829553604126e-01,-4.942940175533294678e-01,-2.854101732373237610e-02,-2.194799900054931641e+00,-3.542323708534240723e-01,0.000000000000000000e+00
-5.817828327417373657e-02,4.159440398216247559e-01,8.115848302841186523e-01,-7.363122701644897461e-02,-7.392740249633789062e-02,9.847835898399353027e-01,-1.389765590429306030e-01,-5.241489410400390625e-01,-1.097482442855834961e-01,7.782872766256332397e-02,2.647405862808227539e-01,-3.364706337451934814e-01,3.457973524928092957e-02,-1.809765845537185669e-01,6.210038810968399048e-02,1.286977380514144897e-01,7.316723465919494629e-01,2.312860935926437378e-01,2.617999911308288574e-01,2.383265048265457153e-01,6.333112120628356934e-01,3.273051679134368896e-01,9.135549515485763550e-02,-2.007076978683471680e+00,4.686087369918823242e-01,1.767938733100891113e-01,-4.827720820903778076e-01,-1.048323884606361389e-02,-2.194799900054931641e+00,-3.313200175762176514e-01,0.000000000000000000e+00
-9.688354283571243286e-02,4.053903222084045410e-01,8.002669811248779297e-01,-6.445743143558502197e-02,-7.648830860853195190e-02,9.799786210060119629e-01,-1.721529960632324219e-01,-4.811319708824157715e-01,-1.523205190896987915e-01,3.700901567935943604e-02,2.639877200126647949e-01,-2.929655611515045166e-01,7.857035845518112183e-02,-2.324896007776260376e-01,4.976702481508255005e-02,1.363852471113204956e-01,9.199180006980895996e-01,1.653794944286346436e-01,2.617999911308288574e-01,2.024845182895660400e-01,6.107248067855834961e-01,3.213085830211639404e-01,8.610451966524124146e-02,-1.957220315933227539e+00,4.678677916526794434e-01,2.315060496330261230e-01,-4.793044328689575195e-01,-1.331006293185055256e-03,-2.194794178009033203e+00,-3.203935623168945312e-01,0.000000000000000000e+00
-1.321872770786285400e-01,3.956993818283081055e-01,7.794324159622192383e-01,-5.528585985302925110e-02,-8.010634779930114746e-02,9.752681851387023926e-01,-1.984399259090423584e-01,-4.661228358745574951e-01,-1.860933601856231689e-01,-5.194722488522529602e-02,3.428628146648406982e-01,-2.644823789596557617e-01,1.318900585174560547e-01,-3.065061867237091064e-01,4.476419126149266958e-04,1.300958245992660522e-01,1.101534843444824219e+00,8.863051235675811768e-02,2.285960167646408081e-01,1.786751002073287964e-01,5.768304467201232910e-01,3.225862979888916016e-01,7.215417921543121338e-02,-1.930279970169067383e+00,4.639120995998382568e-01,2.714169919490814209e-01,-4.697844386100769043e-01,1.898174174129962921e-02,-2.144566535949707031e+00,-3.232941925525665283e-01,0.000000000000000000e+00
-1.609537303447723389e-01,3.879445791244506836e-01,7.583392262458801270e-01,-5.896021425724029541e-02,-7.929950952529907227e-02,9.698829054832458496e-01,-2.226261198520660400e-01,-5.261270403861999512e-01,-2.305420488119125366e-01,-1.283356994390487671e-01,5.236720442771911621e-01,-3.699250519275665283e-01,2.278155237436294556e-01,-4.339586794376373291e-01,-7.348865270614624023e-02,1.478925198316574097e-01,1.251158952713012695e+00,-9.702387265861034393e-03,1.736728847026824951e-01,1.504094451665878296e-01,5.007492899894714355e-01,2.965975105762481689e-01,4.854828864336013794e-02,-1.906751990318298340e+00,4.540690481662750244e-01,2.938757836818695068e-01,-4.784344136714935303e-01,3.625013679265975952e-02,-2.036409378051757812e+00,-3.266384303569793701e-01,0.000000000000000000e+00
-1.895711719989776611e-01,3.808460533618927002e-01,7.459382414817810059e-01,-6.582046300172805786e-02,-8.583994209766387939e-02,9.588047266006469727e-01,-2.626646459102630615e-01,-5.862055420875549316e-01,-2.672959268093109131e-01,-1.912493854761123657e-01,6.985252499580383301e-01,-4.277571439743041992e-01,2.057165205478668213e-01,-5.575104355812072754e-01,-1.255460083484649658e-01,1.527824997901916504e-01,1.307648777961730957e+00,-6.519714742898941040e-02,1.367415785789489746e-01,8.643179386854171753e-02,3.891902565956115723e-01,2.912895679473876953e-01,3.143508732318878174e-02,-1.880591034889221191e+00,4.601706862449645996e-01,3.053220510482788086e-01,-4.427426159381866455e-01,6.106840446591377258e-02,-1.863946080207824707e+00,-3.181709051132202148e-01,0.000000000000000000e+00
-2.204442769289016724e-01,3.697437047958374023e-01,7.412924766540527344e-01,-6.911590695381164551e-02,-9.495378285646438599e-02,9.487472772598266602e-01,-2.934030890464782715e-01,-5.702114701271057129e-01,-2.731313407421112061e-01,-2.416256517171859741e-01,7.556082010269165039e-01,-4.889462888240814209e-01,2.026588618755340576e-01,-6.642382740974426270e-01,-1.319054961204528809e-01,1.874724328517913818e-01,1.277060270309448242e+00,-9.649734944105148315e-02,1.225317791104316711e-01,4.079955816268920898e-02,2.788812220096588135e-01,2.834111154079437256e-01,4.974470939487218857e-03,-1.907060265541076660e+00,5.345875620841979980e-01,3.243731260299682617e-01,-3.921735286712646484e-01,4.813607782125473022e-02,-1.717718601226806641e+00,-2.837617099285125732e-01,0.000000000000000000e+00
-2.519487738609313965e-01,3.592250943183898926e-01,7.480751276016235352e-01,-6.757338345050811768e-02,-1.056522578001022339e-01,9.336291551589965820e-01,-3.355711698532104492e-01,-5.044928789138793945e-01,-2.593816220760345459e-01,-3.157745599746704102e-01,7.328869104385375977e-01,-4.892514944076538086e-01,1.387450098991394043e-01,-7.079014182090759277e-01,-1.353678107261657715e-01,1.649062931537628174e-01,1.151232838630676270e+00,-1.188142225146293640e-01,1.100022643804550171e-01,-2.645408175885677338e-02,1.841337829828262329e-01,3.039853274822235107e-01,-7.330546155571937561e-03,-2.014893531799316406e+00,5.535128712654113770e-01,3.780552446842193604e-01,-3.675200343132019043e-01,4.039305448532104492e-02,-1.698592782020568848e+00,-2.757976353168487549e-01,0.000000000000000000e+00
-2.822450101375579834e-01,3.386222720146179199e-01,7.580636143684387207e-01,-6.846015900373458862e-02,-1.063655689358711243e-01,9.120541810989379883e-01,-3.900727629661560059e-01,-4.084611237049102783e-01,-2.664096951484680176e-01,-3.960192501544952393e-01,6.752733588218688965e-01,-4.478188753128051758e-01,1.228853538632392883e-01,-7.075910568237304688e-01,-1.749159246683120728e-01,1.256957352161407471e-01,9.806832671165466309e-01,-1.408214420080184937e-01,1.123001053929328918e-01,-1.264671981334686279e-01,1.170248538255691528e-01,3.280741274356842041e-01,1.221031416207551956e-02,-2.150367975234985352e+00,5.504077672958374023e-01,4.549404382705688477e-01,-3.859343230724334717e-01,1.790579222142696381e-02,-1.750567436218261719e+00,-3.173274993896484375e-01,0.000000000000000000e+00
-3.131262063980102539e-01,3.173214793205261230e-01,7.730686664581298828e-01,-6.037378311157226562e-02,-1.064894199371337891e-01,8.919037580490112305e-01,-4.353420436382293701e-01,-2.955476641654968262e-01,-2.276161909103393555e-01,-4.244916141033172607e-01,5.948213338851928711e-01,-3.872553706169128418e-01,8.323325961828231812e-02,-6.615097522735595703e-01,-1.721726208925247192e-01,1.162809357047080994e-01,7.721036076545715332e-01,-1.370455324649810791e-01,1.129747927188873291e-01,-2.148925960063934326e-01,6.217189133167266846e-02,3.402159214019775391e-01,4.525429755449295044e-02,-2.194799900054931641e+00,5.620322227478027344e-01,5.385181903839111328e-01,-3.951297104358673096e-01,-1.193192508071660995e-02,-1.794090986251831055e+00,-3.261383771896362305e-01,0.000000000000000000e+00
-3.427868187427520752e-01,2.939559519290924072e-01,7.884821295738220215e-01,-5.288888886570930481e-02,-1.091389432549476624e-01,8.730173707008361816e-01,-4.723686575889587402e-01,-2.193847149610519409e-01,-1.839911937713623047e-01,-4.311058819293975830e-01,5.619106888771057129e-01,-3.044746518135070801e-01,4.537103325128555298e-02,-6.105322241783142090e-01,-1.474086940288543701e-01,1.366166025400161743e-01,5.624474883079528809e-01,-1.180745959281921387e-01,1.188854500651359558e-01,-2.799030542373657227e-01,1.334173697978258133e-02,3.270928263664245605e-01,5.726136639714241028e-02,-2.194799900054931641e+00,6.107366085052490234e-01,6.056621670722961426e-01,-3.912416696548461914e-01,-2.835266292095184326e-02,-1.836135268211364746e+00,-3.512431085109710693e-01,0.000000000000000000e+00
-3.711276352405548096e-01,2.697094678878784180e-01,8.007136583328247070e-01,-4.633035138249397278e-02,-1.134730055928230286e-01,8.546562194824218750e-01,-5.045197010040283203e-01,-1.948073804378509521e-01,-1.434910893440246582e-01,-4.059233963489532471e-01,6.078827977180480957e-01,-2.194473743438720703e-01,1.090136822313070297e-02,-5.610343217849731445e-01,-1.135425493121147156e-01,1.886699199676513672e-01,3.854590952396392822e-01,-9.056398272514343262e-02,1.541517376899719238e-01,-3.217700421810150146e-01,-1.325999945402145386e-02,3.175471127033233643e-01,6.487374752759933472e-02,-2.194799900054931641e+00,6.109021306037902832e-01,6.498906016349792480e-01,-3.951443731784820557e-01,-3.667368367314338684e-02,-1.865299940109252930e+00,-3.457664549350738525e-01,0.000000000000000000e+00
-3.988385200500488281e-01,2.459932267665863037e-01,8.055720925331115723e-01,-3.808737546205520630e-02,-1.170579418540000916e-01,8.412006497383117676e-01,-5.265246629714965820e-01,-2.187551110982894897e-01,-1.143912672996520996e-01,-3.659895360469818115e-01,7.383651137351989746e-01,-1.659783273935317993e-01,2.164290519431233406e-03,-5.337964892387390137e-01,-6.975527107715606689e-02,2.733972966670989990e-01,2.951240241527557373e-01,-6.335744261741638184e-02,1.798245459794998169e-01,-3.264582455158233643e-01,1.471032737754285336e-03,3.227959871292114258e-01,8.380717784166336060e-02,-2.194799900054931641e+00,5.522620677947998047e-01,6.583960652351379395e-01,-4.041538238525390625e-01,-3.460637852549552917e-02,-1.873092174530029297e+00,-3.431084156036376953e-01,0.000000000000000000e+00
-4.252390861511230469e-01,2.225508391857147217e-01,8.001942634582519531e-01,-3.198409825563430786e-02,-1.172120571136474609e-01,8.312760591506958008e-01,-5.424190759658813477e-01,-2.796646058559417725e-01,-1.040178611874580383e-01,-3.301491141319274902e-01,9.266595244407653809e-01,-1.540805399417877197e-01,3.458297252655029297e-02,-5.310972929000854492e-01,-3.065374121069908142e-02,3.518852591514587402e-01,2.916332483291625977e-01,-5.792555585503578186e-02,1.871956288814544678e-01,-3.114817440509796143e-01,6.022444367408752441e-02,3.067009150981903076e-01,9.192160516977310181e-02,-2.194799900054931641e+00,5.454459786415100098e-01,6.380263566970825195e-01,-4.356416463851928711e-01,-2.490406110882759094e-02,-1.878317236900329590e+00,-3.694309592247009277e-01,0.000000000000000000e+00
-4.493673145771026611e-01,2.012246400117874146e-01,7.839664816856384277e-01,-3.156993910670280457e-02,-1.148018538951873779e-01,8.213966488838195801e-01,-5.577915906906127930e-01,-3.683186471462249756e-01,-1.078045666217803955e-01,-3.060525953769683838e-01,1.130819797515869141e+00,-1.764038652181625366e-01,7.000497728586196899e-02,-5.443421006202697754e-01,-1.784646883606910706e-02,3.885033428668975830e-01,3.504212796688079834e-01,-1.407815795391798019e-02,1.834608763456344604e-01,-2.854140698909759521e-01,1.260785609483718872e-01,2.731080055236816406e-01,8.363678306341171265e-02,-2.193825483322143555e+00,5.409236550331115723e-01,6.045216321945190430e-01,-4.650453329086303711e-01,-4.311033338308334351e-02,-1.879921674728393555e+00,-3.471410572528839111e-01,0.000000000000000000e+00
-4.737961292266845703e-01,1.805387586355209351e-01,7.598330378532409668e-01,-2.883887290954589844e-02,-1.116710156202316284e-01,8.123176097869873047e-01,-5.716974735260009766e-01,-4.559904336929321289e-01,-1.010978519916534424e-01,-2.816632688045501709e-01,1.320328950881958008e+00,-2.606358826160430908e-01,1.102325171232223511e-01,-5.755926966667175293e-01,-1.505104824900627136e-02,3.390586972236633301e-01,5.054715871810913086e-01,-4.395306110382080078e-02,1.530776470899581909e-01,-2.445026487112045288e-01,1.677369177341461182e-01,2.815001606941223145e-01,7.706075906753540039e-02,-2.131391048431396484e+00,4.713147878646850586e-01,5.625362992286682129e-01,-5.004946589469909668e-01,-3.169844672083854675e-02,-1.877618551254272461e+00,-3.733849227428436279e-01,0.000000000000000000e+00
-4.922965466976165771e-01,1.636752039194107056e-01,7.362591624259948730e-01,-3.739171475172042847e-02,-1.162763759493827820e-01,8.057308197021484375e-01,-5.795511007308959961e-01,-5.895062685012817383e-01,-1.154381558299064636e-01,-2.725402712821960449e-01,1.479703664779663086e+00,-3.416767120361328125e-01,1.435421258211135864e-01,-6.673852801322937012e-01,1.262757647782564163e-02,3.278771638870239258e-01,7.150399684906005859e-01,-1.562378704547882080e-01,1.621122360229492188e-01,-1.687000691890716553e-01,1.706291586160659790e-01,2.956275045871734619e-01,2.800708077847957611e-02,-2.025222778320312500e+00,4.031836092472076416e-01,4.857091903686523438e-01,-5.092904567718505859e-01,-1.554550509899854660e-02,-1.832195520401000977e+00,-3.979839086532592773e-01,0.000000000000000000e+00
-5.071707963943481445e-01,1.407103836536407471e-01,7.215301394462585449e-01,-4.509902000427246094e-02,-1.204163506627082825e-01,8.021143078804016113e-01,-5.831626057624816895e-01,-7.184872627258300781e-01,-1.190564632415771484e-01,-2.401156574487686157e-01,1.569605588912963867e+00,-3.909173905849456787e-01,2.026986032724380493e-01,-7.114998698234558105e-01,1.867366209626197815e-02,3.012084066867828369e-01,8.467717766761779785e-01,-2.354132384061813354e-01,1.290409266948699951e-01,-7.220311462879180908e-02,1.924761682748794556e-01,2.750314772129058838e-01,-2.580382861196994781e-03,-1.911343216896057129e+00,4.155609011650085449e-01,3.906552195549011230e-01,-5.223818421363830566e-01,2.832104451954364777e-02,-1.776571989059448242e+00,-3.347780704498291016e-01,0.000000000000000000e+00
-5.194995999336242676e-01,1.149920597672462463e-01,7.191576957702636719e-01,-4.641265049576759338e-02,-1.243128031492233276e-01,7.900237441062927246e-01,-5.985438227653503418e-01,-8.195177316665649414e-01,-9.934555739164352417e-02,-2.025936841964721680e-01,1.571455836296081543e+00,-4.257217049598693848e-01,2.487934976816177368e-01,-6.737808585166931152e-01,-4.002769012004137039e-03,2.447049617767333984e-01,8.692566156387329102e-01,-2.979584038257598877e-01,4.897513985633850098e-02,1.021287404000759125e-02,2.540754675865173340e-01,2.817524969577789307e-01,-3.005492500960826874e-02,-1.901850342750549316e+00,4.300271570682525635e-01,3.176619708538055420e-01,-5.052526593208312988e-01,4.590498656034469604e-02,-1.782980561256408691e+00,-3.113010525703430176e-01,0.000000000000000000e+00
-5.293790698051452637e-01,8.532291650772094727e-02,7.260854244232177734e-01,-4.511622339487075806e-02,-1.289239972829818726e-01,7.799149751663208008e-01,-6.107993125915527344e-01,-8.785619139671325684e-01,-5.810155346989631653e-02,-1.482005864381790161e-01,1.489827752113342285e+00,-4.586749076843261719e-01,2.617999315261840820e-01,-5.868476629257202148e-01,-2.382458187639713287e-02,1.792695373296737671e-01,8.114053606986999512e-01,-3.031944632530212402e-01,5.309098213911056519e-02,1.088058426976203918e-01,3.259787857532501221e-01,3.148424327373504639e-01,-3.409803286194801331e-02,-1.952719807624816895e+00,4.271229207515716553e-01,2.696540057659149170e-01,-4.743065834045410156e-01,3.464712947607040405e-02,-1.851874828338623047e+00,-3.176551759243011475e-01,0.000000000000000000e+00
-5.336461067199707031e-01,5.143820121884346008e-02,7.401729822158813477e-01,-3.874211385846138000e-02,-1.287417411804199219e-01,7.662281394004821777e-01,-6.283462643623352051e-01,-8.748818039894104004e-01,-2.306636236608028412e-02,-7.374264299869537354e-02,1.323784947395324707e+00,-4.756201505661010742e-01,2.617999911308288574e-01,-4.426663219928741455e-01,-5.356445536017417908e-02,8.845942467451095581e-02,6.871883869171142578e-01,-2.668072283267974854e-01,6.990337371826171875e-02,1.913112848997116089e-01,4.118539690971374512e-01,3.428854644298553467e-01,-2.803508751094341278e-02,-1.994581341743469238e+00,4.825095534324645996e-01,2.469006329774856567e-01,-4.718147218227386475e-01,9.355703368782997131e-03,-1.952699422836303711e+00,-2.941626012325286865e-01,0.000000000000000000e+00
-5.316511392593383789e-01,1.455165352672338486e-02,7.573989629745483398e-01,-3.423399850726127625e-02,-1.229962855577468872e-01,7.454212307929992676e-01,-6.542531251907348633e-01,-8.170276880264282227e-01,-3.805422037839889526e-02,-4.981670994311571121e-03,1.083917617797851562e+00,-4.698061347007751465e-01,2.484126687049865723e-01,-2.954171895980834961e-01,-9.008001536130905151e-02,-5.875842180103063583e-03,5.720629692077636719e-01,-1.711569577455520630e-01,7.435762882232666016e-02,2.332479506731033325e-01,4.985670149326324463e-01,3.416704535484313965e-01,-2.309199050068855286e-02,-2.010281324386596680e+00,5.517337918281555176e-01,2.513057589530944824e-01,-4.778779149055480957e-01,-1.478783972561359406e-02,-2.065476655960083008e+00,-2.879946231842041016e-01,0.000000000000000000e+00
-5.290945768356323242e-01,-2.121229283511638641e-02,7.749696969985961914e-01,-2.682719752192497253e-02,-1.218559890985488892e-01,7.253310084342956543e-01,-6.769980192184448242e-01,-7.328258752822875977e-01,-5.429185181856155396e-02,4.214073717594146729e-02,8.002151846885681152e-01,-4.507529139518737793e-01,1.837843507528305054e-01,-1.935152113437652588e-01,-9.324619919061660767e-02,-6.182097643613815308e-02,5.180271863937377930e-01,-1.009598188102245331e-02,7.900910824537277222e-02,2.613916397094726562e-01,5.578010678291320801e-01,3.324235975742340088e-01,-5.131877958774566650e-03,-2.012034416198730469e+00,5.556100606918334961e-01,2.559899687767028809e-01,-4.899459481239318848e-01,-7.468109484761953354e-03,-2.138909101486206055e+00,-2.770645618438720703e-01,0.000000000000000000e+00
-5.249846577644348145e-01,-5.825272575020790100e-02,7.882634401321411133e-01,-1.934927143156528473e-02,-1.228289753198623657e-01,7.029625773429870605e-01,-7.002730369567871094e-01,-6.343122124671936035e-01,-7.264921069145202637e-02,9.996484965085983276e-02,5.209961533546447754e-01,-4.286576211452484131e-01,1.056080758571624756e-01,-1.426564604043960571e-01,-9.010217338800430298e-02,-8.783618360757827759e-02,5.413561463356018066e-01,1.392587125301361084e-01,1.072003543376922607e-01,2.625882327556610107e-01,5.819104313850402832e-01,3.233737349510192871e-01,1.953444629907608032e-02,-2.000671148300170898e+00,5.345804095268249512e-01,2.462675273418426514e-01,-4.833953082561492920e-01,-2.078009583055973053e-02,-2.174645900726318359e+00,-2.523338496685028076e-01,0.000000000000000000e+00
-5.195376276969909668e-01,-9.407356381416320801e-02,7.938491106033325195e-01,-1.344650704413652420e-02,-1.229272931814193726e-01,6.763976216316223145e-01,-7.260814905166625977e-01,-5.622637271881103516e-01,-9.565743058919906616e-02,1.599651724100112915e-01,3.604611456394195557e-01,-3.896918892860412598e-01,1.016525626182556152e-01,-1.581674963235855103e-01,-8.510614931583404541e-02,-5.438969656825065613e-02,6.557232737541198730e-01,2.458840459585189819e-01,1.586787849664688110e-01,2.414940744638442993e-01,5.751651525497436523e-01,3.095140159130096436e-01,2.610374242067337036e-02,-1.979371070861816406e+00,5.212896466255187988e-01,2.492718398571014404e-01,-4.776731431484222412e-01,-3.568810061551630497e-04,-2.163750171661376953e+00,-2.628570795059204102e-01,0.000000000000000000e+00
-5.140402317047119141e-01,-1.280714124441146851e-01,7.892103791236877441e-01,-7.758358959108591080e-03,-1.201331242918968201e-01,6.491474509239196777e-01,-7.510761618614196777e-01,-5.152234435081481934e-01,-1.132553219795227051e-01,2.103098183870315552e-01,3.357784748077392578e-01,-3.646605014801025391e-01,1.487444192171096802e-01,-2.153832465410232544e-01,-8.424617350101470947e-02,5.921048577874898911e-03,8.319653868675231934e-01,2.582990229129791260e-01,1.905453950166702271e-01,2.102136015892028809e-01,5.498657822608947754e-01,2.868483960628509521e-01,1.698832027614116669e-02,-1.956973791122436523e+00,4.961133897304534912e-01,2.665693163871765137e-01,-4.812980890274047852e-01,3.289865702390670776e-02,-2.129580259323120117e+00,-2.830103337764739990e-01,0.000000000000000000e+00
-5.100543498992919922e-01,-1.627613157033920288e-01,7.749360203742980957e-01,1.310011371970176697e-03,-1.174918785691261292e-01,6.245678663253784180e-01,-7.720808982849121094e-01,-4.981081783771514893e-01,-1.255214810371398926e-01,1.502359509468078613e-01,4.172146320343017578e-01,-3.721750080585479736e-01,2.070375233888626099e-01,-2.719622552394866943e-01,-1.117574945092201233e-01,2.489518374204635620e-02,9.977276325225830078e-01,1.943061798810958862e-01,1.487616896629333496e-01,1.825472414493560791e-01,5.111179351806640625e-01,2.847740948200225830e-01,-2.697323681786656380e-03,-1.936778783798217773e+00,4.576431810855865479e-01,2.930166721343994141e-01,-4.835410118103027344e-01,5.538723617792129517e-02,-2.075436592102050781e+00,-2.839769721031188965e-01,0.000000000000000000e+00
-5.062059760093688965e-01,-1.936012357473373413e-01,7.550765872001647949e-01,8.000512607395648956e-03,-1.185529008507728577e-01,5.986360311508178711e-01,-7.921591401100158691e-01,-5.345965623855590820e-01,-1.414750814437866211e-01,4.710426554083824158e-02,5.794753432273864746e-01,-4.784020781517028809e-01,2.560398280620574951e-01,-3.462843298912048340e-01,-1.302650421857833862e-01,6.095258891582489014e-02,1.122146964073181152e+00,9.232455492019653320e-02,1.160704270005226135e-01,1.500848680734634399e-01,4.415901303291320801e-01,2.878681719303131104e-01,-3.268782049417495728e-02,-1.906985998153686523e+00,4.463983178138732910e-01,3.144664168357849121e-01,-4.920116961002349854e-01,7.614446431398391724e-02,-1.995067477226257324e+00,-3.075778186321258545e-01,0.000000000000000000e+00
-5.020816922187805176e-01,-2.215750515460968018e-01,7.369794249534606934e-01,2.897939179092645645e-03,-1.310749053955078125e-01,5.626267194747924805e-01,-8.162488341331481934e-01,-6.014803647994995117e-01,-1.752850115299224854e-01,-3.212997689843177795e-02,7.377120852470397949e-01,-5.377611517906188965e-01,2.351929247379302979e-01,-4.693294763565063477e-01,-1.206133961677551270e-01,1.231940239667892456e-01,1.202330589294433594e+00,2.427173964679241180e-02,1.246776804327964783e-01,7.982189953327178955e-02,3.199978172779083252e-01,2.601917088031768799e-01,-5.493687465786933899e-02,-1.876656413078308105e+00,4.314690828323364258e-01,3.062589168548583984e-01,-4.871639311313629150e-01,1.114120557904243469e-01,-1.861735820770263672e+00,-3.257888555526733398e-01,0.000000000000000000e+00
-4.941109418869018555e-01,-2.506251335144042969e-01,7.295363545417785645e-01,2.773100975900888443e-03,-1.367333829402923584e-01,5.261455178260803223e-01,-8.393254280090332031e-01,-5.817630887031555176e-01,-2.048151791095733643e-01,-1.033567115664482117e-01,7.832472920417785645e-01,-5.914939045906066895e-01,2.324686646461486816e-01,-5.771689414978027344e-01,-1.089573428034782410e-01,1.828137040138244629e-01,1.205135941505432129e+00,-4.239907860755920410e-02,1.361555755138397217e-01,9.910969063639640808e-03,2.170320004224777222e-01,2.582274377346038818e-01,-5.697380378842353821e-02,-1.895684361457824707e+00,4.318170845508575439e-01,3.228898048400878906e-01,-4.452694356441497803e-01,8.965273201465606689e-02,-1.756479859352111816e+00,-3.065682947635650635e-01,0.000000000000000000e+00
-4.820634722709655762e-01,-2.812777161598205566e-01,7.317387461662292480e-01,2.868819516152143478e-03,-1.419198215007781982e-01,4.838776588439941406e-01,-8.635467290878295898e-01,-5.198760628700256348e-01,-2.192878276109695435e-01,-1.734386980533599854e-01,7.580073475837707520e-01,-5.962572097778320312e-01,1.917608678340911865e-01,-6.660020947456359863e-01,-1.245048418641090393e-01,1.793793141841888428e-01,1.138608694076538086e+00,-8.609408885240554810e-02,1.322730034589767456e-01,-6.846024096012115479e-02,1.233706027269363403e-01,2.689222395420074463e-01,-5.831303820013999939e-02,-1.976588606834411621e+00,4.665816128253936768e-01,3.686286509037017822e-01,-4.279924631118774414e-01,5.897956714034080505e-02,-1.769736528396606445e+00,-3.229728341102600098e-01,0.000000000000000000e+00
-4.658517539501190186e-01,-3.124131262302398682e-01,7.416713833808898926e-01,5.345306824892759323e-03,-1.436936855316162109e-01,4.412811994552612305e-01,-8.857733607292175293e-01,-4.232247769832611084e-01,-2.153823971748352051e-01,-2.448658049106597900e-01,6.819017529487609863e-01,-5.496829748153686523e-01,1.435254663228988647e-01,-7.201423645019531250e-01,-1.408944576978683472e-01,1.585904061794281006e-01,1.018894910812377930e+00,-1.240980774164199829e-01,1.090670749545097351e-01,-1.471338570117950439e-01,6.056137755513191223e-02,2.853832244873046875e-01,-3.105102293193340302e-02,-2.087203741073608398e+00,4.954303801059722900e-01,4.384623765945434570e-01,-4.255628585815429688e-01,3.437339514493942261e-02,-1.846300840377807617e+00,-3.711192905902862549e-01,0.000000000000000000e+00
-4.451302289962768555e-01,-3.445556163787841797e-01,7.567221522331237793e-01,9.558113291859626770e-03,-1.393506973981857300e-01,3.943994343280792236e-01,-9.082615971565246582e-01,-2.989692389965057373e-01,-1.896297931671142578e-01,-2.886608541011810303e-01,5.747052431106567383e-01,-4.688364565372467041e-01,7.985807955265045166e-02,-7.172492146492004395e-01,-1.394206285476684570e-01,1.501155495643615723e-01,8.476563096046447754e-01,-1.331085413694381714e-01,1.112117767333984375e-01,-2.372539192438125610e-01,5.206970125436782837e-02,3.053485155105590820e-01,1.382505334913730621e-02,-2.193608283996582031e+00,5.420708656311035156e-01,5.296157598495483398e-01,-4.372867345809936523e-01,2.970282686874270439e-03,-1.942388176918029785e+00,-4.164409637451171875e-01,0.000000000000000000e+00
-4.224964380264282227e-01,-3.760737180709838867e-01,7.724761962890625000e-01,1.530097797513008118e-02,-1.339488774538040161e-01,3.510902822017669678e-01,-9.265846610069274902e-01,-2.055487781763076782e-01,-1.557032763957977295e-01,-3.071722686290740967e-01,5.215389132499694824e-01,-3.522869944572448730e-01,3.061050176620483398e-02,-6.904362440109252930e-01,-1.081990078091621399e-01,1.940281391143798828e-01,6.536618471145629883e-01,-1.249903514981269836e-01,1.324037611484527588e-01,-3.080339729785919189e-01,2.256316691637039185e-02,3.116776049137115479e-01,4.685696586966514587e-02,-2.194799900054931641e+00,5.744977593421936035e-01,6.051331758499145508e-01,-4.373413026332855225e-01,-3.972980380058288574e-02,-2.003008842468261719e+00,-3.809760212898254395e-01,0.000000000000000000e+00
-3.975757658481597900e-01,-4.082123935222625732e-01,7.860898971557617188e-01,2.202707901597023010e-02,-1.295126676559448242e-01,3.152408599853515625e-01,-9.398747086524963379e-01,-1.527181416749954224e-01,-1.129967570304870605e-01,-2.845594286918640137e-01,5.374416708946228027e-01,-2.529700398445129395e-01,-9.026764892041683197e-03,-6.650571823120117188e-01,-6.829009950160980225e-02,2.822346389293670654e-01,4.934892654418945312e-01,-1.066370755434036255e-01,1.446499228477478027e-01,-3.463956415653228760e-01,1.995408907532691956e-02,3.278993964195251465e-01,7.062373310327529907e-02,-2.194799900054931641e+00,5.468533635139465332e-01,6.433498859405517578e-01,-4.330232739448547363e-01,-4.151967912912368774e-02,-2.019959211349487305e+00,-3.751449584960937500e-01,0.000000000000000000e+00
-3.713642358779907227e-01,-4.399505555629730225e-01,7.930958867073059082e-01,2.979367971420288086e-02,-1.213984936475753784e-01,2.844915091991424561e-01,-9.504942297935485840e-01,-1.489250659942626953e-01,-8.480017632246017456e-02,-2.656640112400054932e-01,6.531928181648254395e-01,-1.917480230331420898e-01,-1.647874712944030762e-02,-6.276049613952636719e-01,-3.749760240316390991e-02,3.631033003330230713e-01,3.840694129467010498e-01,-8.382647484540939331e-02,1.695709377527236938e-01,-3.617199361324310303e-01,5.938144028186798096e-02,3.341911435127258301e-01,7.759812474250793457e-02,-2.194799900054931641e+00,4.936346411705017090e-01,6.464922428131103516e-01,-4.290024340152740479e-01,-3.408305346965789795e-02,-2.004843235015869141e+00,-3.656120002269744873e-01,0.000000000000000000e+00
-3.460292518138885498e-01,-4.700885713100433350e-01,7.895560264587402344e-01,3.502428904175758362e-02,-1.117126494646072388e-01,2.576162815093994141e-01,-9.591284990310668945e-01,-2.049895077943801880e-01,-7.911249250173568726e-02,-2.603390216827392578e-01,8.678048849105834961e-01,-1.856238543987274170e-01,3.797464445233345032e-02,-5.977249145507812500e-01,-2.286433614790439606e-02,3.920811116695404053e-01,3.472845256328582764e-01,-6.219535693526268005e-02,1.779798865318298340e-01,-3.574295639991760254e-01,1.320129930973052979e-01,3.203838765621185303e-01,8.612204343080520630e-02,-2.194618463516235352e+00,4.886949062347412109e-01,6.163374781608581543e-01,-4.541438519954681396e-01,-8.311487734317779541e-03,-1.969869494438171387e+00,-3.968164622783660889e-01,0.000000000000000000e+00
-3.224619626998901367e-01,-4.985492229461669922e-01,7.743694186210632324e-01,3.501653298735618591e-02,-9.939242899417877197e-02,2.328903228044509888e-01,-9.667766690254211426e-01,-2.774551510810852051e-01,-8.582070469856262207e-02,-2.502028942108154297e-01,1.096217393875122070e+00,-2.213122695684432983e-01,9.267947077751159668e-02,-5.784803628921508789e-01,-2.001689188182353973e-02,4.011905193328857422e-01,4.199173450469970703e-01,1.733645424246788025e-02,1.806599497795104980e-01,-3.296693265438079834e-01,1.791654378175735474e-01,3.040051460266113281e-01,5.465865135192871094e-02,-2.162025690078735352e+00,5.055308938026428223e-01,5.951117277145385742e-01,-4.744991064071655273e-01,-1.821880228817462921e-02,-1.934095263481140137e+00,-3.707548081874847412e-01,0.000000000000000000e+00
-3.004024028778076172e-01,-5.260344147682189941e-01,7.524930238723754883e-01,3.464287146925926208e-02,-9.334696084260940552e-02,2.120936214923858643e-01,-9.721638560295104980e-01,-3.625178337097167969e-01,-7.892349362373352051e-02,-2.296057492494583130e-01,1.287705302238464355e+00,-3.069933354854583740e-01,1.256663650274276733e-01,-6.070551872253417969e-01,-1.132540032267570496e-02,3.615966439247131348e-01,6.035707592964172363e-01,-8.595376461744308472e-02,1.664267331361770630e-01,-2.821453511714935303e-01,2.030446529388427734e-01,3.191954493522644043e-01,3.198552131652832031e-02,-2.109300613403320312e+00,4.694268107414245605e-01,5.511499643325805664e-01,-5.004244446754455566e-01,-1.217001862823963165e-02,-1.871273636817932129e+00,-3.611687421798706055e-01,0.000000000000000000e+00
-2.803534865379333496e-01,-5.474554300308227539e-01,7.314278483390808105e-01,3.194094821810722351e-02,-1.025229692459106445e-01,2.024366259574890137e-01,-9.733900427818298340e-01,-5.031128525733947754e-01,-8.209832757711410522e-02,-2.051398903131484985e-01,1.446446537971496582e+00,-3.803435564041137695e-01,1.712872385978698730e-01,-6.774734258651733398e-01,1.129375677555799484e-02,3.398993313312530518e-01,7.887248992919921875e-01,-1.954378485679626465e-01,1.411444097757339478e-01,-1.888511180877685547e-01,1.810725778341293335e-01,3.231555521488189697e-01,-6.103775463998317719e-03,-2.017256259918212891e+00,3.833664655685424805e-01,4.767068624496459961e-01,-4.986412227153778076e-01,1.716454140841960907e-02,-1.788658142089843750e+00,-3.845039904117584229e-01,0.000000000000000000e+00
-2.562391161918640137e-01,-5.654186010360717773e-01,7.200125455856323242e-01,3.064648061990737915e-02,-1.093975231051445007e-01,1.899339109659194946e-01,-9.752015471458435059e-01,-6.393826007843017578e-01,-6.571283191442489624e-02,-1.608017235994338989e-01,1.528449892997741699e+00,-4.138193130493164062e-01,2.271306961774826050e-01,-6.877002716064453125e-01,3.110155463218688965e-03,2.963906824588775635e-01,8.806284070014953613e-01,-2.878054082393646240e-01,6.398171186447143555e-02,-9.438756108283996582e-02,1.918467879295349121e-01,3.032782375812530518e-01,-2.832565829157829285e-02,-1.946851611137390137e+00,4.460359513759613037e-01,3.957482278347015381e-01,-4.975840151309967041e-01,2.338375151157379150e-02,-1.730771541595458984e+00,-3.628056645393371582e-01,0.000000000000000000e+00
-2.281066477298736572e-01,-5.817973017692565918e-01,7.193460464477539062e-01,3.186673298478126526e-02,-1.135304123163223267e-01,1.702160239219665527e-01,-9.783260226249694824e-01,-7.404360771179199219e-01,-3.318281099200248718e-02,-1.063991189002990723e-01,1.521010279655456543e+00,-4.603832066059112549e-01,2.489966601133346558e-01,-6.273968219757080078e-01,-2.070756070315837860e-02,2.346961349248886108e-01,8.740015029907226562e-01,-3.350627124309539795e-01,2.519389986991882324e-02,-8.156779222190380096e-03,2.327476739883422852e-01,2.901000082492828369e-01,-3.931239619851112366e-02,-1.962472200393676758e+00,4.562937319278717041e-01,3.287316560745239258e-01,-5.133485198020935059e-01,4.861173778772354126e-02,-1.786459684371948242e+00,-3.356553316116333008e-01,0.000000000000000000e+00
-1.963640600442886353e-01,-5.959571003913879395e-01,7.269135117530822754e-01,3.597955778241157532e-02,-1.144485995173454285e-01,1.576571762561798096e-01,-9.801791906356811523e-01,-8.039991855621337891e-01,6.752247922122478485e-03,-4.511253908276557922e-02,1.440853357315063477e+00,-5.132800340652465820e-01,2.617999315261840820e-01,-5.203508138656616211e-01,-3.369091078639030457e-02,1.727772504091262817e-01,7.943251729011535645e-01,-3.251918554306030273e-01,5.438856780529022217e-02,9.209133684635162354e-02,2.938091158866882324e-01,3.040156066417694092e-01,-2.741025947034358978e-02,-2.010556459426879883e+00,5.127760767936706543e-01,2.737479805946350098e-01,-5.229271054267883301e-01,2.379706501960754395e-02,-1.910568594932556152e+00,-3.178571760654449463e-01,0.000000000000000000e+00
-1.598852127790451050e-01,-6.026877164840698242e-01,7.407391667366027832e-01,3.485891222953796387e-02,-1.095566228032112122e-01,1.324672549962997437e-01,-9.844971299171447754e-01,-8.142215609550476074e-01,-1.012279000133275986e-02,2.194144530221819878e-03,1.279205560684204102e+00,-5.078232884407043457e-01,2.617999911308288574e-01,-3.654693961143493652e-01,-7.135137915611267090e-02,8.933386951684951782e-02,6.549348831176757812e-01,-2.826861143112182617e-01,9.634505957365036011e-02,1.526448577642440796e-01,3.860609531402587891e-01,3.054433465003967285e-01,-8.658546023070812225e-03,-2.052710533142089844e+00,5.304289460182189941e-01,2.478896826505661011e-01,-5.121061801910400391e-01,-2.667186595499515533e-02,-2.054396629333496094e+00,-3.693691194057464600e-01,0.000000000000000000e+00
-1.221660748124122620e-01,-6.068960428237915039e-01,7.573119401931762695e-01,3.133919090032577515e-02,-1.039358526468276978e-01,1.105032041668891907e-01,-9.879292845726013184e-01,-7.835358381271362305e-01,-2.623714134097099304e-02,5.225975811481475830e-02,1.057643055915832520e+00,-4.951910674571990967e-01,2.346355617046356201e-01,-2.393936365842819214e-01,-1.023371592164039612e-01,1.812803745269775391e-02,5.596121549606323242e-01,-1.831877976655960083e-01,9.156119078397750854e-02,1.993167400360107422e-01,4.752487242221832275e-01,2.915937006473541260e-01,1.002795901149511337e-02,-2.077335119247436523e+00,5.483144521713256836e-01,2.316703051328659058e-01,-5.305983424186706543e-01,-6.820961833000183105e-02,-2.177582740783691406e+00,-3.580755889415740967e-01,0.000000000000000000e+00
-8.506522327661514282e-02,-6.095262765884399414e-01,7.752001881599426270e-01,3.149764984846115112e-02,-9.899914264678955078e-02,9.245698899030685425e-02,-9.902821779251098633e-01,-7.230693101882934570e-01,-3.471724689006805420e-02,1.050904914736747742e-01,8.060370683670043945e-01,-4.795943498611450195e-01,1.938377618789672852e-01,-1.645826697349548340e-01,-1.138602048158645630e-01,-2.702460810542106628e-02,5.381382703781127930e-01,-1.967804692685604095e-02,8.975012600421905518e-02,2.386038154363632202e-01,5.445579886436462402e-01,2.811010777950286865e-01,4.177021980285644531e-02,-2.074179172515869141e+00,5.495640039443969727e-01,2.037489265203475952e-01,-5.512830018997192383e-01,-8.382264524698257446e-02,-2.194799900054931641e+00,-3.058936893939971924e-01,0.000000000000000000e+00
-4.757295921444892883e-02,-6.122752428054809570e-01,7.893967032432556152e-01,3.290252014994621277e-02,-9.509474784135818481e-02,7.131026685237884521e-02,-9.923654794692993164e-01,-6.517254114151000977e-01,-5.016657337546348572e-02,1.496216952800750732e-01,5.816205739974975586e-01,-4.430237114429473877e-01,1.510419249534606934e-01,-1.414616554975509644e-01,-1.209115684032440186e-01,-5.422533303499221802e-02,5.949123501777648926e-01,1.257764399051666260e-01,9.834110736846923828e-02,2.494561225175857544e-01,5.796037912368774414e-01,2.822733521461486816e-01,3.686353564262390137e-02,-2.048408508300781250e+00,5.240874886512756348e-01,2.015087008476257324e-01,-5.399356484413146973e-01,-5.841628089547157288e-02,-2.194799900054931641e+00,-3.223789930343627930e-01,0.000000000000000000e+00
-8.968565613031387329e-03,-6.140232682228088379e-01,7.943627238273620605e-01,3.293844312429428101e-02,-8.885050565004348755e-02,4.483138024806976318e-02,-9.944902062416076660e-01,-5.863087773323059082e-01,-7.577069848775863647e-02,1.720786243677139282e-01,4.419048130512237549e-01,-3.715899884700775146e-01,1.318435072898864746e-01,-1.680522859096527100e-01,-1.248418241739273071e-01,-2.776109613478183746e-02,7.318474650382995605e-01,2.184724956750869751e-01,1.241379529237747192e-01,2.311134487390518188e-01,5.779312849044799805e-01,2.640831470489501953e-01,2.195345051586627960e-02,-1.988225221633911133e+00,4.968335032463073730e-01,2.451220750808715820e-01,-5.238465070724487305e-01,-3.862500563263893127e-02,-2.194761514663696289e+00,-3.182997405529022217e-01,0.000000000000000000e+00
2.897218987345695496e-02,-6.154086589813232422e-01,7.884415984153747559e-01,3.415827453136444092e-02,-8.096764236688613892e-02,1.589511707425117493e-02,-9.960044026374816895e-01,-5.502921938896179199e-01,-9.299493581056594849e-02,1.630373448133468628e-01,4.446898102760314941e-01,-3.109661936759948730e-01,1.618574112653732300e-01,-2.228731364011764526e-01,-1.255110055208206177e-01,1.649311184883117676e-02,9.106612205505371094e-01,2.037837803363800049e-01,1.229646131396293640e-01,1.986838877201080322e-01,5.482055544853210449e-01,2.543231248855590820e-01,-7.270391215570271015e-04,-1.934083104133605957e+00,4.705848395824432373e-01,2.817820906639099121e-01,-5.159435868263244629e-01,1.084438059478998184e-02,-2.152658700942993164e+00,-3.255137801170349121e-01,0.000000000000000000e+00
6.746958196163177490e-02,-6.178773641586303711e-01,7.729353904724121094e-01,4.045648500323295593e-02,-7.046831399202346802e-02,-9.324922226369380951e-03,-9.966496825218200684e-01,-5.235415101051330566e-01,-1.032089143991470337e-01,1.117065995931625366e-01,5.372034907341003418e-01,-3.895432054996490479e-01,1.698738187551498413e-01,-2.721158862113952637e-01,-1.263432353734970093e-01,4.460053890943527222e-02,1.065614938735961914e+00,1.329004913568496704e-01,1.077937930822372437e-01,1.665839254856109619e-01,5.117062926292419434e-01,2.632300853729248047e-01,-1.349510066211223602e-02,-1.902648448944091797e+00,4.195210933685302734e-01,3.047409653663635254e-01,-4.923845827579498291e-01,5.890996754169464111e-02,-2.061314582824707031e+00,-3.441892266273498535e-01,0.000000000000000000e+00
1.016857847571372986e-01,-6.214354634284973145e-01,7.567025423049926758e-01,4.994284734129905701e-02,-6.472393870353698730e-02,-3.545112162828445435e-02,-9.960219860076904297e-01,-5.212055444717407227e-01,-1.006753966212272644e-01,4.530210047960281372e-02,6.480540037155151367e-01,-5.137863159179687500e-01,1.764330714941024780e-01,-3.446525633335113525e-01,-1.226410195231437683e-01,6.587044894695281982e-02,1.181018352508544922e+00,4.212791472673416138e-02,8.779382705688476562e-02,1.194975748658180237e-01,4.521844983100891113e-01,2.673186361789703369e-01,-2.295305952429771423e-02,-1.871832609176635742e+00,4.302963018417358398e-01,3.127821087837219238e-01,-4.689912199974060059e-01,9.142178297042846680e-02,-1.946558952331542969e+00,-3.145215213298797607e-01,0.000000000000000000e+00
1.320530176162719727e-01,-6.237341761589050293e-01,7.454769015312194824e-01,5.411887541413307190e-02,-7.163157314062118530e-02,-6.721318513154983521e-02,-9.936913251876831055e-01,-5.533512830734252930e-01,-1.181952878832817078e-01,-2.531251311302185059e-02,7.627342343330383301e-01,-5.753504633903503418e-01,1.847575455904006958e-01,-4.696369767189025879e-01,-1.227507218718528748e-01,9.873232990503311157e-02,1.254802703857421875e+00,-4.565649479627609253e-02,7.697021961212158203e-02,4.799829050898551941e-02,3.393421471118927002e-01,2.444247454404830933e-01,-2.441183850169181824e-02,-1.845174908638000488e+00,4.490954577922821045e-01,3.043856918811798096e-01,-4.319196045398712158e-01,1.129379495978355408e-01,-1.806049466133117676e+00,-3.086285889148712158e-01,0.000000000000000000e+00
1.650109887123107910e-01,-6.231370568275451660e-01,7.423170208930969238e-01,5.525894090533256531e-02,-7.735525071620941162e-02,-9.685850888490676880e-02,-9.907476902008056641e-01,-5.247171521186828613e-01,-1.322928518056869507e-01,-6.631579250097274780e-02,7.849513888359069824e-01,-6.122940182685852051e-01,1.805287003517150879e-01,-5.870802998542785645e-01,-1.238583102822303772e-01,1.346134990453720093e-01,1.252633094787597656e+00,-8.071908354759216309e-02,9.610725194215774536e-02,-1.301325485110282898e-02,2.212289571762084961e-01,2.429243773221969604e-01,-3.356719017028808594e-02,-1.882352828979492188e+00,4.484874010086059570e-01,3.291955292224884033e-01,-3.924050033092498779e-01,8.058453351259231567e-02,-1.734428882598876953e+00,-3.317132294178009033e-01,0.000000000000000000e+00
1.972328424453735352e-01,-6.182097792625427246e-01,7.441347241401672363e-01,5.367262661457061768e-02,-8.652921766042709351e-02,-1.346427947282791138e-01,-9.856486320495605469e-01,-4.700515568256378174e-01,-1.528370380401611328e-01,-1.082359775900840759e-01,7.407308816909790039e-01,-6.188541650772094727e-01,1.562378406524658203e-01,-6.929694414138793945e-01,-1.472667753696441650e-01,1.515883356332778931e-01,1.185764312744140625e+00,-1.174438223242759705e-01,1.325801461935043335e-01,-8.964244276285171509e-02,1.047056838870048523e-01,2.511244416236877441e-01,-3.234928846359252930e-02,-1.977312803268432617e+00,4.555701017379760742e-01,3.764360845088958740e-01,-4.118671417236328125e-01,6.182676553726196289e-02,-1.791792154312133789e+00,-3.497382402420043945e-01,0.000000000000000000e+00
2.334943115711212158e-01,-6.134620904922485352e-01,7.556586861610412598e-01,5.633417889475822449e-02,-8.533313870429992676e-02,-1.760127395391464233e-01,-9.790629148483276367e-01,-3.793989419937133789e-01,-1.456283479928970337e-01,-1.642704904079437256e-01,6.699034571647644043e-01,-5.772380828857421875e-01,1.204251125454902649e-01,-7.206653952598571777e-01,-1.777401417493820190e-01,1.148732304573059082e-01,1.030757188796997070e+00,-1.424857676029205322e-01,1.114728674292564392e-01,-1.792783439159393311e-01,4.313665628433227539e-02,2.678075730800628662e-01,-1.263675629161298275e-03,-2.098661184310913086e+00,4.893942177295684814e-01,4.518535137176513672e-01,-4.220375120639801025e-01,4.285741969943046570e-02,-1.882305502891540527e+00,-4.025166332721710205e-01,0.000000000000000000e+00
2.714183628559112549e-01,-6.053122282028198242e-01,7.708474993705749512e-01,5.640793591737747192e-02,-7.600264251232147217e-02,-2.202052325010299683e-01,-9.708508849143981934e-01,-2.618107497692108154e-01,-1.265515089035034180e-01,-2.037387937307357788e-01,5.796322226524353027e-01,-4.924866855144500732e-01,7.674097269773483276e-02,-6.783705353736877441e-01,-2.020995467901229858e-01,7.002190500497817993e-02,8.118649721145629883e-01,-1.416904181241989136e-01,1.093455031514167786e-01,-2.749839723110198975e-01,2.590243890881538391e-02,2.786128818988800049e-01,3.562355786561965942e-02,-2.193665266036987305e+00,5.333596467971801758e-01,5.420166850090026855e-01,-4.445113539695739746e-01,2.392257191240787506e-02,-1.964122295379638672e+00,-4.232473671436309814e-01,0.000000000000000000e+00
3.103067278861999512e-01,-5.973873734474182129e-01,7.859242558479309082e-01,5.886472016572952271e-02,-6.590865552425384521e-02,-2.513236403465270996e-01,-9.638606905937194824e-01,-1.803027093410491943e-01,-8.929692953824996948e-02,-2.026689499616622925e-01,5.524539351463317871e-01,-3.997224271297454834e-01,5.905778706073760986e-02,-6.256129145622253418e-01,-1.845598816871643066e-01,6.874307990074157715e-02,5.841873288154602051e-01,-1.085423454642295837e-01,1.147650703787803650e-01,-3.309063017368316650e-01,-1.384514756500720978e-02,2.862854599952697754e-01,6.191108375787734985e-02,-2.194799900054931641e+00,5.552807450294494629e-01,6.077758073806762695e-01,-4.579505622386932373e-01,1.752399024553596973e-03,-2.004225969314575195e+00,-4.095536470413208008e-01,0.000000000000000000e+00
3.489668667316436768e-01,-5.885861515998840332e-01,7.968818545341491699e-01,6.413096189498901367e-02,-5.768075585365295410e-02,-2.759708762168884277e-01,-9.572879672050476074e-01,-1.552293002605438232e-01,-4.555546864867210388e-02,-1.769353896379470825e-01,6.160555481910705566e-01,-3.258596658706665039e-01,5.359953641891479492e-02,-5.798402428627014160e-01,-1.424318850040435791e-01,1.435072869062423706e-01,3.948522508144378662e-01,-8.245781809091567993e-02,1.492668837308883667e-01,-3.508118391036987305e-01,-1.828180439770221710e-02,2.951887845993041992e-01,6.838487833738327026e-02,-2.194799900054931641e+00,5.343957543373107910e-01,6.357966661453247070e-01,-4.544673562049865723e-01,-1.508736610412597656e-02,-1.995849013328552246e+00,-3.870360851287841797e-01,0.000000000000000000e+00
3.870527148246765137e-01,-5.797833800315856934e-01,7.984772920608520508e-01,6.954754143953323364e-02,-4.826192930340766907e-02,-2.915636301040649414e-01,-9.527983069419860840e-01,-1.876144409179687500e-01,-1.197742391377687454e-02,-1.572221070528030396e-01,7.823532819747924805e-01,-2.980733811855316162e-01,8.270754665136337280e-02,-5.605454444885253906e-01,-9.324650466442108154e-02,2.721347212791442871e-01,3.141278326511383057e-01,-6.017077341675758362e-02,1.698875576257705688e-01,-3.406010270118713379e-01,2.415418624877929688e-02,3.033998608589172363e-01,7.859526574611663818e-02,-2.194799900054931641e+00,5.273378491401672363e-01,6.233347058296203613e-01,-4.395270943641662598e-01,-2.083824388682842255e-02,-1.962630629539489746e+00,-3.540949821472167969e-01,0.000000000000000000e+00
4.235357940196990967e-01,-5.713595151901245117e-01,7.891885638236999512e-01,7.115684449672698975e-02,-3.848394379019737244e-02,-3.094401657581329346e-01,-9.474716186523437500e-01,-2.498401552438735962e-01,1.054389402270317078e-02,-1.481289118528366089e-01,9.942597150802612305e-01,-2.920648753643035889e-01,1.162983402609825134e-01,-5.456084012985229492e-01,-6.263517588376998901e-02,3.686657845973968506e-01,3.176473975181579590e-01,-5.205180868506431580e-02,1.820395886898040771e-01,-3.206366300582885742e-01,9.276553243398666382e-02,3.040885031223297119e-01,7.260056585073471069e-02,-2.194799900054931641e+00,5.411748886108398438e-01,5.964879393577575684e-01,-4.458820521831512451e-01,-2.894044853746891022e-02,-1.926102757453918457e+00,-3.433921933174133301e-01,0.000000000000000000e+00
4.579389095306396484e-01,-5.627548694610595703e-01,7.691146135330200195e-01,6.566537916660308838e-02,-3.347523137927055359e-02,-3.281255066394805908e-01,-9.417542815208435059e-01,-3.259930908679962158e-01,3.361958777531981468e-03,-1.506577283143997192e-01,1.201588392257690430e+00,-3.341883122920989990e-01,1.569029241800308228e-01,-5.381711125373840332e-01,-6.421705335378646851e-02,3.920681476593017578e-01,3.984648883342742920e-01,1.409808173775672913e-02,2.092792987823486328e-01,-2.905760109424591064e-01,1.583837419748306274e-01,2.940284609794616699e-01,5.390960723161697388e-02,-2.193762540817260742e+00,5.193676948547363281e-01,5.634832978248596191e-01,-4.689776897430419922e-01,-1.916632242500782013e-02,-1.895141839981079102e+00,-3.424751460552215576e-01,0.000000000000000000e+00
4.882629513740539551e-01,-5.565961003303527832e-01,7.446793913841247559e-01,6.699433922767639160e-02,-3.232899308204650879e-02,-3.417899310588836670e-01,-9.368277788162231445e-01,-4.313168227672576904e-01,-2.317921072244644165e-02,-1.784325987100601196e-01,1.385192394256591797e+00,-4.035696089267730713e-01,1.825184226036071777e-01,-5.942277312278747559e-01,-5.021129548549652100e-02,3.524933159351348877e-01,5.859788656234741211e-01,-7.939890772104263306e-02,1.839638054370880127e-01,-2.331250309944152832e-01,1.896328330039978027e-01,3.183075785636901855e-01,2.520029246807098389e-02,-2.130659818649291992e+00,4.754034876823425293e-01,5.200446248054504395e-01,-4.836663007736206055e-01,-6.398472934961318970e-03,-1.849446296691894531e+00,-3.197539746761322021e-01,0.000000000000000000e+00
5.125439167022705078e-01,-5.451417565345764160e-01,7.245003581047058105e-01,7.245631515979766846e-02,-4.549889639019966125e-02,-3.512975275516510010e-01,-9.323464632034301758e-01,-5.825533270835876465e-01,-7.490945607423782349e-02,-2.020868659019470215e-01,1.513756632804870605e+00,-4.474337399005889893e-01,2.205964922904968262e-01,-6.753906011581420898e-01,-3.466771170496940613e-02,3.237256407737731934e-01,7.652544975280761719e-01,-1.759762167930603027e-01,2.170103341341018677e-01,-1.556600332260131836e-01,1.789577752351760864e-01,3.201595544815063477e-01,-1.062967348843812943e-02,-2.015710830688476562e+00,4.226575493812561035e-01,4.281743764877319336e-01,-5.050480961799621582e-01,1.631473191082477570e-02,-1.767784595489501953e+00,-2.853888869285583496e-01,0.000000000000000000e+00
5.356090068817138672e-01,-5.326400995254516602e-01,7.184788584709167480e-01,7.278900593519210815e-02,-4.579801484942436218e-02,-3.641552925109863281e-01,-9.273592829704284668e-01,-6.870393157005310059e-01,-7.206290960311889648e-02,-1.721821725368499756e-01,1.533416152000427246e+00,-4.759388566017150879e-01,2.393415570259094238e-01,-6.619791984558105469e-01,-4.873197153210639954e-02,2.757768034934997559e-01,8.313791751861572266e-01,-2.483961433172225952e-01,1.686180531978607178e-01,-7.633007317781448364e-02,2.173764556646347046e-01,2.887495458126068115e-01,-3.990292921662330627e-02,-1.938968658447265625e+00,4.555281698703765869e-01,3.688914775848388672e-01,-4.896143674850463867e-01,4.110503569245338440e-02,-1.737038612365722656e+00,-3.277568221092224121e-01,0.000000000000000000e+00
5.593051314353942871e-01,-5.176675915718078613e-01,7.203190922737121582e-01,8.052983134984970093e-02,-4.970520734786987305e-02,-3.682853877544403076e-01,-9.248839020729064941e-01,-7.817993760108947754e-01,-1.526808086782693863e-02,-1.138826236128807068e-01,1.479293465614318848e+00,-5.255226492881774902e-01,2.617998719215393066e-01,-6.283488273620605469e-01,-4.342753440141677856e-02,2.383473515510559082e-01,8.377026915550231934e-01,-2.744925320148468018e-01,9.719388931989669800e-02,3.070659376680850983e-02,2.598156630992889404e-01,2.851222455501556396e-01,-4.498360306024551392e-02,-1.953821539878845215e+00,4.643009901046752930e-01,2.992419004440307617e-01,-4.947002828121185303e-01,5.280735716223716736e-02,-1.800730466842651367e+00,-2.557390332221984863e-01,0.000000000000000000e+00
5.820114016532897949e-01,-4.964364469051361084e-01,7.278234362602233887e-01,8.727109432220458984e-02,-5.073970183730125427e-02,-3.765326142311096191e-01,-9.208867549896240234e-01,-8.418670892715454102e-01,2.123335748910903931e-02,-7.150575518608093262e-02,1.377659797668457031e+00,-5.536339282989501953e-01,2.617999911308288574e-01,-5.508975386619567871e-01,-5.313590541481971741e-02,1.853791773319244385e-01,7.873629927635192871e-01,-2.720459401607513428e-01,7.654812186956405640e-02,1.308030039072036743e-01,3.042630851268768311e-01,3.044617474079132080e-01,-3.205187618732452393e-02,-1.991073131561279297e+00,4.943223595619201660e-01,2.433554977178573608e-01,-4.883905351161956787e-01,3.332574293017387390e-02,-1.902090549468994141e+00,-2.967150807380676270e-01,0.000000000000000000e+00
5.963435173034667969e-01,-4.633433222770690918e-01,7.448004484176635742e-01,7.864544540643692017e-02,-4.914518445730209351e-02,-4.069964885711669922e-01,-9.087098240852355957e-01,-8.070862889289855957e-01,-1.096551865339279175e-02,3.782851621508598328e-03,1.166302204132080078e+00,-5.185974836349487305e-01,2.617999911308288574e-01,-3.953969180583953857e-01,-1.297299414873123169e-01,7.312034070491790771e-02,6.517491340637207031e-01,-2.398836463689804077e-01,8.478328585624694824e-02,1.749689131975173950e-01,3.884544074535369873e-01,3.030976653099060059e-01,-1.709938980638980865e-02,-2.028978109359741211e+00,5.271937847137451172e-01,2.433875650167465210e-01,-4.743389189243316650e-01,-1.550027728080749512e-02,-2.026431560516357422e+00,-3.617971837520599365e-01,0.000000000000000000e+00
6.077320575714111328e-01,-4.281584918498992920e-01,7.624277472496032715e-01,6.962149590253829956e-02,-4.924708604812622070e-02,-4.373424649238586426e-01,-8.952425122261047363e-01,-7.402670979499816895e-01,-5.543605983257293701e-02,6.211027875542640686e-02,9.039232730865478516e-01,-4.743171632289886475e-01,2.328492403030395508e-01,-2.578062415122985840e-01,-1.893146783113479614e-01,-3.859231993556022644e-02,5.496246814727783203e-01,-1.439407765865325928e-01,8.013336360454559326e-02,1.971376687288284302e-01,4.634141325950622559e-01,2.755655348300933838e-01,-4.334019031375646591e-03,-2.041533946990966797e+00,5.284679532051086426e-01,2.435221672058105469e-01,-4.957780241966247559e-01,-4.456805810332298279e-02,-2.134781122207641602e+00,-3.018069863319396973e-01,0.000000000000000000e+00
6.211522817611694336e-01,-3.951073288917541504e-01,7.797640562057495117e-01,6.753917038440704346e-02,-4.422720149159431458e-02,-4.605420529842376709e-01,-8.839589357376098633e-01,-6.546530723571777344e-01,-5.770519375801086426e-02,1.255344748497009277e-01,6.466906070709228516e-01,-4.450663328170776367e-01,1.789957135915756226e-01,-1.544270515441894531e-01,-2.096817642450332642e-01,-1.397403031587600708e-01,5.107603073120117188e-01,6.601441185921430588e-03,7.114426791667938232e-02,2.192073613405227661e-01,5.127156376838684082e-01,2.779548764228820801e-01,1.373376231640577316e-02,-2.027383327484130859e+00,5.103866457939147949e-01,2.526873350143432617e-01,-5.042282938957214355e-01,-6.184706464409828186e-02,-2.193670988082885742e+00,-2.712661027908325195e-01,0.000000000000000000e+00
6.324388384819030762e-01,-3.643942177295684814e-01,7.914923429489135742e-01,6.600084900856018066e-02,-4.062928631901741028e-02,-4.850242435932159424e-01,-8.710594773292541504e-01,-5.824511051177978516e-01,-6.707917153835296631e-02,1.885792315006256104e-01,4.565578103065490723e-01,-4.283696413040161133e-01,1.459209918975830078e-01,-1.262568086385726929e-01,-2.301134020090103149e-01,-1.884447634220123291e-01,5.731110572814941406e-01,1.019681990146636963e-01,7.005964219570159912e-02,2.179566174745559692e-01,5.286774635314941406e-01,2.727778255939483643e-01,7.953572086989879608e-03,-1.995922923088073730e+00,4.957118034362792969e-01,2.731835544109344482e-01,-4.996942877769470215e-01,-5.199471488595008850e-02,-2.194371700286865234e+00,-3.037438988685607910e-01,0.000000000000000000e+00
6.438611745834350586e-01,-3.327671587467193604e-01,7.943995594978332520e-01,6.432251632213592529e-02,-3.509895876049995422e-02,-5.131324529647827148e-01,-8.551758527755737305e-01,-5.337564349174499512e-01,-8.105330169200897217e-02,2.093259841203689575e-01,3.713074028491973877e-01,-3.783401846885681152e-01,1.445291638374328613e-01,-1.620164662599563599e-01,-2.358408868312835693e-01,-1.301254183053970337e-01,7.224359512329101562e-01,1.761541217565536499e-01,7.494096457958221436e-02,1.907355040311813354e-01,5.210083127021789551e-01,2.493682652711868286e-01,-1.995791913941502571e-03,-1.928389549255371094e+00,4.641271829605102539e-01,3.043142557144165039e-01,-4.925764203071594238e-01,-2.137296274304389954e-02,-2.172676563262939453e+00,-3.175256550312042236e-01,0.000000000000000000e+00
6.566988229751586914e-01,-3.010538816452026367e-01,7.865449786186218262e-01,6.370164453983306885e-02,-2.823142521083354950e-02,-5.417369604110717773e-01,-8.376551270484924316e-01,-5.081390142440795898e-01,-9.230420738458633423e-02,1.865202337503433228e-01,3.854561448097229004e-01,-3.095759451389312744e-01,1.585246324539184570e-01,-2.253962755203247070e-01,-2.160817831754684448e-01,-3.130156546831130981e-02,9.028796553611755371e-01,1.864490061998367310e-01,8.668160438537597656e-02,1.515907198190689087e-01,4.859993457794189453e-01,2.485014051198959351e-01,-2.232918888330459595e-02,-1.876068472862243652e+00,3.954660594463348389e-01,3.290482163429260254e-01,-4.938887655735015869e-01,4.898164421319961548e-03,-2.106937170028686523e+00,-2.724888920783996582e-01,0.000000000000000000e+00
6.692402958869934082e-01,-2.701134085655212402e-01,7.707226872444152832e-01,6.563670188188552856e-02,-1.913305744528770447e-02,-5.689199566841125488e-01,-8.195461034774780273e-01,-5.045433640480041504e-01,-1.035830155014991760e-01,1.165219023823738098e-01,4.835141897201538086e-01,-3.501280546188354492e-01,1.862145066261291504e-01,-2.827031314373016357e-01,-1.942362040281295776e-01,3.430747613310813904e-02,1.057239055633544922e+00,1.341634094715118408e-01,8.037606626749038696e-02,1.054980829358100891e-01,4.447187185287475586e-01,2.583249509334564209e-01,-3.277107328176498413e-02,-1.845440149307250977e+00,3.477005660533905029e-01,3.443592190742492676e-01,-4.790928065776824951e-01,4.335224255919456482e-02,-2.012529611587524414e+00,-2.841321825981140137e-01,0.000000000000000000e+00
6.795079112052917480e-01,-2.431261986494064331e-01,7.529540061950683594e-01,7.301733642816543579e-02,-2.049212902784347534e-02,-5.941405296325683594e-01,-8.007780909538269043e-01,-5.456762909889221191e-01,-1.218231320381164551e-01,4.107217118144035339e-02,6.138282418251037598e-01,-4.642846882343292236e-01,1.942856162786483765e-01,-3.796968758106231689e-01,-1.724080741405487061e-01,9.688713401556015015e-02,1.172103404998779297e+00,3.699875250458717346e-02,7.831620424985885620e-02,5.106698349118232727e-02,3.712196946144104004e-01,2.390813082456588745e-01,-3.856685757637023926e-02,-1.814241766929626465e+00,4.099089205265045166e-01,3.423699736595153809e-01,-4.796991646289825439e-01,7.311689853668212891e-02,-1.902603983879089355e+00,-2.810539901256561279e-01,0.000000000000000000e+00
6.861463785171508789e-01,-2.197370529174804688e-01,7.413853406906127930e-01,8.144968748092651367e-02,-3.264322131872177124e-02,-6.285051703453063965e-01,-7.728399634361267090e-01,-5.949285626411437988e-01,-1.688728034496307373e-01,-2.795717120170593262e-02,7.175118327140808105e-01,-5.025289058685302734e-01,1.986808627843856812e-01,-5.108187794685363770e-01,-1.742739677429199219e-01,1.278768926858901978e-01,1.233175516128540039e+00,-4.340286180377006531e-02,7.226950675249099731e-02,-2.295229956507682800e-02,2.561414539813995361e-01,2.410887032747268677e-01,-3.435489907860755920e-02,-1.826894879341125488e+00,4.073245823383331299e-01,3.359399735927581787e-01,-4.490231573581695557e-01,5.043510347604751587e-02,-1.785648226737976074e+00,-2.907920181751251221e-01,0.000000000000000000e+00
6.917187571525573730e-01,-1.921929121017456055e-01,7.411131262779235840e-01,8.669946342706680298e-02,-3.518309444189071655e-02,-6.591865420341491699e-01,-7.461357116699218750e-01,-5.627890825271606445e-01,-1.974838674068450928e-01,-8.755007386207580566e-02,7.263250946998596191e-01,-5.284737348556518555e-01,1.920813322067260742e-01,-5.977371931076049805e-01,-1.565465480089187622e-01,1.614728420972824097e-01,1.204378008842468262e+00,-8.604326844215393066e-02,8.699534833431243896e-02,-7.600775361061096191e-02,1.672942191362380981e-01,2.490322440862655640e-01,-3.418947383761405945e-02,-1.890105128288269043e+00,4.345357120037078857e-01,3.619622588157653809e-01,-4.086517691612243652e-01,2.736978419125080109e-02,-1.740307807922363281e+00,-3.469365835189819336e-01,0.000000000000000000e+00
6.959165930747985840e-01,-1.646217107772827148e-01,7.474588155746459961e-01,9.240236878395080566e-02,-3.573960810899734497e-02,-6.875014901161193848e-01,-7.193929553031921387e-01,-5.041679143905639648e-01,-2.082885205745697021e-01,-1.461200565099716187e-01,6.835988163948059082e-01,-5.125967860221862793e-01,1.469004452228546143e-01,-6.633198261260986328e-01,-1.423400938510894775e-01,1.802291572093963623e-01,1.112839579582214355e+00,-1.154082193970680237e-01,1.043028384447097778e-01,-1.225339546799659729e-01,9.724573045969009399e-02,2.573903501033782959e-01,-1.190379913896322250e-02,-1.986007690429687500e+00,4.720617532730102539e-01,4.061579406261444092e-01,-4.090117812156677246e-01,-7.031390559859573841e-04,-1.794054985046386719e+00,-3.300412595272064209e-01,0.000000000000000000e+00
6.977290511131286621e-01,-1.347322613000869751e-01,7.589090466499328613e-01,9.511465579271316528e-02,-3.263758122920989990e-02,-7.179467082023620605e-01,-6.887964010238647461e-01,-4.156756699085235596e-01,-2.066210955381393433e-01,-1.965036094188690186e-01,6.102289557456970215e-01,-4.686468541622161865e-01,1.044874936342239380e-01,-6.797693967819213867e-01,-1.447080820798873901e-01,1.689696460962295532e-01,9.605835080146789551e-01,-1.260968148708343506e-01,1.139919534325599670e-01,-1.786574274301528931e-01,6.704994291067123413e-02,2.559505701065063477e-01,1.849285513162612915e-02,-2.092042922973632812e+00,4.948205649852752686e-01,4.684121608734130859e-01,-4.039537906646728516e-01,-1.454878784716129303e-02,-1.881257772445678711e+00,-3.528297841548919678e-01,0.000000000000000000e+00
6.982054710388183594e-01,-1.030862331390380859e-01,7.721219062805175781e-01,9.637862443923950195e-02,-2.760886587202548981e-02,-7.481592297554016113e-01,-6.559014320373535156e-01,-3.276423215866088867e-01,-1.915604621171951294e-01,-2.269305288791656494e-01,5.462865829467773438e-01,-4.074230194091796875e-01,6.608802825212478638e-02,-6.615895628929138184e-01,-1.341733783483505249e-01,1.706041693687438965e-01,7.747778892517089844e-01,-1.179763898253440857e-01,1.196878701448440552e-01,-2.316937595605850220e-01,6.565936654806137085e-02,2.566004395484924316e-01,5.173651874065399170e-02,-2.181583881378173828e+00,5.359518527984619141e-01,5.299602150917053223e-01,-3.935466408729553223e-01,-2.969213202595710754e-02,-1.960731863975524902e+00,-3.892283141613006592e-01,0.000000000000000000e+00
6.970760822296142578e-01,-7.097280025482177734e-02,7.847741246223449707e-01,9.509062767028808594e-02,-1.777130737900733948e-02,-7.738040089607238770e-01,-6.259946823120117188e-01,-2.571324110031127930e-01,-1.648215949535369873e-01,-2.249577343463897705e-01,5.319180488586425781e-01,-3.325018584728240967e-01,3.031803108751773834e-02,-6.194626092910766602e-01,-1.001241877675056458e-01,2.267682105302810669e-01,5.909064412117004395e-01,-1.085312440991401672e-01,1.341592520475387573e-01,-2.614569962024688721e-01,5.019086599349975586e-02,2.700738906860351562e-01,7.826061546802520752e-02,-2.194799900054931641e+00,5.508705973625183105e-01,5.864564776420593262e-01,-3.966156840324401855e-01,-3.883802518248558044e-02,-2.014956235885620117e+00,-3.990546166896820068e-01,0.000000000000000000e+00
6.947841644287109375e-01,-3.878879919648170471e-02,7.943436503410339355e-01,9.234998375177383423e-02,-8.779829367995262146e-03,-7.949908375740051270e-01,-5.994864702224731445e-01,-2.423209398984909058e-01,-1.457169353961944580e-01,-2.149725258350372314e-01,6.205059885978698730e-01,-2.820793986320495605e-01,5.112541466951370239e-02,-5.731534957885742188e-01,-6.667872518301010132e-02,3.300694823265075684e-01,4.427055716514587402e-01,-7.719016820192337036e-02,1.580257713794708252e-01,-2.668749988079071045e-01,6.330492347478866577e-02,2.766048908233642578e-01,8.644490689039230347e-02,-2.194799900054931641e+00,5.130478143692016602e-01,6.227235198020935059e-01,-3.904200494289398193e-01,-4.426538571715354919e-02,-2.030126094818115234e+00,-3.548710942268371582e-01,0.000000000000000000e+00
6.931226849555969238e-01,-7.115195970982313156e-03,7.947643399238586426e-01,9.135291725397109985e-02,-2.774558728560805321e-03,-8.106288313865661621e-01,-5.783838033676147461e-01,-2.863578498363494873e-01,-1.243399009108543396e-01,-1.746633797883987427e-01,7.825298309326171875e-01,-2.489182054996490479e-01,6.329150497913360596e-02,-5.483916997909545898e-01,-3.211633488535881042e-02,4.384284317493438721e-01,3.756529688835144043e-01,-5.578722804784774780e-02,1.924401223659515381e-01,-2.486507892608642578e-01,1.107650548219680786e-01,2.717587649822235107e-01,7.926747202873229980e-02,-2.194799900054931641e+00,4.930801093578338623e-01,6.188608407974243164e-01,-3.916284739971160889e-01,-2.740974910557270050e-02,-2.017151355743408203e+00,-3.794739842414855957e-01,0.000000000000000000e+00
6.911867856979370117e-01,2.376916259527206421e-02,7.854819297790527344e-01,8.845517784357070923e-02,1.889273175038397312e-03,-8.274289965629577637e-01,-5.545569658279418945e-01,-3.634494245052337646e-01,-1.161015406250953674e-01,-1.633963435888290405e-01,9.954739212989807129e-01,-2.380177378654479980e-01,1.029142662882804871e-01,-5.215714573860168457e-01,-7.158436812460422516e-03,5.139809250831604004e-01,3.913543522357940674e-01,-2.391925267875194550e-02,2.029711306095123291e-01,-2.296332716941833496e-01,1.841858029365539551e-01,2.662284970283508301e-01,6.691794842481613159e-02,-2.194799900054931641e+00,5.360916256904602051e-01,5.835185050964355469e-01,-4.266501069068908691e-01,-1.491484418511390686e-02,-1.988566040992736816e+00,-3.723745644092559814e-01,0.000000000000000000e+00
6.894912719726562500e-01,5.219654738903045654e-02,7.666659355163574219e-01,8.575619757175445557e-02,2.712666522711515427e-03,-8.423231244087219238e-01,-5.320998430252075195e-01,-4.483963847160339355e-01,-1.148134320974349976e-01,-1.581060588359832764e-01,1.190667748451232910e+00,-2.891295254230499268e-01,1.512007564306259155e-01,-5.373300313949584961e-01,-5.315609741955995560e-04,4.643907248973846436e-01,5.335363149642944336e-01,-9.097085893154144287e-02,1.918781101703643799e-01,-1.981427073478698730e-01,2.452999800443649292e-01,2.677814662456512451e-01,5.445845797657966614e-02,-2.170631408691406250e+00,5.376241803169250488e-01,5.384491682052612305e-01,-4.537636935710906982e-01,-1.348667545244097710e-03,-1.939200639724731445e+00,-3.523040413856506348e-01,0.000000000000000000e+00
6.874588727951049805e-01,7.738862931728363037e-02,7.453672289848327637e-01,9.063737839460372925e-02,2.332254080101847649e-03,-8.558710217475891113e-01,-5.091798901557922363e-01,-5.509150624275207520e-01,-1.123233065009117126e-01,-1.651815176010131836e-01,1.343308687210083008e+00,-3.915538191795349121e-01,1.774276047945022583e-01,-5.799918770790100098e-01,1.140863541513681412e-02,4.025194942951202393e-01,6.966284513473510742e-01,-2.231559753417968750e-01,1.914962977170944214e-01,-1.496455669403076172e-01,2.611180245876312256e-01,2.947528362274169922e-01,1.197792124003171921e-02,-2.080720186233520508e+00,4.972872138023376465e-01,4.780139625072479248e-01,-4.546371996402740479e-01,1.229408755898475647e-02,-1.866057276725769043e+00,-3.427306711673736572e-01,0.000000000000000000e+00
6.821749210357666016e-01,9.857491403818130493e-02,7.296472191810607910e-01,1.093444302678108215e-01,-8.442598395049571991e-03,-8.578703403472900391e-01,-5.020268559455871582e-01,-7.117719650268554688e-01,-1.123110353946685791e-01,-1.490295380353927612e-01,1.455252051353454590e+00,-4.416363537311553955e-01,2.494067251682281494e-01,-6.637429594993591309e-01,3.003376722335815430e-02,3.848024904727935791e-01,8.381417989730834961e-01,-2.880778610706329346e-01,9.421992301940917969e-02,-5.180589482188224792e-02,2.316877543926239014e-01,2.843038141727447510e-01,-1.190623454749584198e-02,-1.935135841369628906e+00,4.452043175697326660e-01,3.620923757553100586e-01,-4.705477058887481689e-01,4.572767019271850586e-02,-1.784884810447692871e+00,-2.897907495498657227e-01,0.000000000000000000e+00
6.740131974220275879e-01,1.245794966816902161e-01,7.263666987419128418e-01,1.178631260991096497e-01,-5.608834326267242432e-03,-8.669866323471069336e-01,-4.841601252555847168e-01,-8.078175187110900879e-01,-7.162217050790786743e-02,-1.298813074827194214e-01,1.472600221633911133e+00,-4.656428098678588867e-01,2.617999315261840820e-01,-6.345877051353454590e-01,2.165033854544162750e-02,3.215225934982299805e-01,8.619958758354187012e-01,-3.390316367149353027e-01,1.728522777557373047e-02,2.070406265556812286e-02,2.796970903873443604e-01,2.770515084266662598e-01,-7.805444300174713135e-03,-1.881533026695251465e+00,4.558593332767486572e-01,2.827142775058746338e-01,-4.515021145343780518e-01,8.909368515014648438e-02,-1.799428462982177734e+00,-3.799823522567749023e-01,0.000000000000000000e+00
6.554635763168334961e-01,1.504799723625183105e-01,7.349022030830383301e-01,1.192066669464111328e-01,-2.514602150768041611e-03,-8.781704902648925781e-01,-4.632494151592254639e-01,-8.275850415229797363e-01,-2.902729995548725128e-02,-5.625213682651519775e-02,1.381808996200561523e+00,-5.082275271415710449e-01,2.617999911308288574e-01,-5.219494700431823730e-01,-1.656074076890945435e-02,2.375357002019882202e-01,7.671534419059753418e-01,-3.322830200195312500e-01,7.433295249938964844e-02,9.801204502582550049e-02,3.374594151973724365e-01,2.956124544143676758e-01,-1.516020763665437698e-02,-1.932652354240417480e+00,4.654592275619506836e-01,2.299974560737609863e-01,-4.401021301746368408e-01,8.352040499448776245e-02,-1.890500068664550781e+00,-3.668323755264282227e-01,0.000000000000000000e+00
6.309291124343872070e-01,1.755232661962509155e-01,7.450804114341735840e-01,1.174888387322425842e-01,-1.896664500236511230e-03,-8.906772732734680176e-01,-4.391887784004211426e-01,-8.219323158264160156e-01,-2.441621571779251099e-02,-8.959979750216007233e-03,1.248071551322937012e+00,-5.432873368263244629e-01,2.617999911308288574e-01,-3.851623237133026123e-01,-6.207223981618881226e-02,1.406073868274688721e-01,6.437403559684753418e-01,-3.097467124462127686e-01,1.272879838943481445e-01,1.688252687454223633e-01,4.008248448371887207e-01,3.136985301971435547e-01,-2.720772475004196167e-02,-1.987266778945922852e+00,5.081272721290588379e-01,2.098191529512405396e-01,-4.619569480419158936e-01,3.229833766818046570e-02,-2.015734672546386719e+00,-3.166093528270721436e-01,0.000000000000000000e+00
6.015876531600952148e-01,1.973222643136978149e-01,7.609791755676269531e-01,1.126292124390602112e-01,-4.351769108325242996e-03,-9.040008187294006348e-01,-4.124054610729217529e-01,-7.705345153808593750e-01,-5.242082849144935608e-02,3.782815858721733093e-02,1.038129687309265137e+00,-5.243871808052062988e-01,2.418303787708282471e-01,-2.571757435798645020e-01,-1.066571548581123352e-01,4.706257581710815430e-02,5.475444793701171875e-01,-2.127011269330978394e-01,1.134454235434532166e-01,2.199412733316421509e-01,4.624176621437072754e-01,3.050597012042999268e-01,-2.940727397799491882e-02,-2.012513637542724609e+00,5.497151613235473633e-01,2.211852818727493286e-01,-4.823918640613555908e-01,-6.883925292640924454e-03,-2.123155832290649414e+00,-3.273843228816986084e-01,0.000000000000000000e+00
5.715355873107910156e-01,2.190933972597122192e-01,7.785410284996032715e-01,1.083776354789733887e-01,3.924845368601381779e-04,-9.146636724472045898e-01,-3.894155919551849365e-01,-6.925411224365234375e-01,-6.858701258897781372e-02,6.791892647743225098e-02,7.972679138183593750e-01,-4.983310997486114502e-01,1.913088709115982056e-01,-1.574514806270599365e-01,-1.213234663009643555e-01,-3.891597688198089600e-02,5.047664046287536621e-01,-5.800250917673110962e-02,1.007919386029243469e-01,2.603431046009063721e-01,5.127398371696472168e-01,2.915910482406616211e-01,-1.761817559599876404e-02,-2.010501146316528320e+00,5.200402140617370605e-01,2.417132109403610229e-01,-4.888652861118316650e-01,-2.100745588541030884e-02,-2.190667152404785156e+00,-3.057438433170318604e-01,0.000000000000000000e+00
5.423005819320678711e-01,2.403531521558761597e-01,7.920473814010620117e-01,1.074015945196151733e-01,4.900233354419469833e-03,-9.287305474281311035e-01,-3.548245131969451904e-01,-6.131094098091125488e-01,-9.232535213232040405e-02,1.015021279454231262e-01,5.740122795104980469e-01,-4.748239815235137939e-01,1.441199332475662231e-01,-1.025775000452995300e-01,-1.229698956012725830e-01,-9.759192168712615967e-02,5.214338898658752441e-01,8.256732672452926636e-02,1.154808998107910156e-01,2.603688836097717285e-01,5.259335637092590332e-01,2.884268760681152344e-01,-2.240210305899381638e-03,-1.978276491165161133e+00,4.773797690868377686e-01,2.558699250221252441e-01,-4.984440803527832031e-01,-2.447569929063320160e-02,-2.194534540176391602e+00,-2.752398848533630371e-01,0.000000000000000000e+00
5.125451683998107910e-01,2.610677480697631836e-01,7.976195812225341797e-01,1.056635156273841858e-01,7.891861721873283386e-03,-9.419166445732116699e-01,-3.186942040920257568e-01,-5.412752628326416016e-01,-1.219063252210617065e-01,1.299892514944076538e-01,4.207787215709686279e-01,-4.081201851367950439e-01,1.196667551994323730e-01,-1.150903850793838501e-01,-1.148691549897193909e-01,-5.850045755505561829e-02,6.277887821197509766e-01,1.925252079963684082e-01,1.564985364675521851e-01,2.402114272117614746e-01,5.164062380790710449e-01,2.741702795028686523e-01,-3.123394562862813473e-04,-1.927180171012878418e+00,4.532188177108764648e-01,2.793107330799102783e-01,-4.957295358180999756e-01,-8.289723657071590424e-03,-2.172363996505737305e+00,-2.597174346446990967e-01,0.000000000000000000e+00
4.843269586563110352e-01,2.815978825092315674e-01,7.933593988418579102e-01,1.043337211012840271e-01,1.043672859668731689e-02,-9.533421397209167480e-01,-2.830976545810699463e-01,-5.060855150222778320e-01,-1.447407454252243042e-01,1.212683022022247314e-01,3.988373577594757080e-01,-3.288449347019195557e-01,1.501441448926925659e-01,-1.811514049768447876e-01,-1.009307205677032471e-01,1.097352243959903717e-02,8.130329251289367676e-01,2.145916819572448730e-01,1.722205728292465210e-01,2.090573757886886597e-01,4.925688207149505615e-01,2.512317001819610596e-01,7.573340553790330887e-03,-1.861756682395935059e+00,4.382382631301879883e-01,2.904878258705139160e-01,-4.865801334381103516e-01,2.068729326128959656e-02,-2.099714279174804688e+00,-2.708965539932250977e-01,0.000000000000000000e+00
4.568606913089752197e-01,3.028666675090789795e-01,7.793648838996887207e-01,1.040250733494758606e-01,1.601722650229930878e-02,-9.629214406013488770e-01,-2.484039217233657837e-01,-4.930945336818695068e-01,-1.602019369602203369e-01,6.191640347242355347e-02,4.784499406814575195e-01,-4.024436175823211670e-01,1.798633038997650146e-01,-2.598860263824462891e-01,-1.145149990916252136e-01,2.821506559848785400e-02,1.007385015487670898e+00,1.472496241331100464e-01,1.338389515876770020e-01,1.729586422443389893e-01,4.657337665557861328e-01,2.393357455730438232e-01,1.367390807718038559e-02,-1.824267625808715820e+00,4.333632588386535645e-01,3.014170825481414795e-01,-4.682267308235168457e-01,4.482353106141090393e-02,-2.016384840011596680e+00,-2.664978206157684326e-01,0.000000000000000000e+00
4.308295547962188721e-01,3.237583637237548828e-01,7.626748681068420410e-01,1.079292595386505127e-01,2.469010464847087860e-02,-9.705429673194885254e-01,-2.139814645051956177e-01,-5.072016119956970215e-01,-1.631423383951187134e-01,-1.128422934561967850e-02,5.915302038192749023e-01,-5.193291902542114258e-01,1.849845200777053833e-01,-3.479461371898651123e-01,-1.215874552726745605e-01,4.937693104147911072e-02,1.153910636901855469e+00,4.526949673891067505e-02,9.026960283517837524e-02,1.257271468639373779e-01,4.260256886482238770e-01,2.383040338754653931e-01,2.366995066404342651e-02,-1.814750909805297852e+00,4.094723165035247803e-01,2.993493974208831787e-01,-4.455210268497467041e-01,6.880943477153778076e-02,-1.908465504646301270e+00,-2.640941739082336426e-01,0.000000000000000000e+00
4.079169332981109619e-01,3.433942794799804688e-01,7.530370354652404785e-01,1.177342012524604797e-01,3.265846148133277893e-02,-9.770554304122924805e-01,-1.744554787874221802e-01,-5.330064892768859863e-01,-1.615024358034133911e-01,-7.367683947086334229e-02,6.936703324317932129e-01,-5.733432769775390625e-01,1.535610854625701904e-01,-4.715429544448852539e-01,-1.169720441102981567e-01,7.546442747116088867e-02,1.245880484580993652e+00,-4.870016872882843018e-02,5.673773586750030518e-02,6.134893000125885010e-02,3.545635044574737549e-01,2.345952391624450684e-01,3.348084166646003723e-02,-1.796334743499755859e+00,4.276931583881378174e-01,2.914698123931884766e-01,-3.734952807426452637e-01,6.280854344367980957e-02,-1.788364768028259277e+00,-2.935763895511627197e-01,0.000000000000000000e+00
3.810028731822967529e-01,3.596343994140625000e-01,7.490364313125610352e-01,1.251586973667144775e-01,3.139350190758705139e-02,-9.811564087867736816e-01,-1.438118666410446167e-01,-5.123188495635986328e-01,-1.740255355834960938e-01,-1.202067583799362183e-01,7.203744649887084961e-01,-6.093694567680358887e-01,1.570097357034683228e-01,-6.139131188392639160e-01,-1.214118823409080505e-01,1.319929808378219604e-01,1.275782108306884766e+00,-9.061198681592941284e-02,6.914285570383071899e-02,8.697366341948509216e-03,2.765904068946838379e-01,2.288483381271362305e-01,2.356199175119400024e-02,-1.820504784584045410e+00,4.746475219726562500e-01,3.088775575160980225e-01,-3.391265571117401123e-01,4.890130460262298584e-02,-1.752354979515075684e+00,-3.197755813598632812e-01,0.000000000000000000e+00
3.496769666671752930e-01,3.755961358547210693e-01,7.535377144813537598e-01,1.306627690792083740e-01,3.538528829813003540e-02,-9.850158095359802246e-01,-1.068597733974456787e-01,-4.509958326816558838e-01,-1.666098982095718384e-01,-1.760913431644439697e-01,6.796009540557861328e-01,-5.999697446823120117e-01,1.154473572969436646e-01,-7.068198323249816895e-01,-1.208208128809928894e-01,1.474294066429138184e-01,1.200128674507141113e+00,-1.193016022443771362e-01,8.935362845659255981e-02,-5.472888052463531494e-02,2.123842835426330566e-01,2.841162085533142090e-01,-3.054722584784030914e-02,-1.954108595848083496e+00,5.303469896316528320e-01,3.467859327793121338e-01,-3.608738780021667480e-01,3.610428795218467712e-02,-1.815843462944030762e+00,-3.182417750358581543e-01,0.000000000000000000e+00
3.141033351421356201e-01,3.876242339611053467e-01,7.616451978683471680e-01,1.324409693479537964e-01,3.480230644345283508e-02,-9.882747530937194824e-01,-6.753687560558319092e-02,-3.676178455352783203e-01,-1.651758104562759399e-01,-2.346798181533813477e-01,6.179199218750000000e-01,-5.534461736679077148e-01,1.084144935011863708e-01,-7.641248106956481934e-01,-1.337063014507293701e-01,1.641967147588729858e-01,1.067690134048461914e+00,-1.556655317544937134e-01,1.174699291586875916e-01,-1.265290826559066772e-01,1.697456091642379761e-01,2.704008221626281738e-01,3.327366709709167480e-02,-2.047816276550292969e+00,5.406278967857360840e-01,4.082667827606201172e-01,-3.650659620761871338e-01,1.694534672424197197e-03,-1.904449939727783203e+00,-3.761987686157226562e-01,0.000000000000000000e+00
2.758183777332305908e-01,4.010749459266662598e-01,7.758321166038513184e-01,1.262373775243759155e-01,3.540523350238800049e-02,-9.908812046051025391e-01,-3.106587007641792297e-02,-2.639044523239135742e-01,-1.391400843858718872e-01,-2.577714323997497559e-01,5.424959659576416016e-01,-4.620875418186187744e-01,6.953399628400802612e-02,-7.593444585800170898e-01,-1.370117366313934326e-01,1.782978922128677368e-01,8.668889403343200684e-01,-1.575694382190704346e-01,1.206141114234924316e-01,-1.922609508037567139e-01,1.654508113861083984e-01,2.699683010578155518e-01,5.009442567825317383e-02,-2.128011703491210938e+00,5.756372809410095215e-01,4.935390651226043701e-01,-3.694355487823486328e-01,-1.498472597450017929e-02,-1.989458203315734863e+00,-4.460146725177764893e-01,0.000000000000000000e+00
2.364894300699234009e-01,4.129672646522521973e-01,7.909978032112121582e-01,1.188350096344947815e-01,3.814617171883583069e-02,-9.921805262565612793e-01,9.260764927603304386e-04,-1.935013234615325928e-01,-1.010152772068977356e-01,-2.427282482385635376e-01,5.299550890922546387e-01,-3.507660925388336182e-01,5.601660534739494324e-02,-7.234848737716674805e-01,-1.280292421579360962e-01,2.075274586677551270e-01,6.349953413009643555e-01,-1.091734170913696289e-01,1.225913986563682556e-01,-2.370041757822036743e-01,1.704114377498626709e-01,2.817510068416595459e-01,5.516102537512779236e-02,-2.177202224731445312e+00,5.606868267059326172e-01,5.564755201339721680e-01,-3.701649904251098633e-01,-2.886211685836315155e-02,-2.023362874984741211e+00,-4.617550373077392578e-01,0.000000000000000000e+00
1.954011470079421997e-01,4.246616661548614502e-01,8.022086024284362793e-01,1.081202551722526550e-01,4.504078626632690430e-02,-9.926971793174743652e-01,2.887297235429286957e-02,-1.544633805751800537e-01,-5.038469657301902771e-02,-1.917490065097808838e-01,5.875270962715148926e-01,-2.726520895957946777e-01,2.583093009889125824e-02,-6.704753041267395020e-01,-9.707827866077423096e-02,2.853839993476867676e-01,4.367700219154357910e-01,-9.097243845462799072e-02,1.317072510719299316e-01,-2.655014693737030029e-01,1.873277127742767334e-01,2.940063476562500000e-01,6.111092865467071533e-02,-2.193365335464477539e+00,5.130745768547058105e-01,5.876999497413635254e-01,-3.581637442111968994e-01,-1.302570383995771408e-02,-2.028256893157958984e+00,-4.469192624092102051e-01,0.000000000000000000e+00
1.546476185321807861e-01,4.368760883808135986e-01,8.044822812080383301e-01,9.415934234857559204e-02,4.878975078463554382e-02,-9.929946660995483398e-01,5.210749059915542603e-02,-1.818855106830596924e-01,-2.090736292302608490e-02,-1.721264719963073730e-01,7.673728466033935547e-01,-2.400038391351699829e-01,4.963855445384979248e-02,-6.192020773887634277e-01,-7.445732504129409790e-02,3.701217472553253174e-01,3.234147131443023682e-01,-4.287560284137725830e-02,1.579645276069641113e-01,-2.766524553298950195e-01,2.116220295429229736e-01,3.039805293083190918e-01,5.730232968926429749e-02,-2.178245782852172852e+00,4.635038375854492188e-01,5.821123719215393066e-01,-3.482041954994201660e-01,7.697037421166896820e-03,-2.006538391113281250e+00,-4.191782474517822266e-01,0.000000000000000000e+00
1.159077137708663940e-01,4.481943547725677490e-01,7.947418093681335449e-01,7.817567139863967896e-02,4.714788869023323059e-02,-9.931985735893249512e-01,7.226541638374328613e-02,-2.527317702770233154e-01,-2.201625332236289978e-02,-1.831248402595520020e-01,1.018002510070800781e+00,-2.506634891033172607e-01,1.195164844393730164e-01,-5.859138369560241699e-01,-6.168948858976364136e-02,4.281447827816009521e-01,3.381083607673645020e-01,3.046992234885692596e-02,1.650757789611816406e-01,-2.639451026916503906e-01,2.305074185132980347e-01,3.087360858917236328e-01,2.726226858794689178e-02,-2.133182764053344727e+00,4.721927642822265625e-01,5.607098937034606934e-01,-3.733901083469390869e-01,6.143669597804546356e-04,-1.982807397842407227e+00,-4.073469936847686768e-01,0.000000000000000000e+00
7.918210327625274658e-02,4.604193866252899170e-01,7.739234566688537598e-01,6.739068776369094849e-02,4.310327395796775818e-02,-9.930666685104370117e-01,8.613475412130355835e-02,-3.319486677646636963e-01,-4.197518527507781982e-02,-1.998669952154159546e-01,1.241927385330200195e+00,-3.148846924304962158e-01,1.462044566869735718e-01,-6.000009179115295410e-01,-5.448568239808082581e-02,3.844105005264282227e-01,5.051754117012023926e-01,-6.513830740004777908e-04,1.619078963994979858e-01,-2.264697253704071045e-01,2.444244623184204102e-01,3.191077709197998047e-01,-7.416573353111743927e-03,-2.082248687744140625e+00,4.491219222545623779e-01,5.184928774833679199e-01,-4.074467718601226807e-01,-4.008323885500431061e-03,-1.945724248886108398e+00,-4.140995442867279053e-01,0.000000000000000000e+00
4.897358268499374390e-02,4.701161980628967285e-01,7.517572641372680664e-01,7.090077549219131470e-02,4.393489658832550049e-02,-9.926804900169372559e-01,8.733978867530822754e-02,-4.505095481872558594e-01,-7.248236984014511108e-02,-2.138811647891998291e-01,1.416592836380004883e+00,-3.808143734931945801e-01,1.478694826364517212e-01,-6.686193346977233887e-01,-1.208432763814926147e-02,3.793080151081085205e-01,7.044019699096679688e-01,-1.239782199263572693e-01,1.790442466735839844e-01,-1.494274735450744629e-01,2.323241680860519409e-01,3.384962379932403564e-01,-4.132703691720962524e-02,-2.021100521087646484e+00,3.586287498474121094e-01,4.374578297138214111e-01,-4.202243685722351074e-01,2.598973806016147137e-04,-1.875074744224548340e+00,-4.502087235450744629e-01,0.000000000000000000e+00
1.850115135312080383e-02,4.734433591365814209e-01,7.375549674034118652e-01,7.836186885833740234e-02,4.414040222764015198e-02,-9.918177723884582520e-01,9.060110151767730713e-02,-5.842747092247009277e-01,-1.052619218826293945e-01,-2.138682007789611816e-01,1.520886182785034180e+00,-4.073135852813720703e-01,1.795971244573593140e-01,-7.067668437957763672e-01,-5.411282181739807129e-04,3.468324244022369385e-01,8.401052951812744141e-01,-2.078023701906204224e-01,1.583435982465744019e-01,-7.032883912324905396e-02,2.264699488878250122e-01,3.271511495113372803e-01,-6.140981614589691162e-02,-1.942412376403808594e+00,3.654956519603729248e-01,3.355845808982849121e-01,-4.432712793350219727e-01,1.314945798367261887e-02,-1.784343600273132324e+00,-3.752873539924621582e-01,0.000000000000000000e+00
-1.598313823342323303e-02,4.771983623504638672e-01,7.376649379730224609e-01,7.355979830026626587e-02,4.505370557308197021e-02,-9.907274246215820312e-01,1.049683094024658203e-01,-6.618821024894714355e-01,-7.682682573795318604e-02,-1.762971878051757812e-01,1.508182764053344727e+00,-4.133589863777160645e-01,1.811532229185104370e-01,-6.391908526420593262e-01,-1.523306034505367279e-02,2.885144948959350586e-01,8.534886240959167480e-01,-2.829011976718902588e-01,9.901972115039825439e-02,-7.272730581462383270e-03,2.645799815654754639e-01,3.143810927867889404e-01,-7.068798691034317017e-02,-1.911825299263000488e+00,4.076611399650573730e-01,2.714070379734039307e-01,-4.377178549766540527e-01,3.154803439974784851e-02,-1.760046243667602539e+00,-3.473200500011444092e-01,0.000000000000000000e+00
-4.972159862518310547e-02,4.740792512893676758e-01,7.433909773826599121e-01,7.393866032361984253e-02,4.541812837123870850e-02,-9.891631007194519043e-01,1.184338331222534180e-01,-7.261377573013305664e-01,-3.522026166319847107e-02,-9.888415783643722534e-02,1.425467967987060547e+00,-4.379627704620361328e-01,2.200453877449035645e-01,-5.547395348548889160e-01,-3.822215273976325989e-02,2.304503321647644043e-01,8.108026385307312012e-01,-3.020355701446533203e-01,9.398397803306579590e-02,6.784214824438095093e-02,2.940019965171813965e-01,3.299633860588073730e-01,-7.337285578250885010e-02,-1.921886205673217773e+00,4.189564585685729980e-01,2.216230332851409912e-01,-4.292779862880706787e-01,4.423266276717185974e-02,-1.818762183189392090e+00,-3.554179370403289795e-01,0.000000000000000000e+00
-8.535344153642654419e-02,4.626972377300262451e-01,7.538800835609436035e-01,7.363747805356979370e-02,4.278361424803733826e-02,-9.866782426834106445e-01,1.386112868785858154e-01,-7.437857985496520996e-01,-3.161026537418365479e-02,-2.376666106283664703e-02,1.277799725532531738e+00,-4.644030332565307617e-01,2.617999315261840820e-01,-4.271768629550933838e-01,-8.380556851625442505e-02,1.437993347644805908e-01,7.059538960456848145e-01,-2.941793501377105713e-01,1.289263069629669189e-01,1.246458142995834351e-01,3.411434888839721680e-01,3.367086648941040039e-01,-5.756057053804397583e-02,-1.952720999717712402e+00,4.427787959575653076e-01,1.979880779981613159e-01,-4.276260733604431152e-01,-9.995928034186363220e-03,-1.917165279388427734e+00,-3.237693309783935547e-01,0.000000000000000000e+00
-1.208628788590431213e-01,4.496879875659942627e-01,7.713665366172790527e-01,6.581524014472961426e-02,3.994327411055564880e-02,-9.844659566879272461e-01,1.577964723110198975e-01,-6.934528350830078125e-01,-4.486036673188209534e-02,4.004722833633422852e-02,1.044811487197875977e+00,-4.483183920383453369e-01,2.363348156213760376e-01,-2.652791142463684082e-01,-1.144888326525688171e-01,5.002114176750183105e-02,5.685705542564392090e-01,-2.244564443826675415e-01,1.003134399652481079e-01,1.751067638397216797e-01,4.090619981288909912e-01,3.278743326663970947e-01,-3.846816718578338623e-02,-1.970008254051208496e+00,4.905259907245635986e-01,2.057832032442092896e-01,-4.200223386287689209e-01,-5.214790999889373779e-02,-2.037820339202880859e+00,-2.771443128585815430e-01,0.000000000000000000e+00
-1.554157733917236328e-01,4.353652298450469971e-01,7.883898615837097168e-01,5.614370852708816528e-02,4.161830618977546692e-02,-9.822701811790466309e-01,1.739572435617446899e-01,-6.058467030525207520e-01,-6.720829010009765625e-02,7.220218330621719360e-02,7.540581226348876953e-01,-4.091396927833557129e-01,1.472200006246566772e-01,-1.390128582715988159e-01,-1.202345937490463257e-01,-3.746748343110084534e-02,4.926522076129913330e-01,-9.583301097154617310e-02,1.017163172364234924e-01,2.157979160547256470e-01,4.743468165397644043e-01,3.347732722759246826e-01,-9.732923470437526703e-03,-1.983523011207580566e+00,5.153975486755371094e-01,2.149343043565750122e-01,-4.195151031017303467e-01,-4.518810287117958069e-02,-2.131254434585571289e+00,-2.521454393863677979e-01,0.000000000000000000e+00
-1.902407854795455933e-01,4.209817349910736084e-01,8.015819787979125977e-01,4.940069839358329773e-02,4.718104377388954163e-02,-9.791025519371032715e-01,1.915507316589355469e-01,-5.148617029190063477e-01,-8.758968859910964966e-02,1.051062792539596558e-01,4.770526885986328125e-01,-3.751568496227264404e-01,7.308592647314071655e-02,-8.153100311756134033e-02,-1.167922690510749817e-01,-1.141455844044685364e-01,5.177611112594604492e-01,3.293153643608093262e-02,1.080571413040161133e-01,2.386729717254638672e-01,5.119926333427429199e-01,3.551484644412994385e-01,2.538410201668739319e-02,-1.984675168991088867e+00,4.778122305870056152e-01,2.178729921579360962e-01,-3.984066545963287354e-01,-4.491082578897476196e-02,-2.180004835128784180e+00,-2.619074285030364990e-01,0.000000000000000000e+00
-2.235017418861389160e-01,4.060443341732025146e-01,8.071036338806152344e-01,4.400839656591415405e-02,5.163364484906196594e-02,-9.741501212120056152e-01,2.154732793569564819e-01,-4.337090253829956055e-01,-1.189043894410133362e-01,1.442535966634750366e-01,2.792026102542877197e-01,-3.142650723457336426e-01,1.932127028703689575e-02,-1.025236546993255615e-01,-1.148606538772583008e-01,-1.074560955166816711e-01,6.476950645446777344e-01,1.411537677049636841e-01,1.423351317644119263e-01,2.271048873662948608e-01,5.361101627349853516e-01,3.544448912143707275e-01,5.311287939548492432e-02,-1.966559648513793945e+00,4.546753168106079102e-01,2.236119508743286133e-01,-3.921794891357421875e-01,-2.588424645364284515e-02,-2.183084487915039062e+00,-2.663631439208984375e-01,0.000000000000000000e+00
-2.551601827144622803e-01,3.915362060070037842e-01,8.040692806243896484e-01,3.737249225378036499e-02,5.054176226258277893e-02,-9.677079319953918457e-01,2.441110610961914062e-01,-3.923421502113342285e-01,-1.557028293609619141e-01,1.334296017885208130e-01,2.393264025449752808e-01,-2.727020084857940674e-01,5.563896149396896362e-02,-1.645670384168624878e-01,-1.008074432611465454e-01,-2.332625165581703186e-02,8.325884342193603516e-01,2.109057605266571045e-01,1.909135580062866211e-01,1.945908516645431519e-01,5.399197936058044434e-01,3.416720628738403320e-01,5.691618099808692932e-02,-1.939480662345886230e+00,4.448623955249786377e-01,2.418290674686431885e-01,-4.034919738769531250e-01,4.388310946524143219e-03,-2.151125907897949219e+00,-2.595016360282897949e-01,0.000000000000000000e+00
-2.877590954303741455e-01,3.774930834770202637e-01,7.914124131202697754e-01,2.784193493425846100e-02,5.261102691292762756e-02,-9.605934023857116699e-01,2.715091705322265625e-01,-3.676098585128784180e-01,-1.733930855989456177e-01,6.978005915880203247e-02,2.988290190696716309e-01,-2.670649588108062744e-01,9.938739240169525146e-02,-2.293177247047424316e-01,-8.179184049367904663e-02,4.321992769837379456e-02,1.015572786331176758e+00,1.552756726741790771e-01,2.047211527824401855e-01,1.633042991161346436e-01,5.251480937004089355e-01,3.531006872653961182e-01,6.114805117249488831e-02,-1.916150927543640137e+00,4.180725812911987305e-01,2.649670541286468506e-01,-4.095970690250396729e-01,2.195232175290584564e-02,-2.097279548645019531e+00,-2.526090443134307861e-01,0.000000000000000000e+00
-3.161219656467437744e-01,3.660036325454711914e-01,7.731965184211730957e-01,2.258370630443096161e-02,5.536246672272682190e-02,-9.533244967460632324e-01,2.959684729576110840e-01,-3.854979574680328369e-01,-1.900381147861480713e-01,-1.903048530220985413e-02,4.193166494369506836e-01,-3.424910902976989746e-01,1.502410024404525757e-01,-3.112654983997344971e-01,-9.084434062242507935e-02,8.228122442960739136e-02,1.164820432662963867e+00,6.101858615875244141e-02,1.814176440238952637e-01,1.373539716005325317e-01,4.889836609363555908e-01,3.684795498847961426e-01,5.057623982429504395e-02,-1.899724125862121582e+00,3.843886554241180420e-01,2.902309894561767578e-01,-4.103834331035614014e-01,3.503885492682456970e-02,-2.014930725097656250e+00,-2.781847417354583740e-01,0.000000000000000000e+00
-3.385604321956634521e-01,3.551248311996459961e-01,7.579419612884521484e-01,3.113726526498794556e-02,5.888175964355468750e-02,-9.448268413543701172e-01,3.207268118858337402e-01,-4.674534201622009277e-01,-2.196179330348968506e-01,-8.328030258417129517e-02,6.051080226898193359e-01,-4.202560186386108398e-01,1.875391751527786255e-01,-4.425633549690246582e-01,-1.139098703861236572e-01,1.249676644802093506e-01,1.264509558677673340e+00,1.368733355775475502e-03,1.757739931344985962e-01,1.045093536376953125e-01,4.130000472068786621e-01,3.568421304225921631e-01,3.128475323319435120e-02,-1.873903512954711914e+00,3.605474829673767090e-01,2.942145168781280518e-01,-4.077060818672180176e-01,4.713970422744750977e-02,-1.892594337463378906e+00,-2.783223092555999756e-01,0.000000000000000000e+00
-3.624967634677886963e-01,3.422999978065490723e-01,7.493534684181213379e-01,3.817707672715187073e-02,6.433568149805068970e-02,-9.351571798324584961e-01,3.462433815002441406e-01,-4.912734031677246094e-01,-2.368355691432952881e-01,-1.233380138874053955e-01,7.031608223915100098e-01,-4.774825870990753174e-01,1.966274678707122803e-01,-5.671195387840270996e-01,-1.365463286638259888e-01,1.557548940181732178e-01,1.286323308944702148e+00,-3.145508468151092529e-02,1.527313143014907837e-01,6.984798610210418701e-02,3.389184772968292236e-01,3.475553393363952637e-01,2.430499903857707977e-02,-1.853737354278564453e+00,3.765786588191986084e-01,3.072135150432586670e-01,-3.774284422397613525e-01,2.183822356164455414e-02,-1.771678328514099121e+00,-2.032627761363983154e-01,0.000000000000000000e+00
-3.875186443328857422e-01,3.268784284591674805e-01,7.477698922157287598e-01,4.599160328507423401e-02,7.234940677881240845e-02,-9.254260659217834473e-01,3.691028654575347900e-01,-4.700553715229034424e-01,-2.392942309379577637e-01,-1.686583161354064941e-01,7.137764692306518555e-01,-5.158752799034118652e-01,1.891623735427856445e-01,-6.673827767372131348e-01,-1.348147094249725342e-01,1.857318282127380371e-01,1.221465229988098145e+00,-6.919374316930770874e-02,1.305776238441467285e-01,3.813572973012924194e-02,2.650008201599121094e-01,3.302623033523559570e-01,-1.611055573448538780e-03,-1.894596457481384277e+00,3.917416036128997803e-01,3.295305073261260986e-01,-3.433511853218078613e-01,3.291098400950431824e-02,-1.760962605476379395e+00,-3.381509482860565186e-01,0.000000000000000000e+00
-4.119873046875000000e-01,3.091613650321960449e-01,7.542355656623840332e-01,5.037388950586318970e-02,7.820156961679458618e-02,-9.121824502944946289e-01,3.990866839885711670e-01,-4.165143668651580811e-01,-2.383875101804733276e-01,-2.250957936048507690e-01,6.804912686347961426e-01,-4.988000988960266113e-01,1.537480354309082031e-01,-7.067115306854248047e-01,-1.336484998464584351e-01,1.874470114707946777e-01,1.071565508842468262e+00,-8.925428241491317749e-02,1.246144250035285950e-01,-9.284970350563526154e-03,2.135142236948013306e-01,3.269406855106353760e-01,3.720158012583851814e-03,-1.976516246795654297e+00,3.931005001068115234e-01,3.692850470542907715e-01,-3.426951467990875244e-01,2.637045271694660187e-02,-1.814586162567138672e+00,-3.702527880668640137e-01,0.000000000000000000e+00
-4.369025826454162598e-01,2.863808870315551758e-01,7.662925124168395996e-01,4.911671578884124756e-02,8.034862577915191650e-02,-8.942442536354064941e-01,4.375601112842559814e-01,-3.215534985065460205e-01,-2.268429994583129883e-01,-2.759057581424713135e-01,6.021202206611633301e-01,-4.430289864540100098e-01,1.142292171716690063e-01,-6.776232123374938965e-01,-1.312261670827865601e-01,1.853314787149429321e-01,8.581526279449462891e-01,-1.073030605912208557e-01,1.257737427949905396e-01,-8.488688617944717407e-02,2.090619355440139771e-01,3.240770399570465088e-01,3.010239452123641968e-02,-2.062957763671875000e+00,4.165976345539093018e-01,4.326303899288177490e-01,-3.459741473197937012e-01,9.078468196094036102e-03,-1.897048354148864746e+00,-3.937284648418426514e-01,0.000000000000000000e+00
-4.614228010177612305e-01,2.615951001644134521e-01,7.807590365409851074e-01,4.318919777870178223e-02,8.284439891576766968e-02,-8.742871284484863281e-01,4.763334393501281738e-01,-2.245532572269439697e-01,-1.943566948175430298e-01,-2.975371479988098145e-01,5.313425660133361816e-01,-3.694075047969818115e-01,5.210170149803161621e-02,-6.167321801185607910e-01,-1.160037517547607422e-01,1.955863833427429199e-01,6.234030723571777344e-01,-1.016879305243492126e-01,1.384379863739013672e-01,-1.543543338775634766e-01,2.315128594636917114e-01,3.214035034179687500e-01,7.485003024339675903e-02,-2.130385875701904297e+00,5.205852389335632324e-01,4.903988242149353027e-01,-3.461640775203704834e-01,-5.213419906795024872e-03,-1.948339462280273438e+00,-4.636326134204864502e-01,0.000000000000000000e+00
-4.851840436458587646e-01,2.351739257574081421e-01,7.946027517318725586e-01,3.543807193636894226e-02,8.531542867422103882e-02,-8.550399541854858398e-01,5.102666616439819336e-01,-1.706562787294387817e-01,-1.539836376905441284e-01,-2.767772376537322998e-01,5.395489931106567383e-01,-2.980532050132751465e-01,2.611195854842662811e-02,-5.494416356086730957e-01,-8.937981724739074707e-02,2.692827880382537842e-01,4.191923141479492188e-01,-8.154147118330001831e-02,1.601169705390930176e-01,-2.004204839468002319e-01,2.349099367856979370e-01,3.080317378044128418e-01,6.427780538797378540e-02,-2.166577339172363281e+00,5.701946020126342773e-01,5.417281389236450195e-01,-3.229048550128936768e-01,-1.525894366204738617e-02,-1.965429663658142090e+00,-4.522176384925842285e-01,0.000000000000000000e+00
-5.080869793891906738e-01,2.101639211177825928e-01,8.022968173027038574e-01,3.086605854332447052e-02,8.569080382585525513e-02,-8.380237817764282227e-01,5.379781723022460938e-01,-1.803044825792312622e-01,-1.318650841712951660e-01,-2.509930729866027832e-01,6.460298299789428711e-01,-2.261422276496887207e-01,1.336399652063846588e-02,-5.066689252853393555e-01,-6.865502148866653442e-02,3.525976240634918213e-01,3.067138195037841797e-01,-4.789892956614494324e-02,2.020200341939926147e-01,-2.230911552906036377e-01,2.229487597942352295e-01,2.837247848510742188e-01,1.173946075141429901e-02,-2.169561862945556641e+00,5.073379278182983398e-01,5.754745602607727051e-01,-2.988551855087280273e-01,3.794180927798151970e-03,-1.967516422271728516e+00,-4.241953492164611816e-01,0.000000000000000000e+00
-5.297176241874694824e-01,1.856534183025360107e-01,7.995057106018066406e-01,2.654230408370494843e-02,8.240746706724166870e-02,-8.235867023468017578e-01,5.605438947677612305e-01,-2.503381967544555664e-01,-1.344074755907058716e-01,-2.437593340873718262e-01,8.522678613662719727e-01,-2.057740092277526855e-01,4.277849942445755005e-02,-4.891786277294158936e-01,-5.113529041409492493e-02,4.092041850090026855e-01,3.094264268875122070e-01,-4.192034527659416199e-02,2.103800624608993530e-01,-2.248368114233016968e-01,2.311718016862869263e-01,2.741699516773223877e-01,1.389450300484895706e-02,-2.145748853683471680e+00,4.906567931175231934e-01,5.673969984054565430e-01,-3.174746930599212646e-01,-4.035526944790035486e-04,-1.961743235588073730e+00,-4.573474824428558350e-01,0.000000000000000000e+00
-5.498071908950805664e-01,1.631404757499694824e-01,7.853935360908508301e-01,2.500244788825511932e-02,7.487256079912185669e-02,-8.100189566612243652e-01,5.810664892196655273e-01,-3.475126922130584717e-01,-1.395573914051055908e-01,-2.228495478630065918e-01,1.085270404815673828e+00,-2.246607393026351929e-01,8.176389336585998535e-02,-4.808565676212310791e-01,-4.671346023678779602e-02,4.316482841968536377e-01,3.895078301429748535e-01,1.047372724860906601e-02,2.238450944423675537e-01,-2.139680385589599609e-01,2.414588928222656250e-01,2.571058273315429688e-01,3.530579619109630585e-03,-2.098089456558227539e+00,4.905291497707366943e-01,5.482884049415588379e-01,-3.522405028343200684e-01,1.277600042521953583e-02,-1.947932243347167969e+00,-4.621226191520690918e-01,0.000000000000000000e+00
-5.694832205772399902e-01,1.417266577482223511e-01,7.646071910858154297e-01,2.483332343399524689e-02,7.321311533451080322e-02,-7.983967661857604980e-01,5.971480011940002441e-01,-4.564796984195709229e-01,-1.068459898233413696e-01,-1.851425468921661377e-01,1.289489030838012695e+00,-3.217576444149017334e-01,1.467794179916381836e-01,-5.130022168159484863e-01,-4.492122307419776917e-02,3.741368055343627930e-01,5.414269566535949707e-01,-8.054140955209732056e-02,1.880322992801666260e-01,-1.772768944501876831e-01,2.493381202220916748e-01,2.616236209869384766e-01,-6.136876530945301056e-03,-2.026430845260620117e+00,4.761102199554443359e-01,5.094497799873352051e-01,-3.755534589290618896e-01,-3.062259405851364136e-03,-1.909323096275329590e+00,-4.749014973640441895e-01,0.000000000000000000e+00
-5.844733119010925293e-01,1.229635179042816162e-01,7.449503540992736816e-01,3.688929229974746704e-02,7.826210558414459229e-02,-7.877702713012695312e-01,6.098624467849731445e-01,-6.001500487327575684e-01,-8.158965408802032471e-02,-1.505607068538665771e-01,1.445687413215637207e+00,-4.123883247375488281e-01,2.243390381336212158e-01,-5.848541259765625000e-01,-3.718175739049911499e-02,3.437944054603576660e-01,7.085166573524475098e-01,-1.943422704935073853e-01,1.785328984260559082e-01,-1.179094463586807251e-01,2.249755710363388062e-01,2.539051473140716553e-01,-2.677868865430355072e-02,-1.943743586540222168e+00,3.943323791027069092e-01,4.401772916316986084e-01,-3.898763358592987061e-01,2.266837470233440399e-02,-1.837230205535888672e+00,-4.733181595802307129e-01,0.000000000000000000e+00
-6.014059185981750488e-01,1.000726893544197083e-01,7.355486750602722168e-01,3.920451179146766663e-02,8.693829178810119629e-02,-7.776349186897277832e-01,6.214408278465270996e-01,-7.209469676017761230e-01,-1.868805661797523499e-02,-1.246568635106086731e-01,1.527468085289001465e+00,-4.722983837127685547e-01,2.617999911308288574e-01,-5.840499997138977051e-01,-2.831538394093513489e-02,2.864107787609100342e-01,7.804393172264099121e-01,-2.573346197605133057e-01,1.503880769014358521e-01,-4.578609392046928406e-02,2.473626881837844849e-01,2.683955132961273193e-01,-4.364371672272682190e-02,-1.905810236930847168e+00,4.224050641059875488e-01,3.714714348316192627e-01,-4.048807322978973389e-01,3.225809335708618164e-02,-1.792892098426818848e+00,-3.974166810512542725e-01,0.000000000000000000e+00
-6.144954562187194824e-01,7.415693253278732300e-02,7.368315458297729492e-01,3.760126233100891113e-02,9.302122890949249268e-02,-7.677230238914489746e-01,6.328780055046081543e-01,-7.961717247962951660e-01,3.748952969908714294e-02,-9.489228576421737671e-02,1.504939556121826172e+00,-5.085073709487915039e-01,2.617999911308288574e-01,-5.206705331802368164e-01,-3.286311030387878418e-02,2.196606397628784180e-01,7.584055066108703613e-01,-2.895906567573547363e-01,1.393662989139556885e-01,3.306979686021804810e-02,2.895037531852722168e-01,2.641567587852478027e-01,-4.532603919506072998e-02,-1.923134565353393555e+00,4.788208305835723877e-01,3.251148760318756104e-01,-3.935922980308532715e-01,4.206727817654609680e-02,-1.842408180236816406e+00,-3.921930193901062012e-01,0.000000000000000000e+00
-6.186701059341430664e-01,4.013304784893989563e-02,7.462652325630187988e-01,3.645926713943481445e-02,9.292858839035034180e-02,-7.582498788833618164e-01,6.442764401435852051e-01,-8.011671304702758789e-01,5.901815742254257202e-02,-3.145392239093780518e-02,1.377232670783996582e+00,-5.252636671066284180e-01,2.617999911308288574e-01,-4.112047553062438965e-01,-6.279470771551132202e-02,1.503661870956420898e-01,6.724092364311218262e-01,-2.845537960529327393e-01,1.171017214655876160e-01,1.170705631375312805e-01,3.526687026023864746e-01,3.027989268302917480e-01,-3.689172863960266113e-02,-1.987506866455078125e+00,5.170691609382629395e-01,3.031686544418334961e-01,-3.850360512733459473e-01,2.419107221066951752e-02,-1.945075988769531250e+00,-4.372575283050537109e-01,0.000000000000000000e+00
-6.125379204750061035e-01,5.544612649828195572e-03,7.614441514015197754e-01,4.095706343650817871e-02,8.482115715742111206e-02,-7.374887466430664062e-01,6.687587499618530273e-01,-7.577458024024963379e-01,1.136143784970045090e-02,3.741286695003509521e-02,1.159063935279846191e+00,-5.075659751892089844e-01,2.617999911308288574e-01,-2.753306329250335693e-01,-1.255457997322082520e-01,4.451888427138328552e-02,5.530939102172851562e-01,-2.160110324621200562e-01,1.118640825152397156e-01,1.531393229961395264e-01,4.283463656902313232e-01,3.166715204715728760e-01,-2.107673138380050659e-02,-2.048825263977050781e+00,5.611624717712402344e-01,3.001585304737091064e-01,-3.999446928501129150e-01,-8.578300476074218750e-03,-2.053233385086059570e+00,-4.541769325733184814e-01,0.000000000000000000e+00
-6.073108911514282227e-01,-2.816973067820072174e-02,7.784903645515441895e-01,4.119522124528884888e-02,7.927431911230087280e-02,-7.196102142333984375e-01,6.886070370674133301e-01,-6.871584057807922363e-01,-3.348413109779357910e-02,6.976842880249023438e-02,8.993860483169555664e-01,-4.735816717147827148e-01,2.181555777788162231e-01,-1.678998023271560669e-01,-1.578609645366668701e-01,-5.773842707276344299e-02,4.907734990119934082e-01,-9.730637818574905396e-02,9.288739413022994995e-02,1.809540092945098877e-01,5.036318898200988770e-01,3.245899677276611328e-01,-6.675119977444410324e-03,-2.077829122543334961e+00,5.467975735664367676e-01,3.099702000617980957e-01,-4.171775579452514648e-01,-2.752951718866825104e-02,-2.140780210494995117e+00,-4.317548871040344238e-01,0.000000000000000000e+00
-6.028013229370117188e-01,-6.232048198580741882e-02,7.936401963233947754e-01,3.769194707274436951e-02,7.898638397455215454e-02,-7.024469971656799316e-01,7.063347101211547852e-01,-5.969511270523071289e-01,-5.505914613604545593e-02,1.151358336210250854e-01,6.210510134696960449e-01,-4.481874704360961914e-01,1.404564529657363892e-01,-1.084897220134735107e-01,-1.643576771020889282e-01,-1.276494562625885010e-01,4.973375201225280762e-01,4.597681760787963867e-02,9.677341580390930176e-02,2.010388970375061035e-01,5.483784079551696777e-01,3.248886168003082275e-01,2.340563200414180756e-02,-2.080674648284912109e+00,5.264296531677246094e-01,3.152801096439361572e-01,-4.207843542098999023e-01,-3.824716433882713318e-02,-2.186513423919677734e+00,-4.060235619544982910e-01,0.000000000000000000e+00
-5.961323380470275879e-01,-9.473228454589843750e-02,8.023280501365661621e-01,3.771678358316421509e-02,7.760231196880340576e-02,-6.803877353668212891e-01,7.277553677558898926e-01,-5.168869495391845703e-01,-9.354772418737411499e-02,1.626704931259155273e-01,4.056548178195953369e-01,-4.009113311767578125e-01,1.074718460440635681e-01,-1.243998557329177856e-01,-1.857799589633941650e-01,-1.500219553709030151e-01,6.090482473373413086e-01,1.530338227748870850e-01,1.046452894806861877e-01,1.958285123109817505e-01,5.575637221336364746e-01,3.160491585731506348e-01,3.096359595656394958e-02,-2.048104524612426758e+00,4.872053861618041992e-01,3.310457170009613037e-01,-4.025406837463378906e-01,-3.726983070373535156e-02,-2.178404092788696289e+00,-4.162339866161346436e-01,0.000000000000000000e+00
-5.901682376861572266e-01,-1.260263770818710327e-01,8.019015789031982422e-01,3.637864440679550171e-02,7.456449419260025024e-02,-6.556951999664306641e-01,7.504535317420959473e-01,-4.749743342399597168e-01,-1.286668181419372559e-01,1.569409519433975220e-01,3.352583050727844238e-01,-3.056937456130981445e-01,1.299787908792495728e-01,-1.936850696802139282e-01,-1.938208639621734619e-01,-9.119153022766113281e-02,7.912441492080688477e-01,2.019979804754257202e-01,1.114837303757667542e-01,1.751392483711242676e-01,5.360211730003356934e-01,2.997137308120727539e-01,2.134358696639537811e-02,-1.995754718780517578e+00,4.422185420989990234e-01,3.380553126335144043e-01,-3.897196948528289795e-01,-2.618949674069881439e-02,-2.128702402114868164e+00,-4.770295023918151855e-01,0.000000000000000000e+00
-5.854423046112060547e-01,-1.570716351270675659e-01,7.908864617347717285e-01,3.113904222846031189e-02,7.091979682445526123e-02,-6.345121264457702637e-01,7.690221667289733887e-01,-4.578769505023956299e-01,-1.511373370885848999e-01,9.012386202812194824e-02,3.938223123550415039e-01,-2.850489020347595215e-01,1.697240769863128662e-01,-2.858569025993347168e-01,-2.007642239332199097e-01,-2.307699620723724365e-02,1.000300407409667969e+00,1.571099907159805298e-01,8.631603419780731201e-02,1.594235748052597046e-01,5.011059641838073730e-01,2.997207343578338623e-01,-1.576424343511462212e-03,-1.943875551223754883e+00,4.159607887268066406e-01,3.495114147663116455e-01,-3.843359649181365967e-01,-1.109962631016969681e-02,-2.066482782363891602e+00,-5.015292763710021973e-01,0.000000000000000000e+00
-5.821918845176696777e-01,-1.871631443500518799e-01,7.733656764030456543e-01,2.140052616596221924e-02,6.977077573537826538e-02,-6.133246421813964844e-01,7.864521145820617676e-01,-4.650022983551025391e-01,-1.637554466724395752e-01,-9.519751183688640594e-03,5.115270614624023438e-01,-3.891361951828002930e-01,1.842520236968994141e-01,-3.715970814228057861e-01,-2.067839056253433228e-01,2.115034870803356171e-02,1.168675899505615234e+00,5.837495252490043640e-02,4.101007431745529175e-02,1.364680528640747070e-01,4.647942185401916504e-01,2.945250272750854492e-01,-2.382895536720752716e-02,-1.905897378921508789e+00,4.021243155002593994e-01,3.467554450035095215e-01,-3.749898970127105713e-01,5.976801738142967224e-03,-1.980590224266052246e+00,-4.650909006595611572e-01,0.000000000000000000e+00
-5.796701312065124512e-01,-2.113418281078338623e-01,7.564551234245300293e-01,2.255765534937381744e-02,8.073486387729644775e-02,-5.917422175407409668e-01,8.017569184303283691e-01,-5.253276228904724121e-01,-1.787724941968917847e-01,-6.896489858627319336e-02,6.531792879104614258e-01,-4.631827473640441895e-01,1.741582155227661133e-01,-5.117384195327758789e-01,-1.751722395420074463e-01,9.592684358358383179e-02,1.282256484031677246e+00,5.669532809406518936e-03,5.919430777430534363e-02,1.004597395658493042e-01,3.844159543514251709e-01,2.814292609691619873e-01,-3.707249090075492859e-02,-1.867819786071777344e+00,3.783693611621856689e-01,3.050792813301086426e-01,-3.837074637413024902e-01,7.181644439697265625e-02,-1.866640806198120117e+00,-4.717425107955932617e-01,0.000000000000000000e+00
-5.751476883888244629e-01,-2.353511601686477661e-01,7.469660043716430664e-01,2.753644250333309174e-02,8.999684453010559082e-02,-5.701721310615539551e-01,8.161164522171020508e-01,-5.603094696998596191e-01,-2.053126394748687744e-01,-1.137582287192344666e-01,7.516264915466308594e-01,-5.202679038047790527e-01,2.134711742401123047e-01,-6.595821380615234375e-01,-1.587111502885818481e-01,1.532507091760635376e-01,1.320624828338623047e+00,-4.373807087540626526e-02,6.884624809026718140e-02,6.951150298118591309e-02,2.991180121898651123e-01,2.849116623401641846e-01,-4.401759430766105652e-02,-1.870816588401794434e+00,4.272180795669555664e-01,2.899343073368072510e-01,-3.756156265735626221e-01,1.037704721093177795e-01,-1.802341341972351074e+00,-4.953590333461761475e-01,0.000000000000000000e+00
-5.679141879081726074e-01,-2.642124891281127930e-01,7.489241361618041992e-01,2.543154172599315643e-02,9.564593434333801270e-02,-5.439206361770629883e-01,8.332799673080444336e-01,-5.170603990554809570e-01,-2.082126885652542114e-01,-1.527652740478515625e-01,7.472394108772277832e-01,-5.432550311088562012e-01,2.048206627368927002e-01,-7.356423139572143555e-01,-1.364465951919555664e-01,1.836536079645156860e-01,1.240175247192382812e+00,-7.246244698762893677e-02,8.782882243394851685e-02,2.754369191825389862e-02,2.433260381221771240e-01,2.871630787849426270e-01,-6.384319812059402466e-02,-1.923305749893188477e+00,4.656611084938049316e-01,3.091963529586791992e-01,-3.533844947814941406e-01,1.077858805656433105e-01,-1.838818907737731934e+00,-5.081156492233276367e-01,0.000000000000000000e+00
-5.605647563934326172e-01,-3.001736998558044434e-01,7.613533139228820801e-01,1.257970184087753296e-02,9.460450708866119385e-02,-5.050970315933227539e-01,8.577696084976196289e-01,-4.096165001392364502e-01,-1.807174682617187500e-01,-2.143940180540084839e-01,6.709423065185546875e-01,-5.022220015525817871e-01,1.145765706896781921e-01,-7.135546803474426270e-01,-1.311828345060348511e-01,1.531314849853515625e-01,1.057667374610900879e+00,-9.653011709451675415e-02,6.592079997062683105e-02,-4.220518097281455994e-02,2.413225620985031128e-01,3.320138752460479736e-01,-3.634770959615707397e-02,-2.013375043869018555e+00,4.488109052181243896e-01,3.712573349475860596e-01,-3.317284882068634033e-01,7.991082221269607544e-02,-1.911241650581359863e+00,-4.851664900779724121e-01,0.000000000000000000e+00
-5.451810359954833984e-01,-3.304169476032257080e-01,7.702295780181884766e-01,1.282611116766929626e-02,9.357365965843200684e-02,-4.656723141670227051e-01,8.799027204513549805e-01,-3.301158249378204346e-01,-1.859578937292098999e-01,-2.729240953922271729e-01,6.194148063659667969e-01,-4.563553929328918457e-01,1.081017851829528809e-01,-7.007989287376403809e-01,-1.496638357639312744e-01,1.501972675323486328e-01,8.541096448898315430e-01,-1.005806252360343933e-01,1.058986112475395203e-01,-1.093756034970283508e-01,2.288623154163360596e-01,3.419448137283325195e-01,-8.963502943515777588e-03,-2.092606782913208008e+00,4.339281320571899414e-01,4.116495847702026367e-01,-3.333056569099426270e-01,3.546596970409154892e-03,-1.974328041076660156e+00,-4.088932871818542480e-01,0.000000000000000000e+00
-5.307716131210327148e-01,-3.623238801956176758e-01,7.831783294677734375e-01,7.750928867608308792e-03,8.977103978395462036e-02,-4.261912107467651367e-01,9.001345038414001465e-01,-2.477120608091354370e-01,-1.600958406925201416e-01,-2.880700230598449707e-01,5.737618207931518555e-01,-3.847384750843048096e-01,8.237937092781066895e-02,-6.482664346694946289e-01,-1.390509009361267090e-01,1.777858734130859375e-01,6.318355202674865723e-01,-8.094780147075653076e-02,1.320592910051345825e-01,-1.679057627916336060e-01,2.341628670692443848e-01,3.552837967872619629e-01,1.367677841335535049e-02,-2.164634227752685547e+00,4.159067571163177490e-01,4.646805226802825928e-01,-3.379270434379577637e-01,6.281847599893808365e-03,-2.018890619277954102e+00,-4.225023984909057617e-01,0.000000000000000000e+00
-5.160042643547058105e-01,-3.937999904155731201e-01,7.945769429206848145e-01,4.633499484043568373e-04,8.501695841550827026e-02,-3.920086324214935303e-01,9.160246253013610840e-01,-1.931685209274291992e-01,-1.241410076618194580e-01,-2.704196870326995850e-01,5.822401046752929688e-01,-3.037885725498199463e-01,5.677935853600502014e-02,-5.885133147239685059e-01,-1.044024676084518433e-01,2.871640920639038086e-01,4.475235342979431152e-01,-5.510184168815612793e-02,1.730367392301559448e-01,-2.015195190906524658e-01,2.405548840761184692e-01,3.666597902774810791e-01,2.545634470880031586e-02,-2.194290637969970703e+00,3.966403603553771973e-01,5.060849189758300781e-01,-3.326233029365539551e-01,1.139271259307861328e-02,-2.030155420303344727e+00,-4.386277794837951660e-01,0.000000000000000000e+00
-5.020027756690979004e-01,-4.239391088485717773e-01,7.992331981658935547e-01,-3.979788627475500107e-03,8.088503032922744751e-02,-3.637289106845855713e-01,9.279779195785522461e-01,-1.893006712198257446e-01,-9.686598926782608032e-02,-2.363998144865036011e-01,6.704418659210205078e-01,-2.650191187858581543e-01,4.740200191736221313e-02,-5.492228269577026367e-01,-7.461100816726684570e-02,3.957409858703613281e-01,3.561888337135314941e-01,-3.784991800785064697e-02,2.209301739931106567e-01,-2.140306383371353149e-01,2.448711395263671875e-01,3.668656349182128906e-01,3.391441702842712402e-02,-2.194111347198486328e+00,3.620327413082122803e-01,5.168910622596740723e-01,-3.364649116992950439e-01,1.615470089018344879e-02,-2.016174793243408203e+00,-4.161534309387207031e-01,0.000000000000000000e+00
-4.886858463287353516e-01,-4.525621533393859863e-01,7.953047752380371094e-01,-6.178850308060646057e-03,7.655937969684600830e-02,-3.375676572322845459e-01,9.381623268127441406e-01,-2.523130774497985840e-01,-9.451881796121597290e-02,-2.304543703794479370e-01,8.616996407508850098e-01,-2.341711968183517456e-01,7.479237020015716553e-02,-5.260273814201354980e-01,-5.334979295730590820e-02,4.482565522193908691e-01,3.511363863945007324e-01,-4.313984885811805725e-02,2.252138406038284302e-01,-2.113957703113555908e-01,2.574791908264160156e-01,3.688947856426239014e-01,3.361954540014266968e-02,-2.182336807250976562e+00,3.631956577301025391e-01,5.067960023880004883e-01,-3.556450307369232178e-01,2.018910087645053864e-02,-1.979685068130493164e+00,-3.873791098594665527e-01,0.000000000000000000e+00
-4.764802455902099609e-01,-4.790895879268646240e-01,7.813937664031982422e-01,-5.095313303172588348e-03,7.221969217061996460e-02,-3.110114037990570068e-01,9.476445913314819336e-01,-3.542951941490173340e-01,-1.050452366471290588e-01,-2.303262799978256226e-01,1.094588041305541992e+00,-2.213886380195617676e-01,1.103907153010368347e-01,-5.109958052635192871e-01,-4.890369251370429993e-02,4.460827708244323730e-01,4.174272716045379639e-01,2.307824790477752686e-03,2.093233764171600342e-01,-1.974445581436157227e-01,2.606399953365325928e-01,3.749295175075531006e-01,2.498178556561470032e-02,-2.152647733688354492e+00,3.699208498001098633e-01,4.846168458461761475e-01,-3.977530896663665771e-01,2.986931800842285156e-02,-1.940271496772766113e+00,-3.634276688098907471e-01,0.000000000000000000e+00
-4.654442965984344482e-01,-5.039356350898742676e-01,7.617600560188293457e-01,-3.988459706306457520e-03,7.224931567907333374e-02,-2.861951291561126709e-01,9.554352164268493652e-01,-4.683926403522491455e-01,-9.198756515979766846e-02,-2.124281823635101318e-01,1.296242713928222656e+00,-2.896838784217834473e-01,1.617194265127182007e-01,-5.416514277458190918e-01,-4.735232517123222351e-02,3.862801492214202881e-01,5.634884238243103027e-01,-1.226538941264152527e-01,1.582350134849548340e-01,-1.682080924510955811e-01,2.617065608501434326e-01,3.777109086513519287e-01,8.754367008805274963e-03,-2.108453989028930664e+00,3.535040318965911865e-01,4.552479982376098633e-01,-4.210113286972045898e-01,3.636892884969711304e-02,-1.888015270233154297e+00,-3.660499155521392822e-01,0.000000000000000000e+00
-4.553323388099670410e-01,-5.226925611495971680e-01,7.434973120689392090e-01,3.085837466642260551e-03,8.878158032894134521e-02,-2.656846940517425537e-01,9.599583148956298828e-01,-6.330456137657165527e-01,-9.381191432476043701e-02,-1.941821575164794922e-01,1.451906204223632812e+00,-3.691751062870025635e-01,2.265713363885879517e-01,-6.195284128189086914e-01,-3.636226058006286621e-02,3.557038009166717529e-01,7.147507071495056152e-01,-2.224299758672714233e-01,1.734027564525604248e-01,-1.141799837350845337e-01,2.270020991563796997e-01,3.570679128170013428e-01,-2.640702575445175171e-02,-2.027573108673095703e+00,3.575134873390197754e-01,3.849095404148101807e-01,-4.261817038059234619e-01,4.601777344942092896e-02,-1.821849226951599121e+00,-3.924396932125091553e-01,0.000000000000000000e+00
-4.429692029953002930e-01,-5.466762781143188477e-01,7.351455092430114746e-01,-5.573453381657600403e-04,1.008227840065956116e-01,-2.535170018672943115e-01,9.620621800422668457e-01,-7.656195163726806641e-01,-5.427119508385658264e-02,-1.755661964416503906e-01,1.528605699539184570e+00,-4.212380945682525635e-01,2.617999911308288574e-01,-6.387471556663513184e-01,-1.424798741936683655e-02,3.057609200477600098e-01,7.975870966911315918e-01,-2.731318175792694092e-01,9.270038455724716187e-02,-3.355989232659339905e-02,2.226199656724929810e-01,3.464186191558837891e-01,-5.239343270659446716e-02,-1.952217102050781250e+00,4.170352816581726074e-01,3.194552659988403320e-01,-4.373431205749511719e-01,6.161062419414520264e-02,-1.779220700263977051e+00,-3.709261417388916016e-01,0.000000000000000000e+00
-4.164777100086212158e-01,-5.706485509872436523e-01,7.386564612388610840e-01,-2.764569595456123352e-03,1.044162139296531677e-01,-2.193307578563690186e-01,9.700431227684020996e-01,-8.104231357574462891e-01,-3.704185038805007935e-02,-1.304488778114318848e-01,1.474097967147827148e+00,-4.584611654281616211e-01,2.617999911308288574e-01,-5.376703143119812012e-01,-4.320569708943367004e-02,2.047226130962371826e-01,7.409315705299377441e-01,-3.093306124210357666e-01,1.453598290681838989e-01,7.215803954750299454e-03,2.510984838008880615e-01,3.457680344581604004e-01,-8.087658882141113281e-02,-1.958576440811157227e+00,4.432337284088134766e-01,2.847492098808288574e-01,-4.227107763290405273e-01,4.909602180123329163e-02,-1.816293358802795410e+00,-3.046677410602569580e-01,0.000000000000000000e+00
-3.937040865421295166e-01,-5.838440060615539551e-01,7.481905817985534668e-01,-3.636585548520088196e-03,1.044545322656631470e-01,-2.061486989259719849e-01,9.729228019714355469e-01,-8.198536634445190430e-01,-3.109335713088512421e-02,-5.408241227269172668e-02,1.341169953346252441e+00,-4.853816628456115723e-01,2.617999911308288574e-01,-4.465351104736328125e-01,-6.248761713504791260e-02,1.459718644618988037e-01,6.611064076423645020e-01,-2.890485525131225586e-01,1.220251098275184631e-01,9.192583709955215454e-02,2.934199571609497070e-01,3.575737774372100830e-01,-8.259278535842895508e-02,-1.993403077125549316e+00,4.860894381999969482e-01,2.603776454925537109e-01,-4.100762307643890381e-01,3.675654157996177673e-02,-1.922076225280761719e+00,-3.961674571037292480e-01,0.000000000000000000e+00
-3.619157671928405762e-01,-5.924040675163269043e-01,7.621866464614868164e-01,5.206280038692057133e-04,1.010630950331687927e-01,-1.814681887626647949e-01,9.781897664070129395e-01,-7.664545774459838867e-01,-6.700149923563003540e-02,2.777297236025333405e-02,1.125439286231994629e+00,-4.825963079929351807e-01,2.617999911308288574e-01,-3.139269649982452393e-01,-1.039563789963722229e-01,5.843733996152877808e-02,5.405177474021911621e-01,-2.265432178974151611e-01,1.309782862663269043e-01,1.459316760301589966e-01,3.558252751827239990e-01,3.537292182445526123e-01,-8.399380743503570557e-02,-2.023941993713378906e+00,5.378612875938415527e-01,2.595765590667724609e-01,-4.154432415962219238e-01,-5.180533509701490402e-03,-2.053469419479370117e+00,-3.918317556381225586e-01,0.000000000000000000e+00
-3.305660784244537354e-01,-6.025514006614685059e-01,7.780532240867614746e-01,-6.233272724784910679e-04,9.605627506971359253e-02,-1.634328365325927734e-01,9.818668365478515625e-01,-6.747416257858276367e-01,-8.608767390251159668e-02,9.300932288169860840e-02,8.500578999519348145e-01,-4.671974480152130127e-01,1.908226609230041504e-01,-1.994404196739196777e-01,-1.189301088452339172e-01,-3.164749592542648315e-02,4.599760770797729492e-01,-1.224537193775177002e-01,1.433804333209991455e-01,1.951712667942047119e-01,4.227746725082397461e-01,3.402574062347412109e-01,-5.462018400430679321e-02,-2.033847093582153320e+00,5.636075735092163086e-01,2.596303820610046387e-01,-4.145976006984710693e-01,-3.369445726275444031e-02,-2.159324407577514648e+00,-3.906242847442626953e-01,0.000000000000000000e+00
-2.977315783500671387e-01,-6.128783822059631348e-01,7.927308678627014160e-01,-8.771611377596855164e-03,8.919894695281982422e-02,-1.404366046190261841e-01,9.860244393348693848e-01,-5.690874457359313965e-01,-1.021360903978347778e-01,1.302803903818130493e-01,5.817316174507141113e-01,-4.480507969856262207e-01,1.223499998450279236e-01,-1.012145653367042542e-01,-1.072366610169410706e-01,-9.388995170593261719e-02,4.171192944049835205e-01,1.074682548642158508e-02,1.505546867847442627e-01,2.224689573049545288e-01,4.824296832084655762e-01,3.471190333366394043e-01,-2.423428371548652649e-02,-2.029037237167358398e+00,5.539763569831848145e-01,2.571295797824859619e-01,-4.020815491676330566e-01,-3.968575969338417053e-02,-2.194692850112915039e+00,-3.889776468276977539e-01,0.000000000000000000e+00
-2.667610943317413330e-01,-6.214282512664794922e-01,8.021467328071594238e-01,-1.244428940117359161e-02,8.579693734645843506e-02,-1.123098731040954590e-01,9.898840785026550293e-01,-4.841353297233581543e-01,-1.256379634141921997e-01,1.743750870227813721e-01,3.869899809360504150e-01,-4.146052598953247070e-01,9.697625786066055298e-02,-8.759710192680358887e-02,-1.042905822396278381e-01,-1.003305912017822266e-01,4.877882301807403564e-01,1.161924824118614197e-01,1.731253415346145630e-01,2.170435339212417603e-01,5.112388134002685547e-01,3.284126520156860352e-01,-1.440110732801258564e-03,-1.999134302139282227e+00,5.380157232284545898e-01,2.550978958606719971e-01,-4.030321538448333740e-01,-3.541683033108711243e-02,-2.194799900054931641e+00,-3.997543156147003174e-01,0.000000000000000000e+00
-2.364794611930847168e-01,-6.295071840286254883e-01,8.039923906326293945e-01,-1.642806641757488251e-02,8.020970225334167480e-02,-7.961769402027130127e-02,9.934573769569396973e-01,-4.271059930324554443e-01,-1.450982838869094849e-01,1.905413866043090820e-01,3.160035312175750732e-01,-3.778048157691955566e-01,1.023913919925689697e-01,-1.234804466366767883e-01,-9.889703989028930664e-02,-6.566585600376129150e-02,6.381138563156127930e-01,1.965483427047729492e-01,1.901510059833526611e-01,1.869513839483261108e-01,5.193909406661987305e-01,3.132210671901702881e-01,4.713032394647598267e-03,-1.946128010749816895e+00,4.946090281009674072e-01,2.858367562294006348e-01,-3.980102241039276123e-01,-2.722025290131568909e-02,-2.193865299224853516e+00,-3.936497271060943604e-01,0.000000000000000000e+00
-2.072442173957824707e-01,-6.378775238990783691e-01,7.957592010498046875e-01,-1.952195912599563599e-02,7.514168322086334229e-02,-5.078502371907234192e-02,9.956874251365661621e-01,-3.958462774753570557e-01,-1.613742709159851074e-01,1.490987241268157959e-01,3.351974785327911377e-01,-3.548947572708129883e-01,1.253316551446914673e-01,-1.968732029199600220e-01,-9.387426078319549561e-02,-1.291687693446874619e-02,8.352620601654052734e-01,1.989060491323471069e-01,2.092182785272598267e-01,1.628516465425491333e-01,5.043387413024902344e-01,3.111149668693542480e-01,-3.508024674374610186e-04,-1.907814979553222656e+00,4.293323457241058350e-01,3.105322122573852539e-01,-3.846522867679595947e-01,-2.500380389392375946e-02,-2.136620759963989258e+00,-3.817649185657501221e-01,0.000000000000000000e+00
-1.783725321292877197e-01,-6.472352147102355957e-01,7.787154912948608398e-01,-2.568433247506618500e-02,7.082992792129516602e-02,-2.424449101090431213e-02,9.968628883361816406e-01,-3.840198814868927002e-01,-1.707568019628524780e-01,5.721607804298400879e-02,4.017341732978820801e-01,-4.138317704200744629e-01,1.341174542903900146e-01,-2.755489051342010498e-01,-1.210488229990005493e-01,-7.321239449083805084e-03,1.017621159553527832e+00,1.212141588330268860e-01,1.654636710882186890e-01,1.406099796295166016e-01,4.760220050811767578e-01,3.407107889652252197e-01,-1.244947593659162521e-02,-1.889889597892761230e+00,3.857393860816955566e-01,3.261858522891998291e-01,-3.611359298229217529e-01,-1.390985120087862015e-02,-2.060782194137573242e+00,-4.231191873550415039e-01,0.000000000000000000e+00
-1.546957343816757202e-01,-6.540278196334838867e-01,7.598572373390197754e-01,-2.828867360949516296e-02,7.481640577316284180e-02,-2.385127590969204903e-03,9.967931509017944336e-01,-4.286646842956542969e-01,-1.826938986778259277e-01,-1.669329032301902771e-02,5.364079475402832031e-01,-5.200838446617126465e-01,1.847985982894897461e-01,-3.965856134891510010e-01,-1.612082421779632568e-01,2.610535547137260437e-02,1.164329409599304199e+00,1.941740699112415314e-02,1.021716147661209106e-01,1.125328466296195984e-01,4.202687442302703857e-01,3.251259922981262207e-01,-3.526425361633300781e-02,-1.865358591079711914e+00,3.572001457214355469e-01,3.221845030784606934e-01,-3.719657957553863525e-01,-4.374741110950708389e-03,-1.972629427909851074e+00,-3.906479775905609131e-01,0.000000000000000000e+00
-1.312446296215057373e-01,-6.632413864135742188e-01,7.493469715118408203e-01,-3.699873015284538269e-02,8.091010898351669312e-02,2.878351695835590363e-02,9.956184625625610352e-01,-4.869195222854614258e-01,-1.803857982158660889e-01,-7.048343122005462646e-02,6.880447864532470703e-01,-5.600169897079467773e-01,1.644545942544937134e-01,-5.136737823486328125e-01,-1.676517874002456665e-01,4.771860688924789429e-02,1.223014831542968750e+00,-4.685134068131446838e-02,7.046925276517868042e-02,5.918705463409423828e-02,3.425328731536865234e-01,3.384188115596771240e-01,-6.091532111167907715e-02,-1.840493559837341309e+00,2.991726398468017578e-01,3.133227229118347168e-01,-3.396762013435363770e-01,1.631498709321022034e-02,-1.849070906639099121e+00,-3.590019345283508301e-01,0.000000000000000000e+00
-1.045599728822708130e-01,-6.673265099525451660e-01,7.438159584999084473e-01,-3.928991779685020447e-02,8.682402968406677246e-02,5.834434553980827332e-02,9.937372803688049316e-01,-4.811412394046783447e-01,-1.886761635541915894e-01,-1.057404950261116028e-01,7.367107272148132324e-01,-5.999323129653930664e-01,1.777122020721435547e-01,-6.254145503044128418e-01,-1.568771302700042725e-01,1.076834648847579956e-01,1.213444709777832031e+00,-7.479680329561233521e-02,9.142662584781646729e-02,2.172175096347928047e-03,2.645154297351837158e-01,3.474885821342468262e-01,-8.305517584085464478e-02,-1.847738504409790039e+00,2.874382138252258301e-01,3.292019367218017578e-01,-3.144699037075042725e-01,2.388430759310722351e-02,-1.800266623497009277e+00,-3.964879810810089111e-01,0.000000000000000000e+00
-7.485609501600265503e-02,-6.655710935592651367e-01,7.428176403045654297e-01,-3.693945705890655518e-02,9.709792584180831909e-02,8.842163532972335815e-02,9.906508326530456543e-01,-4.388641417026519775e-01,-2.059531062841415405e-01,-1.426369249820709229e-01,7.043842077255249023e-01,-6.170846223831176758e-01,1.667844206094741821e-01,-7.182365655899047852e-01,-1.594742536544799805e-01,1.569710820913314819e-01,1.135912775993347168e+00,-9.955953806638717651e-02,1.495865732431411743e-01,-6.366803497076034546e-02,1.890284419059753418e-01,3.280774950981140137e-01,-1.057421490550041199e-01,-1.897813081741333008e+00,3.323048949241638184e-01,3.486092090606689453e-01,-3.368241190910339355e-01,1.413253415375947952e-02,-1.849599242210388184e+00,-3.550406694412231445e-01,0.000000000000000000e+00
-3.997082263231277466e-02,-6.649857163429260254e-01,7.523665428161621094e-01,-3.866678476333618164e-02,9.522037953138351440e-02,1.183257400989532471e-01,9.876421093940734863e-01,-3.397134840488433838e-01,-1.916836500167846680e-01,-1.855725049972534180e-01,6.167964339256286621e-01,-5.646110177040100098e-01,1.133848428726196289e-01,-7.323045730590820312e-01,-1.645844876766204834e-01,1.472371965646743774e-01,9.826831221580505371e-01,-1.405685693025588989e-01,1.411814391613006592e-01,-1.401067972183227539e-01,1.653069257736206055e-01,3.482574522495269775e-01,-8.508842438459396362e-02,-1.980625867843627930e+00,2.971966862678527832e-01,3.923317492008209229e-01,-3.468254506587982178e-01,1.380613166838884354e-02,-1.925612092018127441e+00,-3.515178859233856201e-01,0.000000000000000000e+00
-1.983841648325324059e-03,-6.622919440269470215e-01,7.659196853637695312e-01,-3.930568695068359375e-02,8.785295486450195312e-02,1.458775550127029419e-01,9.846099019050598145e-01,-2.210827320814132690e-01,-1.647353917360305786e-01,-2.129929214715957642e-01,5.189534425735473633e-01,-4.923319220542907715e-01,8.063881099224090576e-02,-6.975069642066955566e-01,-1.585558652877807617e-01,1.342127472162246704e-01,7.850000262260437012e-01,-1.564706414937973022e-01,1.417912095785140991e-01,-2.103848457336425781e-01,1.767787039279937744e-01,3.664442002773284912e-01,-5.640602484345436096e-02,-2.082341670989990234e+00,3.467150628566741943e-01,4.480211138725280762e-01,-3.454751074314117432e-01,1.975178532302379608e-02,-1.992890119552612305e+00,-3.992496430873870850e-01,0.000000000000000000e+00
3.523490577936172485e-02,-6.588532924652099609e-01,7.796370387077331543e-01,-4.167453199625015259e-02,8.070825040340423584e-02,1.682517826557159424e-01,9.815501570701599121e-01,-1.304306685924530029e-01,-1.243030726909637451e-01,-1.842517256736755371e-01,4.629310071468353271e-01,-4.087400138378143311e-01,3.628076985478401184e-02,-6.533579230308532715e-01,-1.297618299722671509e-01,1.575037091970443726e-01,5.845215320587158203e-01,-1.010439842939376831e-01,1.469467878341674805e-01,-2.587639987468719482e-01,1.924939453601837158e-01,3.828413486480712891e-01,-3.331085294485092163e-02,-2.161651134490966797e+00,3.900333046913146973e-01,4.985126554965972900e-01,-3.433044850826263428e-01,2.308710664510726929e-02,-2.032993078231811523e+00,-4.391401112079620361e-01,0.000000000000000000e+00
7.208462804555892944e-02,-6.551234126091003418e-01,7.916218638420104980e-01,-4.578697681427001953e-02,7.411698251962661743e-02,1.856583356857299805e-01,9.787446856498718262e-01,-8.971767872571945190e-02,-8.025049418210983276e-02,-1.145801395177841187e-01,4.940530657768249512e-01,-3.045576810836791992e-01,-2.398094628006219864e-03,-6.091312766075134277e-01,-8.585877716541290283e-02,2.289846539497375488e-01,4.198693931102752686e-01,-3.060109913349151611e-02,1.601423174142837524e-01,-2.812859714031219482e-01,2.087751775979995728e-01,4.008094966411590576e-01,-3.102372586727142334e-02,-2.193933725357055664e+00,3.984198272228240967e-01,5.292564034461975098e-01,-3.320495784282684326e-01,1.658770442008972168e-02,-2.025985956192016602e+00,-4.272365272045135498e-01,0.000000000000000000e+00
1.086372137069702148e-01,-6.515184044837951660e-01,7.966035604476928711e-01,-4.577809199690818787e-02,6.664375960826873779e-02,1.980765312910079956e-01,9.768462777137756348e-01,-1.364877969026565552e-01,-5.775146931409835815e-02,-9.814407676458358765e-02,6.755427718162536621e-01,-2.406269013881683350e-01,1.602847874164581299e-02,-5.699650645256042480e-01,-4.416341707110404968e-02,3.206173777580261230e-01,3.339484035968780518e-01,-9.042949415743350983e-03,1.903664469718933105e-01,-2.816798388957977295e-01,2.265805155038833618e-01,4.030819833278656006e-01,-3.941927105188369751e-02,-2.191878557205200195e+00,3.672275245189666748e-01,5.286598205566406250e-01,-3.347716331481933594e-01,1.705649308860301971e-02,-1.985649943351745605e+00,-3.920591771602630615e-01,0.000000000000000000e+00
1.432445049285888672e-01,-6.473293900489807129e-01,7.905116677284240723e-01,-3.985422104597091675e-02,5.725553631782531738e-02,2.103384584188461304e-01,9.751365184783935547e-01,-2.398626208305358887e-01,-7.137935608625411987e-02,-1.362813711166381836e-01,9.448168873786926270e-01,-2.006419599056243896e-01,6.204526126384735107e-02,-5.410943031311035156e-01,-2.023498900234699249e-02,3.923542499542236328e-01,3.689568340778350830e-01,3.625483438372612000e-02,1.928169727325439453e-01,-2.705323696136474609e-01,2.391110062599182129e-01,3.960909247398376465e-01,-6.189141422510147095e-02,-2.134580850601196289e+00,3.677621781826019287e-01,5.080127716064453125e-01,-3.536810278892517090e-01,1.486381050199270248e-02,-1.931104898452758789e+00,-3.605916500091552734e-01,0.000000000000000000e+00
1.759958863258361816e-01,-6.424008607864379883e-01,7.746941447257995605e-01,-3.306039050221443176e-02,5.290729552507400513e-02,2.167246043682098389e-01,9.742372632026672363e-01,-3.542965948581695557e-01,-8.380241692066192627e-02,-1.508110314607620239e-01,1.186481356620788574e+00,-2.281166911125183105e-01,1.051441729068756104e-01,-5.515661835670471191e-01,-5.747616756707429886e-03,4.046741127967834473e-01,5.008791685104370117e-01,-1.810719445347785950e-02,1.703697293996810913e-01,-2.325486689805984497e-01,2.430967837572097778e-01,3.767118155956268311e-01,-8.956289291381835938e-02,-2.054357528686523438e+00,3.976826369762420654e-01,4.719375073909759521e-01,-3.847753405570983887e-01,3.318555280566215515e-02,-1.874430418014526367e+00,-3.596585094928741455e-01,0.000000000000000000e+00
2.072790712118148804e-01,-6.400492191314697266e-01,7.585773468017578125e-01,-3.201938793063163757e-02,5.043894052505493164e-02,2.151088118553161621e-01,9.747609496116638184e-01,-4.648896455764770508e-01,-4.066483303904533386e-02,-1.206660643219947815e-01,1.358454585075378418e+00,-3.169825971126556396e-01,1.283581703901290894e-01,-5.746775269508361816e-01,2.632208354771137238e-02,3.980741500854492188e-01,6.496622562408447266e-01,-1.381454616785049438e-01,1.519346535205841064e-01,-1.622061133384704590e-01,2.474614679813385010e-01,3.715214133262634277e-01,-1.143844202160835266e-01,-1.962377667427062988e+00,3.940599858760833740e-01,4.332143366336822510e-01,-3.958417475223541260e-01,5.202341824769973755e-02,-1.821369290351867676e+00,-3.659523129463195801e-01,0.000000000000000000e+00
2.341863214969635010e-01,-6.322147846221923828e-01,7.439058423042297363e-01,-3.293372318148612976e-02,6.183161586523056030e-02,2.155838906764984131e-01,9.739691019058227539e-01,-6.254090666770935059e-01,-1.300659775733947754e-02,-9.771092981100082397e-02,1.487524151802062988e+00,-3.774465322494506836e-01,2.024879604578018188e-01,-6.162239313125610352e-01,3.528403863310813904e-02,3.677116632461547852e-01,7.667767405509948730e-01,-2.356223464012145996e-01,1.556601524353027344e-01,-8.419795334339141846e-02,2.339465469121932983e-01,3.534707129001617432e-01,-1.305242478847503662e-01,-1.898414492607116699e+00,3.539130985736846924e-01,3.472400307655334473e-01,-4.066983461380004883e-01,5.775379016995429993e-02,-1.768841624259948730e+00,-3.408945202827453613e-01,0.000000000000000000e+00
2.638742029666900635e-01,-6.197655797004699707e-01,7.403687834739685059e-01,-3.147762641310691833e-02,6.607681512832641602e-02,2.241698503494262695e-01,9.717977643013000488e-01,-7.357657551765441895e-01,6.539471913129091263e-03,-6.279219686985015869e-02,1.504257678985595703e+00,-4.268574416637420654e-01,2.487137913703918457e-01,-5.815069079399108887e-01,1.352206990122795105e-02,3.317205607891082764e-01,7.897211909294128418e-01,-2.897014915943145752e-01,1.252609491348266602e-01,-1.536033302545547485e-02,2.589189112186431885e-01,3.285346329212188721e-01,-1.334797292947769165e-01,-1.883695960044860840e+00,4.467723667621612549e-01,2.809035480022430420e-01,-4.362666308879852295e-01,7.334851473569869995e-02,-1.797030329704284668e+00,-2.503538131713867188e-01,0.000000000000000000e+00
2.972146272659301758e-01,-6.066738963127136230e-01,7.464279532432556152e-01,-3.742621466517448425e-02,6.359139829874038696e-02,2.393758445978164673e-01,9.681191444396972656e-01,-7.856013178825378418e-01,3.275921568274497986e-02,-3.447379171848297119e-02,1.405733823776245117e+00,-4.672814309597015381e-01,2.617999315261840820e-01,-4.830133914947509766e-01,-1.539107062853872776e-03,2.622806131839752197e-01,7.315603494644165039e-01,-3.076149821281433105e-01,1.186926513910293579e-01,5.047034099698066711e-02,3.056749701499938965e-01,3.276387155055999756e-01,-1.224807351827621460e-01,-1.913602828979492188e+00,4.999126195907592773e-01,2.438118010759353638e-01,-3.985507488250732422e-01,7.464855909347534180e-02,-1.879475951194763184e+00,-3.048487305641174316e-01,0.000000000000000000e+00
3.296947777271270752e-01,-5.857828259468078613e-01,7.563679218292236328e-01,-3.729706257581710815e-02,6.103906407952308655e-02,2.577929198741912842e-01,9.635486602783203125e-01,-7.706248760223388672e-01,9.074893780052661896e-03,4.059343191329389811e-04,1.204520225524902344e+00,-4.892411231994628906e-01,2.617999911308288574e-01,-3.539995551109313965e-01,-3.814917430281639099e-02,1.860644072294235229e-01,6.261823177337646484e-01,-2.829503715038299561e-01,1.270405054092407227e-01,1.097600460052490234e-01,3.628139793872833252e-01,3.344434201717376709e-01,-8.718709647655487061e-02,-1.974653840065002441e+00,5.013291835784912109e-01,2.293174415826797485e-01,-3.909004032611846924e-01,4.994798451662063599e-02,-2.004800796508789062e+00,-3.643891811370849609e-01,0.000000000000000000e+00
3.604661226272583008e-01,-5.599842071533203125e-01,7.705882787704467773e-01,-3.460432589054107666e-02,5.518878251314163208e-02,2.871977090835571289e-01,9.556537866592407227e-01,-6.862622499465942383e-01,-3.586199507117271423e-02,6.391681730747222900e-02,9.046609401702880859e-01,-4.464703500270843506e-01,2.024538666009902954e-01,-1.983193606138229370e-01,-7.789842039346694946e-02,6.885892897844314575e-02,5.032138824462890625e-01,-2.011617124080657959e-01,1.396874040365219116e-01,1.447260379791259766e-01,4.347058832645416260e-01,3.469753861427307129e-01,-4.862868785858154297e-02,-2.030655145645141602e+00,5.043045878410339355e-01,2.464202344417572021e-01,-4.048770666122436523e-01,1.249136403203010559e-02,-2.123204946517944336e+00,-3.641990423202514648e-01,0.000000000000000000e+00
3.912355303764343262e-01,-5.359449386596679688e-01,7.847294211387634277e-01,-3.878969699144363403e-02,4.534945264458656311e-02,3.100096881389617920e-01,9.488586783409118652e-01,-5.845565795898437500e-01,-6.477561593055725098e-02,1.133898645639419556e-01,6.046449542045593262e-01,-3.897787928581237793e-01,1.183261126279830933e-01,-7.948470860719680786e-02,-7.794973999261856079e-02,-4.022797942161560059e-02,4.461115896701812744e-01,-7.124913483858108521e-02,1.464671939611434937e-01,1.823342144489288330e-01,4.997887611389160156e-01,3.583535254001617432e-01,-5.518924910575151443e-03,-2.060139656066894531e+00,5.020774006843566895e-01,2.615090310573577881e-01,-3.950669169425964355e-01,-3.312373533844947815e-03,-2.193640708923339844e+00,-3.515861332416534424e-01,0.000000000000000000e+00
4.195710122585296631e-01,-5.116147398948669434e-01,7.940811514854431152e-01,-4.304168000817298889e-02,4.074563458561897278e-02,3.336447477340698242e-01,9.408338665962219238e-01,-5.013364553451538086e-01,-1.052960008382797241e-01,1.479911357164382935e-01,3.837325870990753174e-01,-3.474582433700561523e-01,9.604898840188980103e-02,-5.235169082880020142e-02,-7.218265533447265625e-02,-6.791397184133529663e-02,5.058703422546386719e-01,5.043385550379753113e-02,1.746886670589447021e-01,1.984480470418930054e-01,5.368809700012207031e-01,3.537257909774780273e-01,2.838065102696418762e-02,-2.051041126251220703e+00,5.127748250961303711e-01,2.639954984188079834e-01,-3.953187167644500732e-01,9.989849291741847992e-03,-2.194692373275756836e+00,-3.487970232963562012e-01,0.000000000000000000e+00
4.451736211776733398e-01,-4.873872399330139160e-01,7.960852980613708496e-01,-4.530449211597442627e-02,3.509749844670295715e-02,3.588300645351409912e-01,9.316419363021850586e-01,-4.431216716766357422e-01,-1.412121355533599854e-01,1.496167331933975220e-01,3.028100728988647461e-01,-2.987665235996246338e-01,1.146644651889801025e-01,-9.834210574626922607e-02,-6.516070663928985596e-02,-1.783080957829952240e-02,6.738650798797607422e-01,1.613801568746566772e-01,2.222668379545211792e-01,1.915450841188430786e-01,5.571601986885070801e-01,3.407596945762634277e-01,5.556246638298034668e-02,-2.020752906799316406e+00,4.777896404266357422e-01,2.853874862194061279e-01,-4.058305025100708008e-01,3.221568465232849121e-02,-2.189390659332275391e+00,-3.642473220825195312e-01,0.000000000000000000e+00
4.716035723686218262e-01,-4.645162224769592285e-01,7.883282303810119629e-01,-4.840571060776710510e-02,2.702701278030872345e-02,3.814906179904937744e-01,9.227086901664733887e-01,-4.079383015632629395e-01,-1.635750532150268555e-01,9.417331218719482422e-02,3.342163562774658203e-01,-2.760015428066253662e-01,1.287989467382431030e-01,-1.754335761070251465e-01,-4.401263594627380371e-02,5.229411646723747253e-02,8.864402770996093750e-01,2.104168683290481567e-01,2.617447376251220703e-01,1.885633915662765503e-01,5.536017417907714844e-01,3.339784741401672363e-01,5.653560906648635864e-02,-1.983314871788024902e+00,4.530283808708190918e-01,3.125965297222137451e-01,-4.028377830982208252e-01,4.310574382543563843e-02,-2.142225265502929688e+00,-3.542702496051788330e-01,0.000000000000000000e+00
4.973082542419433594e-01,-4.425652921199798584e-01,7.735741734504699707e-01,-5.052578821778297424e-02,1.841417700052261353e-02,4.048510193824768066e-01,9.127999544143676758e-01,-3.951565027236938477e-01,-1.772550046443939209e-01,1.096429768949747086e-02,4.270466268062591553e-01,-3.548800051212310791e-01,1.690475791692733765e-01,-2.581820189952850342e-01,-6.057125702500343323e-02,8.016064763069152832e-02,1.082578659057617188e+00,1.425966471433639526e-01,2.408235073089599609e-01,1.754342168569564819e-01,5.396236777305603027e-01,3.256031274795532227e-01,4.722964763641357422e-02,-1.941738605499267578e+00,4.528771638870239258e-01,3.438812792301177979e-01,-4.028165936470031738e-01,5.903928354382514954e-02,-2.072370052337646484e+00,-3.673695027828216553e-01,0.000000000000000000e+00
5.181707143783569336e-01,-4.247380197048187256e-01,7.556681632995605469e-01,-5.771759152412414551e-02,2.197696641087532043e-02,4.263191223144531250e-01,9.024620056152343750e-01,-4.545475244522094727e-01,-1.933237612247467041e-01,-6.167273968458175659e-02,5.889034867286682129e-01,-4.623840749263763428e-01,2.033312618732452393e-01,-4.019903242588043213e-01,-1.032241433858871460e-01,1.043106317520141602e-01,1.248539090156555176e+00,4.841126501560211182e-02,1.648896932601928711e-01,1.577459275722503662e-01,4.780679941177368164e-01,3.034498691558837891e-01,2.275342680513858795e-02,-1.892151951789855957e+00,4.535086452960968018e-01,3.496073782444000244e-01,-4.040867388248443604e-01,6.500113755464553833e-02,-1.958280086517333984e+00,-3.663806319236755371e-01,0.000000000000000000e+00
5.370680093765258789e-01,-4.076218605041503906e-01,7.422896623611450195e-01,-6.982298195362091064e-02,3.610300272703170776e-02,4.512921571731567383e-01,8.889076113700866699e-01,-5.319691300392150879e-01,-2.204389721155166626e-01,-1.225980892777442932e-01,7.360492348670959473e-01,-5.207684040069580078e-01,2.228651493787765503e-01,-5.795619487762451172e-01,-1.342925727367401123e-01,1.402734369039535522e-01,1.332795619964599609e+00,-1.387353800237178802e-02,1.293266862630844116e-01,1.138704940676689148e-01,3.716688752174377441e-01,2.831887304782867432e-01,1.049482915550470352e-02,-1.851057052612304688e+00,4.494715332984924316e-01,3.275093436241149902e-01,-4.097698330879211426e-01,8.505157381296157837e-02,-1.837234377861022949e+00,-3.254314064979553223e-01,0.000000000000000000e+00
5.575063228607177734e-01,-3.855304718017578125e-01,7.420703768730163574e-01,-7.774788141250610352e-02,4.065570980310440063e-02,4.848329126834869385e-01,8.701950311660766602e-01,-5.002009272575378418e-01,-2.318153828382492065e-01,-1.770276427268981934e-01,7.457762360572814941e-01,-5.514353513717651367e-01,2.195643484592437744e-01,-6.775121092796325684e-01,-1.480198204517364502e-01,1.582111269235610962e-01,1.277786731719970703e+00,-4.296477884054183960e-02,1.242961287498474121e-01,5.083039402961730957e-02,2.905789613723754883e-01,2.761395871639251709e-01,-1.244963984936475754e-02,-1.882016301155090332e+00,5.098659396171569824e-01,3.593264520168304443e-01,-3.741447925567626953e-01,8.271052688360214233e-02,-1.785609602928161621e+00,-3.616614043712615967e-01,0.000000000000000000e+00
5.780406594276428223e-01,-3.595630228519439697e-01,7.492766976356506348e-01,-8.425708860158920288e-02,4.151081293821334839e-02,5.268980264663696289e-01,8.447224497795104980e-01,-4.350551068782806396e-01,-2.340771853923797607e-01,-2.493815571069717407e-01,7.087238430976867676e-01,-5.262166857719421387e-01,1.639330536127090454e-01,-7.127826809883117676e-01,-1.608588695526123047e-01,1.489364504814147949e-01,1.126112580299377441e+00,-6.959315389394760132e-02,1.043407022953033447e-01,-3.211984783411026001e-02,2.260260432958602905e-01,2.960038483142852783e-01,-1.081375777721405029e-02,-1.977393269538879395e+00,4.970229864120483398e-01,4.161994159221649170e-01,-3.566030263900756836e-01,6.626469641923904419e-02,-1.832453250885009766e+00,-4.444825947284698486e-01,0.000000000000000000e+00
5.974192619323730469e-01,-3.285194337368011475e-01,7.612745761871337891e-01,-8.475670963525772095e-02,3.964693844318389893e-02,5.713502764701843262e-01,8.153547048568725586e-01,-3.288773894309997559e-01,-2.253908962011337280e-01,-3.167385756969451904e-01,6.230809688568115234e-01,-4.762457609176635742e-01,1.129690557718276978e-01,-6.893163919448852539e-01,-1.794573515653610229e-01,1.283148378133773804e-01,9.108104109764099121e-01,-9.965332597494125366e-02,1.020392030477523804e-01,-1.260099560022354126e-01,1.992584019899368286e-01,3.086633384227752686e-01,1.912489347159862518e-02,-2.093459129333496094e+00,4.725590646266937256e-01,4.901956021785736084e-01,-3.591397702693939209e-01,4.657373577356338501e-02,-1.904075980186462402e+00,-5.009865164756774902e-01,0.000000000000000000e+00
6.158399581909179688e-01,-2.939311265945434570e-01,7.760888338088989258e-01,-8.202607929706573486e-02,3.242647647857666016e-02,6.117729544639587402e-01,7.861005663871765137e-01,-2.006876319646835327e-01,-1.884760111570358276e-01,-3.428353667259216309e-01,5.181037783622741699e-01,-3.877175450325012207e-01,5.612624436616897583e-02,-6.200441718101501465e-01,-1.844142526388168335e-01,1.050124093890190125e-01,6.655449867248535156e-01,-1.053071096539497375e-01,1.191198378801345825e-01,-2.081021815538406372e-01,1.969794631004333496e-01,3.171880245208740234e-01,4.766751825809478760e-02,-2.193441867828369141e+00,4.694598615169525146e-01,5.633633732795715332e-01,-3.620617985725402832e-01,2.372763864696025848e-02,-1.960748910903930664e+00,-5.020676851272583008e-01,0.000000000000000000e+00
6.326329112052917480e-01,-2.599163055419921875e-01,7.905398011207580566e-01,-8.069302886724472046e-02,2.274900116026401520e-02,6.418809294700622559e-01,7.622073292732238770e-01,-1.203940659761428833e-01,-1.406170725822448730e-01,-3.126156628131866455e-01,4.950131177902221680e-01,-3.026742041110992432e-01,1.259866822510957718e-02,-5.533798336982727051e-01,-1.594117283821105957e-01,1.275001466274261475e-01,4.450713992118835449e-01,-8.111324161291122437e-02,1.457094699144363403e-01,-2.529112994670867920e-01,1.635086089372634888e-01,3.337252736091613770e-01,5.432813987135887146e-02,-2.194799900054931641e+00,4.467708468437194824e-01,6.050678491592407227e-01,-3.580757081508636475e-01,1.102786604315042496e-02,-1.968306422233581543e+00,-4.476495087146759033e-01,0.000000000000000000e+00
6.493239402770996094e-01,-2.259822636842727661e-01,8.002570271492004395e-01,-8.082504570484161377e-02,1.461990270763635635e-02,6.617496013641357422e-01,7.452120780944824219e-01,-9.364852309226989746e-02,-9.326478838920593262e-02,-2.367893606424331665e-01,5.568572282791137695e-01,-2.372238934040069580e-01,-2.411885745823383331e-02,-5.104242563247680664e-01,-1.121700406074523926e-01,2.162135541439056396e-01,3.051334917545318604e-01,-5.863643437623977661e-02,1.799153685569763184e-01,-2.599648535251617432e-01,1.656981855630874634e-01,3.521952331066131592e-01,5.828579887747764587e-02,-2.194799900054931641e+00,4.069211483001708984e-01,6.076068878173828125e-01,-3.432008624076843262e-01,9.387237019836902618e-03,-1.949983716011047363e+00,-4.229280650615692139e-01,0.000000000000000000e+00
6.641381382942199707e-01,-1.933268159627914429e-01,8.012793660163879395e-01,-7.486491650342941284e-02,1.063230633735656738e-02,6.770995855331420898e-01,7.319961190223693848e-01,-1.382219344377517700e-01,-8.408389985561370850e-02,-2.007168084383010864e-01,7.344815135002136230e-01,-2.141807079315185547e-01,1.021835394203662872e-02,-4.907504618167877197e-01,-8.393128216266632080e-02,2.777791619300842285e-01,2.717729210853576660e-01,-3.045907430350780487e-02,1.837971508502960205e-01,-2.446739673614501953e-01,2.138037830591201782e-01,3.528850972652435303e-01,4.455540329217910767e-02,-2.194678544998168945e+00,4.284950196743011475e-01,5.902411341667175293e-01,-3.405218422412872314e-01,4.448350053280591965e-03,-1.918259859085083008e+00,-4.108324646949768066e-01,0.000000000000000000e+00
6.779090762138366699e-01,-1.626231074333190918e-01,7.916236519813537598e-01,-6.554378569126129150e-02,9.951226413249969482e-03,6.951667070388793945e-01,7.157850265502929688e-01,-2.323015332221984863e-01,-8.884882181882858276e-02,-1.866821199655532837e-01,9.795430302619934082e-01,-2.140764892101287842e-01,6.369847804307937622e-02,-4.832954704761505127e-01,-7.270266860723495483e-02,3.375212550163269043e-01,3.289747536182403564e-01,3.458656370639801025e-02,1.699382811784744263e-01,-2.299211323261260986e-01,2.543663382530212402e-01,3.432521224021911621e-01,2.361237630248069763e-02,-2.169068336486816406e+00,3.968584537506103516e-01,5.607508420944213867e-01,-3.612839579582214355e-01,4.274684004485607147e-03,-1.893517732620239258e+00,-3.940187096595764160e-01,0.000000000000000000e+00
6.923823356628417969e-01,-1.340995132923126221e-01,7.726605534553527832e-01,-5.927827581763267517e-02,1.204746309667825699e-02,7.110183238983154297e-01,7.005668282508850098e-01,-3.401902019977569580e-01,-6.389136612415313721e-02,-1.506250351667404175e-01,1.201114296913146973e+00,-2.617274224758148193e-01,1.107743233442306519e-01,-5.109715461730957031e-01,-6.758406013250350952e-02,3.303602933883666992e-01,4.776014089584350586e-01,-1.237205881625413895e-02,1.416179984807968140e-01,-1.977038830518722534e-01,2.771119475364685059e-01,3.529468476772308350e-01,-3.183024469763040543e-03,-2.103159666061401367e+00,3.897825479507446289e-01,5.183464288711547852e-01,-3.956483900547027588e-01,1.003904920071363449e-02,-1.859760046005249023e+00,-3.623953759670257568e-01,0.000000000000000000e+00
7.036771774291992188e-01,-1.096109449863433838e-01,7.529240250587463379e-01,-6.371522694826126099e-02,2.161091938614845276e-02,7.217963933944702148e-01,6.888275146484375000e-01,-4.818735420703887939e-01,-3.580700233578681946e-02,-1.213826909661293030e-01,1.373485565185546875e+00,-3.666789829730987549e-01,1.757772564888000488e-01,-5.872033238410949707e-01,-5.119474604725837708e-02,3.173520565032958984e-01,6.659790873527526855e-01,-1.442266702651977539e-01,1.305284798145294189e-01,-1.382170915603637695e-01,2.708755433559417725e-01,3.656963706016540527e-01,-3.875776752829551697e-02,-2.009142160415649414e+00,3.553506135940551758e-01,4.445635676383972168e-01,-4.196045994758605957e-01,2.727564424276351929e-02,-1.796478986740112305e+00,-3.803917765617370605e-01,0.000000000000000000e+00
7.096566557884216309e-01,-8.425167948007583618e-02,7.406684756278991699e-01,-7.128943502902984619e-02,3.403392061591148376e-02,7.314704060554504395e-01,6.772817373275756836e-01,-6.290677785873413086e-01,-3.784072026610374451e-02,-1.059207320213317871e-01,1.468123435974121094e+00,-4.325202405452728271e-01,2.333161830902099609e-01,-6.247839331626892090e-01,-5.923122167587280273e-02,2.799197137355804443e-01,7.679128050804138184e-01,-2.181472778320312500e-01,1.596079915761947632e-01,-6.607156246900558472e-02,2.681979835033416748e-01,3.507011830806732178e-01,-6.972796469926834106e-02,-1.913002490997314453e+00,3.806925117969512939e-01,3.570529818534851074e-01,-4.350204765796661377e-01,4.417579993605613708e-02,-1.722817301750183105e+00,-3.377135992050170898e-01,0.000000000000000000e+00
7.132098078727722168e-01,-5.530324950814247131e-02,7.396876811981201172e-01,-7.479716837406158447e-02,3.810819983482360840e-02,7.467389702796936035e-01,6.597985029220581055e-01,-7.247846722602844238e-01,-4.556179791688919067e-02,-9.135414659976959229e-02,1.455386042594909668e+00,-4.603610336780548096e-01,2.617998123168945312e-01,-5.804305672645568848e-01,-8.607591688632965088e-02,2.163961082696914673e-01,7.764156460762023926e-01,-2.775218486785888672e-01,1.193242594599723816e-01,-4.066566936671733856e-03,3.108844459056854248e-01,3.422257006168365479e-01,-8.558440953493118286e-02,-1.905230283737182617e+00,4.182563722133636475e-01,3.074978291988372803e-01,-4.533963501453399658e-01,6.910108774900436401e-02,-1.759151220321655273e+00,-2.883209288120269775e-01,0.000000000000000000e+00
7.163316607475280762e-01,-2.542245946824550629e-02,7.460448145866394043e-01,-8.061140775680541992e-02,3.763307631015777588e-02,7.579591274261474609e-01,6.462070345878601074e-01,-7.860024571418762207e-01,-4.484166577458381653e-02,-7.800523191690444946e-02,1.361707448959350586e+00,-4.933273196220397949e-01,2.617999911308288574e-01,-5.038240551948547363e-01,-9.488169103860855103e-02,1.465752869844436646e-01,7.308264374732971191e-01,-2.879737317562103271e-01,1.067335009574890137e-01,8.078805357217788696e-02,3.525484204292297363e-01,3.750564754009246826e-01,-8.683201670646667480e-02,-1.944071054458618164e+00,4.483168423175811768e-01,2.708239555358886719e-01,-4.518783092498779297e-01,6.723986566066741943e-02,-1.864312887191772461e+00,-3.065471053123474121e-01,0.000000000000000000e+00
7.090215682983398438e-01,6.157063879072666168e-03,7.575166225433349609e-01,-7.973417639732360840e-02,3.839477524161338806e-02,7.735970020294189453e-01,6.274678707122802734e-01,-7.743853330612182617e-01,-6.724203377962112427e-02,-1.916400715708732605e-02,1.166046738624572754e+00,-4.882967174053192139e-01,2.609370350837707520e-01,-3.846486210823059082e-01,-1.286529153585433960e-01,6.045799329876899719e-02,6.345544457435607910e-01,-2.625165283679962158e-01,1.095290556550025940e-01,1.443524658679962158e-01,4.236395657062530518e-01,3.871206045150756836e-01,-6.776144355535507202e-02,-1.983242630958557129e+00,4.831532835960388184e-01,2.578519284725189209e-01,-4.534325599670410156e-01,3.329509496688842773e-02,-1.989334225654602051e+00,-3.396106660366058350e-01,0.000000000000000000e+00
7.007042169570922852e-01,3.837937116622924805e-02,7.720093131065368652e-01,-7.724018394947052002e-02,3.462417051196098328e-02,7.894759178161621094e-01,6.079168319702148438e-01,-7.083168625831604004e-01,-8.981362730264663696e-02,4.334590211510658264e-02,9.050812721252441406e-01,-4.637021422386169434e-01,2.124111205339431763e-01,-2.533273994922637939e-01,-1.443124711513519287e-01,-3.507653623819351196e-02,5.367643237113952637e-01,-1.789401173591613770e-01,1.038473621010780334e-01,1.951559484004974365e-01,5.032898783683776855e-01,3.848729729652404785e-01,-3.642499446868896484e-02,-2.011374950408935547e+00,5.056973099708557129e-01,2.582545578479766846e-01,-4.580846726894378662e-01,1.776925101876258850e-02,-2.115189075469970703e+00,-3.739750981330871582e-01,0.000000000000000000e+00
6.915488839149475098e-01,7.144122570753097534e-02,7.864565253257751465e-01,-7.706071436405181885e-02,2.459915354847908020e-02,8.048990368843078613e-01,5.878724455833435059e-01,-6.105995774269104004e-01,-1.149084120988845825e-01,8.538552373647689819e-02,6.204299330711364746e-01,-4.238402545452117920e-01,1.467266082763671875e-01,-1.483344137668609619e-01,-1.320383846759796143e-01,-1.092085018754005432e-01,4.860953390598297119e-01,-5.139122903347015381e-02,9.570566564798355103e-02,2.324934452772140503e-01,5.785539746284484863e-01,3.812073469161987305e-01,-1.430752570740878582e-03,-2.000993728637695312e+00,5.167114734649658203e-01,2.557820081710815430e-01,-4.335913658142089844e-01,1.113024819642305374e-02,-2.189967393875122070e+00,-3.447535037994384766e-01,0.000000000000000000e+00
6.809643507003784180e-01,1.033931821584701538e-01,7.953301072120666504e-01,-7.839031517505645752e-02,1.443163305521011353e-02,8.214069604873657227e-01,5.647453665733337402e-01,-5.141084194183349609e-01,-1.435042172670364380e-01,1.332719624042510986e-01,3.796365261077880859e-01,-3.848057091236114502e-01,7.741045951843261719e-02,-1.033862158656120300e-01,-1.168920695781707764e-01,-1.401626765727996826e-01,5.229020118713378906e-01,6.713842600584030151e-02,1.212482228875160217e-01,2.478505671024322510e-01,6.222310066223144531e-01,3.700395226478576660e-01,2.163628861308097839e-02,-1.979541301727294922e+00,5.168005824089050293e-01,2.344629168510437012e-01,-4.261786341667175293e-01,2.108754590153694153e-02,-2.194799900054931641e+00,-3.012903332710266113e-01,0.000000000000000000e+00
6.698875427246093750e-01,1.339032500982284546e-01,7.972180843353271484e-01,-7.891563326120376587e-02,5.201365798711776733e-03,8.399029970169067383e-01,5.369433760643005371e-01,-4.520590901374816895e-01,-1.769007295370101929e-01,1.380223482847213745e-01,2.700701653957366943e-01,-3.338829874992370605e-01,6.047862023115158081e-02,-1.290121376514434814e-01,-1.041455119848251343e-01,-1.073659956455230713e-01,6.588094830513000488e-01,1.565929353237152100e-01,1.537292897701263428e-01,2.356077283620834351e-01,6.397256255149841309e-01,3.557437956333160400e-01,4.541729390621185303e-02,-1.944513082504272461e+00,4.773471951484680176e-01,2.409533560276031494e-01,-4.155037105083465576e-01,4.451556503772735596e-02,-2.194314479827880859e+00,-3.301205039024353027e-01,0.000000000000000000e+00
6.593768596649169922e-01,1.640700548887252808e-01,7.908651232719421387e-01,-7.505907118320465088e-02,-3.142094938084483147e-03,8.571055531501770020e-01,5.096335411071777344e-01,-4.078329205513000488e-01,-2.025678455829620361e-01,8.728274703025817871e-02,2.730937004089355469e-01,-2.841417491436004639e-01,9.391699731349945068e-02,-1.850835382938385010e-01,-7.680074125528335571e-02,-1.411831099539995193e-02,8.361583352088928223e-01,2.048814743757247925e-01,2.006596028804779053e-01,2.157992720603942871e-01,6.417828798294067383e-01,3.472243845462799072e-01,6.571630388498306274e-02,-1.910089135169982910e+00,4.060451090335845947e-01,2.542560994625091553e-01,-4.012113511562347412e-01,6.901767849922180176e-02,-2.150987386703491211e+00,-3.710397183895111084e-01,0.000000000000000000e+00
6.500403285026550293e-01,1.942691355943679810e-01,7.761286497116088867e-01,-7.340760529041290283e-02,-1.190897449851036072e-02,8.729385733604431152e-01,4.821283817291259766e-01,-3.897776603698730469e-01,-2.094614505767822266e-01,2.128895930945873260e-02,3.425403237342834473e-01,-3.231755793094635010e-01,1.195496246218681335e-01,-2.417382150888442993e-01,-8.492758870124816895e-02,8.648316375911235809e-03,9.974901080131530762e-01,1.315090954303741455e-01,2.023331075906753540e-01,1.904626041650772095e-01,6.289963722229003906e-01,3.368842601776123047e-01,6.163353472948074341e-02,-1.890599489212036133e+00,3.746243715286254883e-01,2.633172273635864258e-01,-4.046476483345031738e-01,7.983192801475524902e-02,-2.079592466354370117e+00,-3.372786045074462891e-01,0.000000000000000000e+00
6.425748467445373535e-01,2.185194492340087891e-01,7.613623738288879395e-01,-7.633928954601287842e-02,-1.563112065196037292e-02,8.853812217712402344e-01,4.582882523536682129e-01,-4.294488131999969482e-01,-2.174917012453079224e-01,-4.592909291386604309e-02,4.827738106250762939e-01,-4.207339882850646973e-01,1.758203804492950439e-01,-3.418324589729309082e-01,-1.353245526552200317e-01,2.674046531319618225e-02,1.131374120712280273e+00,3.494657948613166809e-02,1.112513542175292969e-01,1.698115766048431396e-01,5.817618966102600098e-01,3.219693899154663086e-01,3.994188457727432251e-02,-1.867599725723266602e+00,3.624047338962554932e-01,2.661256492137908936e-01,-4.056187570095062256e-01,9.828768670558929443e-02,-1.979346156120300293e+00,-3.160297274589538574e-01,0.000000000000000000e+00
6.363230943679809570e-01,2.410018742084503174e-01,7.533700466156005859e-01,-8.771746605634689331e-02,-2.287946268916130066e-02,9.000431299209594727e-01,4.262681007385253906e-01,-4.826688766479492188e-01,-2.158351093530654907e-01,-9.888457506895065308e-02,6.195381283760070801e-01,-4.572232365608215332e-01,1.489599794149398804e-01,-4.614426791667938232e-01,-1.656746864318847656e-01,4.143001884222030640e-02,1.203539848327636719e+00,-3.082517534494400024e-02,3.054085001349449158e-02,1.333893686532974243e-01,4.999381303787231445e-01,3.330874145030975342e-01,7.787844631820917130e-03,-1.837193369865417480e+00,3.778945207595825195e-01,2.713125348091125488e-01,-3.554241657257080078e-01,9.310227632522583008e-02,-1.855035662651062012e+00,-2.599841058254241943e-01,0.000000000000000000e+00
6.246094107627868652e-01,2.647665441036224365e-01,7.509981989860534668e-01,-9.497199207544326782e-02,-2.359975688159465790e-02,9.154192209243774414e-01,3.904242217540740967e-01,-4.710022807121276855e-01,-2.312081158161163330e-01,-1.634716540575027466e-01,6.597161293029785156e-01,-4.887658953666687012e-01,1.562481522560119629e-01,-5.615520477294921875e-01,-1.868518441915512085e-01,6.740081310272216797e-02,1.194103479385375977e+00,-9.211213886737823486e-02,-5.959101021289825439e-03,8.240899443626403809e-02,4.219124913215637207e-01,3.416638970375061035e-01,-2.950938604772090912e-02,-1.845100641250610352e+00,4.392761290073394775e-01,2.975628972053527832e-01,-3.273307383060455322e-01,6.774913519620895386e-02,-1.789047360420227051e+00,-2.337340414524078369e-01,0.000000000000000000e+00
6.090937256813049316e-01,2.881714403629302979e-01,7.549307346343994141e-01,-1.020694226026535034e-01,-2.296746149659156799e-02,9.314332008361816406e-01,3.485491275787353516e-01,-4.197353124618530273e-01,-2.398836463689804077e-01,-2.360105514526367188e-01,6.283580660820007324e-01,-4.776267111301422119e-01,1.108022481203079224e-01,-6.245781183242797852e-01,-1.761912256479263306e-01,9.714736789464950562e-02,1.105640769004821777e+00,-1.174406632781028748e-01,2.141508273780345917e-02,7.410171441733837128e-03,3.431642949581146240e-01,3.417041897773742676e-01,-4.630326479673385620e-02,-1.911936879158020020e+00,4.809367358684539795e-01,3.294162154197692871e-01,-3.300282657146453857e-01,7.170312851667404175e-02,-1.814535856246948242e+00,-2.620355188846588135e-01,0.000000000000000000e+00
5.875938534736633301e-01,3.092234432697296143e-01,7.610394954681396484e-01,-1.068976521492004395e-01,-1.567110419273376465e-02,9.466817975044250488e-01,3.035141825675964355e-01,-3.480345606803894043e-01,-2.565535306930541992e-01,-3.051294386386871338e-01,5.655158758163452148e-01,-4.437087774276733398e-01,9.681896120309829712e-02,-6.760482788085937500e-01,-1.716697514057159424e-01,1.458699852228164673e-01,9.899685382843017578e-01,-1.453883796930313110e-01,6.917876750230789185e-02,-8.067822456359863281e-02,2.856568396091461182e-01,3.345481455326080322e-01,-3.329804539680480957e-02,-2.018006324768066406e+00,4.893112778663635254e-01,3.775476217269897461e-01,-3.565995395183563232e-01,6.853993982076644897e-02,-1.893629431724548340e+00,-3.476571440696716309e-01,0.000000000000000000e+00
5.637097954750061035e-01,3.330397307872772217e-01,7.736206650733947754e-01,-1.035010144114494324e-01,-1.868666522204875946e-02,9.616812467575073242e-01,2.531946599483489990e-01,-2.377125024795532227e-01,-2.288362234830856323e-01,-3.491247594356536865e-01,4.756674170494079590e-01,-3.721855580806732178e-01,3.344401717185974121e-02,-6.419077515602111816e-01,-1.539053469896316528e-01,1.566430777311325073e-01,8.087086081504821777e-01,-1.585945338010787964e-01,1.283368468284606934e-01,-1.751812547445297241e-01,2.567369043827056885e-01,3.288362026214599609e-01,2.348231384530663490e-03,-2.118073463439941406e+00,5.017874240875244141e-01,4.459402859210968018e-01,-3.573657274246215820e-01,6.068756058812141418e-02,-1.965790867805480957e+00,-3.853941857814788818e-01,0.000000000000000000e+00
5.388529896736145020e-01,3.565642237663269043e-01,7.871492505073547363e-01,-9.697012603282928467e-02,-2.166418544948101044e-02,9.723980426788330078e-01,2.111147791147232056e-01,-1.486059725284576416e-01,-1.934075206518173218e-01,-3.482767045497894287e-01,4.266847968101501465e-01,-2.887845039367675781e-01,-1.059794332832098007e-02,-6.049738526344299316e-01,-1.236506402492523193e-01,2.108367979526519775e-01,6.332425475120544434e-01,-1.401764601469039917e-01,1.477787941694259644e-01,-2.425467520952224731e-01,2.395339459180831909e-01,3.218200802803039551e-01,2.984799444675445557e-02,-2.193577051162719727e+00,5.404251813888549805e-01,5.169401168823242188e-01,-3.592544794082641602e-01,4.854104295372962952e-02,-2.012341737747192383e+00,-4.108624458312988281e-01,0.000000000000000000e+00
5.127052664756774902e-01,3.787859082221984863e-01,7.989102602005004883e-01,-8.816421777009963989e-02,-2.893359400331974030e-02,9.793596863746643066e-01,1.795675754547119141e-01,-9.806739538908004761e-02,-1.529920548200607300e-01,-3.051062226295471191e-01,4.543688893318176270e-01,-2.229214459657669067e-01,-4.393671825528144836e-02,-5.598291158676147461e-01,-7.938680797815322876e-02,3.021321892738342285e-01,4.810961186885833740e-01,-1.203352585434913635e-01,1.457732617855072021e-01,-2.726086080074310303e-01,1.955483555793762207e-01,3.263396620750427246e-01,3.676795959472656250e-02,-2.194799900054931641e+00,5.431669354438781738e-01,5.773420929908752441e-01,-3.449660539627075195e-01,4.021076858043670654e-02,-2.020537137985229492e+00,-4.090659916400909424e-01,0.000000000000000000e+00
4.861115515232086182e-01,3.999479711055755615e-01,8.050807118415832520e-01,-8.051125705242156982e-02,-3.351859748363494873e-02,9.835873842239379883e-01,1.579565405845642090e-01,-1.124234497547149658e-01,-1.305308192968368530e-01,-2.573668062686920166e-01,5.856993198394775391e-01,-1.809555739164352417e-01,-3.601948916912078857e-02,-5.211178064346313477e-01,-4.031470417976379395e-02,3.942650854587554932e-01,3.744645118713378906e-01,-9.045887738466262817e-02,1.607769131660461426e-01,-2.722221910953521729e-01,1.774184554815292358e-01,3.220881223678588867e-01,4.504284262657165527e-02,-2.194799900054931641e+00,5.036826133728027344e-01,5.998476743698120117e-01,-3.256164193153381348e-01,4.062013328075408936e-02,-1.993301510810852051e+00,-4.142089486122131348e-01,0.000000000000000000e+00
4.609194099903106689e-01,4.201068282127380371e-01,8.013278245925903320e-01,-7.131393253803253174e-02,-3.306994214653968811e-02,9.875102043151855469e-01,1.365439891815185547e-01,-1.976816505193710327e-01,-1.415787935256958008e-01,-2.494063228368759155e-01,8.293904662132263184e-01,-1.663046628236770630e-01,4.562154877930879593e-03,-4.888262450695037842e-01,-1.808780431747436523e-02,4.433277845382690430e-01,3.552775681018829346e-01,-3.222947195172309875e-02,1.677843183279037476e-01,-2.634166479110717773e-01,1.979581415653228760e-01,3.029786646366119385e-01,4.466813430190086365e-02,-2.194557189941406250e+00,4.871813356876373291e-01,5.900642275810241699e-01,-3.301849067211151123e-01,5.614113062620162964e-02,-1.948807239532470703e+00,-4.214279055595397949e-01,0.000000000000000000e+00
4.382316172122955322e-01,4.394321143627166748e-01,7.864769697189331055e-01,-6.519780308008193970e-02,-2.824542671442031860e-02,9.904447793960571289e-01,1.181970164179801941e-01,-3.163751661777496338e-01,-1.634593755006790161e-01,-2.402509003877639771e-01,1.091381669044494629e+00,-1.745518296957015991e-01,4.363162070512771606e-02,-4.983930587768554688e-01,-9.358929237350821495e-04,4.328166842460632324e-01,4.796940684318542480e-01,-3.303920850157737732e-02,1.361968964338302612e-01,-2.416348159313201904e-01,2.176031917333602905e-01,2.866746783256530762e-01,3.079161234200000763e-02,-2.156603336334228516e+00,4.981607198715209961e-01,5.471027493476867676e-01,-3.606258630752563477e-01,5.488252267241477966e-02,-1.901705622673034668e+00,-3.956341445446014404e-01,0.000000000000000000e+00
4.169502556324005127e-01,4.575326442718505859e-01,7.678014636039733887e-01,-6.405323743820190430e-02,-2.623645961284637451e-02,9.922446012496948242e-01,1.032450273633003235e-01,-4.364403188228607178e-01,-1.565699726343154907e-01,-2.111871838569641113e-01,1.295323491096496582e+00,-2.724114656448364258e-01,7.864693552255630493e-02,-5.345560908317565918e-01,1.637119613587856293e-02,4.003135263919830322e-01,6.433899998664855957e-01,-1.687070429325103760e-01,1.218208745121955872e-01,-1.999583542346954346e-01,2.292499542236328125e-01,2.833579182624816895e-01,-4.166973289102315903e-03,-2.076496839523315430e+00,4.719824790954589844e-01,4.894401431083679199e-01,-3.789068460464477539e-01,7.143066078424453735e-02,-1.837094426155090332e+00,-4.000392854213714600e-01,0.000000000000000000e+00
3.973833620548248291e-01,4.705032706260681152e-01,7.501907348632812500e-01,-8.205968886613845825e-02,-2.059836126863956451e-02,9.912994503974914551e-01,1.008331328630447388e-01,-6.119878292083740234e-01,-1.630143970251083374e-01,-1.830740720033645630e-01,1.449499964714050293e+00,-3.267087936401367188e-01,1.403268426656723022e-01,-6.163703799247741699e-01,3.726754337549209595e-02,3.900828659534454346e-01,7.949416041374206543e-01,-2.458002716302871704e-01,8.373901247978210449e-02,-1.182057186961174011e-01,1.986715644598007202e-01,2.667810618877410889e-01,-4.669993370771408081e-02,-1.948456645011901855e+00,4.511508345603942871e-01,3.807033896446228027e-01,-4.108128845691680908e-01,8.734287321567535400e-02,-1.766072511672973633e+00,-2.934383153915405273e-01,0.000000000000000000e+00
3.719338178634643555e-01,4.803443253040313721e-01,7.431999444961547852e-01,-8.551856875419616699e-02,-1.755345985293388367e-02,9.927200675010681152e-01,8.297751843929290771e-02,-7.295085787773132324e-01,-1.631447970867156982e-01,-1.591652929782867432e-01,1.502555727958679199e+00,-3.516783118247985840e-01,1.778596341609954834e-01,-5.862132310867309570e-01,1.113657280802726746e-02,3.350132107734680176e-01,8.232170939445495605e-01,-3.097262084484100342e-01,8.962471038103103638e-02,-6.452260166406631470e-02,2.426603436470031738e-01,2.674978673458099365e-01,-9.863699227571487427e-02,-1.883675575256347656e+00,5.302097201347351074e-01,3.049599826335906982e-01,-4.392136037349700928e-01,1.190361753106117249e-01,-1.751797437667846680e+00,-3.011016249656677246e-01,0.000000000000000000e+00
3.399996757507324219e-01,4.940119981765747070e-01,7.500028610229492188e-01,-8.217373490333557129e-02,-2.333503589034080505e-02,9.939776659011840820e-01,6.863965094089508057e-02,-7.748889327049255371e-01,-1.087652668356895447e-01,-1.231719106435775757e-01,1.435141444206237793e+00,-3.801316320896148682e-01,1.707452684640884399e-01,-4.711818099021911621e-01,-9.885211475193500519e-04,2.606410086154937744e-01,7.397571206092834473e-01,-3.381312489509582520e-01,1.070652306079864502e-01,4.490697290748357773e-03,3.190082013607025146e-01,2.861309945583343506e-01,-7.932069152593612671e-02,-1.896238803863525391e+00,5.317658185958862305e-01,2.684051692485809326e-01,-4.161838889122009277e-01,1.110672578215599060e-01,-1.825685501098632812e+00,-2.927342653274536133e-01,0.000000000000000000e+00
3.074284493923187256e-01,4.973782598972320557e-01,7.564408183097839355e-01,-8.296635746955871582e-02,-2.044818177819252014e-02,9.944629073143005371e-01,6.117172539234161377e-02,-8.078163862228393555e-01,-9.365895390510559082e-02,-7.099070399999618530e-02,1.313439846038818359e+00,-4.199723601341247559e-01,2.179975360631942749e-01,-3.813678026199340820e-01,-3.198615834116935730e-02,2.074773311614990234e-01,6.652111411094665527e-01,-3.305527567863464355e-01,1.361665874719619751e-01,9.009895473718643188e-02,3.883053362369537354e-01,3.173790872097015381e-01,-5.285662785172462463e-02,-1.967056632041931152e+00,5.319905281066894531e-01,2.377943694591522217e-01,-4.268001616001129150e-01,7.136376947164535522e-02,-1.953253746032714844e+00,-3.436627089977264404e-01,0.000000000000000000e+00
2.712316215038299561e-01,4.999205470085144043e-01,7.705571651458740234e-01,-7.954448461532592773e-02,-1.885811239480972290e-02,9.952024817466735840e-01,5.374953523278236389e-02,-7.793562412261962891e-01,-8.618748188018798828e-02,-2.719786949455738068e-02,1.108352541923522949e+00,-4.425857365131378174e-01,2.086874246597290039e-01,-2.554317712783813477e-01,-5.938778817653656006e-02,1.402279585599899292e-01,5.513526797294616699e-01,-2.562286555767059326e-01,1.389799863100051880e-01,1.656492501497268677e-01,4.721584618091583252e-01,3.401459157466888428e-01,-3.772117197513580322e-02,-2.022186756134033203e+00,5.584167838096618652e-01,2.298323214054107666e-01,-4.327882528305053711e-01,2.684071660041809082e-02,-2.079910516738891602e+00,-3.754470944404602051e-01,0.000000000000000000e+00
2.346402257680892944e-01,4.997051358222961426e-01,7.877768278121948242e-01,-7.047028094530105591e-02,-1.891819573938846588e-02,9.963210821151733398e-01,4.494809731841087341e-02,-6.928946971893310547e-01,-8.018852025270462036e-02,3.018170595169067383e-02,8.433083295822143555e-01,-4.390716552734375000e-01,1.673655509948730469e-01,-1.343951523303985596e-01,-7.981954514980316162e-02,5.165416747331619263e-02,4.743399322032928467e-01,-1.219095960259437561e-01,1.488733142614364624e-01,2.210181951522827148e-01,5.678623318672180176e-01,3.385556638240814209e-01,-3.315086709335446358e-03,-2.048269510269165039e+00,5.816510915756225586e-01,2.414853274822235107e-01,-4.340956807136535645e-01,2.356224460527300835e-03,-2.174474000930786133e+00,-3.685370981693267822e-01,0.000000000000000000e+00
1.981384456157684326e-01,4.998342394828796387e-01,8.031715154647827148e-01,-6.538843363523483276e-02,-2.237246371805667877e-02,9.971320629119873047e-01,3.084585256874561310e-02,-5.990002155303955078e-01,-8.329453319311141968e-02,8.164951950311660767e-02,5.872014164924621582e-01,-4.180432558059692383e-01,1.207432597875595093e-01,-6.485036015510559082e-02,-8.299603313207626343e-02,-2.457507885992527008e-02,4.663144946098327637e-01,1.838862150907516479e-02,1.610380113124847412e-01,2.498217821121215820e-01,6.231411695480346680e-01,3.455094099044799805e-01,3.482912480831146240e-02,-2.045366287231445312e+00,5.618708729743957520e-01,2.441216111183166504e-01,-4.330277144908905029e-01,-7.227977272123098373e-03,-2.194290399551391602e+00,-3.169488012790679932e-01,0.000000000000000000e+00
1.622669100761413574e-01,4.983533620834350586e-01,8.116266727447509766e-01,-6.178149208426475525e-02,-2.334747090935707092e-02,9.977660179138183594e-01,1.004462223500013351e-02,-5.172430276870727539e-01,-1.086459085345268250e-01,1.081032529473304749e-01,4.027175009250640869e-01,-3.974477052688598633e-01,9.531687200069427490e-02,-6.665195524692535400e-02,-8.513156324625015259e-02,-2.210017107427120209e-02,5.537938475608825684e-01,1.315883845090866089e-01,1.956116259098052979e-01,2.479261457920074463e-01,6.413979530334472656e-01,3.399636149406433105e-01,4.698374122381210327e-02,-2.021303415298461914e+00,5.182437896728515625e-01,2.680376470088958740e-01,-4.196876585483551025e-01,3.641419811174273491e-03,-2.188160419464111328e+00,-3.090288937091827393e-01,0.000000000000000000e+00
1.274695843458175659e-01,4.968421161174774170e-01,8.113948702812194824e-01,-5.441384762525558472e-02,-2.577723562717437744e-02,9.980916380882263184e-01,-1.370219606906175613e-02,-4.514361023902893066e-01,-1.291502267122268677e-01,1.076998412609100342e-01,3.243172168731689453e-01,-3.522797822952270508e-01,8.685220032930374146e-02,-1.165291219949722290e-01,-7.689235359430313110e-02,2.218694984912872314e-02,7.241931557655334473e-01,2.053655534982681274e-01,2.256669700145721436e-01,2.311040461063385010e-01,6.316918730735778809e-01,3.403209447860717773e-01,3.934289515018463135e-02,-1.985026121139526367e+00,4.596932530403137207e-01,2.975705862045288086e-01,-3.993927538394927979e-01,1.937692239880561829e-02,-2.130226135253906250e+00,-3.053705692291259766e-01,0.000000000000000000e+00
9.263538569211959839e-02,4.959918260574340820e-01,8.010745048522949219e-01,-4.614946618676185608e-02,-3.010484762489795685e-02,9.979354143142700195e-01,-3.299822285771369934e-02,-4.042837917804718018e-01,-1.443740874528884888e-01,6.113585457205772400e-02,3.295424580574035645e-01,-2.884435057640075684e-01,9.208218008279800415e-02,-1.957382112741470337e-01,-7.983388751745223999e-02,5.173911526799201965e-02,9.309238791465759277e-01,1.867280155420303345e-01,2.138374894857406616e-01,2.131260037422180176e-01,6.035533547401428223e-01,3.318986296653747559e-01,1.745543070137500763e-02,-1.941715121269226074e+00,4.692661464214324951e-01,3.298228383064270020e-01,-3.796340823173522949e-01,7.095524668693542480e-02,-2.053467750549316406e+00,-3.509616255760192871e-01,0.000000000000000000e+00
5.988539755344390869e-02,4.951704740524291992e-01,7.839668393135070801e-01,-3.986844420433044434e-02,-3.570862859487533569e-02,9.970872998237609863e-01,-5.433552712202072144e-02,-3.841841220855712891e-01,-1.576462686061859131e-01,-1.045222952961921692e-02,3.860676586627960205e-01,-3.315574526786804199e-01,9.985681623220443726e-02,-2.856080234050750732e-01,-1.131946146488189697e-01,5.169628933072090149e-02,1.112324357032775879e+00,1.000325158238410950e-01,1.519324630498886108e-01,1.795044094324111938e-01,5.636888146400451660e-01,3.152892887592315674e-01,4.273963160812854767e-03,-1.911830186843872070e+00,4.793647825717926025e-01,3.508806228637695312e-01,-3.659679889678955078e-01,9.023715555667877197e-02,-1.966879606246948242e+00,-3.318791091442108154e-01,0.000000000000000000e+00
3.280815854668617249e-02,4.971890151500701904e-01,7.730180621147155762e-01,-3.922251611948013306e-02,-4.528073593974113464e-02,9.949142932891845703e-01,-8.097422868013381958e-02,-4.141388535499572754e-01,-1.542058140039443970e-01,-6.792678683996200562e-02,5.068686604499816895e-01,-4.022875726222991943e-01,8.163134008646011353e-02,-3.927794098854064941e-01,-1.270709633827209473e-01,5.439180508255958557e-02,1.218818902969360352e+00,1.300611533224582672e-02,1.007395982742309570e-01,1.253612190485000610e-01,4.920149147510528564e-01,3.081622719764709473e-01,1.833723741583526134e-03,-1.899163722991943359e+00,4.527870118618011475e-01,3.579998016357421875e-01,-3.334597647190093994e-01,1.045377925038337708e-01,-1.853036522865295410e+00,-2.739905416965484619e-01,0.000000000000000000e+00
6.406625732779502869e-03,4.961065351963043213e-01,7.642149329185485840e-01,-4.653868451714515686e-02,-4.580688104033470154e-02,9.910447597503662109e-01,-1.164736747741699219e-01,-4.537417292594909668e-01,-1.857207715511322021e-01,-1.285376399755477905e-01,6.296120285987854004e-01,-4.472674131393432617e-01,9.339276701211929321e-02,-5.274897813796997070e-01,-1.451519727706909180e-01,8.354588598012924194e-02,1.272793054580688477e+00,-5.096159875392913818e-02,9.118480980396270752e-02,4.948154836893081665e-02,3.834250867366790771e-01,2.924762964248657227e-01,-1.762321591377258301e-02,-1.901022791862487793e+00,4.973080158233642578e-01,3.716495633125305176e-01,-3.222111165523529053e-01,1.043946444988250732e-01,-1.771569848060607910e+00,-3.284601271152496338e-01,0.000000000000000000e+00
-2.209144271910190582e-02,4.917202591896057129e-01,7.644736170768737793e-01,-5.211279913783073425e-02,-4.510889202356338501e-02,9.869580864906311035e-01,-1.454758048057556152e-01,-4.132517874240875244e-01,-1.973653584718704224e-01,-1.543109267950057983e-01,6.204604506492614746e-01,-4.706335961818695068e-01,1.046632006764411926e-01,-6.322650313377380371e-01,-1.443257927894592285e-01,1.316716670989990234e-01,1.223556995391845703e+00,-6.693114340305328369e-02,9.321724623441696167e-02,-1.041892822831869125e-02,2.726964950561523438e-01,2.949547469615936279e-01,-3.232817724347114563e-02,-1.962387084960937500e+00,4.847802519798278809e-01,4.080935418605804443e-01,-3.377597928047180176e-01,9.058378636837005615e-02,-1.791578173637390137e+00,-3.471390008926391602e-01,0.000000000000000000e+00
-5.342561751604080200e-02,4.818703830242156982e-01,7.685535550117492676e-01,-5.685584992170333862e-02,-4.331417754292488098e-02,9.802969694137573242e-01,-1.841444522142410278e-01,-3.452423214912414551e-01,-2.168279439210891724e-01,-2.171157598495483398e-01,5.745648741722106934e-01,-4.511337578296661377e-01,8.540709316730499268e-02,-6.843356490135192871e-01,-1.727209389209747314e-01,1.355312019586563110e-01,1.091806888580322266e+00,-8.791913092136383057e-02,1.130914315581321716e-01,-8.897314965724945068e-02,1.705339848995208740e-01,3.111368417739868164e-01,-2.199188433587551117e-02,-2.075393438339233398e+00,4.593988955020904541e-01,4.472148418426513672e-01,-3.672993481159210205e-01,7.781317085027694702e-02,-1.850695013999938965e+00,-3.964696526527404785e-01,0.000000000000000000e+00
-8.739396184682846069e-02,4.737511873245239258e-01,7.808189988136291504e-01,-5.045310035347938538e-02,-4.649715870618820190e-02,9.714801907539367676e-01,-2.269772738218307495e-01,-2.404882162809371948e-01,-1.989316642284393311e-01,-2.744653224945068359e-01,4.995121657848358154e-01,-3.888612389564514160e-01,4.296678304672241211e-02,-6.520753502845764160e-01,-1.805373579263687134e-01,1.050864905118942261e-01,8.817511796951293945e-01,-9.896118938922882080e-02,9.904442727565765381e-02,-1.728572547435760498e-01,1.265791356563568115e-01,3.380935192108154297e-01,1.047637779265642166e-02,-2.161260843276977539e+00,4.784171283245086670e-01,5.052174329757690430e-01,-3.810312449932098389e-01,5.732874572277069092e-02,-1.907541871070861816e+00,-4.256492257118225098e-01,0.000000000000000000e+00
-1.210472956299781799e-01,4.631306529045104980e-01,7.947509884834289551e-01,-4.177455231547355652e-02,-4.751448705792427063e-02,9.608636498451232910e-01,-2.697004377841949463e-01,-1.457946151494979858e-01,-1.713279634714126587e-01,-2.951855063438415527e-01,4.502586722373962402e-01,-3.212370276451110840e-01,1.635517738759517670e-02,-5.849557518959045410e-01,-1.734354645013809204e-01,9.850120544433593750e-02,6.451963782310485840e-01,-9.745712578296661377e-02,1.197432652115821838e-01,-2.522031366825103760e-01,1.043083816766738892e-01,3.473877310752868652e-01,3.806125745177268982e-02,-2.194799900054931641e+00,5.191428661346435547e-01,5.605371594429016113e-01,-3.945357203483581543e-01,3.433622047305107117e-02,-1.951761484146118164e+00,-4.383887350559234619e-01,0.000000000000000000e+00
-1.544965654611587524e-01,4.515231251716613770e-01,8.073217868804931641e-01,-3.456273302435874939e-02,-5.043451115489006042e-02,9.508477449417114258e-01,-3.035627603530883789e-01,-9.048546105623245239e-02,-1.356198787689208984e-01,-2.720991671085357666e-01,4.614377319812774658e-01,-2.527984082698822021e-01,-8.987981826066970825e-03,-5.218377113342285156e-01,-1.375755220651626587e-01,1.718964576721191406e-01,4.430410861968994141e-01,-7.067362219095230103e-02,1.581553369760513306e-01,-2.917924821376800537e-01,8.954242616891860962e-02,3.586792647838592529e-01,5.051375925540924072e-02,-2.194799900054931641e+00,5.156278610229492188e-01,5.997204780578613281e-01,-3.937754631042480469e-01,1.581336557865142822e-02,-1.965851902961730957e+00,-4.311360120773315430e-01,0.000000000000000000e+00
-1.877034008502960205e-01,4.403000473976135254e-01,8.145468831062316895e-01,-2.893357165157794952e-02,-5.357921496033668518e-02,9.434722065925598145e-01,-3.258102536201477051e-01,-9.178832173347473145e-02,-1.041446104645729065e-01,-2.184210121631622314e-01,5.616612434387207031e-01,-2.055083960294723511e-01,-2.097547240555286407e-02,-4.775293171405792236e-01,-9.506404399871826172e-02,2.780733108520507812e-01,3.336138129234313965e-01,-4.474859684705734253e-02,1.902052909135818481e-01,-2.877909243106842041e-01,1.149838864803314209e-01,3.732163608074188232e-01,5.528816208243370056e-02,-2.194799900054931641e+00,4.976852536201477051e-01,6.126747131347656250e-01,-3.834901452064514160e-01,3.617066424340009689e-03,-1.952543377876281738e+00,-4.235803186893463135e-01,0.000000000000000000e+00
-2.183647155761718750e-01,4.289843440055847168e-01,8.132649660110473633e-01,-2.511284872889518738e-02,-5.189400166273117065e-02,9.379596114158630371e-01,-3.419182896614074707e-01,-1.739964187145233154e-01,-1.051579117774963379e-01,-1.968657672405242920e-01,7.859659790992736816e-01,-1.772693991661071777e-01,3.322876244783401489e-02,-4.568470120429992676e-01,-6.929460167884826660e-02,3.357626795768737793e-01,3.237680196762084961e-01,-5.140235647559165955e-02,1.819696873426437378e-01,-2.630592286586761475e-01,1.742606312036514282e-01,3.690497279167175293e-01,6.048273667693138123e-02,-2.193559169769287109e+00,4.915149807929992676e-01,5.976286530494689941e-01,-3.991100490093231201e-01,1.309014298021793365e-02,-1.928377509117126465e+00,-3.841781914234161377e-01,0.000000000000000000e+00
-2.475516498088836670e-01,4.186427891254425049e-01,8.018311262130737305e-01,-2.052041701972484589e-02,-4.674587398767471313e-02,9.317177534103393555e-01,-3.595772385597229004e-01,-2.724841535091400146e-01,-1.050553321838378906e-01,-1.706540882587432861e-01,1.023867964744567871e+00,-1.611673831939697266e-01,6.468466669321060181e-02,-4.354380667209625244e-01,-5.891009792685508728e-02,3.558389246463775635e-01,3.701450824737548828e-01,-4.231610149145126343e-02,1.723943352699279785e-01,-2.321573495864868164e-01,2.205335795879364014e-01,3.462051153182983398e-01,3.141438588500022888e-02,-2.138489484786987305e+00,4.986004531383514404e-01,5.721310973167419434e-01,-4.305120408535003662e-01,3.658224642276763916e-02,-1.899342179298400879e+00,-3.699876964092254639e-01,0.000000000000000000e+00
-2.757883965969085693e-01,4.096001982688903809e-01,7.827016711235046387e-01,-1.868014037609100342e-02,-4.524273052811622620e-02,9.262331724166870117e-01,-3.737595677375793457e-01,-3.894025385379791260e-01,-7.062171399593353271e-02,-1.323500573635101318e-01,1.244995594024658203e+00,-2.310925871133804321e-01,1.385515481233596802e-01,-4.438807368278503418e-01,-6.663525849580764771e-02,2.904443442821502686e-01,4.693346619606018066e-01,-5.603960156440734863e-02,1.137640923261642456e-01,-1.826348602771759033e-01,2.638074159622192383e-01,3.526978194713592529e-01,1.238961610943078995e-02,-2.073836326599121094e+00,5.128972530364990234e-01,5.314999818801879883e-01,-4.557749927043914795e-01,4.609891027212142944e-02,-1.861047267913818359e+00,-3.598941862583160400e-01,0.000000000000000000e+00
-2.986854016780853271e-01,4.015964269638061523e-01,7.621417045593261719e-01,-2.800345048308372498e-02,-4.697661474347114563e-02,9.214892387390136719e-01,-3.845342397689819336e-01,-5.319542884826660156e-01,-4.348279908299446106e-02,-1.036604940891265869e-01,1.411420822143554688e+00,-3.246674239635467529e-01,2.190222889184951782e-01,-5.140362381935119629e-01,-5.689075589179992676e-02,2.746796309947967529e-01,6.344088912010192871e-01,-1.644939631223678589e-01,9.884724020957946777e-02,-1.159086152911186218e-01,2.935967445373535156e-01,3.452644348144531250e-01,-9.067563340067863464e-03,-2.003549098968505859e+00,4.478334486484527588e-01,4.791150391101837158e-01,-4.623755514621734619e-01,4.852648451924324036e-02,-1.813614964485168457e+00,-3.564728796482086182e-01,0.000000000000000000e+00
-3.221367597579956055e-01,3.905764520168304443e-01,7.445316314697265625e-01,-4.253537580370903015e-02,-5.560997501015663147e-02,9.205948114395141602e-01,-3.841919898986816406e-01,-6.863765716552734375e-01,-3.460143506526947021e-02,-1.042973548173904419e-01,1.511445641517639160e+00,-3.850994706153869629e-01,2.617999911308288574e-01,-5.893391370773315430e-01,-2.971928380429744720e-02,2.653961181640625000e-01,7.814236283302307129e-01,-2.427016049623489380e-01,1.186402216553688049e-01,-2.023268677294254303e-02,3.170084059238433838e-01,3.375374674797058105e-01,-9.312152862548828125e-03,-1.922383666038513184e+00,4.393363893032073975e-01,3.870289325714111328e-01,-4.790407717227935791e-01,8.031321316957473755e-02,-1.757778763771057129e+00,-3.821815550327301025e-01,0.000000000000000000e+00
-3.474173843860626221e-01,3.759634792804718018e-01,7.393792867660522461e-01,-4.557788372039794922e-02,-6.220331788063049316e-02,9.158430695533752441e-01,-3.940620422363281250e-01,-7.743940353393554688e-01,-2.665827795863151550e-02,-1.021068841218948364e-01,1.499830245971679688e+00,-3.917096555233001709e-01,2.617999911308288574e-01,-5.614688992500305176e-01,-2.725561708211898804e-02,2.213549017906188965e-01,8.109461069107055664e-01,-3.041572570800781250e-01,7.166507840156555176e-02,6.616001576185226440e-02,3.638975918292999268e-01,3.152909278869628906e-01,-4.661790560930967331e-03,-1.888085007667541504e+00,5.393249392509460449e-01,3.312038481235504150e-01,-4.628475606441497803e-01,8.747252076864242554e-02,-1.765202641487121582e+00,-3.578273057937622070e-01,0.000000000000000000e+00
-3.682802319526672363e-01,3.542686998844146729e-01,7.425262928009033203e-01,-4.796697571873664856e-02,-6.324467062950134277e-02,9.101248383522033691e-01,-4.066596627235412598e-01,-8.082062005996704102e-01,-2.699125930666923523e-02,-6.386160850524902344e-02,1.395899891853332520e+00,-4.411699473857879639e-01,2.617999911308288574e-01,-4.927201867103576660e-01,-4.943397641181945801e-02,1.743971109390258789e-01,7.776150107383728027e-01,-3.282914757728576660e-01,6.874532252550125122e-02,1.499611139297485352e-01,4.141737520694732666e-01,3.261429965496063232e-01,1.044529862701892853e-02,-1.911165714263916016e+00,5.442424416542053223e-01,2.932710647583007812e-01,-4.602337479591369629e-01,1.078578680753707886e-01,-1.829113245010375977e+00,-3.926374316215515137e-01,0.000000000000000000e+00
-3.874437212944030762e-01,3.266115784645080566e-01,7.532458901405334473e-01,-4.660962894558906555e-02,-6.056364625692367554e-02,9.006515741348266602e-01,-4.277690052986145020e-01,-7.863358855247497559e-01,-3.519164770841598511e-02,-1.170042902231216431e-02,1.216347575187683105e+00,-4.677477777004241943e-01,2.617999911308288574e-01,-3.684922754764556885e-01,-9.122060239315032959e-02,8.364503085613250732e-02,6.759691238403320312e-01,-3.102085590362548828e-01,1.002683714032173157e-01,2.152496874332427979e-01,4.716499447822570801e-01,3.418114781379699707e-01,3.835562989115715027e-02,-1.936336874961853027e+00,5.349436402320861816e-01,2.820843458175659180e-01,-4.330988526344299316e-01,2.527507394552230835e-02,-1.901892304420471191e+00,-3.782767653465270996e-01,0.000000000000000000e+00
-4.045434594154357910e-01,2.950080335140228271e-01,7.672757506370544434e-01,-4.383351653814315796e-02,-5.701932311058044434e-02,8.881058692932128906e-01,-4.539773464202880859e-01,-7.160087227821350098e-01,-6.370741128921508789e-02,3.730830922722816467e-02,9.758470654487609863e-01,-4.319241940975189209e-01,2.317033559083938599e-01,-2.254722267389297485e-01,-1.226034238934516907e-01,-1.337593607604503632e-02,5.626431703567504883e-01,-2.337209433317184448e-01,1.065396070480346680e-01,2.591477930545806885e-01,5.244628787040710449e-01,3.353900909423828125e-01,6.389638781547546387e-02,-1.958150029182434082e+00,5.377318263053894043e-01,2.881746590137481689e-01,-4.265332818031311035e-01,-1.292293705046176910e-02,-1.996707797050476074e+00,-3.744118511676788330e-01,0.000000000000000000e+00
-4.218950271606445312e-01,2.637407183647155762e-01,7.822597026824951172e-01,-3.545232489705085754e-02,-5.822696909308433533e-02,8.759160041809082031e-01,-4.776231944561004639e-01,-6.144725680351257324e-01,-7.361109554767608643e-02,9.403226524591445923e-02,7.084004878997802734e-01,-4.037003219127655029e-01,1.610788404941558838e-01,-1.062775403261184692e-01,-1.223784983158111572e-01,-9.990669041872024536e-02,4.954788386821746826e-01,-9.987059980630874634e-02,1.116615831851959229e-01,2.932805716991424561e-01,5.711320042610168457e-01,3.365389406681060791e-01,9.280400723218917847e-02,-1.970327973365783691e+00,5.639421343803405762e-01,2.976607978343963623e-01,-4.120248258113861084e-01,-3.650755807757377625e-02,-2.061264991760253906e+00,-3.913220167160034180e-01,0.000000000000000000e+00
-4.379971623420715332e-01,2.323302924633026123e-01,7.937777042388916016e-01,-2.867760136723518372e-02,-6.124962866306304932e-02,8.632206916809082031e-01,-5.002760291099548340e-01,-5.220094919204711914e-01,-8.916283398866653442e-02,1.584043949842453003e-01,4.859584569931030273e-01,-3.921598792076110840e-01,1.130649000406265259e-01,-5.497531965374946594e-02,-1.188151538372039795e-01,-1.444889456033706665e-01,5.215393900871276855e-01,3.412469476461410522e-02,1.256622523069381714e-01,3.079879581928253174e-01,5.974939465522766113e-01,3.235417306423187256e-01,1.241611540317535400e-01,-1.968779802322387695e+00,5.798593759536743164e-01,2.974721789360046387e-01,-4.118989109992980957e-01,-4.045496135950088501e-02,-2.082277297973632812e+00,-3.584688007831573486e-01,0.000000000000000000e+00
-4.525441825389862061e-01,2.015744596719741821e-01,7.983882427215576172e-01,-2.250279113650321960e-02,-6.303637474775314331e-02,8.480826020240783691e-01,-5.256195664405822754e-01,-4.478522539138793945e-01,-1.148966997861862183e-01,2.011173814535140991e-01,3.420596420764923096e-01,-3.576808869838714600e-01,8.761683851480484009e-02,-7.536235451698303223e-02,-1.132869720458984375e-01,-1.117325648665428162e-01,6.455554962158203125e-01,1.548139452934265137e-01,1.608133465051651001e-01,2.990221977233886719e-01,6.045179367065429688e-01,3.133831918239593506e-01,1.400090456008911133e-01,-1.957727193832397461e+00,5.629273056983947754e-01,3.026877045631408691e-01,-4.133605957031250000e-01,-2.661151997745037079e-02,-2.054557800292968750e+00,-3.655740320682525635e-01,0.000000000000000000e+00
-4.667047560214996338e-01,1.721853315830230713e-01,7.948276400566101074e-01,-1.638630777597427368e-02,-6.336485594511032104e-02,8.311448097229003906e-01,-5.521907806396484375e-01,-4.044999182224273682e-01,-1.409012228250503540e-01,1.847283989191055298e-01,3.064309954643249512e-01,-2.888883650302886963e-01,1.052752286195755005e-01,-1.389273256063461304e-01,-1.005383878946304321e-01,-3.998560830950737000e-02,8.243478536605834961e-01,2.243448048830032349e-01,1.951163411140441895e-01,2.761834561824798584e-01,5.951938629150390625e-01,3.076501786708831787e-01,1.352823078632354736e-01,-1.944050550460815430e+00,5.484146475791931152e-01,3.233718574047088623e-01,-4.145611226558685303e-01,-1.272410526871681213e-02,-2.017966508865356445e+00,-3.828378319740295410e-01,0.000000000000000000e+00
-4.814847409725189209e-01,1.433735638856887817e-01,7.819546461105346680e-01,-1.019082032144069672e-02,-6.501457840204238892e-02,8.129411935806274414e-01,-5.786154270172119141e-01,-3.871080875396728516e-01,-1.561777293682098389e-01,1.211256831884384155e-01,3.678439259529113770e-01,-3.052178621292114258e-01,1.429500877857208252e-01,-2.155936211347579956e-01,-1.069323942065238953e-01,1.165578578365966678e-04,1.010962247848510742e+00,1.806330829858779907e-01,1.834847778081893921e-01,2.481762617826461792e-01,5.675579905509948730e-01,3.151527941226959229e-01,1.230321750044822693e-01,-1.920441389083862305e+00,5.222432613372802734e-01,3.485178947448730469e-01,-4.122990369796752930e-01,-5.773442680947482586e-04,-1.969066977500915527e+00,-3.804752230644226074e-01,0.000000000000000000e+00
-4.938124716281890869e-01,1.176575496792793274e-01,7.633470892906188965e-01,-9.020409546792507172e-03,-6.934403628110885620e-02,7.934527993202209473e-01,-6.046013236045837402e-01,-4.229815006256103516e-01,-1.760001927614212036e-01,2.195860631763935089e-02,5.054689645767211914e-01,-4.258150756359100342e-01,1.833570003509521484e-01,-3.159187138080596924e-01,-1.536671668291091919e-01,8.791975677013397217e-03,1.167933702468872070e+00,8.886972069740295410e-02,1.282084882259368896e-01,2.096100598573684692e-01,5.185094475746154785e-01,3.110994994640350342e-01,9.372661262750625610e-02,-1.889528393745422363e+00,4.991426765918731689e-01,3.689333498477935791e-01,-4.216302037239074707e-01,1.332205813378095627e-02,-1.905980229377746582e+00,-3.697154819965362549e-01,0.000000000000000000e+00
-5.036291480064392090e-01,9.763040393590927124e-02,7.465862035751342773e-01,-2.083558961749076843e-02,-8.022084832191467285e-02,7.700139284133911133e-01,-6.326208114624023438e-01,-5.134262442588806152e-01,-2.099540084600448608e-01,-5.196738243103027344e-02,6.772099137306213379e-01,-4.920381009578704834e-01,2.057198137044906616e-01,-4.773945212364196777e-01,-1.912253201007843018e-01,5.040610954165458679e-02,1.281154870986938477e+00,-7.593239657580852509e-03,9.769616276025772095e-02,1.452849954366683960e-01,4.255193471908569336e-01,2.687684595584869385e-01,5.482845753431320190e-02,-1.842984557151794434e+00,4.682314991950988770e-01,3.671190142631530762e-01,-4.248944520950317383e-01,3.274606540799140930e-02,-1.800696253776550293e+00,-3.398384749889373779e-01,0.000000000000000000e+00
-5.140427350997924805e-01,7.353610545396804810e-02,7.380056381225585938e-01,-2.610765397548675537e-02,-9.095426648855209351e-02,7.421323060989379883e-01,-6.635400056838989258e-01,-5.404717922210693359e-01,-2.337803244590759277e-01,-1.156673207879066467e-01,7.730826735496520996e-01,-5.397511720657348633e-01,2.170261442661285400e-01,-6.089375019073486328e-01,-1.904115974903106689e-01,1.003067865967750549e-01,1.306501030921936035e+00,-5.549804121255874634e-02,8.813766390085220337e-02,6.473151594400405884e-02,3.278035223484039307e-01,2.573828697204589844e-01,3.873425722122192383e-02,-1.805622458457946777e+00,4.707088470458984375e-01,3.720775246620178223e-01,-3.975616395473480225e-01,4.246276244521141052e-02,-1.697821855545043945e+00,-3.360705077648162842e-01,0.000000000000000000e+00
-5.223621726036071777e-01,4.587313905358314514e-02,7.380924820899963379e-01,-2.921857498586177826e-02,-9.897246211767196655e-02,7.114826440811157227e-01,-6.950849890708923340e-01,-5.022574663162231445e-01,-2.490545660257339478e-01,-1.877870261669158936e-01,7.678199410438537598e-01,-5.562669634819030762e-01,1.943664252758026123e-01,-6.967162489891052246e-01,-1.935509741306304932e-01,1.192705929279327393e-01,1.239981293678283691e+00,-6.958451122045516968e-02,1.022148281335830688e-01,-1.977434381842613220e-02,2.364663630723953247e-01,2.454403340816497803e-01,1.588864997029304504e-02,-1.839395999908447266e+00,5.078105330467224121e-01,4.040285050868988037e-01,-3.754481077194213867e-01,4.351256787776947021e-02,-1.679290056228637695e+00,-3.579180240631103516e-01,0.000000000000000000e+00
-5.283644795417785645e-01,1.415597833693027496e-02,7.456078529357910156e-01,-2.911703102290630341e-02,-1.034181788563728333e-01,6.803742647171020508e-01,-7.249467372894287109e-01,-4.274522960186004639e-01,-2.473240196704864502e-01,-2.565709948539733887e-01,7.136153578758239746e-01,-5.324444770812988281e-01,1.522889435291290283e-01,-7.319821715354919434e-01,-1.957407146692276001e-01,1.183765530586242676e-01,1.101602911949157715e+00,-8.121822029352188110e-02,1.070457175374031067e-01,-1.024226546287536621e-01,1.646864563226699829e-01,2.617785036563873291e-01,1.821883767843246460e-02,-1.944447040557861328e+00,4.619232714176177979e-01,4.621563851833343506e-01,-3.742297291755676270e-01,3.225198760628700256e-02,-1.733897566795349121e+00,-3.969492018222808838e-01,0.000000000000000000e+00
-5.317038893699645996e-01,-2.173415198922157288e-02,7.588242292404174805e-01,-2.497004717588424683e-02,-1.039091795682907104e-01,6.487848758697509766e-01,-7.534305453300476074e-01,-3.176168203353881836e-01,-2.239794433116912842e-01,-3.117879927158355713e-01,6.196127533912658691e-01,-4.822328984737396240e-01,1.039418727159500122e-01,-7.107501029968261719e-01,-1.871592402458190918e-01,1.101702228188514709e-01,9.073677062988281250e-01,-1.035837680101394653e-01,1.119647622108459473e-01,-1.874682754278182983e-01,1.311685144901275635e-01,2.783517837524414062e-01,3.004342131316661835e-02,-2.036052703857421875e+00,4.820218980312347412e-01,5.204616189002990723e-01,-3.752513825893402100e-01,2.070275507867336273e-02,-1.779237031936645508e+00,-3.992239534854888916e-01,0.000000000000000000e+00
-5.332863330841064453e-01,-5.984589084982872009e-02,7.752591371536254883e-01,-1.628214307129383087e-02,-1.005485281348228455e-01,6.183125376701354980e-01,-7.793038487434387207e-01,-2.019360065460205078e-01,-1.791997998952865601e-01,-3.312628567218780518e-01,5.326916575431823730e-01,-3.980332016944885254e-01,5.224717408418655396e-02,-6.440007686614990234e-01,-1.624027639627456665e-01,1.123468056321144104e-01,6.696294546127319336e-01,-1.101913079619407654e-01,1.160784065723419189e-01,-2.600999772548675537e-01,1.294228285551071167e-01,2.997737526893615723e-01,6.101145222783088684e-02,-2.110523700714111328e+00,5.009806156158447266e-01,5.890926718711853027e-01,-3.752526640892028809e-01,3.576090559363365173e-03,-1.831647515296936035e+00,-4.087538719177246094e-01,0.000000000000000000e+00
-5.332612991333007812e-01,-9.820625931024551392e-02,7.901927828788757324e-01,-7.559059187769889832e-03,-9.814484417438507080e-02,5.905478596687316895e-01,-8.009766936302185059e-01,-1.323967725038528442e-01,-1.338266432285308838e-01,-3.142411410808563232e-01,5.212751626968383789e-01,-2.988088428974151611e-01,8.277164772152900696e-03,-5.743539929389953613e-01,-1.187204495072364807e-01,1.873364299535751343e-01,4.580116271972656250e-01,-6.559042632579803467e-02,1.448626667261123657e-01,-3.083212077617645264e-01,1.374242603778839111e-01,3.221217095851898193e-01,7.699782401323318481e-02,-2.153820037841796875e+00,4.694987535476684570e-01,6.357707977294921875e-01,-3.705630302429199219e-01,-1.051203347742557526e-02,-1.859017014503479004e+00,-3.967419862747192383e-01,0.000000000000000000e+00
-5.325065255165100098e-01,-1.364305913448333740e-01,7.995791435241699219e-01,-1.650148304179310799e-03,-9.605459123849868774e-02,5.731812119483947754e-01,-8.137776851654052734e-01,-1.237283423542976379e-01,-9.945465624332427979e-02,-2.643349766731262207e-01,6.021710038185119629e-01,-2.278486490249633789e-01,-8.984136395156383514e-03,-5.324905514717102051e-01,-6.910057365894317627e-02,3.142198324203491211e-01,3.219095468521118164e-01,-2.174152247607707977e-02,1.928160637617111206e-01,-3.190195858478546143e-01,1.552927643060684204e-01,3.337687551975250244e-01,8.089498430490493774e-02,-2.158898115158081055e+00,4.388785064220428467e-01,6.432687640190124512e-01,-3.581068515777587891e-01,-1.957288943231105804e-02,-1.859731197357177734e+00,-3.927651643753051758e-01,0.000000000000000000e+00
-5.317921638488769531e-01,-1.722277700901031494e-01,7.996940612792968750e-01,3.816813230514526367e-03,-9.139559417963027954e-02,5.604715943336486816e-01,-8.231062293052673340e-01,-1.799983233213424683e-01,-9.380392730236053467e-02,-2.511202991008758545e-01,7.940567135810852051e-01,-1.832788139581680298e-01,1.920664310455322266e-02,-5.074403285980224609e-01,-3.335167467594146729e-02,3.915070295333862305e-01,2.825241982936859131e-01,4.901538137346506119e-03,2.018708586692810059e-01,-3.064748048782348633e-01,1.851758509874343872e-01,3.406563997268676758e-01,7.536897808313369751e-02,-2.119741916656494141e+00,4.514892697334289551e-01,6.263096332550048828e-01,-3.622052669525146484e-01,-1.790873147547245026e-02,-1.850961208343505859e+00,-3.997475802898406982e-01,0.000000000000000000e+00
-5.302014946937561035e-01,-2.055127918720245361e-01,7.889487743377685547e-01,3.654734464362263680e-03,-8.267699182033538818e-02,5.490509271621704102e-01,-8.316815495491027832e-01,-2.697070240974426270e-01,-1.119754537940025330e-01,-2.441519945859909058e-01,1.030006885528564453e+00,-1.918708980083465576e-01,8.004767447710037231e-02,-5.028961896896362305e-01,-2.049849927425384521e-02,4.198851287364959717e-01,3.547811508178710938e-01,6.970146298408508301e-02,1.864896267652511597e-01,-2.844569683074951172e-01,2.141732871532440186e-01,3.197531104087829590e-01,5.689784511923789978e-02,-2.056036710739135742e+00,4.757173657417297363e-01,5.963122248649597168e-01,-3.834404051303863525e-01,-1.616391912102699280e-02,-1.842884898185729980e+00,-4.023571610450744629e-01,0.000000000000000000e+00
-5.296139121055603027e-01,-2.373093664646148682e-01,7.693492770195007324e-01,2.596773440018296242e-03,-7.742106169462203979e-02,5.392601490020751953e-01,-8.385688662528991699e-01,-3.714656829833984375e-01,-9.650032967329025269e-02,-2.056948393583297729e-01,1.242698431015014648e+00,-2.583224475383758545e-01,1.322304308414459229e-01,-5.325810909271240234e-01,-1.243094541132450104e-02,3.831361234188079834e-01,5.109573006629943848e-01,-1.474195253103971481e-02,1.573908179998397827e-01,-2.420115172863006592e-01,2.435767948627471924e-01,3.070551156997680664e-01,3.376838192343711853e-02,-1.991702795028686523e+00,4.691395461559295654e-01,5.569621920585632324e-01,-4.094987809658050537e-01,-1.315568480640649796e-02,-1.830906987190246582e+00,-4.141044020652770996e-01,0.000000000000000000e+00
-5.278427600860595703e-01,-2.645179033279418945e-01,7.487861514091491699e-01,-3.346037352457642555e-03,-8.285194635391235352e-02,5.333855152130126953e-01,-8.417982459068298340e-01,-5.017704963684082031e-01,-8.375841379165649414e-02,-1.741004437208175659e-01,1.407740235328674316e+00,-3.370369970798492432e-01,1.644926071166992188e-01,-5.952359437942504883e-01,9.181279689073562622e-03,3.582120835781097412e-01,6.830224394798278809e-01,-1.396747976541519165e-01,1.553499102592468262e-01,-1.706696003675460815e-01,2.447836250066757202e-01,3.090118169784545898e-01,6.267620250582695007e-03,-1.917312383651733398e+00,4.219240844249725342e-01,4.884324967861175537e-01,-4.410133659839630127e-01,2.492842497304081917e-03,-1.796089172363281250e+00,-3.984563648700714111e-01,0.000000000000000000e+00
-5.208660960197448730e-01,-2.903113067150115967e-01,7.347713708877563477e-01,-1.261201035231351852e-02,-9.094983339309692383e-02,5.229972004890441895e-01,-8.473742008209228516e-01,-6.444867849349975586e-01,-9.381908923387527466e-02,-1.555691361427307129e-01,1.510872483253479004e+00,-3.842815160751342773e-01,2.049126923084259033e-01,-6.244527101516723633e-01,-1.466568093746900558e-03,3.148221075534820557e-01,7.810940742492675781e-01,-2.286752462387084961e-01,1.904031038284301758e-01,-9.008160233497619629e-02,2.485267370939254761e-01,2.803907692432403564e-01,-1.305707264691591263e-02,-1.825174212455749512e+00,4.358011782169342041e-01,4.129795134067535400e-01,-4.740724563598632812e-01,2.379751391708850861e-02,-1.756954073905944824e+00,-2.991412878036499023e-01,0.000000000000000000e+00
-5.109485387802124023e-01,-3.175883591175079346e-01,7.318396568298339844e-01,-1.628373190760612488e-02,-9.431179612874984741e-02,5.125868320465087891e-01,-8.532847762107849121e-01,-7.475087046623229980e-01,-8.631690591573715210e-02,-1.274125128984451294e-01,1.515387773513793945e+00,-4.089746177196502686e-01,2.399222999811172485e-01,-5.987821817398071289e-01,-1.844814047217369080e-02,2.817822694778442383e-01,8.102450966835021973e-01,-2.782799601554870605e-01,1.144504472613334656e-01,-3.652111627161502838e-03,3.029590249061584473e-01,2.485280632972717285e-01,-6.148984655737876892e-03,-1.799876213073730469e+00,5.053920149803161621e-01,3.557451963424682617e-01,-4.721386730670928955e-01,5.592681467533111572e-02,-1.768592715263366699e+00,-3.294168114662170410e-01,0.000000000000000000e+00
-4.978292286396026611e-01,-3.440814614295959473e-01,7.358073592185974121e-01,-1.742680743336677551e-02,-9.845489263534545898e-02,4.959029853343963623e-01,-8.626025319099426270e-01,-8.154608011245727539e-01,-7.243793457746505737e-02,-9.217940270900726318e-02,1.432235240936279297e+00,-4.319163560867309570e-01,2.532858848571777344e-01,-5.277638435363769531e-01,-4.544206336140632629e-02,2.185301482677459717e-01,7.687940597534179688e-01,-2.969517111778259277e-01,1.220138967037200928e-01,7.955708354711532593e-02,3.594399988651275635e-01,2.597682774066925049e-01,-1.359082409180700779e-03,-1.852773189544677734e+00,5.269072055816650391e-01,3.124351203441619873e-01,-4.542171657085418701e-01,5.836294218897819519e-02,-1.843299865722656250e+00,-3.801300525665283203e-01,0.000000000000000000e+00
-4.796460866928100586e-01,-3.721142411231994629e-01,7.468074560165405273e-01,-1.452071033418178558e-02,-9.785186499357223511e-02,4.748199880123138428e-01,-8.745056390762329102e-01,-8.186374306678771973e-01,-6.192719563841819763e-02,-4.921001940965652466e-02,1.260762929916381836e+00,-4.338436722755432129e-01,2.530731856822967529e-01,-4.071970283985137939e-01,-7.531958818435668945e-02,1.316462010145187378e-01,6.752182245254516602e-01,-2.694481611251831055e-01,1.072183176875114441e-01,1.508689522743225098e-01,4.400164484977722168e-01,2.966555356979370117e-01,1.635226793587207794e-02,-1.916880130767822266e+00,5.511256456375122070e-01,2.989880442619323730e-01,-4.527990520000457764e-01,1.954540237784385681e-02,-1.950313568115234375e+00,-3.815523982048034668e-01,0.000000000000000000e+00
-4.577898085117340088e-01,-3.987132012844085693e-01,7.613912224769592285e-01,-9.477886371314525604e-03,-9.396871924400329590e-02,4.508534669876098633e-01,-8.875873088836669922e-01,-7.636043429374694824e-01,-7.204059511423110962e-02,-9.792677126824855804e-03,1.014016628265380859e+00,-4.273089766502380371e-01,2.228858321905136108e-01,-2.748636603355407715e-01,-9.832053631544113159e-02,3.656666725873947144e-02,5.738002657890319824e-01,-1.960867047309875488e-01,9.945337474346160889e-02,2.040978521108627319e-01,5.163217186927795410e-01,3.185112178325653076e-01,4.114633053541183472e-02,-1.956875562667846680e+00,5.794829726219177246e-01,2.966757714748382568e-01,-4.497585892677307129e-01,4.107638262212276459e-03,-2.039717912673950195e+00,-3.812045156955718994e-01,0.000000000000000000e+00
-4.336853921413421631e-01,-4.238957464694976807e-01,7.761841416358947754e-01,-3.022433957085013390e-03,-9.027888625860214233e-02,4.231938123703002930e-01,-9.015251398086547852e-01,-6.635509133338928223e-01,-9.045638144016265869e-02,4.111363366246223450e-02,7.178744673728942871e-01,-4.092727303504943848e-01,1.611582040786743164e-01,-1.715544313192367554e-01,-1.018676012754440308e-01,-3.670765087008476257e-02,5.229439139366149902e-01,-5.780680477619171143e-02,1.074275746941566467e-01,2.325289100408554077e-01,5.749624967575073242e-01,3.252022564411163330e-01,7.448403537273406982e-02,-1.955483675003051758e+00,5.886751413345336914e-01,2.912093698978424072e-01,-4.435071349143981934e-01,-8.090768940746784210e-03,-2.091716289520263672e+00,-3.355885148048400879e-01,0.000000000000000000e+00
-4.093395173549652100e-01,-4.484731256961822510e-01,7.875144481658935547e-01,4.592310637235641479e-03,-8.745807409286499023e-02,3.944249153137207031e-01,-9.147453308105468750e-01,-5.588640570640563965e-01,-1.140985041856765747e-01,9.489993751049041748e-02,4.651835262775421143e-01,-3.484102487564086914e-01,1.109400913119316101e-01,-1.230971589684486389e-01,-9.888542443513870239e-02,-8.362634479999542236e-02,5.535209774971008301e-01,7.737863808870315552e-02,1.175874695181846619e-01,2.432295680046081543e-01,6.055210828781127930e-01,3.424169719219207764e-01,9.023471921682357788e-02,-1.931628823280334473e+00,5.694265365600585938e-01,2.893741428852081299e-01,-4.413261413574218750e-01,-1.247284933924674988e-02,-2.113341808319091797e+00,-2.937697172164916992e-01,0.000000000000000000e+00
-3.846665620803833008e-01,-4.702791869640350342e-01,7.917215824127197266e-01,7.720679044723510742e-03,-8.296281844377517700e-02,3.643109500408172607e-01,-9.275425076484680176e-01,-4.910197556018829346e-01,-1.347040981054306030e-01,1.500330865383148193e-01,3.842647075653076172e-01,-2.902620434761047363e-01,1.581801176071166992e-01,-1.442337185144424438e-01,-1.129670664668083191e-01,-9.412860125303268433e-02,6.909896135330200195e-01,1.808421015739440918e-01,1.365373730659484863e-01,2.347267866134643555e-01,6.125223040580749512e-01,3.492627143859863281e-01,8.843261748552322388e-02,-1.898295879364013672e+00,5.240916013717651367e-01,2.935317158699035645e-01,-4.383518993854522705e-01,-2.164502628147602081e-03,-2.094590902328491211e+00,-3.405301272869110107e-01,0.000000000000000000e+00
-3.601613640785217285e-01,-4.929445385932922363e-01,7.856610417366027832e-01,1.303155347704887390e-02,-7.754814624786376953e-02,3.341273069381713867e-01,-9.392419457435607910e-01,-4.402858018875122070e-01,-1.454833894968032837e-01,1.360490918159484863e-01,4.131863713264465332e-01,-3.064189553260803223e-01,1.897242367267608643e-01,-1.961561441421508789e-01,-1.124217584729194641e-01,-6.047076359391212463e-02,8.699207305908203125e-01,2.163434922695159912e-01,1.732208430767059326e-01,2.153720855712890625e-01,6.015316843986511230e-01,3.484436273574829102e-01,8.352327346801757812e-02,-1.864275336265563965e+00,4.765016734600067139e-01,3.068248033523559570e-01,-4.397288262844085693e-01,3.664966905489563942e-03,-2.056789875030517578e+00,-3.524698317050933838e-01,0.000000000000000000e+00
-3.373987674713134766e-01,-5.166434049606323242e-01,7.719475626945495605e-01,2.276580221951007843e-02,-7.362567633390426636e-02,3.016213774681091309e-01,-9.503081440925598145e-01,-4.261128604412078857e-01,-1.520664989948272705e-01,3.740711882710456848e-02,5.044056773185729980e-01,-4.086988270282745361e-01,1.855994164943695068e-01,-2.573858201503753662e-01,-1.219893991947174072e-01,-4.288422688841819763e-02,1.039628028869628906e+00,1.421926170587539673e-01,1.492973268032073975e-01,1.856037974357604980e-01,5.737141370773315430e-01,3.565853834152221680e-01,6.980333477258682251e-02,-1.838926911354064941e+00,4.730225801467895508e-01,3.242042958736419678e-01,-4.424173235893249512e-01,8.938196115195751190e-03,-1.999974846839904785e+00,-3.348509669303894043e-01,0.000000000000000000e+00
-3.177940249443054199e-01,-5.337712764739990234e-01,7.553365230560302734e-01,2.653487585484981537e-02,-8.084610849618911743e-02,2.739024162292480469e-01,-9.579860568046569824e-01,-4.637512564659118652e-01,-1.653773188591003418e-01,-3.693711385130882263e-02,6.266260743141174316e-01,-5.059262514114379883e-01,1.895530670881271362e-01,-3.874730169773101807e-01,-1.460934728384017944e-01,1.062388624995946884e-02,1.197004914283752441e+00,4.926101863384246826e-02,9.028942883014678955e-02,1.509646624326705933e-01,5.029206871986389160e-01,3.376593589782714844e-01,5.178147554397583008e-02,-1.812235832214355469e+00,4.378544688224792480e-01,3.212255239486694336e-01,-4.457794129848480225e-01,2.086330018937587738e-02,-1.903314352035522461e+00,-3.312529623508453369e-01,0.000000000000000000e+00
-2.999320924282073975e-01,-5.543697476387023926e-01,7.501036524772644043e-01,3.600006550550460815e-02,-8.863686770200729370e-02,2.390289306640625000e-01,-9.662880897521972656e-01,-4.673789739608764648e-01,-1.524610817432403564e-01,-8.534304797649383545e-02,6.901478171348571777e-01,-5.475462079048156738e-01,1.549320966005325317e-01,-4.993508458137512207e-01,-1.293041855096817017e-01,4.969024285674095154e-02,1.251042246818542480e+00,1.061789691448211670e-02,6.933181732892990112e-02,9.386416524648666382e-02,4.162498712539672852e-01,3.297206759452819824e-01,4.277462139725685120e-02,-1.788470864295959473e+00,4.685916602611541748e-01,3.220310211181640625e-01,-3.907179534435272217e-01,3.896070644259452820e-02,-1.760467171669006348e+00,-2.991023659706115723e-01,0.000000000000000000e+00
-2.778351008892059326e-01,-5.709393024444580078e-01,7.491799592971801758e-01,3.639158606529235840e-02,-9.778995066881179810e-02,1.956695467233657837e-01,-9.751031994819641113e-01,-4.466384351253509521e-01,-1.698125153779983521e-01,-1.566357910633087158e-01,7.024583220481872559e-01,-5.631289482116699219e-01,1.493920087814331055e-01,-6.085621714591979980e-01,-1.224779486656188965e-01,8.722172677516937256e-02,1.235260009765625000e+00,-3.522781655192375183e-02,8.285275101661682129e-02,1.713745296001434326e-02,3.090725243091583252e-01,3.228107988834381104e-01,1.207984238862991333e-02,-1.834364891052246094e+00,5.159643292427062988e-01,3.453816473484039307e-01,-3.691849410533905029e-01,2.681966871023178101e-02,-1.705568552017211914e+00,-3.178512752056121826e-01,0.000000000000000000e+00
-2.511414885520935059e-01,-5.871489048004150391e-01,7.551264166831970215e-01,3.598305210471153259e-02,-1.044562458992004395e-01,1.438408046960830688e-01,-9.834144115447998047e-01,-3.840228021144866943e-01,-1.734784990549087524e-01,-2.254761457443237305e-01,6.442612409591674805e-01,-5.407766103744506836e-01,1.000857651233673096e-01,-6.713416576385498047e-01,-1.220258027315139771e-01,1.002992391586303711e-01,1.135975837707519531e+00,-5.701472237706184387e-02,1.002031713724136353e-01,-7.650493830442428589e-02,2.063329964876174927e-01,3.430179953575134277e-01,-6.615579593926668167e-03,-1.945311903953552246e+00,5.077734589576721191e-01,3.974665403366088867e-01,-3.678637742996215820e-01,1.225250959396362305e-02,-1.755197644233703613e+00,-3.993819355964660645e-01,0.000000000000000000e+00
-2.191317379474639893e-01,-5.990613102912902832e-01,7.646808028221130371e-01,2.981869131326675415e-02,-1.048465445637702942e-01,9.446552395820617676e-02,-9.895424842834472656e-01,-2.843300700187683105e-01,-1.834847033023834229e-01,-3.006071448326110840e-01,5.484213232994079590e-01,-4.873566031455993652e-01,8.547415584325790405e-02,-6.989610791206359863e-01,-1.616503596305847168e-01,8.778839558362960815e-02,9.902905225753784180e-01,-9.994122385978698730e-02,1.107793673872947693e-01,-1.729216724634170532e-01,1.407128125429153442e-01,3.509767055511474609e-01,8.942577987909317017e-03,-2.052354097366333008e+00,5.076449513435363770e-01,4.573763906955718994e-01,-3.839815855026245117e-01,2.420693403109908104e-03,-1.821941256523132324e+00,-4.617620706558227539e-01,0.000000000000000000e+00
-1.848828941583633423e-01,-6.137245297431945801e-01,7.793582081794738770e-01,3.027719631791114807e-02,-9.675034135580062866e-02,4.894693940877914429e-02,-9.936432242393493652e-01,-1.625747680664062500e-01,-1.477394104003906250e-01,-3.205116093158721924e-01,4.443871378898620605e-01,-3.804143667221069336e-01,3.085983172059059143e-02,-6.573907136917114258e-01,-1.692247241735458374e-01,6.428200751543045044e-02,7.855730056762695312e-01,-1.212072744965553284e-01,1.083939522504806519e-01,-2.588683068752288818e-01,1.250084191560745239e-01,3.663581609725952148e-01,4.051057621836662292e-02,-2.140676975250244141e+00,5.306376218795776367e-01,5.286440849304199219e-01,-3.950106501579284668e-01,-1.731158234179019928e-02,-1.886513471603393555e+00,-4.816882610321044922e-01,0.000000000000000000e+00
-1.502122282981872559e-01,-6.267699003219604492e-01,7.933350205421447754e-01,3.126386180520057678e-02,-9.081657230854034424e-02,1.188426278531551361e-02,-9.953058362007141113e-01,-8.693346381187438965e-02,-1.078426241874694824e-01,-2.880601882934570312e-01,4.135147929191589355e-01,-2.874781191349029541e-01,-1.347880251705646515e-02,-6.107065677642822266e-01,-1.515306830406188965e-01,8.588916808366775513e-02,5.768963098526000977e-01,-1.070794016122817993e-01,1.177582740783691406e-01,-3.102376759052276611e-01,1.143901795148849487e-01,3.712080121040344238e-01,7.057400047779083252e-02,-2.193409681320190430e+00,5.358408093452453613e-01,5.746591091156005859e-01,-3.995612263679504395e-01,-1.682563126087188721e-02,-1.911403417587280273e+00,-4.878010153770446777e-01,0.000000000000000000e+00
-1.149537712335586548e-01,-6.387160420417785645e-01,8.028377294540405273e-01,3.497147932648658752e-02,-8.449087291955947876e-02,-1.036336831748485565e-02,-9.957564473152160645e-01,-4.883525520563125610e-02,-6.710572540760040283e-02,-2.142464965581893921e-01,4.534108638763427734e-01,-2.214981317520141602e-01,-4.459674656391143799e-02,-5.633694529533386230e-01,-1.098838821053504944e-01,1.544634550809860229e-01,4.006017446517944336e-01,-8.403242379426956177e-02,1.479025334119796753e-01,-3.131899833679199219e-01,1.201465651392936707e-01,3.719248771667480469e-01,1.060547828674316406e-01,-2.193668842315673828e+00,5.267222523689270020e-01,5.952789783477783203e-01,-3.885704874992370605e-01,-1.668001338839530945e-02,-1.907538175582885742e+00,-4.814456701278686523e-01,0.000000000000000000e+00
-8.059100061655044556e-02,-6.501164436340332031e-01,8.042823672294616699e-01,3.531320765614509583e-02,-7.479193061590194702e-02,-2.421258017420768738e-02,-9.962795376777648926e-01,-7.549940049648284912e-02,-5.398713797330856323e-02,-1.664723604917526245e-01,6.156649589538574219e-01,-1.946071684360504150e-01,-2.585692144930362701e-02,-5.253134369850158691e-01,-7.233927398920059204e-02,2.645228505134582520e-01,3.221304714679718018e-01,-5.636551603674888611e-02,1.786341071128845215e-01,-2.902796864509582520e-01,1.581869572401046753e-01,3.533959388732910156e-01,1.037489548325538635e-01,-2.173974275588989258e+00,4.801717102527618408e-01,5.957809686660766602e-01,-3.608016669750213623e-01,4.079629201442003250e-03,-1.891648411750793457e+00,-4.386647641658782959e-01,0.000000000000000000e+00
-4.736779257655143738e-02,-6.610381007194519043e-01,7.943931221961975098e-01,2.880395203828811646e-02,-6.533824652433395386e-02,-3.771819546818733215e-02,-9.967339634895324707e-01,-1.678433269262313843e-01,-5.987783521413803101e-02,-1.450438797473907471e-01,8.781426548957824707e-01,-1.986768990755081177e-01,4.311633855104446411e-02,-4.943194687366485596e-01,-4.664827883243560791e-02,3.534549474716186523e-01,3.502283990383148193e-01,2.037009596824645996e-02,1.922829300165176392e-01,-2.575184702873229980e-01,1.937405019998550415e-01,3.320065140724182129e-01,1.001787781715393066e-01,-2.117995738983154297e+00,4.837033152580261230e-01,5.754724740982055664e-01,-3.710859119892120361e-01,1.313570979982614517e-02,-1.870031237602233887e+00,-4.287492036819458008e-01,0.000000000000000000e+00
-1.727755554020404816e-02,-6.710666418075561523e-01,7.768626213073730469e-01,2.458017133176326752e-02,-5.877536907792091370e-02,-5.116479843854904175e-02,-9.966561198234558105e-01,-2.755391895771026611e-01,-5.074889585375785828e-02,-1.320459842681884766e-01,1.127635121345520020e+00,-2.522894442081451416e-01,9.706791490316390991e-02,-5.079655647277832031e-01,-4.273175820708274841e-02,3.267126977443695068e-01,4.906835854053497314e-01,-4.316616058349609375e-02,1.513082385063171387e-01,-2.111127525568008423e-01,2.284984737634658813e-01,3.329867422580718994e-01,8.045548945665359497e-02,-2.071497917175292969e+00,4.928028583526611328e-01,5.480003356933593750e-01,-3.982166647911071777e-01,1.186105329543352127e-02,-1.845091938972473145e+00,-4.309053421020507812e-01,0.000000000000000000e+00
8.811997249722480774e-03,-6.788471341133117676e-01,7.583416104316711426e-01,2.227233909070491791e-02,-6.166313961148262024e-02,-6.273397803306579590e-02,-9.958745241165161133e-01,-4.045345485210418701e-01,-3.043876960873603821e-02,-1.070754751563072205e-01,1.317850112915039062e+00,-3.435587882995605469e-01,1.516558974981307983e-01,-5.479143261909484863e-01,-3.229440376162528992e-02,3.048328757286071777e-01,6.422331333160400391e-01,-1.678340286016464233e-01,1.499732285737991333e-01,-1.496242880821228027e-01,2.477073967456817627e-01,3.420285880565643311e-01,4.892995953559875488e-02,-2.008180856704711914e+00,4.324003756046295166e-01,4.997415840625762939e-01,-4.224588572978973389e-01,1.306595932692289352e-02,-1.803780317306518555e+00,-4.179948568344116211e-01,0.000000000000000000e+00
3.370912373065948486e-02,-6.824547648429870605e-01,7.447313666343688965e-01,1.923306286334991455e-02,-7.347074151039123535e-02,-7.664888352155685425e-02,-9.941614866256713867e-01,-5.632177591323852539e-01,-3.413251787424087524e-02,-9.602024406194686890e-02,1.449469089508056641e+00,-3.833506703376770020e-01,2.152260541915893555e-01,-5.822246670722961426e-01,-4.207401350140571594e-02,2.594556510448455811e-01,7.458876371383666992e-01,-2.485947608947753906e-01,1.798449903726577759e-01,-8.948738127946853638e-02,2.506571710109710693e-01,3.278763592243194580e-01,2.695520035922527313e-02,-1.910655021667480469e+00,4.474578201770782471e-01,4.138393104076385498e-01,-4.598020017147064209e-01,3.608871251344680786e-02,-1.747177004814147949e+00,-3.813202679157257080e-01,0.000000000000000000e+00
6.174671649932861328e-02,-6.840863227844238281e-01,7.409514188766479492e-01,1.575393788516521454e-02,-7.897987961769104004e-02,-8.837223052978515625e-02,-9.928264617919921875e-01,-6.769234538078308105e-01,-4.729032143950462341e-02,-7.775032520294189453e-02,1.478517651557922363e+00,-4.090944528579711914e-01,2.564680874347686768e-01,-5.576745271682739258e-01,-5.770586058497428894e-02,2.302440553903579712e-01,7.742072939872741699e-01,-2.930939495563507080e-01,1.326216906309127808e-01,-2.164533734321594238e-02,2.843713164329528809e-01,3.171776831150054932e-01,-6.049134768545627594e-03,-1.854131698608398438e+00,4.867912530899047852e-01,3.458216488361358643e-01,-4.777331352233886719e-01,4.938464611768722534e-02,-1.746261239051818848e+00,-3.603833913803100586e-01,0.000000000000000000e+00
9.333297610282897949e-02,-6.860142946243286133e-01,7.471194863319396973e-01,1.993746683001518250e-02,-7.732823491096496582e-02,-9.493318945169448853e-02,-9.922754168510437012e-01,-7.262971401214599609e-01,-3.316401690244674683e-02,-4.449883103370666504e-02,1.399166584014892578e+00,-4.387037754058837891e-01,2.427026331424713135e-01,-4.728586673736572266e-01,-5.591611564159393311e-02,1.833964437246322632e-01,7.262308001518249512e-01,-3.072514235973358154e-01,1.210464909672737122e-01,5.913814902305603027e-02,3.403426408767700195e-01,3.499006927013397217e-01,-7.868874818086624146e-03,-1.881961703300476074e+00,4.726026952266693115e-01,2.951692640781402588e-01,-4.692778587341308594e-01,5.462003126740455627e-02,-1.823398709297180176e+00,-3.216466307640075684e-01,0.000000000000000000e+00
1.242712140083312988e-01,-6.805471777915954590e-01,7.568135857582092285e-01,2.001097239553928375e-02,-7.523238658905029297e-02,-9.978623688220977783e-02,-9.919588565826416016e-01,-7.424666285514831543e-01,-3.912061452865600586e-02,-3.141806228086352348e-03,1.253928184509277344e+00,-4.456410408020019531e-01,2.507714629173278809e-01,-3.713580965995788574e-01,-7.168456166982650757e-02,1.375028043985366821e-01,6.421658396720886230e-01,-2.774505913257598877e-01,1.160108447074890137e-01,1.398534178733825684e-01,4.046439230442047119e-01,3.791251480579376221e-01,5.668746307492256165e-03,-1.916992425918579102e+00,4.912248253822326660e-01,2.557623386383056641e-01,-4.493959248065948486e-01,-6.065614987164735794e-03,-1.907294988632202148e+00,-3.159856796264648438e-01,0.000000000000000000e+00
1.567774862051010132e-01,-6.692309975624084473e-01,7.679292559623718262e-01,1.515617407858371735e-02,-7.510674744844436646e-02,-1.115201041102409363e-01,-9.908039569854736328e-01,-7.143080830574035645e-01,-9.063813090324401855e-02,-3.064964548684656620e-04,1.026178717613220215e+00,-4.538189470767974854e-01,2.483555823564529419e-01,-2.715041041374206543e-01,-1.044614613056182861e-01,7.482554763555526733e-02,5.636547803878784180e-01,-2.166134566068649292e-01,1.272584795951843262e-01,1.933197379112243652e-01,4.636318981647491455e-01,3.736625909805297852e-01,1.795669086277484894e-02,-1.936834335327148438e+00,5.527641177177429199e-01,2.284969389438629150e-01,-4.491172134876251221e-01,-1.900856941938400269e-02,-1.999755263328552246e+00,-3.491156697273254395e-01,0.000000000000000000e+00
1.894151866436004639e-01,-6.606450080871582031e-01,7.838259935379028320e-01,1.603747718036174774e-02,-6.614493578672409058e-02,-1.265647560358047485e-01,-9.896206259727478027e-01,-6.319264173507690430e-01,-8.600021153688430786e-02,7.651115953922271729e-02,7.529777884483337402e-01,-4.079206287860870361e-01,1.721660643815994263e-01,-1.658477187156677246e-01,-1.107921823859214783e-01,5.695770028978586197e-03,5.070233941078186035e-01,-9.271010756492614746e-02,1.235808134078979492e-01,2.306798100471496582e-01,5.307077765464782715e-01,3.693466186523437500e-01,4.667454585433006287e-02,-1.942008256912231445e+00,5.435975193977355957e-01,2.263730466365814209e-01,-4.301417171955108643e-01,-4.466228559613227844e-02,-2.063245058059692383e+00,-3.248592913150787354e-01,0.000000000000000000e+00
2.226698696613311768e-01,-6.493014097213745117e-01,7.950403094291687012e-01,1.791709475219249725e-02,-6.199848279356956482e-02,-1.469884067773818970e-01,-9.870306849479675293e-01,-5.496845245361328125e-01,-1.132116913795471191e-01,1.013340353965759277e-01,4.991525411605834961e-01,-3.822258412837982178e-01,1.252806633710861206e-01,-1.083498597145080566e-01,-1.132860034704208374e-01,-4.100058227777481079e-02,5.147176980972290039e-01,2.695086225867271423e-02,1.370452195405960083e-01,2.412606924772262573e-01,5.699182748794555664e-01,3.717492818832397461e-01,6.864473968744277954e-02,-1.929410696029663086e+00,5.323472023010253906e-01,2.284746319055557251e-01,-4.211562275886535645e-01,-5.641265213489532471e-02,-2.091109514236450195e+00,-2.927420139312744141e-01,0.000000000000000000e+00
2.551379799842834473e-01,-6.391842961311340332e-01,8.006123304367065430e-01,2.069060876965522766e-02,-5.722885578870773315e-02,-1.670877635478973389e-01,-9.840621948242187500e-01,-4.847860932350158691e-01,-1.310390979051589966e-01,1.141495332121849060e-01,3.342702686786651611e-01,-3.346059918403625488e-01,1.085010915994644165e-01,-1.121197342872619629e-01,-1.149006336927413940e-01,-6.301176548004150391e-02,6.190190315246582031e-01,1.225721612572669983e-01,1.507556587457656860e-01,2.379890680313110352e-01,5.835060477256774902e-01,3.740648329257965088e-01,7.805512100458145142e-02,-1.905515909194946289e+00,5.017617940902709961e-01,2.414370924234390259e-01,-4.088651835918426514e-01,-4.890867322683334351e-02,-2.077898263931274414e+00,-3.012050390243530273e-01,0.000000000000000000e+00
2.869543731212615967e-01,-6.282215714454650879e-01,7.974689602851867676e-01,2.191116288304328918e-02,-4.769333079457283020e-02,-1.874966472387313843e-01,-9.808620214462280273e-01,-4.368897378444671631e-01,-1.469036042690277100e-01,9.981895983219146729e-02,2.949505448341369629e-01,-2.395586520433425903e-01,1.267766207456588745e-01,-1.544731408357620239e-01,-1.116605699062347412e-01,-3.656914457678794861e-02,7.896016836166381836e-01,1.908672600984573364e-01,1.659519076347351074e-01,2.192901223897933960e-01,5.847404003143310547e-01,3.541974723339080811e-01,7.229235023260116577e-02,-1.871840953826904297e+00,4.924278855323791504e-01,2.591992020606994629e-01,-3.914295434951782227e-01,-2.415300346910953522e-02,-2.038977146148681641e+00,-3.322977423667907715e-01,0.000000000000000000e+00
3.177764713764190674e-01,-6.177863478660583496e-01,7.852591872215270996e-01,2.378518879413604736e-02,-3.476391360163688660e-02,-2.067859619855880737e-01,-9.774790406227111816e-01,-4.082164764404296875e-01,-1.559977233409881592e-01,4.575277492403984070e-02,3.676062822341918945e-01,-2.607575356960296631e-01,1.565456688404083252e-01,-2.124189287424087524e-01,-1.147193610668182373e-01,-8.427596651017665863e-03,9.800209403038024902e-01,1.821723431348800659e-01,1.616672128438949585e-01,1.944647729396820068e-01,5.725808739662170410e-01,3.520967364311218262e-01,5.881712213158607483e-02,-1.845427155494689941e+00,4.669881463050842285e-01,2.867496013641357422e-01,-3.722038269042968750e-01,-7.022134959697723389e-03,-1.969997763633728027e+00,-3.259901702404022217e-01,0.000000000000000000e+00
3.456883728504180908e-01,-6.078754663467407227e-01,7.683652043342590332e-01,2.756747789680957794e-02,-2.821739949285984039e-02,-2.274900674819946289e-01,-9.729810357093811035e-01,-4.232923090457916260e-01,-1.638502478599548340e-01,-2.111511863768100739e-02,4.968493580818176270e-01,-3.869515061378479004e-01,1.790890991687774658e-01,-2.979396283626556396e-01,-1.297138780355453491e-01,1.888293959200382233e-02,1.146643161773681641e+00,9.379810839891433716e-02,1.302242577075958252e-01,1.572614312171936035e-01,5.327419042587280273e-01,3.353338539600372314e-01,3.370347991585731506e-02,-1.810931086540222168e+00,4.696416854858398438e-01,3.105478584766387939e-01,-3.862011134624481201e-01,2.972893230617046356e-02,-1.884807229042053223e+00,-3.088788986206054688e-01,0.000000000000000000e+00
3.693520426750183105e-01,-5.988106131553649902e-01,7.564941644668579102e-01,3.233194351196289062e-02,-3.112181648612022400e-02,-2.590191960334777832e-01,-9.648290872573852539e-01,-4.604354202747344971e-01,-1.814185082912445068e-01,-6.883540004491806030e-02,6.234636306762695312e-01,-4.460544884204864502e-01,1.552022695541381836e-01,-4.111572206020355225e-01,-1.467639505863189697e-01,3.826145082712173462e-02,1.254827022552490234e+00,2.084420062601566315e-02,1.231820955872535706e-01,9.385398775339126587e-02,4.487424790859222412e-01,3.155606091022491455e-01,1.218899991363286972e-02,-1.774867177009582520e+00,4.840206503868103027e-01,3.179797828197479248e-01,-3.689939379692077637e-01,4.021057486534118652e-02,-1.770753860473632812e+00,-2.454378455877304077e-01,0.000000000000000000e+00
3.923054039478302002e-01,-5.896093249320983887e-01,7.471981048583984375e-01,3.570007905364036560e-02,-4.026067256927490234e-02,-2.830241620540618896e-01,-9.576021432876586914e-01,-4.954136610031127930e-01,-2.096386253833770752e-01,-1.283454895019531250e-01,7.254798412322998047e-01,-5.059254765510559082e-01,1.993799060583114624e-01,-5.569911003112792969e-01,-1.375381052494049072e-01,1.074244454503059387e-01,1.313621520996093750e+00,-2.793129719793796539e-02,1.300600320100784302e-01,4.260714352130889893e-02,3.351952433586120605e-01,2.994070351123809814e-01,-1.877996325492858887e-02,-1.786021709442138672e+00,4.722840487957000732e-01,3.221829831600189209e-01,-3.625770509243011475e-01,3.497304394841194153e-02,-1.690987467765808105e+00,-2.577569186687469482e-01,0.000000000000000000e+00
4.221335947513580322e-01,-5.799207091331481934e-01,7.459122538566589355e-01,5.107354000210762024e-02,-4.273385554552078247e-02,-3.202472627162933350e-01,-9.449904561042785645e-01,-4.785534143447875977e-01,-1.737270653247833252e-01,-1.329931914806365967e-01,7.519930005073547363e-01,-5.356624722480773926e-01,1.055949181318283081e-01,-6.333839297294616699e-01,-1.209282651543617249e-01,9.051987528800964355e-02,1.260632872581481934e+00,-5.260090157389640808e-02,1.546736359596252441e-01,-3.399517014622688293e-02,2.342796921730041504e-01,3.364011049270629883e-01,-3.230696916580200195e-02,-1.865444898605346680e+00,4.985063076019287109e-01,3.423153460025787354e-01,-3.359871804714202881e-01,4.220223799347877502e-02,-1.688839912414550781e+00,-3.326604068279266357e-01,0.000000000000000000e+00
4.468771517276763916e-01,-5.656054615974426270e-01,7.536835670471191406e-01,5.243678390979766846e-02,-4.369759559631347656e-02,-3.526746034622192383e-01,-9.332531690597534180e-01,-4.070420563220977783e-01,-1.775305420160293579e-01,-1.831496059894561768e-01,6.920048594474792480e-01,-5.098666548728942871e-01,6.442609429359436035e-02,-6.772531270980834961e-01,-1.244387552142143250e-01,9.941823780536651611e-02,1.133426904678344727e+00,-7.444543391466140747e-02,1.363780200481414795e-01,-1.088717356324195862e-01,1.623979806900024414e-01,3.515456914901733398e-01,-2.472053468227386475e-02,-1.963885068893432617e+00,4.998596012592315674e-01,3.849344253540039062e-01,-3.446065783500671387e-01,3.487782552838325500e-02,-1.733521699905395508e+00,-3.669402301311492920e-01,0.000000000000000000e+00
4.722700715065002441e-01,-5.485282540321350098e-01,7.665456533432006836e-01,4.959117621183395386e-02,-4.129545390605926514e-02,-3.904941082000732422e-01,-9.183407425880432129e-01,-3.013566434383392334e-01,-1.762011945247650146e-01,-2.383382618427276611e-01,5.907157659530639648e-01,-4.596922397613525391e-01,3.797953948378562927e-02,-6.631171703338623047e-01,-1.368302255868911743e-01,8.600895106792449951e-02,9.404188990592956543e-01,-1.004023179411888123e-01,1.373910009860992432e-01,-1.998159289360046387e-01,1.280859708786010742e-01,3.646450638771057129e-01,2.075151540338993073e-03,-2.063533306121826172e+00,5.063827037811279297e-01,4.439032375812530518e-01,-3.693255484104156494e-01,2.245684154331684113e-02,-1.795006632804870605e+00,-4.011530280113220215e-01,0.000000000000000000e+00
