1.269609883969410047e-01,-5.113802053394926883e-01,9.200000000000000400e-01,0.000000000000000000e+00,0.000000000000000000e+00,0.000000000000000000e+00,1.000000000000000000e+00,-2.399999999999999911e-01,0.000000000000000000e+00,0.000000000000000000e+00,4.799999999999999822e-01,-2.399999999999999911e-01,0.000000000000000000e+00,-2.399999999999999911e-01,0.000000000000000000e+00,0.000000000000000000e+00,4.799999999999999822e-01,-2.399999999999999911e-01,0.000000000000000000e+00,0.000000000000000000e+00,3.499999999999999778e-01,2.500000000000000000e-01,0.000000000000000000e+00,-6.999999999999999556e-01,0.000000000000000000e+00,3.499999999999999778e-01,-2.500000000000000000e-01,0.000000000000000000e+00,-6.999999999999999556e-01,0.000000000000000000e+00,0.000000000000000000e+00
1.269609883969410047e-01,-5.113802053394926883e-01,9.200000000000000400e-01,0.000000000000000000e+00,0.000000000000000000e+00,0.000000000000000000e+00,1.000000000000000000e+00,-2.399999999999999911e-01,0.000000000000000000e+00,0.000000000000000000e+00,4.799999999999999822e-01,-2.399999999999999911e-01,0.000000000000000000e+00,-2.399999999999999911e-01,0.000000000000000000e+00,0.000000000000000000e+00,4.799999999999999822e-01,-2.399999999999999911e-01,0.000000000000000000e+00,0.000000000000000000e+00,3.499999999999999778e-01,2.500000000000000000e-01,0.000000000000000000e+00,-6.999999999999999556e-01,0.000000000000000000e+00,3.499999999999999778e-01,-2.500000000000000000e-01,0.000000000000000000e+00,-6.999999999999999556e-01,0.000000000000000000e+00,0.000000000000000000e+00
1.269609883969410047e-01,-5.113802053394926883e-01,9.200000000000000400e-01,0.000000000000000000e+00,0.000000000000000000e+00,0.000000000000000000e+00,1.000000000000000000e+00,-2.399999999999999911e-01,0.000000000000000000e+00,0.000000000000000000e+00,4.799999999999999822e-01,-2.399999999999999911e-01,0.000000000000000000e+00,-2.399999999999999911e-01,0.000000000000000000e+00,0.000000000000000000e+00,4.799999999999999822e-01,-2.399999999999999911e-01,0.000000000000000000e+00,0.000000000000000000e+00,3.499999999999999778e-01,2.500000000000000000e-01,0.000000000000000000e+00,-6.999999999999999556e-01,0.000000000000000000e+00,3.499999999999999778e-01,-2.500000000000000000e-01,0.000000000000000000e+00,-6.999999999999999556e-01,0.000000000000000000e+00,0.000000000000000000e+00
1.269609883969410047e-01,-5.113802053394926883e-01,9.200000000000000400e-01,0.000000000000000000e+00,0.000000000000000000e+00,0.000000000000000000e+00,1.000000000000000000e+00,-2.399999999999999911e-01,0.000000000000000000e+00,0.000000000000000000e+00,4.799999999999999822e-01,-2.399999999999999911e-01,0.000000000000000000e+00,-2.399999999999999911e-01,0.000000000000000000e+00,0.000000000000000000e+00,4.799999999999999822e-01,-2.399999999999999911e-01,0.000000000000000000e+00,0.000000000000000000e+00,3.499999999999999778e-01,2.500000000000000000e-01,0.000000000000000000e+00,-6.999999999999999556e-01,0.000000000000000000e+00,3.499999999999999778e-01,-2.500000000000000000e-01,0.000000000000000000e+00,-6.999999999999999556e-01,0.000000000000000000e+00,0.000000000000000000e+00
1.269609883969410047e-01,-5.113802053394926883e-01,9.200000000000000400e-01,0.000000000000000000e+00,0.000000000000000000e+00,0.000000000000000000e+00,1.000000000000000000e+00,-2.399999999999999911e-01,0.000000000000000000e+00,0.000000000000000000e+00,4.799999999999999822e-01,-2.399999999999999911e-01,0.000000000000000000e+00,-2.399999999999999911e-01,0.000000000000000000e+00,0.000000000000000000e+00,4.799999999999999822e-01,-2.399999999999999911e-01,0.000000000000000000e+00,0.000000000000000000e+00,3.499999999999999778e-01,2.500000000000000000e-01,0.000000000000000000e+00,-6.999999999999999556e-01,0.000000000000000000e+00,3.499999999999999778e-01,-2.500000000000000000e-01,0.000000000000000000e+00,-6.999999999999999556e-01,0.000000000000000000e+00,0.000000000000000000e+00
1.269609883969410047e-01,-5.113802053394926883e-01,9.200000000000000400e-01,0.000000000000000000e+00,0.000000000000000000e+00,0.000000000000000000e+00,1.000000000000000000e+00,-2.399999999999999911e-01,0.000000000000000000e+00,0.000000000000000000e+00,4.799999999999999822e-01,-2.399999999999999911e-01,0.000000000000000000e+00,-2.399999999999999911e-01,0.000000000000000000e+00,0.000000000000000000e+00,4.799999999999999822e-01,-2.399999999999999911e-01,0.000000000000000000e+00,0.000000000000000000e+00,3.499999999999999778e-01,2.500000000000000000e-01,0.000000000000000000e+00,-6.999999999999999556e-01,0.000000000000000000e+00,3.499999999999999778e-01,-2.500000000000000000e-01,0.000000000000000000e+00,-6.999999999999999556e-01,0.000000000000000000e+00,0.000000000000000000e+00
1.269609883969410047e-01,-5.113802053394926883e-01,9.200000000000000400e-01,0.000000000000000000e+00,0.000000000000000000e+00,0.000000000000000000e+00,1.000000000000000000e+00,-2.399999999999999911e-01,0.000000000000000000e+00,0.000000000000000000e+00,4.799999999999999822e-01,-2.399999999999999911e-01,0.000000000000000000e+00,-2.399999999999999911e-01,0.000000000000000000e+00,0.000000000000000000e+00,4.799999999999999822e-01,-2.399999999999999911e-01,0.000000000000000000e+00,0.000000000000000000e+00,3.499999999999999778e-01,2.500000000000000000e-01,0.000000000000000000e+00,-6.999999999999999556e-01,0.000000000000000000e+00,3.499999999999999778e-01,-2.500000000000000000e-01,0.000000000000000000e+00,-6.999999999999999556e-01,0.000000000000000000e+00,0.000000000000000000e+00
1.269609883969410047e-01,-5.113802053394926883e-01,9.200000000000000400e-01,0.000000000000000000e+00,0.000000000000000000e+00,0.000000000000000000e+00,1.000000000000000000e+00,-2.399999999999999911e-01,0.000000000000000000e+00,0.000000000000000000e+00,4.799999999999999822e-01,-2.399999999999999911e-01,0.000000000000000000e+00,-2.399999999999999911e-01,0.000000000000000000e+00,0.000000000000000000e+00,4.799999999999999822e-01,-2.399999999999999911e-01,0.000000000000000000e+00,0.000000000000000000e+00,3.499999999999999778e-01,2.500000000000000000e-01,0.000000000000000000e+00,-6.999999999999999556e-01,0.000000000000000000e+00,3.499999999999999778e-01,-2.500000000000000000e-01,0.000000000000000000e+00,-6.999999999999999556e-01,0.000000000000000000e+00,0.000000000000000000e+00
1.269609883969410047e-01,-5.113802053394926883e-01,9.200000000000000400e-01,0.000000000000000000e+00,0.000000000000000000e+00,0.000000000000000000e+00,1.000000000000000000e+00,-2.399999999999999911e-01,0.000000000000000000e+00,0.000000000000000000e+00,4.799999999999999822e-01,-2.399999999999999911e-01,0.000000000000000000e+00,-2.399999999999999911e-01,0.000000000000000000e+00,0.000000000000000000e+00,4.799999999999999822e-01,-2.399999999999999911e-01,0.000000000000000000e+00,0.000000000000000000e+00,3.499999999999999778e-01,2.500000000000000000e-01,0.000000000000000000e+00,-6.999999999999999556e-01,0.000000000000000000e+00,3.499999999999999778e-01,-2.500000000000000000e-01,0.000000000000000000e+00,-6.999999999999999556e-01,0.000000000000000000e+00,0.000000000000000000e+00
1.269609883969410047e-01,-5.113802053394926883e-01,9.200000000000000400e-01,0.000000000000000000e+00,0.000000000000000000e+00,0.000000000000000000e+00,1.000000000000000000e+00,-2.399999999999999911e-01,0.000000000000000000e+00,0.000000000000000000e+00,4.799999999999999822e-01,-2.399999999999999911e-01,0.000000000000000000e+00,-2.399999999999999911e-01,0.000000000000000000e+00,0.000000000000000000e+00,4.799999999999999822e-01,-2.399999999999999911e-01,0.000000000000000000e+00,0.000000000000000000e+00,3.499999999999999778e-01,2.500000000000000000e-01,0.000000000000000000e+00,-6.999999999999999556e-01,0.000000000000000000e+00,3.499999999999999778e-01,-2.500000000000000000e-01,0.000000000000000000e+00,-6.999999999999999556e-01,0.000000000000000000e+00,0.000000000000000000e+00
1.269609883969410047e-01,-5.113802053394926883e-01,9.200000000000000400e-01,0.000000000000000000e+00,0.000000000000000000e+00,0.000000000000000000e+00,1.000000000000000000e+00,-2.399999999999999911e-01,0.000000000000000000e+00,0.000000000000000000e+00,4.799999999999999822e-01,-2.399999999999999911e-01,0.000000000000000000e+00,-2.399999999999999911e-01,0.000000000000000000e+00,0.000000000000000000e+00,4.799999999999999822e-01,-2.399999999999999911e-01,0.000000000000000000e+00,0.000000000000000000e+00,3.499999999999999778e-01,2.500000000000000000e-01,0.000000000000000000e+00,-6.999999999999999556e-01,0.000000000000000000e+00,3.499999999999999778e-01,-2.500000000000000000e-01,0.000000000000000000e+00,-6.999999999999999556e-01,0.000000000000000000e+00,0.000000000000000000e+00
1.269609883969410047e-01,-5.113802053394926883e-01,9.200000000000000400e-01,0.000000000000000000e+00,0.000000000000000000e+00,0.000000000000000000e+00,1.000000000000000000e+00,-2.399999999999999911e-01,0.000000000000000000e+00,0.000000000000000000e+00,4.799999999999999822e-01,-2.399999999999999911e-01,0.000000000000000000e+00,-2.399999999999999911e-01,0.000000000000000000e+00,0.000000000000000000e+00,4.799999999999999822e-01,-2.399999999999999911e-01,0.000000000000000000e+00,0.000000000000000000e+00,3.499999999999999778e-01,2.500000000000000000e-01,0.000000000000000000e+00,-6.999999999999999556e-01,0.000000000000000000e+00,3.499999999999999778e-01,-2.500000000000000000e-01,0.000000000000000000e+00,-6.999999999999999556e-01,0.000000000000000000e+00,0.000000000000000000e+00
1.269609883969410047e-01,-5.113802053394926883e-01,9.200000000000000400e-01,0.000000000000000000e+00,0.000000000000000000e+00,0.000000000000000000e+00,1.000000000000000000e+00,-2.399999999999999911e-01,0.000000000000000000e+00,0.000000000000000000e+00,4.799999999999999822e-01,-2.399999999999999911e-01,0.000000000000000000e+00,-2.399999999999999911e-01,0.000000000000000000e+00,0.000000000000000000e+00,4.799999999999999822e-01,-2.399999999999999911e-01,0.000000000000000000e+00,0.000000000000000000e+00,3.499999999999999778e-01,2.500000000000000000e-01,0.000000000000000000e+00,-6.999999999999999556e-01,0.000000000000000000e+00,3.499999999999999778e-01,-2.500000000000000000e-01,0.000000000000000000e+00,-6.999999999999999556e-01,0.000000000000000000e+00,0.000000000000000000e+00
1.269609883969410047e-01,-5.113802053394926883e-01,9.200000000000000400e-01,0.000000000000000000e+00,0.000000000000000000e+00,0.000000000000000000e+00,1.000000000000000000e+00,-2.399999999999999911e-01,0.000000000000000000e+00,0.000000000000000000e+00,4.799999999999999822e-01,-2.399999999999999911e-01,0.000000000000000000e+00,-2.399999999999999911e-01,0.000000000000000000e+00,0.000000000000000000e+00,4.799999999999999822e-01,-2.399999999999999911e-01,0.000000000000000000e+00,0.000000000000000000e+00,3.499999999999999778e-01,2.500000000000000000e-01,0.000000000000000000e+00,-6.999999999999999556e-01,0.000000000000000000e+00,3.499999999999999778e-01,-2.500000000000000000e-01,0.000000000000000000e+00,-6.999999999999999556e-01,0.000000000000000000e+00,0.000000000000000000e+00
1.269609883969410047e-01,-5.113802053394926883e-01,9.200000000000000400e-01,0.000000000000000000e+00,0.000000000000000000e+00,0.000000000000000000e+00,1.000000000000000000e+00,-2.399999999999999911e-01,0.000000000000000000e+00,0.000000000000000000e+00,4.799999999999999822e-01,-2.399999999999999911e-01,0.000000000000000000e+00,-2.399999999999999911e-01,0.000000000000000000e+00,0.000000000000000000e+00,4.799999999999999822e-01,-2.399999999999999911e-01,0.000000000000000000e+00,0.000000000000000000e+00,3.499999999999999778e-01,2.500000000000000000e-01,0.000000000000000000e+00,-6.999999999999999556e-01,0.000000000000000000e+00,3.499999999999999778e-01,-2.500000000000000000e-01,0.000000000000000000e+00,-6.999999999999999556e-01,0.000000000000000000e+00,0.000000000000000000e+00
1.269609883969410047e-01,-5.113802053394926883e-01,9.200000000000000400e-01,0.000000000000000000e+00,0.000000000000000000e+00,0.000000000000000000e+00,1.000000000000000000e+00,-2.399999999999999911e-01,0.000000000000000000e+00,0.000000000000000000e+00,4.799999999999999822e-01,-2.399999999999999911e-01,0.000000000000000000e+00,-2.399999999999999911e-01,0.000000000000000000e+00,0.000000000000000000e+00,4.799999999999999822e-01,-2.399999999999999911e-01,0.000000000000000000e+00,0.000000000000000000e+00,3.499999999999999778e-01,2.500000000000000000e-01,0.000000000000000000e+00,-6.999999999999999556e-01,0.000000000000000000e+00,3.499999999999999778e-01,-2.500000000000000000e-01,0.000000000000000000e+00,-6.999999999999999556e-01,0.000000000000000000e+00,0.000000000000000000e+00
1.269609883969410324e-01,-5.113802053394926883e-01,9.201584850072548338e-01,-1.060139260514932226e-04,1.583926084480066700e-04,1.067491631289551587e-04,9.999999761387223796e-01,-2.404122956157021818e-01,-2.263092567443086519e-04,1.514234111639429570e-04,4.799768258511157848e-01,-2.401663933314276689e-01,2.444778925198347829e-04,-2.400476990366714192e-01,-1.799080852883749675e-04,-1.254279745387922483e-05,4.808050507123446948e-01,-2.393740108795464061e-01,3.033858471340832421e-04,3.463672935839527071e-04,3.501605378742351782e-01,2.502159811885206198e-01,3.293895272934805178e-06,-7.019639866086525570e-01,8.038990899282322418e-04,3.498222881309536736e-01,-2.505595513656567741e-01,6.106087012925962118e-05,-7.022804830181339497e-01,-7.106400438487126513e-04,0.000000000000000000e+00
1.269609883969410047e-01,-5.113802053394926883e-01,9.206241871054955395e-01,-4.175317221032570289e-04,6.238231243468944556e-04,4.204274247202673836e-04,9.999996298763070834e-01,-2.416238104249193164e-01,-8.913103034852771405e-04,5.963752808918369253e-04,4.799087295059329961e-01,-2.406553337360843314e-01,9.628667766935031800e-04,-2.401878608213520450e-01,-7.085610743665229439e-04,-4.939932535681664216e-05,4.831706612670806367e-01,-2.375345659255981290e-01,1.194873490251158622e-03,1.364154263961413725e-03,3.506322722431414740e-01,2.508506336040196016e-01,1.297287984417400266e-05,-7.077350857202312495e-01,3.166125646486576180e-03,3.493000886388329951e-01,-2.522037715324327301e-01,2.404858885090840144e-04,-7.089815946560349413e-01,-2.798828480388776234e-03,0.000000000000000000e+00
1.269609883969409769e-01,-5.113802053394926883e-01,9.213824769094373091e-01,-9.247670795340107294e-04,1.381670082316266207e-03,9.311806052868381060e-04,9.999981843465080011e-01,-2.435964863708174055e-01,-1.974113054984968831e-03,1.320878063537779144e-03,4.797978501166563214e-01,-2.414514618295305615e-01,2.132599462442250939e-03,-2.404160823660415058e-01,-1.569352067053978242e-03,-1.094117870207618340e-04,4.870225192907606804e-01,-2.345394487492740154e-01,2.646458081923464076e-03,3.021388545570786750e-03,3.514003842260204347e-01,2.518840205214027406e-01,2.873290184236975648e-05,-7.171320062631686421e-01,7.012473599835501552e-03,3.484498056961652934e-01,-2.548810096050365681e-01,5.326386671275414606e-04,-7.198928287889525546e-01,-6.198967767111077456e-03,0.000000000000000000e+00
1.269609883969410047e-01,-5.113802053394926883e-01,9.224187250337951838e-01,-1.617932625463232082e-03,2.417310426894085824e-03,1.629153453701383692e-03,9.999944423662282533e-01,-2.462922653965623765e-01,-3.453827426005448824e-03,2.310954213455868045e-03,4.796463268354904108e-01,-2.425394182273268306e-01,3.731108759687325107e-03,-2.407279606827392449e-01,-2.745674163170276801e-03,-1.914223857576644841e-04,4.922863124099375876e-01,-2.304464429616927823e-01,4.630134774723239713e-03,5.286097772850478077e-03,3.524500549421732964e-01,2.532962052155758870e-01,5.026990939617425946e-05,-7.299734571658963445e-01,1.226873688013548416e-02,3.472878434754778643e-01,-2.585396146881768220e-01,9.318828179727006202e-04,-7.348036792921356364e-01,-1.084546036150650823e-02,0.000000000000000000e+00
1.269609883969410047e-01,-5.113802053394926883e-01,9.237183020932838717e-01,-2.487238933891197136e-03,3.716118035107114290e-03,2.504488651478445436e-03,9.999868657366602909e-01,-2.496730894453202121e-01,-5.309563331308779673e-03,3.552626185000200189e-03,4.794562988146400251e-01,-2.439038435450337217e-01,5.735827478349969644e-03,-2.411190927834449271e-01,-4.220920462534950846e-03,-2.942733248794740780e-04,4.988877282511641198e-01,-2.253133321739733130e-01,7.117898721222721409e-03,8.126309580238889885e-03,3.537664655109014622e-01,2.550672509614448358e-01,7.727985063423965827e-05,-7.460781473568468547e-01,1.886070941754698638e-02,3.458306061492981698e-01,-2.631279358865621920e-01,1.432581953032629422e-03,-7.535036400408334778e-01,-1.667270872106595136e-02,0.000000000000000000e+00
1.269609883969410047e-01,-5.113802053394926883e-01,9.252665787026185251e-01,-3.522893397385307417e-03,5.263462030687234873e-03,3.547325676635538876e-03,9.999736504879046528e-01,-2.537009004602568396e-01,-7.520430685657024904e-03,5.031916432524873549e-03,4.792299052063098697e-01,-2.455293783982117062e-01,8.124188428351433386e-03,-2.415850756801580790e-01,-5.978484064967536614e-03,-4.168068076981403382e-04,5.067524544409931497e-01,-2.191978999972343523e-01,1.008174507399414895e-02,1.151005160217442695e-02,3.553347970515063903e-01,2.571772210339152709e-01,1.094586736852181335e-04,-7.652647857644520046e-01,2.671418514223048574e-02,3.440944978901535611e-01,-2.685943223049012119e-01,2.029099684295396309e-03,-7.757822049102954809e-01,-2.361511530328029573e-02,0.000000000000000000e+00
1.269609883969410047e-01,-5.113802053394926883e-01,9.270489254765139631e-01,-4.715099082919711401e-03,7.044705074611636378e-03,4.747799651597692933e-03,9.999527980707481056e-01,-2.583376403845382141e-01,-1.006553940381224935e-02,6.734847410383985877e-03,4.789692851627045389e-01,-2.474006634024213114e-01,1.087362441961295910e-02,-2.421215063848782545e-01,-8.001758070287568608e-03,-5.578650375256127706e-04,5.158061786059774390e-01,-2.121579300425946724e-01,1.349366898560976080e-02,1.540535147309549449e-02,3.571402306832893725e-01,2.596061787078930982e-01,1.465023266777618690e-04,-7.873520813171438482e-01,3.575495798434644851e-02,3.420959228705712785e-01,-2.748871230479024708e-01,2.715799623749069400e-03,-8.014288677757704926e-01,-3.160708256564043195e-02,0.000000000000000000e+00
1.269609883969410047e-01,-5.113802053394926883e-01,9.290507130296852267e-01,-6.054053675433348353e-03,9.045201786700769742e-03,6.096040279428761866e-03,9.999221824980404350e-01,-2.635452511613302629e-01,-1.292399940053651740e-02,8.647441572931634929e-03,4.786765778360287937e-01,-2.495023391732230922e-01,1.396156826205579606e-02,-2.427239819096050077e-01,-1.027413557831458220e-02,-7.162902176738412605e-04,5.259745883726697491e-01,-2.042512059211731013e-01,1.732566560864179719e-02,1.978023682744049772e-02,3.591679475255517562e-01,2.623341872582840573e-01,1.881067577405230284e-04,-8.121587429433545502e-01,4.590882187405535136e-02,3.398512852630787284e-01,-2.819546872202746135e-01,3.487045383381718114e-03,-8.302331225125078040e-01,-4.058301296563725236e-02,0.000000000000000000e+00
1.269609883969410047e-01,-5.113802053394926883e-01,9.312573119768472463e-01,-7.529948593741861949e-03,1.125029742472568282e-02,7.582170953611943806e-03,9.998796134363681087e-01,-2.692856747337989964e-01,-1.607492059059189432e-02,1.075572137452191976e-02,4.783539223784873395e-01,-2.518190463261775203e-01,1.736545276560119005e-02,-2.433880992663379206e-01,-1.277900968886811275e-02,-8.909245514547751510e-04,5.371833713676229527e-01,-1.955355112440884113e-01,2.154973009566249834e-02,2.460273529964784531e-02,3.614031286975949442e-01,2.653413099599939429e-01,2.339679150021538160e-04,-8.395034795715161646e-01,5.710157074151767098e-02,3.373769892402032067e-01,-2.897453639267263403e-01,4.337200575181410570e-03,-8.619844629957567061e-01,-5.047730896076164930e-02,0.000000000000000000e+00
1.269609883969410047e-01,-5.113802053394926883e-01,9.336540929327148408e-01,-9.132968345617884995e-03,1.364532692085048196e-02,9.196308108657342065e-03,9.998228952467490549e-01,-2.755208530451103144e-01,-1.949741288874043410e-02,1.304570926950892988e-02,4.780034579422848262e-01,-2.543354254768451783e-01,2.106271074017037823e-02,-2.441094554670765193e-01,-1.549977350176768784e-02,-1.080610242180363731e-03,5.493582152173897004e-01,-1.860686296224594027e-01,2.613785759924408883e-02,2.984087452415591993e-02,3.638309553187203393e-01,2.686076100879284945e-01,2.837817465913062328e-04,-8.692050001300608564e-01,6.925899851689384934e-02,3.346894389744722309e-01,-2.982075022719660740e-01,5.260628811136211849e-03,-8.964723831007661570e-01,-6.122437300850446656e-02,0.000000000000000000e+00
1.269609883969410047e-01,-5.113802053394926883e-01,9.362264265120029405e-01,-1.085329017213921589e-02,1.621561435026235704e-02,1.092856086198362373e-02,9.997498819710702866e-01,-2.822127280384302273e-01,-2.317058620974421501e-02,1.550342771224677563e-02,4.776273236796259591e-01,-2.570361172407865658e-01,2.503077499568462372e-02,-2.448836475238203858e-01,-1.841982011683285236e-02,-1.284189493162557483e-03,5.624248075485229759e-01,-1.759083446674048756e-01,3.106204327195882797e-02,3.546268213540315628e-02,3.664366085082292335e-01,2.721131509169936180e-01,3.372442006366327405e-04,-9.010820135474204573e-01,8.230689913034439087e-02,3.318050386384129302e-01,-3.072894513607025146e-01,6.251693703234195709e-03,-9.334863767027854475e-01,-7.275860756635665894e-02,0.000000000000000000e+00
1.269609883969410047e-01,-5.113802053394926883e-01,9.389596833294268086e-01,-1.268108401579376779e-02,1.894647288351799033e-02,1.276903098180172912e-02,9.996585282591472499e-01,-2.893232416569245791e-01,-2.707355046836528584e-02,1.811489915708954304e-02,4.772276587427154992e-01,-2.599057622335621542e-01,2.924707834206515325e-02,-2.457062724485691019e-01,-2.152254263388313216e-02,-1.500504507713305152e-03,5.763088359875754296e-01,-1.651124399900436301e-01,3.629428226637893690e-02,4.143618576782793356e-02,3.692052693854230849e-01,2.758379957220949974e-01,3.940512252667852317e-04,-9.349532287520272433e-01,9.617106651202973755e-02,3.287401924045528223e-01,-3.169395602976442516e-01,7.304758863463425497e-03,-9.728159376770637579e-01,-8.501441509180905631e-02,0.000000000000000000e+00
1.269609883969410047e-01,-5.113802053394926883e-01,9.418392339997010421e-01,-1.460651283232332169e-02,2.182320525246113016e-02,1.470781320112139051e-02,9.995469362297245697e-01,-2.968143358437594914e-01,-3.118541557936573699e-02,2.086614605839134592e-02,4.768066022837580409e-01,-2.629290010707325265e-01,3.368905358923324211e-02,-2.465729272533221939e-01,-2.479133415273807386e-02,-1.728397489144557330e-03,5.909359881610999343e-01,-1.537386992014944109e-01,4.180656973507667490e-02,4.772941305586868993e-02,3.721221190696031855e-01,2.797622077781385386e-01,4.538987686104162494e-04,-9.706373546723132684e-01,1.107772945921104285e-01,3.255113044454191473e-01,-3.271061781874999852e-01,8.414187903811976704e-03,-1.014250559898850490e+00,-9.792619804235262737e-02,0.000000000000000000e+00
1.269609883969410047e-01,-5.113802053394926883e-01,9.448504491375407932e-01,-1.661973325288578288e-02,2.483110473954167063e-02,1.673499588450564138e-02,9.994133982575791331e-01,-3.046479525421008083e-01,-3.548529145750759645e-02,2.374319087050625818e-02,4.763662934549584005e-01,-2.660904743678582651e-01,3.833413354711009968e-02,-2.474792089500792713e-01,-2.820958777321719638e-02,-1.966710640768262221e-03,6.062319516956492516e-01,-1.418449059128761292e-01,4.757090083062424923e-02,5.431039163396378378e-02,3.751723386800709936e-01,2.838658503600298699e-01,5.164827787961774695e-04,-1.007953100236710586e+00,1.260513773007468086e-01,3.221347789335393674e-01,-3.377376541349782491e-01,9.574344436267907474e-03,-1.057579737243394380e+00,-1.114283588754781534e-01,0.000000000000000000e+00
1.269609883969410047e-01,-5.113802053394926883e-01,9.479786993576609921e-01,-1.871089659082026541e-02,2.795545668199685835e-02,1.884066204181813683e-02,9.992564356781969970e-01,-3.127860336951144848e-01,-3.995228801755294767e-02,2.673205604778839187e-02,4.759088714085211169e-01,-2.693748227404997309e-01,4.315975102561698390e-02,-2.484207145508398329e-01,-3.176069659514003940e-02,-2.214286165896370631e-03,6.221224142177762539e-01,-1.294888437353074462e-01,5.355927070559392267e-02,6.114714913655164980e-02,3.783411093361278565e-01,2.881289867426749529e-01,5.814992039527213264e-04,-1.046719174373651473e+00,1.419191085680994446e-01,3.186270200414408338e-01,-3.487823372447875769e-01,1.077959207281929330e-02,-1.102592963585944830e+00,-1.254553000486765824e-01,0.000000000000000000e+00
1.269609883969410047e-01,-5.113802053394926883e-01,9.512093552747764580e-01,-2.087015017611331888e-02,3.118154046564199436e-02,2.101489067194425159e-02,9.990748334013135334e-01,-3.211905212459664760e-01,-4.456551517426385334e-02,2.981876404459184171e-02,4.754364752966510066e-01,-2.727666868042175619e-01,4.814333883467515618e-02,-2.493930410676034604e-01,-3.542805371832614264e-02,-2.469966267840831634e-03,6.385330633540335921e-01,-1.167282962799072177e-01,5.974367451255792327e-02,6.820771319807067412e-02,3.816136121570750106e-01,2.925316802009794714e-01,6.486439922087000381e-04,-1.086754286011567538e+00,1.583062823243288064e-01,3.150044319416507310e-01,-3.601885766216367246e-01,1.202429442545419926e-02,-1.149079732801751241e+00,-1.399414240194387926e-01,0.000000000000000000e+00
1.269609883969410047e-01,-5.113802053394926883e-01,9.545277875036022319e-01,-2.308763899059235181e-02,3.449463196796981324e-02,2.324775840932507415e-02,9.988676704249548344e-01,-3.298233571378227369e-01,-4.930408284240237610e-02,3.298933731527071284e-02,4.749512442715527194e-01,-2.762507071745722298e-01,5.326232978420585712e-02,-2.503917855123697356e-01,-3.919505224259504234e-02,-2.732593149913595167e-03,6.553895867309742496e-01,-1.036210471577942160e-01,6.609610740408849994e-02,7.546011145295929146e-02,3.849750282622140252e-01,2.970539940098492204e-01,7.176130916927657682e-04,-1.127877144078891281e+00,1.751386924995953220e-01,3.112834188066965213e-01,-3.719047213702341148e-01,1.330281510616069737e-02,-1.196829538766062351e+00,-1.548211332452557043e-01,0.000000000000000000e+00
1.269609883969410047e-01,-5.113802053394926883e-01,9.579193666588534661e-01,-2.535350756791799470e-02,3.788000639687888471e-02,2.552934143712674853e-02,9.986343462424885908e-01,-3.386464833138492780e-01,-5.414710093673059249e-02,3.622979831417909996e-02,4.744553174854310162e-01,-2.798115244671243174e-01,5.849415668413032732e-02,-2.514125448971382681e-01,-4.304508526776627819e-02,-3.001009015426611172e-03,6.726176719751508770e-01,-9.022487998008726917e-02,7.258856453275788767e-02,8.287237153565589487e-02,3.884105387708461921e-01,3.016759914441901058e-01,7.881024505335706802e-04,-1.169906457504054753e+00,1.923421330240595306e-01,3.074803848091056668e-01,-3.838791205952886143e-01,1.460951772692685620e-02,-1.245631875354127782e+00,-1.700288301836181681e-01,0.000000000000000000e+00
1.269609883969410047e-01,-5.113802053394926883e-01,9.613694633552448687e-01,-2.765790211461479839e-02,4.132294145964961196e-02,2.784971762298112455e-02,9.983746031365486884e-01,-3.476218417172118880e-01,-5.907367937201053049e-02,3.952616949567108046e-02,4.739508340904904360e-01,-2.834337792974342962e-01,6.381625234436980043e-02,-2.524509162339084178e-01,-4.696154589365935522e-02,-3.274056067691827419e-03,6.901430067131162360e-01,-7.659757835790513558e-02,7.919304105113830761e-02,9.041252108059885662e-02,3.919053248022728031e-01,3.063777357789077005e-01,8.598080168597667210e-04,-1.212660935215489566e+00,2.098423978278817770e-01,3.036117341214053522e-01,-3.960601234015085348e-01,1.593876589974073735e-02,-1.295276236441196271e+00,-1.854989172920170348e-01,0.000000000000000000e+00
1.269609883969410047e-01,-5.113802053394926883e-01,9.648634482074912588e-01,-2.999097280167372856e-02,4.480872078676700204e-02,3.019896882648118522e-02,9.980885443554996517e-01,-3.567113742910767438e-01,-6.406292806300428744e-02,4.286447331410077333e-02,4.734399332389358506e-01,-2.871021122810627491e-01,6.920604957484552400e-02,-2.535024965346799886e-01,-5.092782722009382701e-02,-3.550576510021195148e-03,7.078912785714233102e-01,-6.279692590236665706e-02,8.588153211180200863e-02,9.804858772222659058e-02,3.954445674757953721e-01,3.111392902889079659e-01,9.324257388000062709e-04,-1.255959286141628439e+00,2.275652808412226280e-01,2.996938709161229841e-01,-4.083960788936027431e-01,1.728492323659041111e-02,-1.345552115902517221e+00,-2.011657970279432384e-01,0.000000000000000000e+00
1.269609883969410047e-01,-5.113802053394926883e-01,9.683866918303077886e-01,-3.234287617068455634e-02,4.832263752685959229e-02,3.256718332200066873e-02,9.977766481702841084e-01,-3.658770229786096895e-01,-6.909395692447392601e-02,4.623073222382228370e-02,4.729247540829717988e-01,-2.908011640335700920e-01,7.464098118547880800e-02,-2.545628828114523956e-01,-5.492732234688926102e-02,-3.829412545726665167e-03,7.257881751766247502e-01,-4.888070622459048109e-02,9.262603286732126739e-02,1.057485990949775662e-01,3.990134479107151355e-01,3.159407182490966415e-01,1.005651564482941710e-03,-1.299620219210903205e+00,2.454365759942426228e-01,2.957431993657858582e-01,-4.208353361762797173e-01,1.864235334946395817e-02,-1.396249007613340254e+00,-2.169638718488877682e-01,0.000000000000000000e+00
1.269609883969410047e-01,-5.113802053394926883e-01,9.719245648384093883e-01,-3.470377759401294115e-02,5.184999802238505345e-02,3.494445827593314208e-02,9.974397778119666880e-01,-3.750807297229766801e-01,-7.414587587118148804e-02,4.961096867918968201e-02,4.724074357748031527e-01,-2.945155751705169633e-01,8.009847998619079590e-02,-2.556276720762252763e-01,-5.894342437386512756e-02,-4.109406378120183945e-03,7.437593841552734286e-01,-3.490670293569564375e-02,9.939853847026824951e-02,1.134805828332901001e-01,4.025971472263336071e-01,3.207620829343795776e-01,1.079181442037224770e-03,-1.343462443351745694e+00,2.633820772171020508e-01,2.917761236429214367e-01,-4.333262443542480469e-01,2.000541985034942627e-02,-1.447156405448913663e+00,-2.328275442123413086e-01,0.000000000000000000e+00
1.269609883969410047e-01,-5.113802053394926883e-01,9.754624378465110990e-01,-3.706385372522939814e-02,5.537612547075144304e-02,3.732090221411545061e-02,9.970791872929686273e-01,-3.842844364673436153e-01,-7.919779481788905007e-02,5.299120513455708725e-02,4.718901174666344511e-01,-2.982299863074637791e-01,8.555597878690279767e-02,-2.566924613409981570e-01,-6.295952640084100105e-02,-4.389400210513702723e-03,7.617305931339219960e-01,-2.093269964680075090e-02,1.061710440732152455e-01,1.212125665716026340e-01,4.061808465419520786e-01,3.255834476196625138e-01,1.152711319591507829e-03,-1.387304667492588184e+00,2.813275784399614787e-01,2.878090479200570151e-01,-4.458171525322164319e-01,2.136848635123489784e-02,-1.498063803284487072e+00,-2.486912165757948767e-01,0.000000000000000000e+00
1.269609883969410047e-01,-5.113802053394926883e-01,9.789856814693276288e-01,-3.941329487382359137e-02,5.888636347231513551e-02,3.968663741301131642e-02,9.966965231177660201e-01,-3.934500851548765610e-01,-8.422882367935867476e-02,5.635746404427858375e-02,4.713749383106704549e-01,-3.019290380599711776e-01,9.099091039753604004e-02,-2.577528476177705641e-01,-6.695902152763641424e-02,-4.668236246219171874e-03,7.796274897391235470e-01,-7.016479969024672081e-03,1.129155448287344765e-01,1.289125779443535957e-01,4.097497269768718420e-01,3.303848755798511894e-01,1.225937145274443160e-03,-1.430965600561862727e+00,2.991988735929814180e-01,2.838583763697198892e-01,-4.582564098148933507e-01,2.272591646410843796e-02,-1.548760694995309661e+00,-2.644892913967393233e-01,0.000000000000000000e+00
1.269609883969410047e-01,-5.113802053394926883e-01,9.824796663215740189e-01,-4.174230723719925956e-02,6.236607936514553668e-02,4.203180214718579139e-02,9.962938218916121969e-01,-4.025396177287414723e-01,-8.921807237035246640e-02,5.969576786270829744e-02,4.708640374591158695e-01,-3.055973710435996304e-01,9.638070762801180524e-02,-2.588044279185421348e-01,-7.092530285407092072e-02,-4.944756688548540904e-03,7.973757615974306212e-01,6.784172486513903588e-03,1.196040358893982192e-01,1.365486445859813713e-01,4.132889696503944110e-01,3.351464300898514548e-01,1.298554867214683035e-03,-1.474263951488001601e+00,3.169217566063223801e-01,2.799405131644375211e-01,-4.705923653069875590e-01,2.407207380095812213e-02,-1.599036574456631055e+00,-2.801561711326656101e-01,0.000000000000000000e+00
1.269609883969410047e-01,-5.113802053394926883e-01,9.859297630179654215e-01,-4.404111492303737496e-02,6.580066724658450994e-02,4.434655272569407863e-02,9.958735038385082561e-01,-4.115149761321041932e-01,-9.414465080563240440e-02,6.299213904420028487e-02,4.703595540641752892e-01,-3.092196258739096093e-01,1.017028032882512922e-01,-2.598427992553123400e-01,-7.484176347996400469e-02,-5.217803740813758452e-03,8.149010963353959802e-01,2.041147410869603718e-02,1.262085124077786391e-01,1.440887941309243470e-01,4.167837556818210221e-01,3.398481744245691605e-01,1.370260433540879076e-03,-1.517018429199436858e+00,3.344220214101446542e-01,2.760718624767372065e-01,-4.827733681132075905e-01,2.540132197377200501e-02,-1.648680935543699544e+00,-2.956262582410645323e-01,0.000000000000000000e+00
1.269609883969410047e-01,-5.113802053394926883e-01,9.893213421732165447e-01,-4.629996169633649600e-02,6.917555058345316310e-02,4.662106525123812378e-02,9.954383622420996947e-01,-4.203381023081306234e-01,-9.898766889996060692e-02,6.623260004310865812e-02,4.698636272780535306e-01,-3.127804431664616969e-01,1.069346301881757416e-01,-2.608635586400808171e-01,-7.869179650513521973e-02,-5.486219606326773156e-03,8.321291815795726077e-01,3.380764128640297017e-02,1.327009695364479991e-01,1.515010542136209226e-01,4.202192661904531890e-01,3.444701718589099348e-01,1.440749792381683771e-03,-1.559047742624599886e+00,3.516254619346088073e-01,2.722688284791462965e-01,-4.947477673382619789e-01,2.670802459453815517e-02,-1.697483272131764753e+00,-3.108339551794269684e-01,0.000000000000000000e+00
1.269609883969410047e-01,-5.113802053394926883e-01,9.926397744020423186e-01,-4.850911238778212592e-02,7.247618431625946211e-02,4.884553703830343124e-02,9.949915488252877305e-01,-4.289709381999869398e-01,-1.037262365680991227e-01,6.940317331378752230e-02,4.693783962529552989e-01,-3.162644635368163648e-01,1.120536211377064356e-01,-2.618623030848470923e-01,-8.245879502940410555e-02,-5.748846488399536256e-03,8.489857049565132652e-01,4.691489040851593018e-02,1.390534024279785896e-01,1.587534524685095261e-01,4.235806822955922035e-01,3.489924856677797393e-01,1.509718891865749393e-03,-1.600170600691923628e+00,3.684578721098752951e-01,2.685478153441921423e-01,-5.064639120868593691e-01,2.798654527524465155e-02,-1.745233078096075863e+00,-3.257136644052437968e-01,0.000000000000000000e+00
1.269609883969410047e-01,-5.113802053394926883e-01,9.958704303191578955e-01,-5.065885390355723966e-02,7.568805636792937108e-02,5.101018762997286404e-02,9.945365550860251203e-01,-4.373754257508388754e-01,-1.083394637248100284e-01,7.248988131059097562e-02,4.689060001410851886e-01,-3.196563276005341958e-01,1.170372089467646010e-01,-2.628346296016107475e-01,-8.612615215259021573e-02,-6.004526590343997258e-03,8.653963540927706033e-01,5.967543786391615868e-02,1.452378062349425902e-01,1.658140165300285573e-01,4.268531851165393576e-01,3.533951791260842024e-01,1.576863680121728213e-03,-1.640205712329839915e+00,3.848450458661046292e-01,2.649252272444020395e-01,-5.178701514637085168e-01,2.923124762787955924e-02,-1.791719847311882274e+00,-3.401997883760060626e-01,0.000000000000000000e+00
1.269609883969410047e-01,-5.113802053394926883e-01,9.989986805392780944e-01,-5.273949578127428567e-02,7.879668847441025081e-02,5.310525935771428369e-02,9.940771896079064751e-01,-4.455135069038525519e-01,-1.128064602848553866e-01,7.547874648787310237e-02,4.684485780946479050e-01,-3.229406759731757171e-01,1.218628264252714921e-01,-2.637761352023713091e-01,-8.967726097451306222e-02,-6.252102115472105669e-03,8.812868166148976057e-01,7.203150004148484165e-02,1.512261761099122359e-01,1.726507740326164164e-01,4.300219557725962205e-01,3.576583155087292853e-01,1.641880105278272070e-03,-1.678971786466780358e+00,4.007127771334572652e-01,2.614174683523034504e-01,-5.289148345735178447e-01,3.043649526443094333e-02,-1.836733073654432724e+00,-3.542267295492044776e-01,0.000000000000000000e+00
1.269609883969410047e-01,-5.113802053394926883e-01,1.002009895677117735e+00,-5.474137024237857307e-02,8.178763626296534084e-02,5.512101739414727863e-02,9.936175513646776647e-01,-4.533471236021938688e-01,-1.171063361629972599e-01,7.835579129998802850e-02,4.680082692658482646e-01,-3.261021492703013447e-01,1.265079063831483774e-01,-2.646824168991283588e-01,-9.309551459499219861e-02,-6.490415267095810993e-03,8.965827801494469229e-01,8.392529333010317893e-02,1.569905072054598449e-01,1.792317526107115311e-01,4.330721753830640286e-01,3.617619580906206722e-01,1.704464115464033452e-03,-1.716287532031177898e+00,4.159868598420937147e-01,2.580409428404236705e-01,-5.395463105209961086e-01,3.159665179688687930e-02,-1.880062250998976836e+00,-3.677288903823300314e-01,0.000000000000000000e+00
1.269609883969410047e-01,-5.113802053394926883e-01,1.004889446347392079e+00,-5.665483169813453901e-02,8.464648851408088093e-02,5.704774925560336662e-02,9.931619990375998297e-01,-4.608382177890287257e-01,-1.212182012739976833e-01,8.110703820128982444e-02,4.675872128068908062e-01,-3.291253881074717724e-01,1.309498816303164281e-01,-2.655490717038814230e-01,-9.636430611384712297e-02,-6.718308248527062737e-03,9.112099323229714276e-01,9.529903411865234264e-02,1.625027946741575691e-01,1.855249798987522736e-01,4.359890250672441292e-01,3.656861701466641579e-01,1.764311658807664199e-03,-1.751971657951463923e+00,4.305930879221743779e-01,2.548120548812900510e-01,-5.497129284108517311e-01,3.270608083723542531e-02,-1.921496873220763346e+00,-3.806406733328735470e-01,0.000000000000000000e+00
1.269609883969410047e-01,-5.113802053394926883e-01,1.007622703164815947e+00,-5.847025567415299607e-02,8.735886555463066860e-02,5.887576371919450019e-02,9.927151163636468434e-01,-4.679487314075231330e-01,-1.251211655326187611e-01,8.371850964613258839e-02,4.671875478699803463e-01,-3.319950331002473609e-01,1.351661849766969681e-01,-2.663716966286301391e-01,-9.946702863089740276e-02,-6.934623263077810407e-03,9.250939607620238814e-01,1.060949387960135881e-01,1.677350336685776711e-01,1.914984835311770439e-01,4.387576859444379807e-01,3.694110149517655373e-01,1.821118683437816799e-03,-1.785842873156070709e+00,4.444572553038597107e-01,2.517472086474299431e-01,-5.593630373477935791e-01,3.375914599746465683e-02,-1.960826434195041656e+00,-3.928964808583259583e-01,0.000000000000000000e+00
1.269609883969410047e-01,-5.113802053394926883e-01,1.010195036744104158e+00,-6.017803712733993393e-02,8.991041674327374111e-02,6.059538912808942746e-02,9.922816735307403713e-01,-4.746406064008430459e-01,-1.287943388536225420e-01,8.617622808887041852e-02,4.668114136073214793e-01,-3.346957248641887483e-01,1.391342492322112101e-01,-2.671458886853740333e-01,-1.023870752459625638e-01,-7.138202514060003508e-03,9.381605530931571568e-01,1.162552237510680875e-01,1.726592193412923859e-01,1.971202911424242699e-01,4.413633391339468748e-01,3.729165557808306053e-01,1.874581137483143090e-03,-1.817719886573430310e+00,4.575051559173102245e-01,2.488628083113706979e-01,-5.684449864365299643e-01,3.475021088956263549e-02,-1.997840427797060947e+00,-4.044307154161780882e-01,0.000000000000000000e+00
1.269609883969410047e-01,-5.113802053394926883e-01,1.012591817699971752e+00,-6.176858813914140600e-02,9.228681702399237075e-02,6.219697106876059811e-02,9.918665846336134351e-01,-4.808757847121543638e-01,-1.322168311517710748e-01,8.846621598385744079e-02,4.664609491711189659e-01,-3.372121040148564064e-01,1.428315072067803948e-01,-2.678672448861126876e-01,-1.051078390588621458e-01,-7.327888204785593280e-03,9.503353969429240156e-01,1.257221053726971238e-01,1.772473468448740042e-01,2.023584303669323514e-01,4.437911657550722699e-01,3.761828559087652124e-01,1.924394969072295777e-03,-1.847421407131975002e+00,4.696625836926864306e-01,2.461752580456396389e-01,-5.769071247817697534e-01,3.567363912551744370e-02,-2.032328347902070398e+00,-4.151777794639209818e-01,0.000000000000000000e+00
1.269609883969410047e-01,-5.113802053394926883e-01,1.014798416647133772e+00,-6.323233498001738784e-02,9.447376254019995701e-02,6.367086941509925158e-02,9.914748612004230521e-01,-4.866162082846230974e-01,-1.353677523418264639e-01,9.057449578544773949e-02,4.661382937135775117e-01,-3.395288111678108622e-01,1.462353917103258183e-01,-2.685313622428455727e-01,-1.076127131694156885e-01,-7.502522538566527496e-03,9.615441799378771082e-01,1.344378000497818415e-01,1.814714113318947331e-01,2.071809288391397164e-01,4.460263469271155135e-01,3.791899786104750980e-01,1.970256126333926917e-03,-1.874766143760136616e+00,4.808553325601487849e-01,2.437009620227641449e-01,-5.846978014882214802e-01,3.652379431731713616e-02,-2.064079688385319411e+00,-4.250720754590454065e-01,0.000000000000000000e+00
1.269609883969410047e-01,-5.113802053394926883e-01,1.016800204200305036e+00,-6.455971455220002597e-02,9.645696531996009182e-02,6.500745474650318489e-02,9.911115617959381785e-01,-4.918238190614151462e-01,-1.382262123385507302e-01,9.248708994799538508e-02,4.658455863869017666e-01,-3.416304869386125875e-01,1.493233355527686379e-01,-2.691338377675722704e-01,-1.098850906774426900e-01,-7.660947718714755661e-03,9.717125897045694183e-01,1.423445241712034126e-01,1.853034079549267521e-01,2.115558141934847092e-01,4.480540637693778971e-01,3.819179871608660570e-01,2.011860557396687697e-03,-1.899572805386347429e+00,4.910091964498576877e-01,2.414563244152715948e-01,-5.917653656605936785e-01,3.729504007694978834e-02,-2.092883943122056944e+00,-4.340480058590422408e-01,0.000000000000000000e+00
1.269609883969410047e-01,-5.113802053394926883e-01,1.018582550974200363e+00,-6.574117023097608703e-02,9.822214706255640027e-02,6.619710416031733546e-02,9.907817377020388117e-01,-4.964605589856965762e-01,-1.407713210567059503e-01,9.419002092585448960e-02,4.655849663432964358e-01,-3.435017719428222205e-01,1.520727715440301775e-01,-2.696702684722924737e-01,-1.119083646827627176e-01,-7.802005948542228148e-03,9.807663138695537075e-01,1.493844941258430647e-01,1.887153318665423518e-01,2.154511140644057854e-01,4.498594974011608238e-01,3.843469448348438844e-01,2.048904210389231473e-03,-1.921660100939039273e+00,5.000499692919736505e-01,2.394577493956893122e-01,-5.980581664035948819e-01,3.798174001640345493e-02,-2.118530605987531512e+00,-4.420399731214023631e-01,0.000000000000000000e+00
1.269609883969410047e-01,-5.113802053394926883e-01,1.020130827583535016e+00,-6.676714713898447562e-02,9.975503207794519933e-02,6.723019651335716829e-02,9.904903746704581957e-01,-5.004883700006331759e-01,-1.429821884110542007e-01,9.566931117337916513e-02,4.653585727349662249e-01,-3.451273067960001772e-01,1.544611324940316222e-01,-2.701362513690055978e-01,-1.136659282851953112e-01,-7.924539431360894462e-03,9.886310400593827374e-01,1.554999263025820533e-01,1.916791782193137950e-01,2.188348560863413172e-01,4.514278289417657519e-01,3.864569149073143750e-01,2.081083033440209867e-03,-1.940846739346644201e+00,5.079034450166571846e-01,2.377216411365446480e-01,-6.035245528219339572e-01,3.857825774766622529e-02,-2.140809170856993404e+00,-4.489823797036167075e-01,0.000000000000000000e+00
1.269609883969410047e-01,-5.113802053394926883e-01,1.021430404643023593e+00,-6.762808690334305706e-02,1.010413394535170789e-01,6.809710714267466769e-02,9.902423307362860916e-01,-5.038691940493909005e-01,-1.448379243163575303e-01,9.691098314492349597e-02,4.651685447141158947e-01,-3.464917321137070960e-01,1.564658512126942680e-01,-2.705273834697112800e-01,-1.151411745845599688e-01,-8.027390370482702375e-03,9.952324559006092697e-01,1.606330370903014948e-01,1.941669421658132610e-01,2.216750678937297048e-01,4.527442395104939177e-01,3.882279606531832683e-01,2.108092974678275368e-03,-1.956951429537594711e+00,5.144954175540685792e-01,2.362644038103649813e-01,-6.081128740203192162e-01,3.907895688272614715e-02,-2.159509131605691135e+00,-4.548096280631760968e-01,0.000000000000000000e+00
1.269609883969410047e-01,-5.113802053394926883e-01,1.022466652767381579e+00,-6.831442196182374582e-02,1.020667745471034449e-01,6.878820213224509650e-02,9.900422700738520376e-01,-5.065649730751359270e-01,-1.463176386873780155e-01,9.790105929484158032e-02,4.650170214329499840e-01,-3.475796885115033930e-01,1.580643605099393278e-01,-2.708392617864091023e-01,-1.163174966806762717e-01,-8.109400969219606597e-03,1.000496249019786177e+00,1.647260428778827279e-01,1.961506188586130406e-01,2.239397771210094035e-01,4.537939102266467795e-01,3.896401453473563592e-01,2.129629982232079596e-03,-1.969792880440322635e+00,5.197516808343686234e-01,2.351024415896775799e-01,-6.117714791034595256e-01,3.947820103357130989e-02,-2.174419982108874994e+00,-4.594561206575715206e-01,0.000000000000000000e+00
1.269609883969410047e-01,-5.113802053394926883e-01,1.023224942571323348e+00,-6.881656950179772247e-02,1.028170199313145350e-01,6.929383220987704595e-02,9.898945928694212748e-01,-5.085376490210340439e-01,-1.474004414388777051e-01,9.862556207748753023e-02,4.649061420436733094e-01,-3.483758166049495952e-01,1.592340931956880978e-01,-2.710674833310984799e-01,-1.171782876733637457e-01,-8.169413430883551430e-03,1.004348107043466110e+00,1.677211600542068692e-01,1.976022034502853408e-01,2.255970114026188134e-01,4.545620222095257401e-01,3.906735322647395536e-01,2.145390004230275476e-03,-1.979189800983259806e+00,5.235980287877175510e-01,2.342521586470098782e-01,-6.144487171760634192e-01,3.977035381218976817e-02,-2.185331216241792163e+00,-4.628562599442938574e-01,0.000000000000000000e+00
1.269609883969410047e-01,-5.113802053394926883e-01,1.023690644669564165e+00,-6.912492513428795948e-02,1.032777259421082533e-01,6.960432637739277784e-02,9.898033611778428442e-01,-5.097491638302512618e-01,-1.480654424856186757e-01,9.907051394721543003e-02,4.648380456984905207e-01,-3.488647570096062855e-01,1.599524820798617630e-01,-2.712076451157791612e-01,-1.177069406624418890e-01,-8.206269958786488114e-03,1.006713717598202162e+00,1.695606050081551186e-01,1.984936910934024246e-01,2.266147983729962512e-01,4.550337565784320915e-01,3.913081846802385355e-01,2.155068988801514627e-03,-1.984960900094838943e+00,5.259602553442759287e-01,2.337299591548891997e-01,-6.160929373428394307e-01,3.994977883056959750e-02,-2.192032327879693376e+00,-4.649444483808339301e-01,0.000000000000000000e+00
1.269609883969410047e-01,-5.113802053394926883e-01,1.023849129676818848e+00,-6.922985642521635452e-02,1.034345010139973153e-01,6.970998539701257768e-02,9.897722207231710589e-01,-5.101614594459533691e-01,-1.482917517423629761e-01,9.922193735837936401e-02,4.648148715496063232e-01,-3.490311503410339355e-01,1.601969599723815918e-01,-2.712553441524505615e-01,-1.178868487477302551e-01,-8.218812756240367889e-03,1.007518768310546875e+00,1.701865941286087036e-01,1.987970769405364990e-01,2.269611656665802002e-01,4.551942944526672363e-01,3.915241658687591553e-01,2.158362884074449539e-03,-1.986924886703491211e+00,5.267641544342041016e-01,2.335522472858428955e-01,-6.166524887084960938e-01,4.001083970069885254e-02,-2.194312810897827148e+00,-4.656550884246826172e-01,0.000000000000000000e+00
1.269609883969410047e-01,-5.113802053394926883e-01,1.023849129676818848e+00,-6.922985642521635452e-02,1.034345010139973015e-01,6.970998539701257768e-02,9.897722207231710589e-01,-5.101614594459533691e-01,-1.482917517423629761e-01,9.922193735837936401e-02,4.648148715496063232e-01,-3.490311503410339355e-01,1.601969599723815918e-01,-2.712553441524505615e-01,-1.178868487477302551e-01,-8.218812756240367889e-03,1.007518768310546875e+00,1.701865941286087036e-01,1.987970769405364990e-01,2.269611656665802002e-01,4.551942944526672363e-01,3.915241658687591553e-01,2.158362884074449539e-03,-1.986924886703491211e+00,5.267641544342041016e-01,2.335522472858428955e-01,-6.166524887084960938e-01,4.001083970069885254e-02,-2.194312810897827148e+00,-4.656550884246826172e-01,0.000000000000000000e+00
1.603857863233352776e-01,-5.108080742547574937e-01,1.005637645721435547e+00,-7.383279317788084273e-02,9.860553836708850495e-02,1.080736239765899415e-01,9.864815042642490761e-01,-5.059899687767028809e-01,-1.642011851072311401e-01,2.039586566388607025e-02,5.798374414443969727e-01,-4.849915504455566406e-01,1.928568184375762939e-01,-3.368263840675354004e-01,-1.488172411918640137e-01,1.532816886901855469e-02,1.143743038177490234e+00,8.110126852989196777e-02,1.489294320344924927e-01,1.859267204999923706e-01,3.986267149448394775e-01,3.655695319175720215e-01,-3.224119916558265686e-02,-1.940251469612121582e+00,5.094235539436340332e-01,2.642830908298492432e-01,-5.887464284896850586e-01,5.530299246311187744e-02,-2.138146877288818359e+00,-4.527633786201477051e-01,0.000000000000000000e+00
1.879938016198917372e-01,-5.105266013314903040e-01,9.900773167610168457e-01,-7.739564791688147150e-02,1.098590055895811574e-01,1.479476694583660157e-01,9.798226368461960822e-01,-5.523256063461303711e-01,-1.937258243560791016e-01,-6.223538145422935486e-02,7.076954841613769531e-01,-5.548406243324279785e-01,1.974863559007644653e-01,-4.789072573184967041e-01,-1.549549698829650879e-01,8.183509111404418945e-02,1.248747825622558594e+00,1.066771987825632095e-02,1.228255182504653931e-01,1.272046118974685669e-01,2.892598807811737061e-01,3.148303627967834473e-01,-7.589972019195556641e-02,-1.873643875122070312e+00,4.771471619606018066e-01,2.629344165325164795e-01,-5.621331334114074707e-01,9.537677466869354248e-02,-2.012355089187622070e+00,-4.492656588554382324e-01,0.000000000000000000e+00
2.187522134143671804e-01,-5.083714835345144456e-01,9.840663671493530273e-01,-8.221700175649501730e-02,1.155612623766571756e-01,1.972296340553887917e-01,9.700445508895265689e-01,-5.468044281005859375e-01,-2.150694578886032104e-01,-1.463909149169921875e-01,7.733229398727416992e-01,-5.903152823448181152e-01,1.904147118330001831e-01,-5.963657498359680176e-01,-1.525461524724960327e-01,1.204105541110038757e-01,1.263285160064697266e+00,-4.484595730900764465e-02,1.282150298357009888e-01,5.309409275650978088e-02,1.699008196592330933e-01,2.958674430847167969e-01,-1.023810058832168579e-01,-1.832248568534851074e+00,4.896211028099060059e-01,2.531682252883911133e-01,-4.901677668094635010e-01,1.244344487786293030e-01,-1.813375711441040039e+00,-3.677336573600769043e-01,0.000000000000000000e+00
2.508366994503336556e-01,-5.030992350217929898e-01,9.851202368736267090e-01,-8.716623219670445455e-02,1.190176798924000440e-01,2.472707416910110700e-01,9.576502598241373176e-01,-4.902369081974029541e-01,-2.197020351886749268e-01,-2.283157557249069214e-01,7.502971887588500977e-01,-6.001422405242919922e-01,1.491801589727401733e-01,-6.887739300727844238e-01,-1.622014641761779785e-01,1.304197013378143311e-01,1.201404571533203125e+00,-8.676083385944366455e-02,1.368877887725830078e-01,-2.152832597494125366e-02,7.833827286958694458e-02,2.869708836078643799e-01,-1.143600121140480042e-01,-1.893444061279296875e+00,5.295509696006774902e-01,2.946639657020568848e-01,-4.410713315010070801e-01,1.038626655936241150e-01,-1.726058244705200195e+00,-3.335663378238677979e-01,0.000000000000000000e+00
2.842544492842327131e-01,-4.940032164039088181e-01,9.920118451118469238e-01,-8.948130197662743091e-02,1.202677236338286632e-01,2.989870589746693175e-01,9.424094172991812624e-01,-4.137117564678192139e-01,-2.148348838090896606e-01,-3.108510673046112061e-01,6.986089944839477539e-01,-5.711677074432373047e-01,1.107909381389617920e-01,-7.519516348838806152e-01,-1.908764392137527466e-01,1.160619109869003296e-01,1.084641218185424805e+00,-1.346468180418014526e-01,1.115825176239013672e-01,-1.018120795488357544e-01,-4.325766582041978836e-03,2.976326644420623779e-01,-1.122062951326370239e-01,-2.015388011932373047e+00,5.583282709121704102e-01,3.700503110885620117e-01,-4.342125058174133301e-01,7.707064598798751831e-02,-1.746001958847045898e+00,-3.460299074649810791e-01,0.000000000000000000e+00
3.199122501432656307e-01,-4.805334958928184075e-01,1.003554880619049072e+00,-8.762301098936428612e-02,1.140738569411089420e-01,3.535219263716158911e-01,9.243006062327553396e-01,-3.148515224456787109e-01,-1.924511492252349854e-01,-3.694955408573150635e-01,6.356083154678344727e-01,-5.143114328384399414e-01,9.049081057310104370e-02,-7.512112855911254883e-01,-2.141040414571762085e-01,1.011127755045890808e-01,9.089927077293395996e-01,-1.321331262588500977e-01,1.088682934641838074e-01,-2.015260607004165649e-01,-3.440477326512336731e-02,3.229025304317474365e-01,-7.683990895748138428e-02,-2.149644613265991211e+00,5.678764581680297852e-01,4.713028371334075928e-01,-4.575465023517608643e-01,5.226325243711471558e-02,-1.819983720779418945e+00,-3.807012736797332764e-01,0.000000000000000000e+00
3.573822320039857781e-01,-4.638441577838490759e-01,1.017310202121734619e+00,-8.681141083987449492e-02,1.040386255207071675e-01,3.962449747231930330e-01,9.080912197320094581e-01,-2.254303842782974243e-01,-1.490913927555084229e-01,-3.846190571784973145e-01,5.930250287055969238e-01,-4.072904586791992188e-01,5.789354816079139709e-02,-7.196243405342102051e-01,-2.000370919704437256e-01,1.330910027027130127e-01,6.983006596565246582e-01,-1.209565997123718262e-01,1.267759501934051514e-01,-2.773034870624542236e-01,-5.574490502476692200e-02,3.498343527317047119e-01,-3.680499270558357239e-02,-2.194799900054931641e+00,6.027293801307678223e-01,5.597440600395202637e-01,-4.656856358051300049e-01,1.325017493218183517e-02,-1.875605702400207520e+00,-3.942158222198486328e-01,0.000000000000000000e+00
3.962641585679473333e-01,-4.445624867492347088e-01,1.029215097427368164e+00,-8.746227217861207714e-02,9.107740887682660991e-02,4.329146890873090681e-01,8.925469895249640295e-01,-1.644486635923385620e-01,-9.113632142543792725e-02,-3.451866209506988525e-01,6.105085015296936035e-01,-3.167116343975067139e-01,3.244683519005775452e-02,-6.718714833259582520e-01,-1.731345653533935547e-01,1.883282661437988281e-01,5.036702752113342285e-01,-1.253830045461654663e-01,1.545595079660415649e-01,-3.413145840167999268e-01,-6.397479772567749023e-02,3.704281747341156006e-01,-3.267396008595824242e-03,-2.194799900054931641e+00,6.127685904502868652e-01,6.170139312744140625e-01,-4.811263978481292725e-01,3.066639881581068039e-03,-1.918791890144348145e+00,-3.779709935188293457e-01,0.000000000000000000e+00
4.347531726330054469e-01,-4.250885646393878226e-01,1.035124301910400391e+00,-8.948326464042456740e-02,7.718308518632580051e-02,4.599612780555231706e-01,8.800404191853586910e-01,-1.545088887214660645e-01,-4.097676649689674377e-02,-2.990580797195434570e-01,7.196368575096130371e-01,-2.658906280994415283e-01,2.992257289588451385e-02,-6.255945563316345215e-01,-1.371491253376007080e-01,2.908785045146942139e-01,3.756387829780578613e-01,-8.476758748292922974e-02,1.718840003013610840e-01,-3.708150684833526611e-01,-4.289689287543296814e-02,3.934266567230224609e-01,2.619442529976367950e-02,-2.194799900054931641e+00,5.804230570793151855e-01,6.336995959281921387e-01,-4.915413856506347656e-01,8.675366640090942383e-03,-1.936667680740356445e+00,-3.892808854579925537e-01,0.000000000000000000e+00
4.718282878176823236e-01,-4.069982262532443329e-01,1.030433237552642822e+00,-8.747779807509295513e-02,6.502077490928576120e-02,4.838899063132350853e-01,8.683147426148526415e-01,-2.097246646881103516e-01,-1.723764650523662567e-02,-2.688380181789398193e-01,9.355525970458984375e-01,-2.547815144062042236e-01,8.024063706398010254e-02,-6.006214022636413574e-01,-1.089073643088340759e-01,3.870348036289215088e-01,3.654557168483734131e-01,-4.116971045732498169e-02,1.899180710315704346e-01,-3.736960589885711670e-01,4.538899287581443787e-03,3.997118175029754639e-01,3.770314529538154602e-02,-2.194799900054931641e+00,5.505759119987487793e-01,6.215159296989440918e-01,-4.988135993480682373e-01,1.317274942994117737e-02,-1.935684561729431152e+00,-4.033023416996002197e-01,0.000000000000000000e+00
5.071477061675863096e-01,-3.900958978475559391e-01,1.013663351535797119e+00,-8.259913268400519148e-02,5.842029300833566363e-02,5.036582243446271479e-01,8.579585337851052262e-01,-2.946155071258544922e-01,-1.157065480947494507e-02,-2.473366111516952515e-01,1.181050181388854980e+00,-3.035220801830291748e-01,1.540543586015701294e-01,-5.919089913368225098e-01,-1.006094217300415039e-01,3.699054121971130371e-01,4.727237820625305176e-01,4.356609191745519638e-03,2.095552831888198853e-01,-3.467738926410675049e-01,5.507422983646392822e-02,3.872106969356536865e-01,3.160749003291130066e-02,-2.194799900054931641e+00,5.524370670318603516e-01,5.931405425071716309e-01,-5.159377455711364746e-01,4.491487052291631699e-03,-1.928639769554138184e+00,-4.229962229728698730e-01,0.000000000000000000e+00
5.389889309007280804e-01,-3.746626601887200203e-01,9.931788444519042969e-01,-8.181609064014966348e-02,5.519034737627692006e-02,5.165829704273321443e-01,8.505305329812227200e-01,-3.776738643646240234e-01,-1.534100342541933060e-02,-2.311363667249679565e-01,1.367141127586364746e+00,-3.779393434524536133e-01,1.736295521259307861e-01,-6.254258155822753906e-01,-8.226406574249267578e-02,3.256567120552062988e-01,6.525912284851074219e-01,-1.268333196640014648e-01,2.168758511543273926e-01,-2.890349328517913818e-01,1.102327331900596619e-01,3.868139684200286865e-01,1.569489389657974243e-02,-2.185992717742919922e+00,5.155125856399536133e-01,5.524860620498657227e-01,-5.267029404640197754e-01,4.495651461184024811e-03,-1.896057963371276855e+00,-4.416191875934600830e-01,0.000000000000000000e+00
5.640035237872773610e-01,-3.596754814787100907e-01,9.754746556282043457e-01,-8.878486465225332580e-02,6.245721372899283586e-02,5.180041091199458769e-01,8.484621896093798021e-01,-5.079789161682128906e-01,-3.151652961969375610e-02,-2.087317705154418945e-01,1.515753388404846191e+00,-4.077573120594024658e-01,2.015651166439056396e-01,-6.874747872352600098e-01,-5.283341184258460999e-02,3.045457005500793457e-01,8.124693036079406738e-01,-2.215385884046554565e-01,1.812001317739486694e-01,-1.935817301273345947e-01,1.155733987689018250e-01,3.852649033069610596e-01,-3.067619726061820984e-02,-2.081374168395996094e+00,4.495440721511840820e-01,4.649128615856170654e-01,-5.153375267982482910e-01,4.008640721440315247e-02,-1.807299733161926270e+00,-4.662340581417083740e-01,0.000000000000000000e+00
5.864796944673514867e-01,-3.402343778104632288e-01,9.675387740135192871e-01,-9.352262302041634834e-02,6.683261045357992425e-02,5.245470834121553905e-01,8.435859638751361800e-01,-6.254287958145141602e-01,-4.072739556431770325e-02,-1.727864742279052734e-01,1.586884379386901855e+00,-4.219743609428405762e-01,2.155240029096603394e-01,-6.775111556053161621e-01,-4.569427296519279480e-02,2.712306976318359375e-01,8.710111975669860840e-01,-2.695604562759399414e-01,1.378364264965057373e-01,-1.020318344235420227e-01,1.358542889356613159e-01,3.463259637355804443e-01,-4.231190308928489685e-02,-1.957496881484985352e+00,4.544730782508850098e-01,3.710973858833312988e-01,-5.173954367637634277e-01,6.070904433727264404e-02,-1.740162253379821777e+00,-3.392716944217681885e-01,0.000000000000000000e+00
6.058832857823049922e-01,-3.173389661864348121e-01,9.670203924179077148e-01,-9.720036135493839713e-02,7.314786217241255051e-02,5.302909646214161166e-01,8.390428909495409870e-01,-7.298687696456909180e-01,-4.253638163208961487e-02,-1.152689382433891296e-01,1.582972288131713867e+00,-4.565312564373016357e-01,2.530677616596221924e-01,-6.442885398864746094e-01,-5.602305382490158081e-02,2.336935698986053467e-01,8.762614727020263672e-01,-3.235902786254882812e-01,7.504764944314956665e-02,-4.455174785107374191e-03,1.733399927616119385e-01,2.954965233802795410e-01,-4.323593154549598694e-02,-1.919228911399841309e+00,4.764169454574584961e-01,2.791434824466705322e-01,-5.000672340393066406e-01,8.733422309160232544e-02,-1.754081845283508301e+00,-3.560811877250671387e-01,0.000000000000000000e+00
6.227183418343720245e-01,-2.900941063934599495e-01,9.741060137748718262e-01,-1.020690958090469669e-01,7.658859878686626044e-02,5.377944126895128907e-01,8.333626196899702743e-01,-8.015967011451721191e-01,-2.892595343291759491e-02,-5.857199802994728088e-02,1.506771564483642578e+00,-4.929936528205871582e-01,2.617993056774139404e-01,-5.567663311958312988e-01,-6.521049141883850098e-02,1.821557134389877319e-01,8.012474775314331055e-01,-3.109160065650939941e-01,1.212053298950195312e-01,9.395854175090789795e-02,2.275663912296295166e-01,3.184470832347869873e-01,-4.308359697461128235e-02,-1.957280397415161133e+00,4.534150063991546631e-01,2.109330445528030396e-01,-4.973741173744201660e-01,6.493992358446121216e-02,-1.861014962196350098e+00,-3.387058079242706299e-01,0.000000000000000000e+00
6.358416411859958428e-01,-2.588216749315823129e-01,9.878563880920410156e-01,-1.010152810458089800e-01,7.609122130824425012e-02,5.531589986076806964e-01,8.234204037394288189e-01,-8.250107169151306152e-01,-5.209570005536079407e-02,-2.672009542584419250e-02,1.349713683128356934e+00,-4.973952174186706543e-01,2.511869966983795166e-01,-4.199850559234619141e-01,-9.665378183126449585e-02,9.720157831907272339e-02,6.701368093490600586e-01,-2.912879288196563721e-01,1.407075375318527222e-01,1.648278832435607910e-01,3.036808371543884277e-01,3.412853479385375977e-01,-2.146960236132144928e-02,-1.999365568161010742e+00,4.494343101978302002e-01,1.824424713850021362e-01,-4.965314865112304688e-01,4.123032558709383011e-03,-2.024789810180664062e+00,-3.831501007080078125e-01,0.000000000000000000e+00
6.462345071327869617e-01,-2.239894474194025764e-01,1.004686951637268066e+00,-9.710811666238237938e-02,7.502166094359306869e-02,5.686786530299927644e-01,8.133549985434054275e-01,-8.088063597679138184e-01,-7.821269333362579346e-02,-4.107706248760223389e-03,1.129459381103515625e+00,-4.941890239715576172e-01,2.275270223617553711e-01,-2.836233079433441162e-01,-1.211710199713706970e-01,2.592669241130352020e-02,5.464973449707031250e-01,-1.981179863214492798e-01,1.285131722688674927e-01,2.160240113735198975e-01,3.830842971801757812e-01,3.395131528377532959e-01,-2.491183811798691750e-03,-2.013896226882934570e+00,4.815740883350372314e-01,1.707136780023574829e-01,-4.974096417427062988e-01,-4.699901118874549866e-02,-2.173037052154541016e+00,-4.415842294692993164e-01,0.000000000000000000e+00
6.544140016289211603e-01,-1.890803953258130554e-01,1.022759437561035156e+00,-9.528008523421560572e-02,6.946143441999023949e-02,5.825317625838158930e-01,8.042098980161030974e-01,-7.441526651382446289e-01,-8.005885779857635498e-02,4.109149426221847534e-02,8.483529686927795410e-01,-4.755204021930694580e-01,1.711448431015014648e-01,-1.848215311765670776e-01,-1.279606372117996216e-01,-3.229305893182754517e-02,4.905573427677154541e-01,-5.304503440856933594e-02,1.151361539959907532e-01,2.585168480873107910e-01,4.471228420734405518e-01,3.381462693214416504e-01,1.204917673021554947e-02,-2.014327526092529297e+00,5.115142464637756348e-01,1.232170090079307556e-01,-5.023936033248901367e-01,-5.418753623962402344e-02,-2.194799900054931641e+00,-4.342595040798187256e-01,0.000000000000000000e+00
6.616973890820494475e-01,-1.537998280498250325e-01,1.036960124969482422e+00,-9.492766557973036923e-02,6.564571875505940957e-02,5.967793115219319766e-01,7.940616041946136905e-01,-6.646813750267028809e-01,-8.824731409549713135e-02,1.010450199246406555e-01,5.787438750267028809e-01,-4.422248601913452148e-01,1.219694986939430237e-01,-1.485177576541900635e-01,-1.365026384592056274e-01,-8.291034400463104248e-02,5.305222272872924805e-01,7.904487848281860352e-02,1.259332746267318726e-01,2.815458774566650391e-01,4.806403815746307373e-01,3.320532143115997314e-01,2.968800812959671021e-02,-1.994851827621459961e+00,4.891012310981750488e-01,9.607566893100738525e-02,-4.993982315063476562e-01,-4.740136116743087769e-02,-2.194799900054931641e+00,-4.083851575851440430e-01,0.000000000000000000e+00
6.681379874472354041e-01,-1.185534855812599014e-01,1.043797850608825684e+00,-9.086011153730366718e-02,6.407006210771293286e-02,6.166219049595187407e-01,7.793695488002060356e-01,-5.954746007919311523e-01,-1.178856045007705688e-01,1.406416296958923340e-01,4.064701199531555176e-01,-3.984169363975524902e-01,1.262006610631942749e-01,-1.751611083745956421e-01,-1.489051431417465210e-01,-5.742006748914718628e-02,6.585183739662170410e-01,1.779947727918624878e-01,1.457363963127136230e-01,2.705004215240478516e-01,4.807048141956329346e-01,3.108133077621459961e-01,2.730107307434082031e-02,-1.947256922721862793e+00,4.731703698635101318e-01,1.225818842649459839e-01,-4.974155426025390625e-01,-3.142604604363441467e-02,-2.194799900054931641e+00,-4.170573055744171143e-01,0.000000000000000000e+00
6.753955199589150027e-01,-8.314759737890178859e-02,1.039891302585601807e+00,-8.717198513673660165e-02,5.977051299182063043e-02,6.377042006428323973e-01,7.629953363333890071e-01,-5.608573555946350098e-01,-1.402938663959503174e-01,1.356413513422012329e-01,3.881143629550933838e-01,-3.241528570652008057e-01,1.624138951301574707e-01,-2.419615089893341064e-01,-1.468221247196197510e-01,1.223865523934364319e-02,8.503884673118591309e-01,1.974187046289443970e-01,1.509921401739120483e-01,2.382071167230606079e-01,4.597851634025573730e-01,2.967433631420135498e-01,1.580387353897094727e-02,-1.895628094673156738e+00,4.143447279930114746e-01,1.741632521152496338e-01,-5.019274950027465820e-01,-1.246318500488996506e-02,-2.194799900054931641e+00,-4.307576715946197510e-01,0.000000000000000000e+00
6.835748381717359212e-01,-4.709561674487350996e-02,1.025908946990966797e+00,-8.541929631695542591e-02,5.047962281333886331e-02,6.570530476144771370e-01,7.472861862217626827e-01,-5.390363931655883789e-01,-1.538720875978469849e-01,7.480546832084655762e-02,4.699116349220275879e-01,-3.552428781986236572e-01,1.864487677812576294e-01,-3.061381280422210693e-01,-1.646275520324707031e-01,3.526697680354118347e-02,1.033648252487182617e+00,1.351915746927261353e-01,1.122028976678848267e-01,2.004318088293075562e-01,4.297025501728057861e-01,2.968152165412902832e-01,3.653850173577666283e-03,-1.861543297767639160e+00,3.826637864112854004e-01,2.302872240543365479e-01,-5.019134879112243652e-01,4.414972383528947830e-03,-2.181410551071166992e+00,-4.058385789394378662e-01,0.000000000000000000e+00
6.903212743864854950e-01,-1.371883910201894020e-02,1.007740139961242676e+00,-8.460172165922666410e-02,4.251349235857249109e-02,6.768934389115756067e-01,7.299660430583285731e-01,-5.391137003898620605e-01,-1.694454252719879150e-01,2.210845850640907884e-04,5.911484956741333008e-01,-4.734006524085998535e-01,2.087509036064147949e-01,-3.792275488376617432e-01,-1.874100565910339355e-01,5.396883189678192139e-02,1.172991156578063965e+00,4.454500600695610046e-02,7.775557041168212891e-02,1.544409245252609253e-01,3.756217956542968750e-01,2.907137572765350342e-01,-1.102497894316911697e-02,-1.822364449501037598e+00,3.843856453895568848e-01,2.520859241485595703e-01,-5.046228170394897461e-01,3.397713601589202881e-02,-2.070673942565917969e+00,-3.848240375518798828e-01,0.000000000000000000e+00
6.991015896928725049e-01,1.559586502387806488e-02,9.962198734283447266e-01,-9.127368785803827156e-02,3.715735327745788019e-02,6.987233593572372836e-01,7.085718820915382077e-01,-5.577891469001770020e-01,-1.661081016063690186e-01,-4.193186387419700623e-02,7.098883390426635742e-01,-5.346746444702148438e-01,1.708803474903106689e-01,-4.822961091995239258e-01,-1.785430163145065308e-01,7.724258303642272949e-02,1.248198270797729492e+00,-4.354611039161682129e-02,5.894908308982849121e-02,9.022313356399536133e-02,2.865265011787414551e-01,2.987151145935058594e-01,-3.436971828341484070e-02,-1.790310740470886230e+00,3.842256367206573486e-01,2.508209943771362305e-01,-4.798372685909271240e-01,9.403053671121597290e-02,-1.906710863113403320e+00,-3.504043221473693848e-01,0.000000000000000000e+00
7.027436158554175583e-01,4.866566588728380577e-02,9.912606477737426758e-01,-9.259660234063719908e-02,3.517549395884791291e-02,7.227903670602147113e-01,6.839317503557507116e-01,-5.247421264648437500e-01,-1.809033751487731934e-01,-8.488917350769042969e-02,7.544911503791809082e-01,-5.783935189247131348e-01,1.744583994150161743e-01,-5.720313191413879395e-01,-1.681026965379714966e-01,1.155130863189697266e-01,1.243685126304626465e+00,-8.723947405815124512e-02,8.000247925519943237e-02,1.789719425141811371e-02,2.015170902013778687e-01,3.009626865386962891e-01,-3.989303857088088989e-02,-1.816397190093994141e+00,4.209866225719451904e-01,2.763688266277313232e-01,-4.340217113494873047e-01,9.270589053630828857e-02,-1.761246323585510254e+00,-3.139808475971221924e-01,0.000000000000000000e+00
7.022796206761148241e-01,8.209642885876293483e-02,9.907432794570922852e-01,-9.643755627769838579e-02,4.260067528005962584e-02,7.467079406975682954e-01,6.567436573763508756e-01,-4.688228964805603027e-01,-2.005289942026138306e-01,-1.226861923933029175e-01,7.194332480430603027e-01,-6.033002138137817383e-01,1.556899547576904297e-01,-6.728776097297668457e-01,-1.752592176198959351e-01,1.492185890674591064e-01,1.183553457260131836e+00,-1.260811984539031982e-01,1.361537724733352661e-01,-5.743851885199546814e-02,1.026935577392578125e-01,2.859323024749755859e-01,-5.017877742648124695e-02,-1.899021148681640625e+00,5.424963831901550293e-01,3.191312551498413086e-01,-4.380515515804290771e-01,7.431291043758392334e-02,-1.733972311019897461e+00,-2.957061231136322021e-01,0.000000000000000000e+00
7.030920140485905634e-01,1.172315725936675518e-01,1.000189304351806641e+00,-9.782096535025562589e-02,3.943243872083357360e-02,7.709618802552291594e-01,6.280875103899086209e-01,-3.773985505104064941e-01,-1.933564841747283936e-01,-1.858807057142257690e-01,6.469449996948242188e-01,-5.617510080337524414e-01,1.103625446557998657e-01,-7.104097604751586914e-01,-1.901717931032180786e-01,1.277105361223220825e-01,1.042779564857482910e+00,-1.575784087181091309e-01,1.344561874866485596e-01,-1.370770782232284546e-01,3.516713529825210571e-02,3.151839673519134521e-01,-2.426858805119991302e-02,-2.043980598449707031e+00,5.267922878265380859e-01,3.949108421802520752e-01,-4.520834088325500488e-01,5.523131042718887329e-02,-1.785961627960205078e+00,-2.947118580341339111e-01,0.000000000000000000e+00
7.010405383462443574e-01,1.547522271997243404e-01,1.014582276344299316e+00,-9.409605818325385285e-02,3.278900237128037215e-02,7.969062628004134341e-01,5.958281811624458468e-01,-2.624486684799194336e-01,-1.729555577039718628e-01,-2.459555566310882568e-01,5.569705367088317871e-01,-4.945175945758819580e-01,9.391386061906814575e-02,-6.872511506080627441e-01,-2.100091725587844849e-01,7.853715121746063232e-02,8.419730067253112793e-01,-1.541458964347839355e-01,1.233903169631958008e-01,-2.288424223661422729e-01,1.497773453593254089e-02,3.504517078399658203e-01,2.981851063668727875e-02,-2.179491758346557617e+00,5.277976989746093750e-01,4.807867109775543213e-01,-4.725728332996368408e-01,2.745140902698040009e-02,-1.851834416389465332e+00,-3.193288743495941162e-01,0.000000000000000000e+00
6.975881941368375916e-01,1.936689985366761013e-01,1.030081629753112793e+00,-9.011242293190402375e-02,2.318128339182923270e-02,8.188589508576417098e-01,5.664030348912085788e-01,-1.598154157400131226e-01,-1.273987591266632080e-01,-2.312243282794952393e-01,4.906015098094940186e-01,-3.997957110404968262e-01,4.044424369931221008e-02,-6.350799202919006348e-01,-1.967979073524475098e-01,5.788685008883476257e-02,6.167743802070617676e-01,-1.221837475895881653e-01,1.263336539268493652e-01,-3.071359395980834961e-01,-1.529896724969148636e-02,3.563866913318634033e-01,5.368104577064514160e-02,-2.194799900054931641e+00,6.023100018501281738e-01,5.538827776908874512e-01,-4.782022833824157715e-01,1.118549518287181854e-02,-1.895814657211303711e+00,-3.408019542694091797e-01,0.000000000000000000e+00
6.937036282492957673e-01,2.331942061370436692e-01,1.043679654598236084e+00,-8.825748760046578378e-02,1.302696605387106826e-02,8.354042064677223989e-01,5.423474217269960151e-01,-1.142904385924339294e-01,-7.708315551280975342e-02,-1.932765245437622070e-01,5.253956913948059082e-01,-3.183638751506805420e-01,3.048065491020679474e-02,-5.809793472290039062e-01,-1.569946110248565674e-01,9.075783938169479370e-02,4.090350866317749023e-01,-1.018732488155364990e-01,1.531220078468322754e-01,-3.546720147132873535e-01,-2.562886290252208710e-02,3.453544080257415771e-01,6.650696694850921631e-02,-2.194799900054931641e+00,6.268816590309143066e-01,5.966990590095520020e-01,-4.693565070629119873e-01,-1.477393554523587227e-03,-1.912978768348693848e+00,-3.120068311691284180e-01,0.000000000000000000e+00
6.899574948491860038e-01,2.714320187365883985e-01,1.049469828605651855e+00,-8.713269100916261334e-02,4.958280926630171705e-03,8.456799309180316193e-01,5.265061861462102533e-01,-1.338858753442764282e-01,-3.804924339056015015e-02,-1.472150087356567383e-01,6.617429852485656738e-01,-2.661876976490020752e-01,3.339597582817077637e-02,-5.505120158195495605e-01,-1.050077453255653381e-01,2.130790203809738159e-01,2.898517549037933350e-01,-5.275351926684379578e-02,1.866356879472732544e-01,-3.633030056953430176e-01,-9.798038750886917114e-03,3.352431356906890869e-01,6.360208988189697266e-02,-2.194799900054931641e+00,6.207941770553588867e-01,6.031867861747741699e-01,-4.673355221748352051e-01,-3.668785328045487404e-03,-1.910048484802246094e+00,-2.938320636749267578e-01,0.000000000000000000e+00
6.861682504208231892e-01,3.092835133564595940e-01,1.044508576393127441e+00,-8.137734517380869337e-02,-2.253967833523489329e-03,8.545712089628977326e-01,5.129139266321004476e-01,-1.970584392547607422e-01,-1.459288503974676132e-02,-1.309631019830703735e-01,8.777763843536376953e-01,-2.482353448867797852e-01,7.079049199819564819e-02,-5.348816514015197754e-01,-6.483666598796844482e-02,3.159766495227813721e-01,2.864695489406585693e-01,-4.168680310249328613e-02,1.957490742206573486e-01,-3.526302278041839600e-01,3.483237326145172119e-02,3.390491604804992676e-01,6.085795536637306213e-02,-2.194799900054931641e+00,5.693065524101257324e-01,5.840201377868652344e-01,-4.669677913188934326e-01,-4.009285941720008850e-03,-1.896402001380920410e+00,-3.009318113327026367e-01,0.000000000000000000e+00
6.812903534956714635e-01,3.458076387237181137e-01,1.028686165809631348e+00,-7.285142557431624477e-02,-3.347612246104581402e-03,8.630598272988431185e-01,4.998091613675471057e-01,-2.607502639293670654e-01,-1.004530116915702820e-02,-1.235223487019538879e-01,1.080586194992065430e+00,-2.706047296524047852e-01,1.251791864633560181e-01,-5.249192118644714355e-01,-5.220120027661323547e-02,3.478716909885406494e-01,3.763722479343414307e-01,1.293655298650264740e-02,2.122947275638580322e-01,-3.238911926746368408e-01,8.511123061180114746e-02,3.352166414260864258e-01,4.509828239679336548e-02,-2.194799900054931641e+00,5.450373888015747070e-01,5.471867918968200684e-01,-4.722860753536224365e-01,-5.818538367748260498e-03,-1.872726917266845703e+00,-3.064458668231964111e-01,0.000000000000000000e+00
6.765787602877493256e-01,3.785914729450466365e-01,1.008063137531280518e+00,-7.034964397952170323e-02,-4.326062991920731626e-03,8.688587335860415983e-01,4.900170546442282893e-01,-3.434196412563323975e-01,4.257209133356809616e-03,-1.163191720843315125e-01,1.255618929862976074e+00,-3.449762761592864990e-01,1.614343822002410889e-01,-5.617966651916503906e-01,-4.252727329730987549e-02,3.166809678077697754e-01,5.437235832214355469e-01,-7.148432731628417969e-02,1.894378066062927246e-01,-2.774091362953186035e-01,1.401334553956985474e-01,3.377595543861389160e-01,2.643419802188873291e-02,-2.168726444244384766e+00,5.466864109039306641e-01,4.907288253307342529e-01,-4.801295697689056396e-01,-1.923950738273561001e-03,-1.823983669281005859e+00,-2.927190363407135010e-01,0.000000000000000000e+00
6.704093355814916277e-01,4.055002504053035750e-01,9.884513616561889648e-01,-7.888741754234343539e-02,-5.908518589232830687e-04,8.692148731612540091e-01,4.881003283371626589e-01,-4.724234044551849365e-01,-3.050881205126643181e-03,-1.238914728164672852e-01,1.395980834960937500e+00,-4.134065210819244385e-01,1.941988468170166016e-01,-6.343008279800415039e-01,-1.206197962164878845e-02,3.109671175479888916e-01,7.211055159568786621e-01,-1.753519177436828613e-01,1.945425271987915039e-01,-1.956459432840347290e-01,1.383450031280517578e-01,3.412147760391235352e-01,-1.229601074010133743e-02,-2.053664922714233398e+00,4.808221161365509033e-01,4.019043743610382080e-01,-4.732815027236938477e-01,5.089560523629188538e-03,-1.736072540283203125e+00,-2.093000262975692749e-01,0.000000000000000000e+00
6.601113531979648785e-01,4.314720968846104676e-01,9.778316020965576172e-01,-8.529356746741108275e-02,4.801502349690414673e-03,8.710318298647962143e-01,4.837411542201601744e-01,-5.978309512138366699e-01,-1.584930531680583954e-02,-1.156901046633720398e-01,1.469245314598083496e+00,-4.449610114097595215e-01,2.284505069255828857e-01,-6.545420885086059570e-01,-9.585097432136535645e-03,2.946118414402008057e-01,8.112786412239074707e-01,-2.371134608983993530e-01,1.490740776062011719e-01,-1.146635785698890686e-01,1.538765132427215576e-01,3.201248347759246826e-01,-4.062410816550254822e-02,-1.953312873840332031e+00,4.701725840568542480e-01,3.086481392383575439e-01,-4.800284504890441895e-01,5.238585546612739563e-02,-1.685069441795349121e+00,-2.116970568895339966e-01,0.000000000000000000e+00
6.495921640104147521e-01,4.592371328448457413e-01,9.796006083488464355e-01,-8.982715916173808490e-02,1.289552548535854992e-03,8.753228077283801145e-01,4.751204066356881084e-01,-6.825865507125854492e-01,1.983103901147842407e-02,-7.187245041131973267e-02,1.446949481964111328e+00,-4.800094068050384521e-01,2.275163978338241577e-01,-6.070390939712524414e-01,-1.421037875115871429e-02,2.451351583003997803e-01,8.147448897361755371e-01,-2.895337939262390137e-01,7.375870645046234131e-02,-3.387099504470825195e-02,2.060517072677612305e-01,3.122772276401519775e-01,-5.328323319554328918e-02,-1.941346168518066406e+00,5.269279479980468750e-01,2.486624717712402344e-01,-4.937220811843872070e-01,6.385938078165054321e-02,-1.752938032150268555e+00,-1.488846689462661743e-01,0.000000000000000000e+00
6.318393426087468567e-01,4.848418981898814373e-01,9.860443472862243652e-01,-9.449029068759842720e-02,3.048670159331301477e-04,8.802552934299728848e-01,4.649968929040151355e-01,-7.496522068977355957e-01,2.579572610557079315e-02,-3.099733777344226837e-02,1.370182633399963379e+00,-5.144066214561462402e-01,2.617993652820587158e-01,-5.270929336547851562e-01,-3.233838453888893127e-02,1.945167779922485352e-01,7.562381029129028320e-01,-2.948846817016601562e-01,1.084435656666755676e-01,4.568095132708549500e-02,2.664686739444732666e-01,3.146291077136993408e-01,-3.951369971036911011e-02,-1.991970062255859375e+00,5.522480010986328125e-01,2.029801011085510254e-01,-4.778189957141876221e-01,3.696790337562561035e-02,-1.870023608207702637e+00,-1.930190175771713257e-01,0.000000000000000000e+00
6.082500079526180770e-01,5.111802406838877877e-01,9.972568750381469727e-01,-9.794866321162647160e-02,-4.584099977646208246e-04,8.882568507886924314e-01,4.487823707124466432e-01,-7.701672911643981934e-01,1.619211398065090179e-02,8.350986056029796600e-03,1.215907335281372070e+00,-5.290970802307128906e-01,2.617999911308288574e-01,-4.166213572025299072e-01,-6.221663579344749451e-02,1.213705688714981079e-01,6.586841940879821777e-01,-2.662939131259918213e-01,9.791272133588790894e-02,1.042318046092987061e-01,3.475883305072784424e-01,3.190549910068511963e-01,-1.300868019461631775e-02,-2.058354377746582031e+00,5.765637159347534180e-01,1.873073726892471313e-01,-4.962326288223266602e-01,5.146107170730829239e-03,-2.022090911865234375e+00,-2.887890934944152832e-01,0.000000000000000000e+00
5.816902146286431208e-01,5.345070151179499574e-01,1.013642966747283936e+00,-9.545780195658912226e-02,-1.373875681841336960e-03,9.005782628069146645e-01,4.240810218235511186e-01,-7.234393954277038574e-01,-1.310223340988159180e-02,5.994874238967895508e-02,9.668699502944946289e-01,-5.055170059204101562e-01,2.140538841485977173e-01,-2.840957641601562500e-01,-9.496315568685531616e-02,3.118169493973255157e-02,5.460722446441650391e-01,-1.840387582778930664e-01,1.067154407501220703e-01,1.355307400226593018e-01,4.319318830966949463e-01,3.208061158657073975e-01,1.135421078652143478e-02,-2.105929374694824219e+00,6.248033642768859863e-01,2.048110514879226685e-01,-5.301204323768615723e-01,-3.822929412126541138e-02,-2.150105237960815430e+00,-3.119481205940246582e-01,0.000000000000000000e+00
5.534885939090429252e-01,5.578289224592500872e-01,1.029968142509460449e+00,-9.072479242436674862e-02,-7.158171254041556519e-03,9.096540691645338406e-01,4.052742862263274404e-01,-6.388509869575500488e-01,-3.458178415894508362e-02,1.050706133246421814e-01,6.918613910675048828e-01,-4.630951583385467529e-01,1.484176069498062134e-01,-1.802195757627487183e-01,-1.026622727513313293e-01,-2.410411834716796875e-02,4.906830191612243652e-01,-4.426973685622215271e-02,1.251898407936096191e-01,1.691760122776031494e-01,5.048608183860778809e-01,3.324194550514221191e-01,3.352301195263862610e-02,-2.116894245147705078e+00,6.042203903198242188e-01,2.203337401151657104e-01,-5.451824069023132324e-01,-5.645421147346496582e-02,-2.194799900054931641e+00,-3.014924228191375732e-01,0.000000000000000000e+00
5.252113423088297095e-01,5.801122582809876693e-01,1.041781187057495117e+00,-9.225928740959385421e-02,-1.170132598013754605e-02,9.188911184920427466e-01,3.833932905169615823e-01,-5.648280382156372070e-01,-5.353250727057456970e-02,1.636935323476791382e-01,4.620080590248107910e-01,-4.115160703659057617e-01,1.108865886926651001e-01,-1.440816223621368408e-01,-1.045684963464736938e-01,-5.537566170096397400e-02,5.215629339218139648e-01,8.137705177068710327e-02,1.466536372900009155e-01,1.761827468872070312e-01,5.372442603111267090e-01,3.333154916763305664e-01,5.128918215632438660e-02,-2.090457439422607422e+00,5.618454813957214355e-01,2.247272133827209473e-01,-5.474866032600402832e-01,-4.494706168770790100e-02,-2.194799900054931641e+00,-3.334003686904907227e-01,0.000000000000000000e+00
4.973344069849631732e-01,5.999330432651985845e-01,1.046652615070343018e+00,-8.944417574862027764e-02,-1.473611249713601551e-02,9.283268469100850462e-01,3.605438277367973288e-01,-5.008708238601684570e-01,-7.528372853994369507e-02,2.334645092487335205e-01,3.523707687854766846e-01,-3.594527244567871094e-01,1.296969205141067505e-01,-1.667307317256927490e-01,-1.119524911046028137e-01,-3.556510061025619507e-02,6.490418910980224609e-01,1.718113124370574951e-01,1.725257486104965210e-01,1.593378335237503052e-01,5.422738790512084961e-01,3.098889291286468506e-01,5.206577479839324951e-02,-2.025194644927978516e+00,5.243884325027465820e-01,2.567962408065795898e-01,-5.501522421836853027e-01,-2.680531889200210571e-02,-2.194799900054931641e+00,-3.321173787117004395e-01,0.000000000000000000e+00
4.685440038045302069e-01,6.198483978509244929e-01,1.041062355041503906e+00,-8.392718187080443204e-02,-2.090840298783730108e-02,9.373940460016837450e-01,3.373595549978040120e-01,-4.611722826957702637e-01,-9.784891456365585327e-02,2.142923474311828613e-01,3.584195673465728760e-01,-3.132612407207489014e-01,1.600369513034820557e-01,-2.223111838102340698e-01,-1.204848587512969971e-01,2.388466236880049109e-04,8.369870781898498535e-01,1.928134709596633911e-01,1.645522415637969971e-01,1.345054656267166138e-01,5.242740511894226074e-01,3.000769317150115967e-01,3.698455914855003357e-02,-1.957014441490173340e+00,4.849018156528472900e-01,2.947182059288024902e-01,-5.452634096145629883e-01,3.275034949183464050e-03,-2.178497552871704102e+00,-3.135206103324890137e-01,0.000000000000000000e+00
4.408719889567822015e-01,6.399029628577180828e-01,1.025991618633270264e+00,-7.638488141571521395e-02,-2.685776617240984501e-02,9.457544466003604544e-01,3.146307947785487724e-01,-4.469949603080749512e-01,-1.199424192309379578e-01,1.207456961274147034e-01,4.478086531162261963e-01,-3.736665248870849609e-01,1.965304315090179443e-01,-2.877551913261413574e-01,-1.595860570669174194e-01,1.546267420053482056e-02,1.030522346496582031e+00,1.289194971323013306e-01,1.163969635963439941e-01,1.121597662568092346e-01,4.879554808139801025e-01,3.070999085903167725e-01,1.533402781933546066e-02,-1.906140685081481934e+00,4.242128729820251465e-01,3.203940689563751221e-01,-5.407010316848754883e-01,3.995220363140106201e-02,-2.110041141510009766e+00,-3.071976006031036377e-01,0.000000000000000000e+00
4.160861190706678370e-01,6.572846993381199487e-01,1.006617784500122070e+00,-7.712895739809746964e-02,-3.086070541659925032e-02,9.535916034515966588e-01,2.894162998493439165e-01,-4.774203300476074219e-01,-1.343672424554824829e-01,4.932894185185432434e-02,5.916135907173156738e-01,-5.048346519470214844e-01,2.251015007495880127e-01,-3.806691169738769531e-01,-1.877418160438537598e-01,4.916931316256523132e-02,1.183212280273437500e+00,2.728040516376495361e-02,7.672771811485290527e-02,8.183905482292175293e-02,4.231159090995788574e-01,2.990386486053466797e-01,-7.214655168354511261e-03,-1.869277477264404297e+00,4.643262624740600586e-01,3.306789994239807129e-01,-5.225199460983276367e-01,6.946154683828353882e-02,-2.011494636535644531e+00,-3.199215829372406006e-01,0.000000000000000000e+00
3.966046575687767750e-01,6.708378127727115947e-01,9.912340044975280762e-01,-9.304490568634389558e-02,-2.838996832636568948e-02,9.601432929917241843e-01,2.620334179971238187e-01,-5.452980995178222656e-01,-1.603583246469497681e-01,-7.129741832613945007e-03,7.253986001014709473e-01,-5.696468353271484375e-01,2.312283813953399658e-01,-5.455290079116821289e-01,-1.926580965518951416e-01,1.036998778581619263e-01,1.294432282447814941e+00,-5.840770900249481201e-02,6.396745145320892334e-02,3.688649460673332214e-02,3.003135323524475098e-01,2.861950397491455078e-01,-2.474451810121536255e-02,-1.846019983291625977e+00,4.835760295391082764e-01,3.043096065521240234e-01,-4.990695416927337646e-01,9.047938138246536255e-02,-1.872287750244140625e+00,-3.202829062938690186e-01,0.000000000000000000e+00
3.719234049006074905e-01,6.852018268097042064e-01,9.879741668701171875e-01,-1.017312999070033031e-01,-2.904079629755576195e-02,9.681262481584537172e-01,2.270218984949941288e-01,-5.280764698982238770e-01,-1.824900209903717041e-01,-6.208932772278785706e-02,7.503868937492370605e-01,-6.003580093383789062e-01,2.302351295948028564e-01,-6.544389724731445312e-01,-1.729671061038970947e-01,1.414555013179779053e-01,1.292051792144775391e+00,-8.059848099946975708e-02,7.875259965658187866e-02,-1.967490278184413910e-02,1.957350820302963257e-01,2.935439944267272949e-01,-3.759469464421272278e-02,-1.888386368751525879e+00,4.980287253856658936e-01,3.175035417079925537e-01,-4.483524262905120850e-01,8.718662708997726440e-02,-1.772783517837524414e+00,-3.085477054119110107e-01,0.000000000000000000e+00
3.434073366361036217e-01,6.992040630136460155e-01,9.915760159492492676e-01,-1.103525176478946657e-01,-3.063783425236450697e-02,9.770159920117976737e-01,1.797870860609809829e-01,-4.729247391223907471e-01,-2.003265172243118286e-01,-1.376748383045196533e-01,7.110416889190673828e-01,-5.899887084960937500e-01,1.836366504430770874e-01,-7.211199998855590820e-01,-1.680338829755783081e-01,1.319761425256729126e-01,1.202741861343383789e+00,-1.075858473777770996e-01,1.149789243936538696e-01,-9.414337575435638428e-02,9.068138897418975830e-02,2.996164858341217041e-01,-3.324146196246147156e-02,-1.984898447990417480e+00,5.292540192604064941e-01,3.512295782566070557e-01,-4.246253669261932373e-01,6.070126965641975403e-02,-1.783792257308959961e+00,-3.100794851779937744e-01,0.000000000000000000e+00
3.117500408740975781e-01,7.120819292939171152e-01,1.002372384071350098e+00,-1.117905639865612866e-01,-3.318208734094770657e-02,9.858078792086524267e-01,1.207669001564722344e-01,-3.742945492267608643e-01,-2.029662132263183594e-01,-2.180971801280975342e-01,6.235259771347045898e-01,-5.416973829269409180e-01,1.327837109565734863e-01,-7.321215271949768066e-01,-1.837396323680877686e-01,8.429352939128875732e-02,1.047403097152709961e+00,-1.433317810297012329e-01,1.103012859821319580e-01,-2.016498148441314697e-01,2.534292638301849365e-02,3.044680058956146240e-01,-6.502070464193820953e-03,-2.100847005844116211e+00,5.329834818840026855e-01,4.135183990001678467e-01,-4.265102744102478027e-01,4.012675583362579346e-02,-1.847396135330200195e+00,-3.256735503673553467e-01,0.000000000000000000e+00
2.794203827048930000e-01,7.229730258178820312e-01,1.016535758972167969e+00,-1.094633142393258013e-01,-3.498561243129891946e-02,9.906961003722591919e-01,7.290422803753049408e-02,-2.673113942146301270e-01,-1.833823770284652710e-01,-2.587632536888122559e-01,5.236139297485351562e-01,-4.523193538188934326e-01,8.160053938627243042e-02,-7.141053676605224609e-01,-1.866251528263092041e-01,5.271955579519271851e-02,8.411540985107421875e-01,-1.332810372114181519e-01,1.057346090674400330e-01,-2.868110239505767822e-01,-9.752800688147544861e-03,2.973302006721496582e-01,3.589639440178871155e-02,-2.186835765838623047e+00,5.360171794891357422e-01,4.856325387954711914e-01,-4.320975542068481445e-01,1.058940496295690536e-02,-1.909397721290588379e+00,-3.295188546180725098e-01,0.000000000000000000e+00
2.436162393487588951e-01,7.325099549692820622e-01,1.031229019165039062e+00,-1.042992567990669722e-01,-3.738276198203959594e-02,9.933657923361770559e-01,3.079929794777170118e-02,-1.707306355237960815e-01,-1.509689241647720337e-01,-2.533553540706634521e-01,4.565000236034393311e-01,-3.503196835517883301e-01,3.861498460173606873e-02,-6.757950782775878906e-01,-1.665379405021667480e-01,6.424987316131591797e-02,6.167836189270019531e-01,-1.047994047403335571e-01,1.083097904920578003e-01,-3.453870415687561035e-01,-6.168523803353309631e-02,2.909205853939056396e-01,3.455301374197006226e-02,-2.194799900054931641e+00,5.640058517456054688e-01,5.603682994842529297e-01,-4.384902715682983398e-01,-1.519194152206182480e-02,-1.942843556404113770e+00,-3.316425383090972900e-01,0.000000000000000000e+00
2.062721268240999828e-01,7.412616114279506618e-01,1.043645799160003662e+00,-9.567196070668176899e-02,-4.615056653217652211e-02,9.943340176248702811e-01,-4.106401987450381853e-03,-9.619106352329254150e-02,-1.004716381430625916e-01,-2.088184058666229248e-01,4.465178251266479492e-01,-2.535663843154907227e-01,-7.850168272852897644e-03,-6.219145655632019043e-01,-1.287259906530380249e-01,1.070698127150535583e-01,4.165914654731750488e-01,-9.072170406579971313e-02,1.345389038324356079e-01,-3.823350667953491211e-01,-8.332245796918869019e-02,3.001804649829864502e-01,4.143040254712104797e-02,-2.194799900054931641e+00,5.468632578849792480e-01,6.140590310096740723e-01,-4.376345872879028320e-01,-2.400925569236278534e-02,-1.954958558082580566e+00,-3.383187353610992432e-01,0.000000000000000000e+00
1.684546503115306459e-01,7.499723134139231195e-01,1.049926638603210449e+00,-8.906657853972244077e-02,-5.389521025183525993e-02,9.940185603539799519e-01,-3.300837122517580324e-02,-9.201592206954956055e-02,-6.026080623269081116e-02,-1.627624183893203735e-01,5.507279038429260254e-01,-2.073072195053100586e-01,-9.609087370336055756e-03,-5.846161842346191406e-01,-9.278272837400436401e-02,1.833330839872360229e-01,2.844343185424804688e-01,-6.802466511726379395e-02,1.513887345790863037e-01,-3.970206975936889648e-01,-7.153320312500000000e-02,3.130555152893066406e-01,4.117511212825775146e-02,-2.194799900054931641e+00,5.249705314636230469e-01,6.272640824317932129e-01,-4.464555978775024414e-01,-1.853336766362190247e-02,-1.950367808341979980e+00,-3.150266706943511963e-01,0.000000000000000000e+00
1.315080915433449460e-01,7.585079748981924386e-01,1.046757578849792480e+00,-7.818328452061436284e-02,-5.809651981220600309e-02,9.933709505993878475e-01,-6.104361483846838105e-02,-1.469481438398361206e-01,-3.409527242183685303e-02,-1.453250050544738770e-01,7.731329202651977539e-01,-1.949851810932159424e-01,2.512003108859062195e-02,-5.673397183418273926e-01,-6.650205701589584351e-02,2.639587521553039551e-01,2.684053778648376465e-01,-6.295469403266906738e-02,1.552865654230117798e-01,-3.998406231403350830e-01,-2.225557528436183929e-02,3.231318295001983643e-01,3.872005268931388855e-02,-2.194799900054931641e+00,5.141766667366027832e-01,6.125390529632568359e-01,-4.725813567638397217e-01,-1.061489246785640717e-02,-1.930959463119506836e+00,-2.969833016395568848e-01,0.000000000000000000e+00
9.652658995732477099e-02,7.659991145256798140e-01,1.031777024269104004e+00,-6.836456810445032395e-02,-5.728055274365738414e-02,9.924027181997133740e-01,-8.474708853461211666e-02,-2.377315163612365723e-01,-1.339732017368078232e-02,-1.199132055044174194e-01,1.031045675277709961e+00,-1.925496160984039307e-01,7.752754539251327515e-02,-5.614091753959655762e-01,-5.527915433049201965e-02,3.135992884635925293e-01,3.393388986587524414e-01,4.532177001237869263e-03,1.671039611101150513e-01,-3.827268183231353760e-01,5.810512974858283997e-02,3.138822019100189209e-01,4.334590584039688110e-02,-2.194799900054931641e+00,4.999951124191284180e-01,5.727927684783935547e-01,-5.041427612304687500e-01,3.851907560601830482e-03,-1.897989630699157715e+00,-3.248979449272155762e-01,0.000000000000000000e+00
6.339581966173808703e-02,7.733428618591182691e-01,1.010080158710479736e+00,-6.383274954630414888e-02,-5.491836963058278898e-02,9.913952376481844908e-01,-1.002239269385174769e-01,-3.435008823871612549e-01,2.956587588414549828e-03,-1.092727929353713989e-01,1.260880827903747559e+00,-2.428616136312484741e-01,1.445305347442626953e-01,-5.997107028961181641e-01,-4.905113577842712402e-02,2.986042797565460205e-01,5.110884904861450195e-01,-2.727805450558662415e-02,1.496475934982299805e-01,-3.303327262401580811e-01,1.246695742011070251e-01,3.135782778263092041e-01,2.232779003679752350e-02,-2.179748296737670898e+00,4.893355369567871094e-01,5.357014536857604980e-01,-5.255649685859680176e-01,1.043541729450225830e-02,-1.864524364471435547e+00,-3.244065642356872559e-01,0.000000000000000000e+00
3.611637045574476318e-02,7.777623698589624102e-01,9.875507950782775879e-01,-7.045542794293813138e-02,-5.686263147354633785e-02,9.909107238905062731e-01,-9.949176395096259728e-02,-4.746240079402923584e-01,2.371268719434738159e-02,-8.866714686155319214e-02,1.440120458602905273e+00,-3.406415581703186035e-01,1.841755062341690063e-01,-6.913540363311767578e-01,-4.474092274904251099e-03,3.154164254665374756e-01,7.278185486793518066e-01,-1.312340050935745239e-01,1.762681603431701660e-01,-2.315738648176193237e-01,1.407255232334136963e-01,3.341674506664276123e-01,-8.584260940551757812e-03,-2.084306716918945312e+00,4.488946199417114258e-01,4.566950500011444092e-01,-5.412662029266357422e-01,3.043738193809986115e-02,-1.804411411285400391e+00,-3.839430510997772217e-01,0.000000000000000000e+00
7.471723476069205318e-03,7.779370738268510665e-01,9.742578268051147461e-01,-7.981278562416016520e-02,-5.939415215795391945e-02,9.902131893346217684e-01,-9.787795261501025523e-02,-6.204594969749450684e-01,3.044006973505020142e-02,-7.447990775108337402e-02,1.559363245964050293e+00,-3.960475027561187744e-01,2.573028504848480225e-01,-7.376241087913513184e-01,1.571859605610370636e-02,3.078657090663909912e-01,8.586694002151489258e-01,-2.191185653209686279e-01,8.226366341114044189e-02,-1.233471408486366272e-01,1.657020747661590576e-01,3.227560818195343018e-01,-1.608994789421558380e-02,-1.956724286079406738e+00,4.439854323863983154e-01,3.638708889484405518e-01,-5.453580617904663086e-01,5.710028856992721558e-02,-1.768063902854919434e+00,-3.990680873394012451e-01,0.000000000000000000e+00
-2.248233486683085675e-02,7.780219772912344567e-01,9.720316529273986816e-01,-8.333330909841980827e-02,-6.878500427922178140e-02,9.882064012598159586e-01,-1.085001902769688331e-01,-7.402372360229492188e-01,4.997725784778594971e-02,-8.300364017486572266e-02,1.584697842597961426e+00,-4.509431421756744385e-01,2.617999911308288574e-01,-7.014498710632324219e-01,1.718581281602382660e-02,2.551785111427307129e-01,8.802829980850219727e-01,-2.831009626388549805e-01,1.835395209491252899e-02,-2.662670239806175232e-02,2.305714637041091919e-01,3.028207719326019287e-01,-2.196986041963100433e-02,-1.924524068832397461e+00,5.889077782630920410e-01,3.079473972320556641e-01,-5.358256697654724121e-01,5.765186995267868042e-02,-1.841058135032653809e+00,-3.041739165782928467e-01,0.000000000000000000e+00
-5.278549421355450966e-02,7.707086392125492846e-01,9.783826470375061035e-01,-8.429232838344666301e-02,-7.632624891680646340e-02,9.860963846076786776e-01,-1.211735423500193698e-01,-8.173860311508178711e-01,6.120111048221588135e-02,-6.199642643332481384e-02,1.518712997436523438e+00,-4.971300363540649414e-01,2.617999911308288574e-01,-6.217819452285766602e-01,2.209207741543650627e-03,1.992958784103393555e-01,8.341982364654541016e-01,-3.013863861560821533e-01,2.077162824571132660e-02,7.842761278152465820e-02,3.000312447547912598e-01,3.429183661937713623e-01,-9.309988468885421753e-03,-1.999436020851135254e+00,5.502051711082458496e-01,2.637920081615447998e-01,-4.974715709686279297e-01,2.656213566660881042e-02,-1.969716668128967285e+00,-3.774979114532470703e-01,0.000000000000000000e+00
-8.457486477750177090e-02,7.541590768836128333e-01,9.927608966827392578e-01,-8.278559071198922370e-02,-7.650642476074026588e-02,9.815152555529331746e-01,-1.546645274704465667e-01,-8.267342448234558105e-01,3.014790266752243042e-02,-1.618902571499347687e-02,1.348658442497253418e+00,-5.041521787643432617e-01,2.617999911308288574e-01,-4.779369831085205078e-01,-5.582516640424728394e-02,9.372180700302124023e-02,7.065265774726867676e-01,-2.754926681518554688e-01,6.604276597499847412e-02,1.357466280460357666e-01,3.835361897945404053e-01,3.606906533241271973e-01,1.169167738407850266e-02,-2.062776803970336914e+00,5.228499174118041992e-01,2.433464527130126953e-01,-4.927766919136047363e-01,-1.199452904984354973e-03,-2.114470005035400391e+00,-4.412506520748138428e-01,0.000000000000000000e+00
-1.147184964664890450e-01,7.325228043119729193e-01,1.010610282421112061e+00,-7.743436349684919284e-02,-7.255245442145281942e-02,9.747430668825315392e-01,-1.965095780660512659e-01,-7.744432091712951660e-01,-3.721096739172935486e-02,1.659325696527957916e-02,1.098770380020141602e+00,-4.946517944335937500e-01,2.384661287069320679e-01,-3.125663101673126221e-01,-1.097282990813255310e-01,-3.419805318117141724e-02,5.705838799476623535e-01,-1.945129334926605225e-01,9.181474149227142334e-02,1.676989793777465820e-01,4.690536260604858398e-01,3.519504666328430176e-01,2.726019918918609619e-02,-2.093705415725708008e+00,5.355218648910522461e-01,2.359664291143417358e-01,-5.026278495788574219e-01,-3.220657631754875183e-02,-2.194799900054931641e+00,-4.362305402755737305e-01,0.000000000000000000e+00
-1.440892137220819158e-01,7.131234859334063536e-01,1.029133677482604980e+00,-6.940505266390557815e-02,-7.975095508874328887e-02,9.679131231181471451e-01,-2.279625186797786529e-01,-6.914943456649780273e-01,-4.965042695403099060e-02,6.827316433191299438e-02,8.115465641021728516e-01,-4.809686541557312012e-01,1.702457070350646973e-01,-1.941460669040679932e-01,-1.058090552687644958e-01,-1.165946051478385925e-01,4.962070882320404053e-01,-4.681962728500366211e-02,8.092375844717025757e-02,2.036522626876831055e-01,5.379309654235839844e-01,3.369212746620178223e-01,4.768456146121025085e-02,-2.085818529129028320e+00,5.769389271736145020e-01,2.026196271181106567e-01,-4.896662235260009766e-01,-1.972332596778869629e-02,-2.194799900054931641e+00,-3.912243247032165527e-01,0.000000000000000000e+00
-1.718512897805514472e-01,6.920918331963746839e-01,1.042442023754119873e+00,-6.652282116086394304e-02,-8.822199556831149259e-02,9.590545653990112385e-01,-2.607794745566802130e-01,-5.988426208496093750e-01,-7.216499745845794678e-02,1.397285610437393188e-01,5.304456949234008789e-01,-4.528435468673706055e-01,1.017642319202423096e-01,-1.629070639610290527e-01,-1.052426472306251526e-01,-1.631363183259963989e-01,5.414839386940002441e-01,8.441060036420822144e-02,9.164622426033020020e-02,2.133160233497619629e-01,5.642536878585815430e-01,3.267337083816528320e-01,6.714341789484024048e-02,-2.065196275711059570e+00,5.744765400886535645e-01,2.027079463005065918e-01,-4.637561142444610596e-01,9.552519768476486206e-04,-2.194799900054931641e+00,-4.019829928874969482e-01,0.000000000000000000e+00
-1.991025586687443227e-01,6.707206235367915159e-01,1.046858370304107666e+00,-6.508635543903786014e-02,-9.335989892109966548e-02,9.473136672215003440e-01,-2.994069329599065021e-01,-5.135383009910583496e-01,-1.067243292927742004e-01,2.237466573715209961e-01,3.337413370609283447e-01,-4.117905199527740479e-01,7.638061791658401489e-02,-2.003403156995773315e-01,-1.115914061665534973e-01,-1.491536945104598999e-01,6.920796036720275879e-01,1.559264063835144043e-01,1.148886457085609436e-01,1.933707147836685181e-01,5.588743090629577637e-01,3.169604241847991943e-01,6.867539882659912109e-02,-2.034645080566406250e+00,5.273933410644531250e-01,2.400576174259185791e-01,-4.466691017150878906e-01,2.926217950880527496e-02,-2.194799900054931641e+00,-4.324609339237213135e-01,0.000000000000000000e+00
-2.249216724078866858e-01,6.497959843465803687e-01,1.041168391704559326e+00,-6.266165697794701117e-02,-9.659592236873530691e-02,9.338166743805932368e-01,-3.387169366525397129e-01,-4.680925607681274414e-01,-1.412254273891448975e-01,2.376844584941864014e-01,2.811313569545745850e-01,-3.438631594181060791e-01,1.157023608684539795e-01,-2.723356485366821289e-01,-1.363499164581298828e-01,-1.128128543496131897e-01,8.831691145896911621e-01,1.480293571949005127e-01,1.008542999625205994e-01,1.612132042646408081e-01,5.284749269485473633e-01,3.126649558544158936e-01,5.392596125602722168e-02,-1.991149067878723145e+00,4.938634932041168213e-01,2.873158752918243408e-01,-4.443690478801727295e-01,2.853762544691562653e-02,-2.193837165832519531e+00,-3.882777392864227295e-01,0.000000000000000000e+00
-2.509664088953725836e-01,6.303475681368739814e-01,1.025580763816833496e+00,-5.457800275155148123e-02,-1.002495605242798710e-01,9.200299239614097013e-01,-3.748549135944507782e-01,-4.458646476268768311e-01,-1.597290337085723877e-01,1.612586379051208496e-01,3.383335769176483154e-01,-3.461138904094696045e-01,1.536670774221420288e-01,-3.268521130084991455e-01,-1.842342913150787354e-01,-1.083471477031707764e-01,1.047947645187377930e+00,8.402836322784423828e-02,5.395087599754333496e-02,1.329235136508941650e-01,4.971225261688232422e-01,3.150688409805297852e-01,4.497565329074859619e-02,-1.958170175552368164e+00,4.772416651248931885e-01,3.125329315662384033e-01,-4.396128654479980469e-01,4.343207180500030518e-02,-2.121987819671630859e+00,-3.613940775394439697e-01,0.000000000000000000e+00
-2.733370281776845712e-01,6.136301336996361488e-01,1.005539834499359131e+00,-5.551178565149013366e-02,-1.041887674303844796e-01,9.034787141356279694e-01,-4.120550394048744236e-01,-4.887013435363769531e-01,-1.846056878566741943e-01,5.691227316856384277e-02,4.927527010440826416e-01,-4.774229526519775391e-01,2.240803688764572144e-01,-4.202210605144500732e-01,-2.207162678241729736e-01,-5.888523906469345093e-02,1.177491068840026855e+00,-8.267953060567378998e-03,1.889004185795783997e-02,8.834668248891830444e-02,4.408932030200958252e-01,3.045321106910705566e-01,2.943495102226734161e-02,-1.925388097763061523e+00,4.489842653274536133e-01,3.251169323921203613e-01,-4.418863952159881592e-01,5.372880771756172180e-02,-2.022924184799194336e+00,-3.565549850463867188e-01,0.000000000000000000e+00
-2.934512387612351336e-01,5.990569182504422718e-01,9.889447093009948730e-01,-7.080706843587253330e-02,-1.158286500779990291e-01,8.821062322641328723e-01,-4.510639399036481256e-01,-5.753437876701354980e-01,-2.141299247741699219e-01,-2.783989347517490387e-02,6.581010222434997559e-01,-5.482804179191589355e-01,2.297957241535186768e-01,-5.686715245246887207e-01,-2.195369303226470947e-01,2.510427683591842651e-02,1.251323342323303223e+00,-9.275175631046295166e-02,9.923832491040229797e-03,2.541904151439666748e-02,3.231861591339111328e-01,2.965327203273773193e-01,1.452077552676200867e-02,-1.898673892021179199e+00,4.173615276813507080e-01,3.033698201179504395e-01,-4.425685405731201172e-01,4.901845380663871765e-02,-1.893306374549865723e+00,-3.059276342391967773e-01,0.000000000000000000e+00
-3.184003864248277638e-01,5.790984617566917736e-01,9.874798059463500977e-01,-6.655053288273229950e-02,-1.270792501816978004e-01,8.590877905868645747e-01,-4.913146230378874768e-01,-5.425083041191101074e-01,-2.033280283212661743e-01,-8.562520146369934082e-02,6.915085315704345703e-01,-5.839507579803466797e-01,1.676418334245681763e-01,-6.370961666107177734e-01,-1.719213426113128662e-01,8.598685264587402344e-02,1.210563302040100098e+00,-1.184607148170471191e-01,3.865069895982742310e-02,-4.484231024980545044e-02,2.515559792518615723e-01,3.150607645511627197e-01,8.482001721858978271e-03,-1.924904227256774902e+00,4.369625747203826904e-01,3.331553339958190918e-01,-3.899922668933868408e-01,5.298596993088722229e-02,-1.792847514152526855e+00,-2.900396287441253662e-01,0.000000000000000000e+00
-3.338692410809441791e-01,5.541524918286235835e-01,9.864595532417297363e-01,-7.902273822962391225e-02,-1.331261552910827928e-01,8.321982258495929097e-01,-5.324274096183412297e-01,-5.071316361427307129e-01,-2.373540699481964111e-01,-1.680318564176559448e-01,6.740989685058593750e-01,-5.940426588058471680e-01,1.640999019145965576e-01,-7.466942071914672852e-01,-1.606582850217819214e-01,1.465538293123245239e-01,1.154387235641479492e+00,-1.445784866809844971e-01,1.103979200124740601e-01,-1.260030120611190796e-01,1.497524827718734741e-01,3.115490376949310303e-01,-8.650580421090126038e-03,-2.006656646728515625e+00,4.913260638713836670e-01,3.648506402969360352e-01,-3.914050757884979248e-01,2.948517724871635437e-02,-1.792103767395019531e+00,-3.134558796882629395e-01,0.000000000000000000e+00
-3.501891811313145864e-01,5.254439874145085954e-01,9.969459772109985352e-01,-8.570881244054814885e-02,-1.348733056992040547e-01,8.071075761357940914e-01,-5.683665643086364128e-01,-4.214629530906677246e-01,-2.379542142152786255e-01,-2.222771644592285156e-01,5.903579592704772949e-01,-5.353379845619201660e-01,1.152672991156578064e-01,-8.170627951622009277e-01,-1.318950355052947998e-01,2.068164050579071045e-01,1.055026173591613770e+00,-1.502941399812698364e-01,5.997984111309051514e-02,-2.049906849861145020e-01,8.838897198438644409e-02,3.327385485172271729e-01,1.528762839734554291e-02,-2.144080877304077148e+00,4.976315796375274658e-01,4.379493594169616699e-01,-4.078445136547088623e-01,1.687292382121086121e-02,-1.854185104370117188e+00,-4.042340815067291260e-01,0.000000000000000000e+00
-3.656073488560497298e-01,4.926340474697457061e-01,1.012661457061767578e+00,-8.188377340493487033e-02,-1.350676023824464167e-01,7.808329625456960077e-01,-6.044432769431210550e-01,-3.014379441738128662e-01,-2.080147266387939453e-01,-2.558968067169189453e-01,4.762115776538848877e-01,-4.427844285964965820e-01,6.168823316693305969e-02,-8.115663528442382812e-01,-1.129466071724891663e-01,2.120140641927719116e-01,8.866331577301025391e-01,-1.501944065093994141e-01,5.730098113417625427e-02,-2.944904565811157227e-01,1.884172856807708740e-02,3.599185645580291748e-01,4.538623243570327759e-02,-2.194799900054931641e+00,4.814957678318023682e-01,5.254708528518676758e-01,-4.240013062953948975e-01,7.149039302021265030e-03,-1.913243889808654785e+00,-4.312116205692291260e-01,0.000000000000000000e+00
-3.800600547412690267e-01,4.575116515039214238e-01,1.029883921146392822e+00,-7.400273497244387599e-02,-1.325041106675441394e-01,7.529371171343782754e-01,-6.403529913369447879e-01,-1.928813606500625610e-01,-1.689423322677612305e-01,-2.572168111801147461e-01,3.962084949016571045e-01,-3.170421421527862549e-01,-1.036511547863483429e-02,-7.599395513534545898e-01,-1.010406240820884705e-01,2.009367197751998901e-01,6.794587969779968262e-01,-1.345155090093612671e-01,1.409392803907394409e-01,-3.722630739212036133e-01,-3.849200531840324402e-02,3.567276000976562500e-01,3.598164394497871399e-02,-2.194799900054931641e+00,5.418035387992858887e-01,6.128434538841247559e-01,-4.399023056030273438e-01,-5.480575840920209885e-03,-1.953107714653015137e+00,-3.864769637584686279e-01,0.000000000000000000e+00
-3.943142204180176691e-01,4.196523292228737656e-01,1.046090483665466309e+00,-6.364272474680500447e-02,-1.313367454235623566e-01,7.290754844230836751e-01,-6.686921570510565571e-01,-1.270218491554260254e-01,-1.222311928868293762e-01,-2.242659777402877808e-01,3.983527123928070068e-01,-2.138604223728179932e-01,-5.451235547661781311e-02,-7.007371783256530762e-01,-7.333708554506301880e-02,2.144377678632736206e-01,4.893110394477844238e-01,-1.053235158324241638e-01,1.472339928150177002e-01,-4.179309010505676270e-01,-5.546040460467338562e-02,3.561353981494903564e-01,2.310685254633426666e-02,-2.194799900054931641e+00,5.591665506362915039e-01,6.757418513298034668e-01,-4.371429383754730225e-01,-3.761797677725553513e-03,-1.967557072639465332e+00,-3.703132271766662598e-01,0.000000000000000000e+00
-4.074936868001169388e-01,3.807569094774863605e-01,1.055590450763702393e+00,-5.421544189247334139e-02,-1.286904264345090088e-01,7.137114600346605719e-01,-6.863784756384054830e-01,-1.215310841798782349e-01,-8.471096307039260864e-02,-1.723798513412475586e-01,5.072664618492126465e-01,-1.563769578933715820e-01,-5.884580314159393311e-02,-6.551820039749145508e-01,-3.491180017590522766e-02,2.643622457981109619e-01,3.622815012931823730e-01,-6.759046018123626709e-02,1.554861217737197876e-01,-4.236645102500915527e-01,-3.823445364832878113e-02,3.667619526386260986e-01,2.701835148036479950e-02,-2.194799900054931641e+00,5.057547092437744141e-01,6.870754957199096680e-01,-4.265250265598297119e-01,6.715054158121347427e-03,-1.943935751914978027e+00,-3.627464473247528076e-01,0.000000000000000000e+00
-4.200092933027128050e-01,3.428824685722923205e-01,1.054332792758941650e+00,-4.838152236492846564e-02,-1.228702830104195926e-01,7.038496702281920037e-01,-6.979668785596182534e-01,-1.905748099088668823e-01,-7.524318248033523560e-02,-1.575540304183959961e-01,7.375178933143615723e-01,-1.671468615531921387e-01,-2.233082661405205727e-03,-6.290950775146484375e-01,1.922042225487530231e-03,3.221998214721679688e-01,3.215447366237640381e-01,-3.790651634335517883e-02,1.665814816951751709e-01,-4.034239351749420166e-01,1.172612048685550690e-02,3.588372766971588135e-01,2.987058833241462708e-02,-2.194799900054931641e+00,4.950966835021972656e-01,6.537321805953979492e-01,-4.389989078044891357e-01,1.417470723390579224e-02,-1.909167647361755371e+00,-3.481133282184600830e-01,0.000000000000000000e+00
-4.312633656538897298e-01,3.072819523233837335e-01,1.041251838207244873e+00,-4.479224916151090807e-02,-1.142675068566733620e-01,6.952274634978082846e-01,-7.082339763737806049e-01,-2.873428165912628174e-01,-8.376747369766235352e-02,-1.613868474960327148e-01,9.969747662544250488e-01,-2.023409008979797363e-01,5.933043360710144043e-02,-6.184169054031372070e-01,3.553409501910209656e-02,3.800773322582244873e-01,3.999547064304351807e-01,3.614807128906250000e-02,1.557520925998687744e-01,-3.657633364200592041e-01,8.238716423511505127e-02,3.297819197177886963e-01,2.392970025539398193e-02,-2.194799900054931641e+00,5.087457299232482910e-01,6.059075593948364258e-01,-4.534433782100677490e-01,9.527580812573432922e-03,-1.870296478271484375e+00,-3.543711602687835693e-01,0.000000000000000000e+00
-4.422406212440253004e-01,2.738863934138484613e-01,1.020755827426910400e+00,-4.204029873697497782e-02,-1.085383205927895750e-01,6.905489669614217618e-01,-7.138586488048709322e-01,-3.867626190185546875e-01,-9.939612448215484619e-02,-1.727579534053802490e-01,1.216392874717712402e+00,-2.792270183563232422e-01,9.025355428457260132e-02,-6.616066694259643555e-01,5.818011611700057983e-02,3.535502851009368896e-01,6.042545437812805176e-01,-9.053063392639160156e-02,1.218861117959022522e-01,-3.023239076137542725e-01,1.468336135149002075e-01,3.307951986789703369e-01,9.037254378199577332e-03,-2.171573400497436523e+00,4.493764042854309082e-01,5.504934191703796387e-01,-4.654085040092468262e-01,4.497359332162886858e-04,-1.828385591506958008e+00,-3.709423542022705078e-01,0.000000000000000000e+00
-4.501117066131138378e-01,2.440085225152748283e-01,9.997028708457946777e-01,-5.020137540711119839e-02,-1.152157392868564251e-01,6.942235780834458136e-01,-7.087021793114759438e-01,-5.368796586990356445e-01,-1.011715903878211975e-01,-1.573901921510696411e-01,1.396452665328979492e+00,-3.472265899181365967e-01,1.280512064695358276e-01,-7.434456944465637207e-01,1.036345586180686951e-01,3.646123707294464111e-01,8.053706288337707520e-01,-1.942871361970901489e-01,6.292836368083953857e-02,-1.994522362947463989e-01,1.362028568983078003e-01,3.359425067901611328e-01,-1.680456288158893585e-02,-2.059988975524902344e+00,3.575384020805358887e-01,4.484785199165344238e-01,-4.754227995872497559e-01,-4.488981503527611494e-04,-1.769751310348510742e+00,-3.443788886070251465e-01,0.000000000000000000e+00
-4.551351656163676318e-01,2.117063113061215529e-01,9.892395138740539551e-01,-5.264810080583152974e-02,-1.200248373565860616e-01,6.893830711191283322e-01,-7.124417149166821783e-01,-6.793946623802185059e-01,-9.132269769906997681e-02,-1.546427905559539795e-01,1.497441649436950684e+00,-3.780421018600463867e-01,1.657391637563705444e-01,-7.414813041687011719e-01,1.049099862575531006e-01,3.303841054439544678e-01,8.833922743797302246e-01,-2.899425327777862549e-01,-7.385673816315829754e-04,-1.112039387226104736e-01,1.662178337574005127e-01,3.254425227642059326e-01,-3.411499038338661194e-02,-1.969249725341796875e+00,3.478353321552276611e-01,3.490773737430572510e-01,-4.777666926383972168e-01,1.902756839990615845e-02,-1.745921254158020020e+00,-3.766916692256927490e-01,0.000000000000000000e+00
-4.595306021150759590e-01,1.758043871901902866e-01,9.931415319442749023e-01,-4.370754743662685904e-02,-1.216996587664477270e-01,6.843229200348019958e-01,-7.176217558493103166e-01,-7.712170481681823730e-01,-4.730811715126037598e-02,-1.395659893751144409e-01,1.486672520637512207e+00,-4.005355834960937500e-01,1.695585548877716064e-01,-6.418913602828979492e-01,9.720472991466522217e-02,2.768673598766326904e-01,8.334490060806274414e-01,-3.227964341640472412e-01,-1.425235718488693237e-02,-1.436037104576826096e-02,2.586756050586700439e-01,3.267070353031158447e-01,-3.073663264513015747e-02,-1.986469149589538574e+00,4.409080147743225098e-01,2.868347167968750000e-01,-4.858304262161254883e-01,2.128876373171806335e-02,-1.828176379203796387e+00,-2.722183763980865479e-01,0.000000000000000000e+00
-4.548049074668313874e-01,1.392727771403607095e-01,1.000398695468902588e+00,-4.679479948548943141e-02,-1.211309389613233201e-01,6.737634993228448499e-01,-7.274477914927612865e-01,-8.519192934036254883e-01,-4.859440773725509644e-02,-1.045372188091278076e-01,1.406716823577880859e+00,-4.257160425186157227e-01,2.246457934379577637e-01,-5.473019480705261230e-01,5.634290724992752075e-02,2.300722897052764893e-01,7.594611048698425293e-01,-3.228270411491394043e-01,2.422684617340564728e-02,7.327333092689514160e-02,3.311632573604583740e-01,3.336245715618133545e-01,-2.224398031830787659e-02,-2.043542385101318359e+00,4.719425141811370850e-01,2.320290356874465942e-01,-4.898215830326080322e-01,4.525482654571533203e-03,-1.965299963951110840e+00,-3.800906240940093994e-01,0.000000000000000000e+00
-4.495472637368618241e-01,9.845542561220797795e-02,1.016043186187744141e+00,-4.174529677906420322e-02,-1.159514211813638118e-01,6.596389716240628198e-01,-7.414101599233711148e-01,-8.544319868087768555e-01,-5.344302579760551453e-02,-7.371103018522262573e-02,1.229181885719299316e+00,-4.362586736679077148e-01,2.257124334573745728e-01,-3.818837106227874756e-01,1.751014776527881622e-02,1.463386714458465576e-01,6.061075925827026367e-01,-2.651076316833496094e-01,8.519745618104934692e-02,1.449761092662811279e-01,4.318036735057830811e-01,3.373183310031890869e-01,1.402608468197286129e-03,-2.078515529632568359e+00,5.185287594795227051e-01,2.193432897329330444e-01,-4.910211563110351562e-01,-3.350006416440010071e-02,-2.100310325622558594e+00,-3.994258642196655273e-01,0.000000000000000000e+00
-4.414756686022702215e-01,5.753160881534373494e-02,1.034987986087799072e+00,-3.280647636236479897e-02,-1.078625755769764966e-01,6.474997336553683924e-01,-7.536799684314381409e-01,-7.897925376892089844e-01,-6.037291139364242554e-02,-3.764065355062484741e-02,9.684707522392272949e-01,-4.426063299179077148e-01,1.918425709009170532e-01,-2.331042438745498657e-01,-1.445285859517753124e-03,7.441765815019607544e-02,4.952615201473236084e-01,-1.312545388936996460e-01,1.155442222952842712e-01,2.059718519449234009e-01,5.355229377746582031e-01,3.238833546638488770e-01,3.083935752511024475e-02,-2.092850923538208008e+00,5.545496344566345215e-01,2.173907458782196045e-01,-5.066702961921691895e-01,-7.268183678388595581e-02,-2.194645881652832031e+00,-3.253810107707977295e-01,0.000000000000000000e+00
-4.317764351177835747e-01,1.845131128583588076e-02,1.052072167396545410e+00,-2.139967670626679447e-02,-1.042088055609551311e-01,6.373460517331910324e-01,-7.631989183827103673e-01,-6.866250038146972656e-01,-6.415490806102752686e-02,1.593242771923542023e-02,6.547576189041137695e-01,-4.218458831310272217e-01,1.205713748931884766e-01,-1.597386896610260010e-01,2.215123735368251801e-03,4.311635717749595642e-02,4.922880232334136963e-01,3.530159965157508850e-02,1.495198458433151245e-01,2.565493285655975342e-01,6.046342253684997559e-01,3.308548331260681152e-01,5.659305304288864136e-02,-2.089865207672119141e+00,5.328365564346313477e-01,1.752022951841354370e-01,-5.053385496139526367e-01,-5.756321921944618225e-02,-2.194799900054931641e+00,-3.210434019565582275e-01,0.000000000000000000e+00
-4.214866859389521103e-01,-2.142893573127910636e-02,1.061926603317260742e+00,-1.097675880016865668e-02,-1.028887331643679737e-01,6.175425593550210035e-01,-7.797016139135052315e-01,-5.777313113212585449e-01,-9.010890126228332520e-02,6.233967840671539307e-02,3.741851747035980225e-01,-3.635678589344024658e-01,4.932985454797744751e-02,-1.452247500419616699e-01,1.785987056791782379e-02,7.663778215646743774e-02,5.719397068023681641e-01,1.691783964633941650e-01,2.193592190742492676e-01,2.595516145229339600e-01,6.331161856651306152e-01,3.460023105144500732e-01,8.092445880174636841e-02,-2.063611507415771484e+00,4.829902946949005127e-01,1.609525829553604126e-01,-4.942940175533294678e-01,-2.854101732373237610e-02,-2.194799900054931641e+00,-3.542323708534240723e-01,0.000000000000000000e+00
-4.154378170965809525e-01,-6.168935916259070396e-02,1.061584830284118652e+00,6.500673350279470575e-04,-1.043378915510494720e-01,5.947147600675121160e-01,-7.971370873049270500e-01,-5.241489410400390625e-01,-1.097482442855834961e-01,7.782872766256332397e-02,2.647405862808227539e-01,-3.364706337451934814e-01,3.457973524928092957e-02,-1.809765845537185669e-01,6.210038810968399048e-02,1.286977380514144897e-01,7.316723465919494629e-01,2.312860935926437378e-01,2.617999911308288574e-01,2.383265048265457153e-01,6.333112120628356934e-01,3.273051679134368896e-01,9.135549515485763550e-02,-2.007076978683471680e+00,4.686087369918823242e-01,1.767938733100891113e-01,-4.827720820903778076e-01,-1.048323884606361389e-02,-2.194799900054931641e+00,-3.313200175762176514e-01,0.000000000000000000e+00
-4.045575631463212973e-01,-1.003040991871400889e-01,1.050266981124877930e+00,8.927933110403941941e-03,-9.962687436905312555e-02,5.677733805043800874e-01,-8.170851646581630545e-01,-4.811319708824157715e-01,-1.523205190896987915e-01,3.700901567935943604e-02,2.639877200126647949e-01,-2.929655611515045166e-01,7.857035845518112183e-02,-2.324896007776260376e-01,4.976702481508255005e-02,1.363852471113204956e-01,9.199180006980895996e-01,1.653794944286346436e-01,2.617999911308288574e-01,2.024845182895660400e-01,6.107248067855834961e-01,3.213085830211639404e-01,8.610451966524124146e-02,-1.957220315933227539e+00,4.678677916526794434e-01,2.315060496330261230e-01,-4.793044328689575195e-01,-1.331006293185055256e-03,-2.194794178009033203e+00,-3.203935623168945312e-01,0.000000000000000000e+00
-3.945687856543955707e-01,-1.355247224235598125e-01,1.029432415962219238e+00,1.795488890689930783e-02,-9.566177560947068670e-02,5.457906915565826633e-01,-8.322493422417176490e-01,-4.661228358745574951e-01,-1.860933601856231689e-01,-5.194722488522529602e-02,3.428628146648406982e-01,-2.644823789596557617e-01,1.318900585174560547e-01,-3.065061867237091064e-01,4.476419126149266958e-04,1.300958245992660522e-01,1.101534843444824219e+00,8.863051235675811768e-02,2.285960167646408081e-01,1.786751002073287964e-01,5.768304467201232910e-01,3.225862979888916016e-01,7.215417921543121338e-02,-1.930279970169067383e+00,4.639120995998382568e-01,2.714169919490814209e-01,-4.697844386100769043e-01,1.898174174129962921e-02,-2.144566535949707031e+00,-3.232941925525665283e-01,0.000000000000000000e+00
-3.865712920310376832e-01,-1.642246508944348038e-01,1.008339226245880127e+00,1.479479866699251467e-02,-9.770278098518152265e-02,5.248245532006688974e-01,-8.454551844290051354e-01,-5.261270403861999512e-01,-2.305420488119125366e-01,-1.283356994390487671e-01,5.236720442771911621e-01,-3.699250519275665283e-01,2.278155237436294556e-01,-4.339586794376373291e-01,-7.348865270614624023e-02,1.478925198316574097e-01,1.251158952713012695e+00,-9.702387265861034393e-03,1.736728847026824951e-01,1.504094451665878296e-01,5.007492899894714355e-01,2.965975105762481689e-01,4.854828864336013794e-02,-1.906751990318298340e+00,4.540690481662750244e-01,2.938757836818695068e-01,-4.784344136714935303e-01,3.625013679265975952e-02,-2.036409378051757812e+00,-3.266384303569793701e-01,0.000000000000000000e+00
-3.792313105231696624e-01,-1.927811161220798208e-01,9.959382414817810059e-01,1.460867312682889024e-02,-1.071793595127003285e-01,4.885934022482966155e-01,-8.657803756400090922e-01,-5.862055420875549316e-01,-2.672959268093109131e-01,-1.912493854761123657e-01,6.985252499580383301e-01,-4.277571439743041992e-01,2.057165205478668213e-01,-5.575104355812072754e-01,-1.255460083484649658e-01,1.527824997901916504e-01,1.307648777961730957e+00,-6.519714742898941040e-02,1.367415785789489746e-01,8.643179386854171753e-02,3.891902565956115723e-01,2.912895679473876953e-01,3.143508732318878174e-02,-1.880591034889221191e+00,4.601706862449645996e-01,3.053220510482788086e-01,-4.427426159381866455e-01,6.106840446591377258e-02,-1.863946080207824707e+00,-3.181709051132202148e-01,0.000000000000000000e+00
-3.678685972198247889e-01,-2.235593470342404077e-01,9.912924766540527344e-01,1.875992141915600736e-02,-1.159365983862980787e-01,4.596848617891122757e-01,-8.802821129302164094e-01,-5.702114701271057129e-01,-2.731313407421112061e-01,-2.416256517171859741e-01,7.556082010269165039e-01,-4.889462888240814209e-01,2.026588618755340576e-01,-6.642382740974426270e-01,-1.319054961204528809e-01,1.874724328517913818e-01,1.277060270309448242e+00,-9.649734944105148315e-02,1.225317791104316711e-01,4.079955816268920898e-02,2.788812220096588135e-01,2.834111154079437256e-01,4.974470939487218857e-03,-1.907060265541076660e+00,5.345875620841979980e-01,3.243731260299682617e-01,-3.921735286712646484e-01,4.813607782125473022e-02,-1.717718601226806641e+00,-2.837617099285125732e-01,0.000000000000000000e+00
-3.570842683131854045e-01,-2.549738778018639240e-01,9.980751276016235352e-01,2.744287924449098984e-02,-1.223742234381244437e-01,4.190969891741462283e-01,-8.992380949903390208e-01,-5.044928789138793945e-01,-2.593816220760345459e-01,-3.157745599746704102e-01,7.328869104385375977e-01,-4.892514944076538086e-01,1.387450098991394043e-01,-7.079014182090759277e-01,-1.353678107261657715e-01,1.649062931537628174e-01,1.151232838630676270e+00,-1.188142225146293640e-01,1.100022643804550171e-01,-2.645408175885677338e-02,1.841337829828262329e-01,3.039853274822235107e-01,-7.330546155571937561e-03,-2.014893531799316406e+00,5.535128712654113770e-01,3.780552446842193604e-01,-3.675200343132019043e-01,4.039305448532104492e-02,-1.698592782020568848e+00,-2.757976353168487549e-01,0.000000000000000000e+00
-3.362262925071740627e-01,-2.850950176323190366e-01,1.008063614368438721e+00,2.732500003988621098e-02,-1.235061606640633497e-01,3.652048772369599350e-01,-9.222933211799703157e-01,-4.084611237049102783e-01,-2.664096951484680176e-01,-3.960192501544952393e-01,6.752733588218688965e-01,-4.478188753128051758e-01,1.228853538632392883e-01,-7.075910568237304688e-01,-1.749159246683120728e-01,1.256957352161407471e-01,9.806832671165466309e-01,-1.408214420080184937e-01,1.123001053929328918e-01,-1.264671981334686279e-01,1.170248538255691528e-01,3.280741274356842041e-01,1.221031416207551956e-02,-2.150367975234985352e+00,5.504077672958374023e-01,4.549404382705688477e-01,-3.859343230724334717e-01,1.790579222142696381e-02,-1.750567436218261719e+00,-3.173274993896484375e-01,0.000000000000000000e+00
-3.146654305119437334e-01,-3.157952013760017551e-01,1.023068666458129883e+00,3.310667783984209273e-02,-1.178513391766913831e-01,3.188715667065513681e-01,-9.398595286971233032e-01,-2.955476641654968262e-01,-2.276161909103393555e-01,-4.244916141033172607e-01,5.948213338851928711e-01,-3.872553706169128418e-01,8.323325961828231812e-02,-6.615097522735595703e-01,-1.721726208925247192e-01,1.162809357047080994e-01,7.721036076545715332e-01,-1.370455324649810791e-01,1.129747927188873291e-01,-2.148925960063934326e-01,6.217189133167266846e-02,3.402159214019775391e-01,4.525429755449295044e-02,-2.194799900054931641e+00,5.620322227478027344e-01,5.385181903839111328e-01,-3.951297104358673096e-01,-1.193192508071660995e-02,-1.794090986251831055e+00,-3.261383771896362305e-01,0.000000000000000000e+00
-2.910502167774267068e-01,-3.452574055572569245e-01,1.038482129573822021e+00,4.025828941378088027e-02,-1.144019812515997964e-01,2.792812830954297110e-01,-9.525195125202189361e-01,-2.193847149610519409e-01,-1.839911937713623047e-01,-4.311058819293975830e-01,5.619106888771057129e-01,-3.044746518135070801e-01,4.537103325128555298e-02,-6.105322241783142090e-01,-1.474086940288543701e-01,1.366166025400161743e-01,5.624474883079528809e-01,-1.180745959281921387e-01,1.188854500651359558e-01,-2.799030542373657227e-01,1.334173697978258133e-02,3.270928263664245605e-01,5.726136639714241028e-02,-2.194799900054931641e+00,6.107366085052490234e-01,6.056621670722961426e-01,-3.912416696548461914e-01,-2.835266292095184326e-02,-1.836135268211364746e+00,-3.512431085109710693e-01,0.000000000000000000e+00
-2.665652250908677745e-01,-3.733924202228317557e-01,1.050713658332824707e+00,4.795380944790127858e-02,-1.127965270604455450e-01,2.435229089133273128e-01,-9.621195188109052943e-01,-1.948073804378509521e-01,-1.434910893440246582e-01,-4.059233963489532471e-01,6.078827977180480957e-01,-2.194473743438720703e-01,1.090136822313070297e-02,-5.610343217849731445e-01,-1.135425493121147156e-01,1.886699199676513672e-01,3.854590952396392822e-01,-9.056398272514343262e-02,1.541517376899719238e-01,-3.217700421810150146e-01,-1.325999945402145386e-02,3.175471127033233643e-01,6.487374752759933472e-02,-2.194799900054931641e+00,6.109021306037902832e-01,6.498906016349792480e-01,-3.951443731784820557e-01,-3.667368367314338684e-02,-1.865299940109252930e+00,-3.457664549350738525e-01,0.000000000000000000e+00
-2.426157779464504227e-01,-4.009020042132354078e-01,1.055572092533111572e+00,5.630342305701399597e-02,-1.094675066945724057e-01,2.184232245379739701e-01,-9.680589261571685977e-01,-2.187551110982894897e-01,-1.143912672996520996e-01,-3.659895360469818115e-01,7.383651137351989746e-01,-1.659783273935317993e-01,2.164290519431233406e-03,-5.337964892387390137e-01,-6.975527107715606689e-02,2.733972966670989990e-01,2.951240241527557373e-01,-6.335744261741638184e-02,1.798245459794998169e-01,-3.264582455158233643e-01,1.471032737754285336e-03,3.227959871292114258e-01,8.380717784166336060e-02,-2.194799900054931641e+00,5.522620677947998047e-01,6.583960652351379395e-01,-4.041538238525390625e-01,-3.460637852549552917e-02,-1.873092174530029297e+00,-3.431084156036376953e-01,0.000000000000000000e+00
-2.189512418023448481e-01,-4.271036292588945016e-01,1.050194263458251953e+00,6.071026208251743828e-02,-1.052421641212932801e-01,2.001487647710885054e-01,-9.722030770006575562e-01,-2.796646058559417725e-01,-1.040178611874580383e-01,-3.301491141319274902e-01,9.266595244407653809e-01,-1.540805399417877197e-01,3.458297252655029297e-02,-5.310972929000854492e-01,-3.065374121069908142e-02,3.518852591514587402e-01,2.916332483291625977e-01,-5.792555585503578186e-02,1.871956288814544678e-01,-3.114817440509796143e-01,6.022444367408752441e-02,3.067009150981903076e-01,9.192160516977310181e-02,-2.194799900054931641e+00,5.454459786415100098e-01,6.380263566970825195e-01,-4.356416463851928711e-01,-2.490406110882759094e-02,-1.878317236900329590e+00,-3.694309592247009277e-01,0.000000000000000000e+00
-1.974220112243419978e-01,-4.510508714571405675e-01,1.033966481685638428e+00,5.929042271037630180e-02,-1.032510141284114225e-01,1.822767082958495488e-01,-9.760118213777481122e-01,-3.683186471462249756e-01,-1.078045666217803955e-01,-3.060525953769683838e-01,1.130819797515869141e+00,-1.764038652181625366e-01,7.000497728586196899e-02,-5.443421006202697754e-01,-1.784646883606910706e-02,3.885033428668975830e-01,3.504212796688079834e-01,-1.407815795391798019e-02,1.834608763456344604e-01,-2.854140698909759521e-01,1.260785609483718872e-01,2.731080055236816406e-01,8.363678306341171265e-02,-2.193825483322143555e+00,5.409236550331115723e-01,6.045216321945190430e-01,-4.650453329086303711e-01,-4.311033338308334351e-02,-1.879921674728393555e+00,-3.471410572528839111e-01,0.000000000000000000e+00
-1.765305367892927579e-01,-4.753040974163048604e-01,1.009833037853240967e+00,5.899024007483559540e-02,-9.910725472843001649e-02,1.660096490141904912e-01,-9.793562682039119727e-01,-4.559904336929321289e-01,-1.010978519916534424e-01,-2.816632688045501709e-01,1.320328950881958008e+00,-2.606358826160430908e-01,1.102325171232223511e-01,-5.755926966667175293e-01,-1.505104824900627136e-02,3.390586972236633301e-01,5.054715871810913086e-01,-4.395306110382080078e-02,1.530776470899581909e-01,-2.445026487112045288e-01,1.677369177341461182e-01,2.815001606941223145e-01,7.706075906753540039e-02,-2.131391048431396484e+00,4.713147878646850586e-01,5.625362992286682129e-01,-5.004946589469909668e-01,-3.169844672083854675e-02,-1.877618551254272461e+00,-3.733849227428436279e-01,0.000000000000000000e+00
-1.595113251656035402e-01,-4.936614218392726405e-01,9.862591624259948730e-01,5.623826801613011211e-02,-1.084232153288852002e-01,1.557950422479854324e-01,-9.802089411953150977e-01,-5.895062685012817383e-01,-1.154381558299064636e-01,-2.725402712821960449e-01,1.479703664779663086e+00,-3.416767120361328125e-01,1.435421258211135864e-01,-6.673852801322937012e-01,1.262757647782564163e-02,3.278771638870239258e-01,7.150399684906005859e-01,-1.562378704547882080e-01,1.621122360229492188e-01,-1.687000691890716553e-01,1.706291586160659790e-01,2.956275045871734619e-01,2.800708077847957611e-02,-2.025222778320312500e+00,4.031836092472076416e-01,4.857091903686523438e-01,-5.092904567718505859e-01,-1.554550509899854660e-02,-1.832195520401000977e+00,-3.979839086532592773e-01,0.000000000000000000e+00
-1.364216930015723639e-01,-5.083411752571463937e-01,9.715301394462585449e-01,5.375118431972752270e-02,-1.168110833115691832e-01,1.506841200503386824e-01,-9.801837975423076665e-01,-7.184872627258300781e-01,-1.190564632415771484e-01,-2.401156574487686157e-01,1.569605588912963867e+00,-3.909173905849456787e-01,2.026986032724380493e-01,-7.114998698234558105e-01,1.867366209626197815e-02,3.012084066867828369e-01,8.467717766761779785e-01,-2.354132384061813354e-01,1.290409266948699951e-01,-7.220311462879180908e-02,1.924761682748794556e-01,2.750314772129058838e-01,-2.580382861196994781e-03,-1.911343216896057129e+00,4.155609011650085449e-01,3.906552195549011230e-01,-5.223818421363830566e-01,2.832104451954364777e-02,-1.776571989059448242e+00,-3.347780704498291016e-01,0.000000000000000000e+00
-1.106001548092371833e-01,-5.204523166409026347e-01,9.691576957702636719e-01,5.559305671457513004e-02,-1.204874211238001064e-01,1.312489826714931807e-01,-9.824285714207238174e-01,-8.195177316665649414e-01,-9.934555739164352417e-02,-2.025936841964721680e-01,1.571455836296081543e+00,-4.257217049598693848e-01,2.487934976816177368e-01,-6.737808585166931152e-01,-4.002769012004137039e-03,2.447049617767333984e-01,8.692566156387329102e-01,-2.979584038257598877e-01,4.897513985633850098e-02,1.021287404000759125e-02,2.540754675865173340e-01,2.817524969577789307e-01,-3.005492500960826874e-02,-1.901850342750549316e+00,4.300271570682525635e-01,3.176619708538055420e-01,-5.052526593208312988e-01,4.590498656034469604e-02,-1.782980561256408691e+00,-3.113010525703430176e-01,0.000000000000000000e+00
-8.084862575783370586e-02,-5.300808422705107770e-01,9.760854244232177734e-01,5.978023678759136761e-02,-1.228136525091321207e-01,1.154287938659570301e-01,-9.838797302483857088e-01,-8.785619139671325684e-01,-5.810155346989631653e-02,-1.482005864381790161e-01,1.489827752113342285e+00,-4.586749076843261719e-01,2.617999315261840820e-01,-5.868476629257202148e-01,-2.382458187639713287e-02,1.792695373296737671e-01,8.114053606986999512e-01,-3.031944632530212402e-01,5.309098213911056519e-02,1.088058426976203918e-01,3.259787857532501221e-01,3.148424327373504639e-01,-3.409803286194801331e-02,-1.952719807624816895e+00,4.271229207515716553e-01,2.696540057659149170e-01,-4.743065834045410156e-01,3.464712947607040405e-02,-1.851874828338623047e+00,-3.176551759243011475e-01,0.000000000000000000e+00
-4.692907883866097307e-02,-5.340615295276072150e-01,9.901729822158813477e-01,6.413892251106453890e-02,-1.181591568430124251e-01,9.333184407254918602e-02,-9.865159801824222585e-01,-8.748818039894104004e-01,-2.306636236608028412e-02,-7.374264299869537354e-02,1.323784947395324707e+00,-4.756201505661010742e-01,2.617999911308288574e-01,-4.426663219928741455e-01,-5.356445536017417908e-02,8.845942467451095581e-02,6.871883869171142578e-01,-2.668072283267974854e-01,6.990337371826171875e-02,1.913112848997116089e-01,4.118539690971374512e-01,3.428854644298553467e-01,-2.803508751094341278e-02,-1.994581341743469238e+00,4.825095534324645996e-01,2.469006329774856567e-01,-4.718147218227386475e-01,9.355703368782997131e-03,-1.952699422836303711e+00,-2.941626012325286865e-01,0.000000000000000000e+00
-1.006069680111186526e-02,-5.317550816644729395e-01,1.007398962974548340e+00,6.323337801845763106e-02,-1.109125446353947664e-01,6.028528438112151777e-02,-9.899826421882171879e-01,-8.170276880264282227e-01,-3.805422037839889526e-02,-4.981670994311571121e-03,1.083917617797851562e+00,-4.698061347007751465e-01,2.484126687049865723e-01,-2.954171895980834961e-01,-9.008001536130905151e-02,-5.875842180103063583e-03,5.720629692077636719e-01,-1.711569577455520630e-01,7.435762882232666016e-02,2.332479506731033325e-01,4.985670149326324463e-01,3.416704535484313965e-01,-2.309199050068855286e-02,-2.010281324386596680e+00,5.517337918281555176e-01,2.513057589530944824e-01,-4.778779149055480957e-01,-1.478783972561359406e-02,-2.065476655960083008e+00,-2.879946231842041016e-01,0.000000000000000000e+00
2.568038059968467957e-02,-5.288965405979272338e-01,1.024969696998596191e+00,6.763890440188108366e-02,-1.048501772901320878e-01,2.998862672567853896e-02,-9.917318696102536135e-01,-7.328258752822875977e-01,-5.429185181856155396e-02,4.214073717594146729e-02,8.002151846885681152e-01,-4.507529139518737793e-01,1.837843507528305054e-01,-1.935152113437652588e-01,-9.324619919061660767e-02,-6.182097643613815308e-02,5.180271863937377930e-01,-1.009598188102245331e-02,7.900910824537277222e-02,2.613916397094726562e-01,5.578010678291320801e-01,3.324235975742340088e-01,-5.131877958774566650e-03,-2.012034416198730469e+00,5.556100606918334961e-01,2.559899687767028809e-01,-4.899459481239318848e-01,-7.468109484761953354e-03,-2.138909101486206055e+00,-2.770645618438720703e-01,0.000000000000000000e+00
6.268477904370269027e-02,-5.244739168172348753e-01,1.038263440132141113e+00,7.359512006411643437e-02,-1.002252902866086065e-01,-2.288585280147526369e-03,-9.922365705148792348e-01,-6.343122124671936035e-01,-7.264921069145202637e-02,9.996484965085983276e-02,5.209961533546447754e-01,-4.286576211452484131e-01,1.056080758571624756e-01,-1.426564604043960571e-01,-9.010217338800430298e-02,-8.783618360757827759e-02,5.413561463356018066e-01,1.392587125301361084e-01,1.072003543376922607e-01,2.625882327556610107e-01,5.819104313850402832e-01,3.233737349510192871e-01,1.953444629907608032e-02,-2.000671148300170898e+00,5.345804095268249512e-01,2.462675273418426514e-01,-4.833953082561492920e-01,-2.078009583055973053e-02,-2.174645900726318359e+00,-2.523338496685028076e-01,0.000000000000000000e+00
9.845833261785369439e-02,-5.187245306902563691e-01,1.043849110603332520e+00,7.782115712316120537e-02,-9.610304596370364272e-02,-3.931958885049940955e-02,-9.915452798501631637e-01,-5.622637271881103516e-01,-9.565743058919906616e-02,1.599651724100112915e-01,3.604611456394195557e-01,-3.896918892860412598e-01,1.016525626182556152e-01,-1.581674963235855103e-01,-8.510614931583404541e-02,-5.438969656825065613e-02,6.557232737541198730e-01,2.458840459585189819e-01,1.586787849664688110e-01,2.414940744638442993e-01,5.751651525497436523e-01,3.095140159130096436e-01,2.610374242067337036e-02,-1.979371070861816406e+00,5.212896466255187988e-01,2.492718398571014404e-01,-4.776731431484222412e-01,-3.568810061551630497e-04,-2.163750171661376953e+00,-2.628570795059204102e-01,0.000000000000000000e+00
1.324085363825821260e-01,-5.129401777882941493e-01,1.039210379123687744e+00,7.984216228799161097e-02,-9.009655481211895078e-02,-7.625520714132956457e-02,-9.897944146720559777e-01,-5.152234435081481934e-01,-1.132553219795227051e-01,2.103098183870315552e-01,3.357784748077392578e-01,-3.646605014801025391e-01,1.487444192171096802e-01,-2.153832465410232544e-01,-8.424617350101470947e-02,5.921048577874898911e-03,8.319653868675231934e-01,2.582990229129791260e-01,1.905453950166702271e-01,2.102136015892028809e-01,5.498657822608947754e-01,2.868483960628509521e-01,1.698832027614116669e-02,-1.956973791122436523e+00,4.961133897304534912e-01,2.665693163871765137e-01,-4.812980890274047852e-01,3.289865702390670776e-02,-2.129580259323120117e+00,-2.830103337764739990e-01,0.000000000000000000e+00
1.670635366587983617e-01,-5.086614399182848301e-01,1.024936020374298096e+00,8.435181708132991063e-02,-8.179748615673107515e-02,-1.084772264492392529e-01,-9.871305048246649116e-01,-4.981081783771514893e-01,-1.255214810371398926e-01,1.502359509468078613e-01,4.172146320343017578e-01,-3.721750080585479736e-01,2.070375233888626099e-01,-2.719622552394866943e-01,-1.117574945092201233e-01,2.489518374204635620e-02,9.977276325225830078e-01,1.943061798810958862e-01,1.487616896629333496e-01,1.825472414493560791e-01,5.111179351806640625e-01,2.847740948200225830e-01,-2.697323681786656380e-03,-1.936778783798217773e+00,4.576431810855865479e-01,2.930166721343994141e-01,-4.835410118103027344e-01,5.538723617792129517e-02,-2.075436592102050781e+00,-2.839769721031188965e-01,0.000000000000000000e+00
1.978698524689662674e-01,-5.045527228292434607e-01,1.005076587200164795e+00,8.981611185458018842e-02,-7.779373085112586961e-02,-1.409934932312106592e-01,-9.828540259662411627e-01,-5.345965623855590820e-01,-1.414750814437866211e-01,4.710426554083824158e-02,5.794753432273864746e-01,-4.784020781517028809e-01,2.560398280620574951e-01,-3.462843298912048340e-01,-1.302650421857833862e-01,6.095258891582489014e-02,1.122146964073181152e+00,9.232455492019653320e-02,1.160704270005226135e-01,1.500848680734634399e-01,4.415901303291320801e-01,2.878681719303131104e-01,-3.268782049417495728e-02,-1.906985998153686523e+00,4.463983178138732910e-01,3.144664168357849121e-01,-4.920116961002349854e-01,7.614446431398391724e-02,-1.995067477226257324e+00,-3.075778186321258545e-01,0.000000000000000000e+00
2.258078358743086933e-01,-5.001923134022462358e-01,9.869794249534606934e-01,9.511502520657065529e-02,-9.023392168515950718e-02,-1.834539329467090585e-01,-9.742461833867528398e-01,-6.014803647994995117e-01,-1.752850115299224854e-01,-3.212997689843177795e-02,7.377120852470397949e-01,-5.377611517906188965e-01,2.351929247379302979e-01,-4.693294763565063477e-01,-1.206133961677551270e-01,1.231940239667892456e-01,1.202330589294433594e+00,2.427173964679241180e-02,1.246776804327964783e-01,7.982189953327178955e-02,3.199978172779083252e-01,2.601917088031768799e-01,-5.493687465786933899e-02,-1.876656413078308105e+00,4.314690828323364258e-01,3.062589168548583984e-01,-4.871639311313629150e-01,1.114120557904243469e-01,-1.861735820770263672e+00,-3.257888555526733398e-01,0.000000000000000000e+00
2.547895589911279846e-01,-4.919764842658445048e-01,9.795363545417785645e-01,9.904513566308867367e-02,-9.430678354607471836e-02,-2.255272520521420798e-01,-9.645899389173017147e-01,-5.817630887031555176e-01,-2.048151791095733643e-01,-1.033567115664482117e-01,7.832472920417785645e-01,-5.914939045906066895e-01,2.324686646461486816e-01,-5.771689414978027344e-01,-1.089573428034782410e-01,1.828137040138244629e-01,1.205135941505432129e+00,-4.239907860755920410e-02,1.361555755138397217e-01,9.910969063639640808e-03,2.170320004224777222e-01,2.582274377346038818e-01,-5.697380378842353821e-02,-1.895684361457824707e+00,4.318170845508575439e-01,3.228898048400878906e-01,-4.452694356441497803e-01,8.965273201465606689e-02,-1.756479859352111816e+00,-3.065682947635650635e-01,0.000000000000000000e+00
2.853392927930299416e-01,-4.796705462027015532e-01,9.817387461662292480e-01,1.027953524418158543e-01,-9.789065949963156321e-02,-2.724878754663112579e-01,-9.516306489510235611e-01,-5.198760628700256348e-01,-2.192878276109695435e-01,-1.734386980533599854e-01,7.580073475837707520e-01,-5.962572097778320312e-01,1.917608678340911865e-01,-6.660020947456359863e-01,-1.245048418641090393e-01,1.793793141841888428e-01,1.138608694076538086e+00,-8.609408885240554810e-02,1.322730034589767456e-01,-6.846024096012115479e-02,1.233706027269363403e-01,2.689222395420074463e-01,-5.831303820013999939e-02,-1.976588606834411621e+00,4.665816128253936768e-01,3.686286509037017822e-01,-4.279924631118774414e-01,5.897956714034080505e-02,-1.769736528396606445e+00,-3.229728341102600098e-01,0.000000000000000000e+00
3.163366646745625066e-01,-4.631964299106021699e-01,9.916713833808898926e-01,1.057986805876870440e-01,-9.738114260919765452e-02,-3.182634878009584778e-01,-9.370335664120047481e-01,-4.232247769832611084e-01,-2.153823971748352051e-01,-2.448658049106597900e-01,6.819017529487609863e-01,-5.496829748153686523e-01,1.435254663228988647e-01,-7.201423645019531250e-01,-1.408944576978683472e-01,1.585904061794281006e-01,1.018894910812377930e+00,-1.240980774164199829e-01,1.090670749545097351e-01,-1.471338570117950439e-01,6.056137755513191223e-02,2.853832244873046875e-01,-3.105102293193340302e-02,-2.087203741073608398e+00,4.954303801059722900e-01,4.384623765945434570e-01,-4.255628585815429688e-01,3.437339514493942261e-02,-1.846300840377807617e+00,-3.711192905902862549e-01,0.000000000000000000e+00
3.483029899336671509e-01,-4.422041618389739859e-01,1.006722152233123779e+00,1.056810782726594761e-01,-9.133172371797282363e-02,-3.672422000698880029e-01,-9.195777250595298380e-01,-2.989692389965057373e-01,-1.896297931671142578e-01,-2.886608541011810303e-01,5.747052431106567383e-01,-4.688364565372467041e-01,7.985807955265045166e-02,-7.172492146492004395e-01,-1.394206285476684570e-01,1.501155495643615723e-01,8.476563096046447754e-01,-1.331085413694381714e-01,1.112117767333984375e-01,-2.372539192438125610e-01,5.206970125436782837e-02,3.053485155105590820e-01,1.382505334913730621e-02,-2.193608283996582031e+00,5.420708656311035156e-01,5.296157598495483398e-01,-4.372867345809936523e-01,2.970282686874270439e-03,-1.942388176918029785e+00,-4.164409637451171875e-01,0.000000000000000000e+00
3.796287976061367697e-01,-4.193049696782428781e-01,1.022476196289062500e+00,1.058889547400485853e-01,-8.345029668613708485e-02,-4.107477705626320086e-01,-9.017260372335287322e-01,-2.055487781763076782e-01,-1.557032763957977295e-01,-3.071722686290740967e-01,5.215389132499694824e-01,-3.522869944572448730e-01,3.061050176620483398e-02,-6.904362440109252930e-01,-1.081990078091621399e-01,1.940281391143798828e-01,6.536618471145629883e-01,-1.249903514981269836e-01,1.324037611484527588e-01,-3.080339729785919189e-01,2.256316691637039185e-02,3.116776049137115479e-01,4.685696586966514587e-02,-2.194799900054931641e+00,5.744977593421936035e-01,6.051331758499145508e-01,-4.373413026332855225e-01,-3.972980380058288574e-02,-2.003008842468261719e+00,-3.809760212898254395e-01,0.000000000000000000e+00
4.115558414208099758e-01,-3.941137363849862574e-01,1.036089897155761719e+00,1.074748022953813664e-01,-7.555058119669089134e-02,-4.454269360419794710e-01,-8.856275296086189019e-01,-1.527181416749954224e-01,-1.129967570304870605e-01,-2.845594286918640137e-01,5.374416708946228027e-01,-2.529700398445129395e-01,-9.026764892041683197e-03,-6.650571823120117188e-01,-6.829009950160980225e-02,2.822346389293670654e-01,4.934892654418945312e-01,-1.066370755434036255e-01,1.446499228477478027e-01,-3.463956415653228760e-01,1.995408907532691956e-02,3.278993964195251465e-01,7.062373310327529907e-02,-2.194799900054931641e+00,5.468533635139465332e-01,6.433498859405517578e-01,-4.330232739448547363e-01,-4.151967912912368774e-02,-2.019959211349487305e+00,-3.751449584960937500e-01,0.000000000000000000e+00
4.430714832539715542e-01,-3.676350741653169885e-01,1.043095886707305908e+00,1.071816114729735175e-01,-6.432231681348796193e-02,-4.746187812384263793e-01,-8.712701958735606933e-01,-1.489250659942626953e-01,-8.480017632246017456e-02,-2.656640112400054932e-01,6.531928181648254395e-01,-1.917480230331420898e-01,-1.647874712944030762e-02,-6.276049613952636719e-01,-3.749760240316390991e-02,3.631033003330230713e-01,3.840694129467010498e-01,-8.382647484540939331e-02,1.695709377527236938e-01,-3.617199361324310303e-01,5.938144028186798096e-02,3.341911435127258301e-01,7.759812474250793457e-02,-2.194799900054931641e+00,4.936346411705017090e-01,6.464922428131103516e-01,-4.290024340152740479e-01,-3.408305346965789795e-02,-2.004843235015869141e+00,-3.656120002269744873e-01,0.000000000000000000e+00
4.729944393621359211e-01,-3.420464417585657446e-01,1.039556026458740234e+00,1.039867645524204937e-01,-5.378818719268639581e-02,-4.996730711271972769e-01,-8.582659294803440808e-01,-2.049895077943801880e-01,-7.911249250173568726e-02,-2.603390216827392578e-01,8.678048849105834961e-01,-1.856238543987274170e-01,3.797464445233345032e-02,-5.977249145507812500e-01,-2.286433614790439606e-02,3.920811116695404053e-01,3.472845256328582764e-01,-6.219535693526268005e-02,1.779798865318298340e-01,-3.574295639991760254e-01,1.320129930973052979e-01,3.203838765621185303e-01,8.612204343080520630e-02,-2.194618463516235352e+00,4.886949062347412109e-01,6.163374781608581543e-01,-4.541438519954681396e-01,-8.311487734317779541e-03,-1.969869494438171387e+00,-3.968164622783660889e-01,0.000000000000000000e+00
5.012550215151534427e-01,-3.182396086195671270e-01,1.024369418621063232e+00,9.523287904734066556e-02,-4.511885190709396393e-02,-5.225138345892216263e-01,-8.460935412906825936e-01,-2.774551510810852051e-01,-8.582070469856262207e-02,-2.502028942108154297e-01,1.096217393875122070e+00,-2.213122695684432983e-01,9.267947077751159668e-02,-5.784803628921508789e-01,-2.001689188182353973e-02,4.011905193328857422e-01,4.199173450469970703e-01,1.733645424246788025e-02,1.806599497795104980e-01,-3.296693265438079834e-01,1.791654378175735474e-01,3.040051460266113281e-01,5.465865135192871094e-02,-2.162025690078735352e+00,5.055308938026428223e-01,5.951117277145385742e-01,-4.744991064071655273e-01,-1.821880228817462921e-02,-1.934095263481140137e+00,-3.707548081874847412e-01,0.000000000000000000e+00
5.285529132482733594e-01,-2.959486899313232833e-01,1.002493023872375488e+00,9.067697191013780744e-02,-4.112748354667278977e-02,-5.409824557791128585e-01,-8.351192725602293310e-01,-3.625178337097167969e-01,-7.892349362373352051e-02,-2.296057492494583130e-01,1.287705302238464355e+00,-3.069933354854583740e-01,1.256663650274276733e-01,-6.070551872253417969e-01,-1.132540032267570496e-02,3.615966439247131348e-01,6.035707592964172363e-01,-8.595376461744308472e-02,1.664267331361770630e-01,-2.821453511714935303e-01,2.030446529388427734e-01,3.191954493522644043e-01,3.198552131652832031e-02,-2.109300613403320312e+00,4.694268107414245605e-01,5.511499643325805664e-01,-5.004244446754455566e-01,-1.217001862823963165e-02,-1.871273636817932129e+00,-3.611687421798706055e-01,0.000000000000000000e+00
5.498038270493502688e-01,-2.757195623202972623e-01,9.814278483390808105e-01,9.529027550091909160e-02,-4.950704404542498327e-02,-5.486528114513272714e-01,-8.291253876654589572e-01,-5.031128525733947754e-01,-8.209832757711410522e-02,-2.051398903131484985e-01,1.446446537971496582e+00,-3.803435564041137695e-01,1.712872385978698730e-01,-6.774734258651733398e-01,1.129375677555799484e-02,3.398993313312530518e-01,7.887248992919921875e-01,-1.954378485679626465e-01,1.411444097757339478e-01,-1.888511180877685547e-01,1.810725778341293335e-01,3.231555521488189697e-01,-6.103775463998317719e-03,-2.017256259918212891e+00,3.833664655685424805e-01,4.767068624496459961e-01,-4.986412227153778076e-01,1.716454140841960907e-02,-1.788658142089843750e+00,-3.845039904117584229e-01,0.000000000000000000e+00
5.675626822518350378e-01,-2.514543313993192197e-01,9.700125455856323242e-01,9.926035037469640998e-02,-5.526669909501867595e-02,-5.587424693666818154e-01,-8.215228711001634210e-01,-6.393826007843017578e-01,-6.571283191442489624e-02,-1.608017235994338989e-01,1.528449892997741699e+00,-4.138193130493164062e-01,2.271306961774826050e-01,-6.877002716064453125e-01,3.110155463218688965e-03,2.963906824588775635e-01,8.806284070014953613e-01,-2.878054082393646240e-01,6.398171186447143555e-02,-9.438756108283996582e-02,1.918467879295349121e-01,3.032782375812530518e-01,-2.832565829157829285e-02,-1.946851611137390137e+00,4.460359513759613037e-01,3.957482278347015381e-01,-4.975840151309967041e-01,2.338375151157379150e-02,-1.730771541595458984e+00,-3.628056645393371582e-01,0.000000000000000000e+00
5.837031859958390356e-01,-2.231845284576306765e-01,9.693460464477539062e-01,1.030542585974685843e-01,-5.731024121358380824e-02,-5.748447716835816124e-01,-8.097214610623939546e-01,-7.404360771179199219e-01,-3.318281099200248718e-02,-1.063991189002990723e-01,1.521010279655456543e+00,-4.603832066059112549e-01,2.489966601133346558e-01,-6.273968219757080078e-01,-2.070756070315837860e-02,2.346961349248886108e-01,8.740015029907226562e-01,-3.350627124309539795e-01,2.519389986991882324e-02,-8.156779222190380096e-03,2.327476739883422852e-01,2.901000082492828369e-01,-3.931239619851112366e-02,-1.962472200393676758e+00,4.562937319278717041e-01,3.287316560745239258e-01,-5.133485198020935059e-01,4.861173778772354126e-02,-1.786459684371948242e+00,-3.356553316116333008e-01,0.000000000000000000e+00
5.975943749482628409e-01,-1.913234763801422988e-01,9.769135117530822754e-01,1.066021446361364450e-01,-5.503628504459594228e-02,-5.850035173035761371e-01,-8.021083934418781203e-01,-8.039991855621337891e-01,6.752247922122478485e-03,-4.511253908276557922e-02,1.440853357315063477e+00,-5.132800340652465820e-01,2.617999315261840820e-01,-5.203508138656616211e-01,-3.369091078639030457e-02,1.727772504091262817e-01,7.943251729011535645e-01,-3.251918554306030273e-01,5.438856780529022217e-02,9.209133684635162354e-02,2.938091158866882324e-01,3.040156066417694092e-01,-2.741025947034358978e-02,-2.010556459426879883e+00,5.127760767936706543e-01,2.737479805946350098e-01,-5.229271054267883301e-01,2.379706501960754395e-02,-1.910568594932556152e+00,-3.178571760654449463e-01,0.000000000000000000e+00
6.040166429217677102e-01,-1.547890821075595391e-01,9.907391667366027832e-01,1.023393583287042913e-01,-5.238753189081681028e-02,-6.058062326145604581e-01,-7.872617168163398294e-01,-8.142215609550476074e-01,-1.012279000133275986e-02,2.194144530221819878e-03,1.279205560684204102e+00,-5.078232884407043457e-01,2.617999911308288574e-01,-3.654693961143493652e-01,-7.135137915611267090e-02,8.933386951684951782e-02,6.549348831176757812e-01,-2.826861143112182617e-01,9.634505957365036011e-02,1.526448577642440796e-01,3.860609531402587891e-01,3.054433465003967285e-01,-8.658546023070812225e-03,-2.052710533142089844e+00,5.304289460182189941e-01,2.478896826505661011e-01,-5.121061801910400391e-01,-2.667186595499515533e-02,-2.054396629333496094e+00,-3.693691194057464600e-01,0.000000000000000000e+00
6.079062353551808462e-01,-1.170357451659140430e-01,1.007311940193176270e+00,9.586983501264138841e-02,-5.092917301974280581e-02,-6.237085410935374608e-01,-7.740819400019259833e-01,-7.835358381271362305e-01,-2.623714134097099304e-02,5.225975811481475830e-02,1.057643055915832520e+00,-4.951910674571990967e-01,2.346355617046356201e-01,-2.393936365842819214e-01,-1.023371592164039612e-01,1.812803745269775391e-02,5.596121549606323242e-01,-1.831877976655960083e-01,9.156119078397750854e-02,1.993167400360107422e-01,4.752487242221832275e-01,2.915937006473541260e-01,1.002795901149511337e-02,-2.077335119247436523e+00,5.483144521713256836e-01,2.316703051328659058e-01,-5.305983424186706543e-01,-6.820961833000183105e-02,-2.177582740783691406e+00,-3.580755889415740967e-01,0.000000000000000000e+00
6.102230136815044448e-01,-7.991400150367974908e-02,1.025200188159942627e+00,9.247591700222104749e-02,-4.734064597332190288e-02,-6.380859019592014514e-01,-7.629242752294224106e-01,-7.230693101882934570e-01,-3.471724689006805420e-02,1.050904914736747742e-01,8.060370683670043945e-01,-4.795943498611450195e-01,1.938377618789672852e-01,-1.645826697349548340e-01,-1.138602048158645630e-01,-2.702460810542106628e-02,5.381382703781127930e-01,-1.967804692685604095e-02,8.975012600421905518e-02,2.386038154363632202e-01,5.445579886436462402e-01,2.811010777950286865e-01,4.177021980285644531e-02,-2.074179172515869141e+00,5.495640039443969727e-01,2.037489265203475952e-01,-5.512830018997192383e-01,-8.382264524698257446e-02,-2.194799900054931641e+00,-3.058936893939971924e-01,0.000000000000000000e+00
6.126552142722856420e-01,-4.239985643737394228e-02,1.039396703243255615e+00,9.069264895376137614e-02,-4.359392695948021562e-02,-6.544549459649828815e-01,-7.493751641600973068e-01,-6.517254114151000977e-01,-5.016657337546348572e-02,1.496216952800750732e-01,5.816205739974975586e-01,-4.430237114429473877e-01,1.510419249534606934e-01,-1.414616554975509644e-01,-1.209115684032440186e-01,-5.422533303499221802e-02,5.949123501777648926e-01,1.257764399051666260e-01,9.834110736846923828e-02,2.494561225175857544e-01,5.796037912368774414e-01,2.822733521461486816e-01,3.686353564262390137e-02,-2.048408508300781250e+00,5.240874886512756348e-01,2.015087008476257324e-01,-5.399356484413146973e-01,-5.841628089547157288e-02,-2.194799900054931641e+00,-3.223789930343627930e-01,0.000000000000000000e+00
6.140771164861039688e-01,-3.782075658474559794e-03,1.044362723827362061e+00,8.628398995197511523e-02,-3.917175870450247122e-02,-6.746078512355857537e-01,-7.320689130466266903e-01,-5.863087773323059082e-01,-7.577069848775863647e-02,1.720786243677139282e-01,4.419048130512237549e-01,-3.715899884700775146e-01,1.318435072898864746e-01,-1.680522859096527100e-01,-1.248418241739273071e-01,-2.776109613478183746e-02,7.318474650382995605e-01,2.184724956750869751e-01,1.241379529237747192e-01,2.311134487390518188e-01,5.779312849044799805e-01,2.640831470489501953e-01,2.195345051586627960e-02,-1.988225221633911133e+00,4.968335032463073730e-01,2.451220750808715820e-01,-5.238465070724487305e-01,-3.862500563263893127e-02,-2.194761514663696289e+00,-3.182997405529022217e-01,0.000000000000000000e+00
6.151420022037502600e-01,3.416902778856140827e-02,1.038441598415374756e+00,8.154537449304531671e-02,-3.275513619479220040e-02,-6.960574994332021648e-01,-7.125878264708479515e-01,-5.502921938896179199e-01,-9.299493581056594849e-02,1.630373448133468628e-01,4.446898102760314941e-01,-3.109661936759948730e-01,1.618574112653732300e-01,-2.228731364011764526e-01,-1.255110055208206177e-01,1.649311184883117676e-02,9.106612205505371094e-01,2.037837803363800049e-01,1.229646131396293640e-01,1.986838877201080322e-01,5.482055544853210449e-01,2.543231248855590820e-01,-7.270391215570271015e-04,-1.934083104133605957e+00,4.705848395824432373e-01,2.817820906639099121e-01,-5.159435868263244629e-01,1.084438059478998184e-02,-2.152658700942993164e+00,-3.255137801170349121e-01,0.000000000000000000e+00
6.172854622283423520e-01,7.268589788422342990e-02,1.022935390472412109e+00,7.852459770673715644e-02,-2.089013289012221081e-02,-7.142734641999513023e-01,-6.951337340703795942e-01,-5.235415101051330566e-01,-1.032089143991470337e-01,1.117065995931625366e-01,5.372034907341003418e-01,-3.895432054996490479e-01,1.698738187551498413e-01,-2.721158862113952637e-01,-1.263432353734970093e-01,4.460053890943527222e-02,1.065614938735961914e+00,1.329004913568496704e-01,1.077937930822372437e-01,1.665839254856109619e-01,5.117062926292419434e-01,2.632300853729248047e-01,-1.349510066211223602e-02,-1.902648448944091797e+00,4.195210933685302734e-01,3.047409653663635254e-01,-4.923845827579498291e-01,5.890996754169464111e-02,-2.061314582824707031e+00,-3.441892266273498535e-01,0.000000000000000000e+00
6.205544373147923176e-01,1.069309326490116979e-01,1.006702542304992676e+00,8.112507620611919545e-02,-1.010929699019697675e-02,-7.322235741838658551e-01,-6.761398979015512678e-01,-5.212055444717407227e-01,-1.006753966212272644e-01,4.530210047960281372e-02,6.480540037155151367e-01,-5.137863159179687500e-01,1.764330714941024780e-01,-3.446525633335113525e-01,-1.226410195231437683e-01,6.587044894695281982e-02,1.181018352508544922e+00,4.212791472673416138e-02,8.779382705688476562e-02,1.194975748658180237e-01,4.521844983100891113e-01,2.673186361789703369e-01,-2.295305952429771423e-02,-1.871832609176635742e+00,4.302963018417358398e-01,3.127821087837219238e-01,-4.689912199974060059e-01,9.142178297042846680e-02,-1.946558952331542969e+00,-3.145215213298797607e-01,0.000000000000000000e+00
6.225965799959379821e-01,1.373164977253384933e-01,9.954769015312194824e-01,8.897049875801288366e-02,-1.200771926636124559e-02,-7.529327461132880872e-01,-6.519450474227667103e-01,-5.533512830734252930e-01,-1.181952878832817078e-01,-2.531251311302185059e-02,7.627342343330383301e-01,-5.753504633903503418e-01,1.847575455904006958e-01,-4.696369767189025879e-01,-1.227507218718528748e-01,9.873232990503311157e-02,1.254802703857421875e+00,-4.565649479627609253e-02,7.697021961212158203e-02,4.799829050898551941e-02,3.393421471118927002e-01,2.444247454404830933e-01,-2.441183850169181824e-02,-1.845174908638000488e+00,4.490954577922821045e-01,3.043856918811798096e-01,-4.319196045398712158e-01,1.129379495978355408e-01,-1.806049466133117676e+00,-3.086285889148712158e-01,0.000000000000000000e+00
6.217211119876407954e-01,1.702682498188108906e-01,9.923170208930969238e-01,9.383754498510982200e-02,-1.522829737650235188e-02,-7.717162266932109382e-01,-6.288216595892455185e-01,-5.247171521186828613e-01,-1.322928518056869507e-01,-6.631579250097274780e-02,7.849513888359069824e-01,-6.122940182685852051e-01,1.805287003517150879e-01,-5.870802998542785645e-01,-1.238583102822303772e-01,1.346134990453720093e-01,1.252633094787597656e+00,-8.071908354759216309e-02,9.610725194215774536e-02,-1.301325485110282898e-02,2.212289571762084961e-01,2.429243773221969604e-01,-3.356719017028808594e-02,-1.882352828979492188e+00,4.484874010086059570e-01,3.291955292224884033e-01,-3.924050033092498779e-01,8.058453351259231567e-02,-1.734428882598876953e+00,-3.317132294178009033e-01,0.000000000000000000e+00
6.165218576044334542e-01,2.024473373766669249e-01,9.941347241401672363e-01,9.923490931161887962e-02,-2.281423896941336960e-02,-7.946998996038254770e-01,-5.984012139391354790e-01,-4.700515568256378174e-01,-1.528370380401611328e-01,-1.082359775900840759e-01,7.407308816909790039e-01,-6.188541650772094727e-01,1.562378406524658203e-01,-6.929694414138793945e-01,-1.472667753696441650e-01,1.515883356332778931e-01,1.185764312744140625e+00,-1.174438223242759705e-01,1.325801461935043335e-01,-8.964244276285171509e-02,1.047056838870048523e-01,2.511244416236877441e-01,-3.234928846359252930e-02,-1.977312803268432617e+00,4.555701017379760742e-01,3.764360845088958740e-01,-4.118671417236328125e-01,6.182676553726196289e-02,-1.791792154312133789e+00,-3.497382402420043945e-01,0.000000000000000000e+00
6.114680661662916794e-01,2.386674130794715076e-01,1.005658686161041260e+00,1.002596267259727170e-01,-2.008212986758519530e-02,-8.191526399000007563e-01,-5.643878700447146901e-01,-3.793989419937133789e-01,-1.456283479928970337e-01,-1.642704904079437256e-01,6.699034571647644043e-01,-5.772380828857421875e-01,1.204251125454902649e-01,-7.206653952598571777e-01,-1.777401417493820190e-01,1.148732304573059082e-01,1.030757188796997070e+00,-1.424857676029205322e-01,1.114728674292564392e-01,-1.792783439159393311e-01,4.313665628433227539e-02,2.678075730800628662e-01,-1.263675629161298275e-03,-2.098661184310913086e+00,4.893942177295684814e-01,4.518535137176513672e-01,-4.220375120639801025e-01,4.285741969943046570e-02,-1.882305502891540527e+00,-4.025166332721710205e-01,0.000000000000000000e+00
6.029981800444980111e-01,2.765212761620141069e-01,1.020847499370574951e+00,9.368609497629584726e-02,-1.346001985860661478e-02,-8.444379171932124839e-01,-5.272251392715333607e-01,-2.618107497692108154e-01,-1.265515089035034180e-01,-2.037387937307357788e-01,5.796322226524353027e-01,-4.924866855144500732e-01,7.674097269773483276e-02,-6.783705353736877441e-01,-2.020995467901229858e-01,7.002190500497817993e-02,8.118649721145629883e-01,-1.416904181241989136e-01,1.093455031514167786e-01,-2.749839723110198975e-01,2.590243890881538391e-02,2.786128818988800049e-01,3.562355786561965942e-02,-2.193665266036987305e+00,5.333596467971801758e-01,5.420166850090026855e-01,-4.445113539695739746e-01,2.392257191240787506e-02,-1.964122295379638672e+00,-4.232473671436309814e-01,0.000000000000000000e+00
5.947451486334314197e-01,3.153413190541998756e-01,1.035924255847930908e+00,8.824834757252476847e-02,-4.608170125800836736e-03,-8.613852018301835223e-01,-5.002064853505846509e-01,-1.803027093410491943e-01,-8.929692953824996948e-02,-2.026689499616622925e-01,5.524539351463317871e-01,-3.997224271297454834e-01,5.905778706073760986e-02,-6.256129145622253418e-01,-1.845598816871643066e-01,6.874307990074157715e-02,5.841873288154602051e-01,-1.085423454642295837e-01,1.147650703787803650e-01,-3.309063017368316650e-01,-1.384514756500720978e-02,2.862854599952697754e-01,6.191108375787734985e-02,-2.194799900054931641e+00,5.552807450294494629e-01,6.077758073806762695e-01,-4.579505622386932373e-01,1.752399024553596973e-03,-2.004225969314575195e+00,-4.095536470413208008e-01,0.000000000000000000e+00
5.856177090366375682e-01,3.539257419210172229e-01,1.046881854534149170e+00,8.611386071530004183e-02,4.924699446766434875e-03,-8.740724611194420346e-01,-4.780768589261213952e-01,-1.552293002605438232e-01,-4.555546864867210388e-02,-1.769353896379470825e-01,6.160555481910705566e-01,-3.258596658706665039e-01,5.359953641891479492e-02,-5.798402428627014160e-01,-1.424318850040435791e-01,1.435072869062423706e-01,3.948522508144378662e-01,-8.245781809091567993e-02,1.492668837308883667e-01,-3.508118391036987305e-01,-1.828180439770221710e-02,2.951887845993041992e-01,6.838487833738327026e-02,-2.194799900054931641e+00,5.343957543373107910e-01,6.357966661453247070e-01,-4.544673562049865723e-01,-1.508736610412597656e-02,-1.995849013328552246e+00,-3.870360851287841797e-01,0.000000000000000000e+00
5.764935703551948842e-01,3.919358814310350270e-01,1.048477292060852051e+00,8.323956781217804746e-02,1.540287035806416419e-02,-8.818634881787260626e-01,-4.638434155535945402e-01,-1.876144409179687500e-01,-1.197742391377687454e-02,-1.572221070528030396e-01,7.823532819747924805e-01,-2.980733811855316162e-01,8.270754665136337280e-02,-5.605454444885253906e-01,-9.324650466442108154e-02,2.721347212791442871e-01,3.141278326511383057e-01,-6.017077341675758362e-02,1.698875576257705688e-01,-3.406010270118713379e-01,2.415418624877929688e-02,3.033998608589172363e-01,7.859526574611663818e-02,-2.194799900054931641e+00,5.273378491401672363e-01,6.233347058296203613e-01,-4.395270943641662598e-01,-2.083824388682842255e-02,-1.962630629539489746e+00,-3.540949821472167969e-01,0.000000000000000000e+00
5.677618622092380773e-01,4.283465095397525069e-01,1.039188563823699951e+00,7.742948549429393146e-02,2.343043445178277784e-02,-8.906682207229564829e-01,-4.473989384338015185e-01,-2.498401552438735962e-01,1.054389402270317078e-02,-1.481289118528366089e-01,9.942597150802612305e-01,-2.920648753643035889e-01,1.162983402609825134e-01,-5.456084012985229492e-01,-6.263517588376998901e-02,3.686657845973968506e-01,3.176473975181579590e-01,-5.205180868506431580e-02,1.820395886898040771e-01,-3.206366300582885742e-01,9.276553243398666382e-02,3.040885031223297119e-01,7.260056585073471069e-02,-2.194799900054931641e+00,5.411748886108398438e-01,5.964879393577575684e-01,-4.458820521831512451e-01,-2.894044853746891022e-02,-1.926102757453918457e+00,-3.433921933174133301e-01,0.000000000000000000e+00
5.588669474361374068e-01,4.626757212429231103e-01,1.019114613533020020e+00,7.000624594109584875e-02,2.305772371082253150e-02,-8.997650248186400690e-01,-4.301050650941259934e-01,-3.259930908679962158e-01,3.361958777531981468e-03,-1.506577283143997192e-01,1.201588392257690430e+00,-3.341883122920989990e-01,1.569029241800308228e-01,-5.381711125373840332e-01,-6.421705335378646851e-02,3.920681476593017578e-01,3.984648883342742920e-01,1.409808173775672913e-02,2.092792987823486328e-01,-2.905760109424591064e-01,1.583837419748306274e-01,2.940284609794616699e-01,5.390960723161697388e-02,-2.193762540817260742e+00,5.193676948547363281e-01,5.634832978248596191e-01,-4.689776897430419922e-01,-1.916632242500782013e-02,-1.895141839981079102e+00,-3.424751460552215576e-01,0.000000000000000000e+00
5.524522747339258855e-01,4.929466631683074307e-01,9.946793913841247559e-01,7.012805566484330011e-02,2.480848277253366874e-02,-9.058880781666400761e-01,-4.169333098071500432e-01,-4.313168227672576904e-01,-2.317921072244644165e-02,-1.784325987100601196e-01,1.385192394256591797e+00,-4.035696089267730713e-01,1.825184226036071777e-01,-5.942277312278747559e-01,-5.021129548549652100e-02,3.524933159351348877e-01,5.859788656234741211e-01,-7.939890772104263306e-02,1.839638054370880127e-01,-2.331250309944152832e-01,1.896328330039978027e-01,3.183075785636901855e-01,2.520029246807098389e-02,-2.130659818649291992e+00,4.754034876823425293e-01,5.200446248054504395e-01,-4.836663007736206055e-01,-6.398472934961318970e-03,-1.849446296691894531e+00,-3.197539746761322021e-01,0.000000000000000000e+00
5.407932573581236690e-01,5.171300165936005833e-01,9.745003581047058105e-01,8.332568777063190102e-02,1.941384354479647190e-02,-9.094004361529615110e-01,-4.070267548468686214e-01,-5.825533270835876465e-01,-7.490945607423782349e-02,-2.020868659019470215e-01,1.513756632804870605e+00,-4.474337399005889893e-01,2.205964922904968262e-01,-6.753906011581420898e-01,-3.466771170496940613e-02,3.237256407737731934e-01,7.652544975280761719e-01,-1.759762167930603027e-01,2.170103341341018677e-01,-1.556600332260131836e-01,1.789577752351760864e-01,3.201595544815063477e-01,-1.062967348843812943e-02,-2.015710830688476562e+00,4.226575493812561035e-01,4.281743764877319336e-01,-5.050480961799621582e-01,1.631473191082477570e-02,-1.767784595489501953e+00,-2.853888869285583496e-01,0.000000000000000000e+00
5.280972336644913501e-01,5.400886924119133736e-01,9.684788584709167480e-01,8.377233733913697078e-02,1.943946861363896050e-02,-9.149124111173552176e-01,-3.943850688606058141e-01,-6.870393157005310059e-01,-7.206290960311889648e-02,-1.721821725368499756e-01,1.533416152000427246e+00,-4.759388566017150879e-01,2.393415570259094238e-01,-6.619791984558105469e-01,-4.873197153210639954e-02,2.757768034934997559e-01,8.313791751861572266e-01,-2.483961433172225952e-01,1.686180531978607178e-01,-7.633007317781448364e-02,2.173764556646347046e-01,2.887495458126068115e-01,-3.990292921662330627e-02,-1.938968658447265625e+00,4.555281698703765869e-01,3.688914775848388672e-01,-4.896143674850463867e-01,4.110503569245338440e-02,-1.737038612365722656e+00,-3.277568221092224121e-01,0.000000000000000000e+00
5.129251173118497542e-01,5.636575107672608942e-01,9.703190922737121582e-01,9.199720795578207599e-02,2.218501564760557224e-02,-9.160627322117412819e-01,-3.897093910362124936e-01,-7.817993760108947754e-01,-1.526808086782693863e-02,-1.138826236128807068e-01,1.479293465614318848e+00,-5.255226492881774902e-01,2.617998719215393066e-01,-6.283488273620605469e-01,-4.342753440141677856e-02,2.383473515510559082e-01,8.377026915550231934e-01,-2.744925320148468018e-01,9.719388931989669800e-02,3.070659376680850983e-02,2.598156630992889404e-01,2.851222455501556396e-01,-4.498360306024551392e-02,-1.953821539878845215e+00,4.643009901046752930e-01,2.992419004440307617e-01,-4.947002828121185303e-01,5.280735716223716736e-02,-1.800730466842651367e+00,-2.557390332221984863e-01,0.000000000000000000e+00
4.915029480094966763e-01,5.861836483289148969e-01,9.778234362602233887e-01,9.747840973741660198e-02,2.624349483177660161e-02,-9.190314167384551203e-01,-3.810387036270554972e-01,-8.418670892715454102e-01,2.123335748910903931e-02,-7.150575518608093262e-02,1.377659797668457031e+00,-5.536339282989501953e-01,2.617999911308288574e-01,-5.508975386619567871e-01,-5.313590541481971741e-02,1.853791773319244385e-01,7.873629927635192871e-01,-2.720459401607513428e-01,7.654812186956405640e-02,1.308030039072036743e-01,3.042630851268768311e-01,3.044617474079132080e-01,-3.205187618732452393e-02,-1.991073131561279297e+00,4.943223595619201660e-01,2.433554977178573608e-01,-4.883905351161956787e-01,3.332574293017387390e-02,-1.902090549468994141e+00,-2.967150807380676270e-01,0.000000000000000000e+00
4.582899517370435105e-01,6.002357412429556449e-01,9.948004484176635742e-01,9.027271921536067500e-02,2.124125816595160560e-02,-9.318347630693967210e-01,-3.508327513964357158e-01,-8.070862889289855957e-01,-1.096551865339279175e-02,3.782851621508598328e-03,1.166302204132080078e+00,-5.185974836349487305e-01,2.617999911308288574e-01,-3.953969180583953857e-01,-1.297299414873123169e-01,7.312034070491790771e-02,6.517491340637207031e-01,-2.398836463689804077e-01,8.478328585624694824e-02,1.749689131975173950e-01,3.884544074535369873e-01,3.030976653099060059e-01,-1.709938980638980865e-02,-2.028978109359741211e+00,5.271937847137451172e-01,2.433875650167465210e-01,-4.743389189243316650e-01,-1.550027728080749512e-02,-2.026431560516357422e+00,-3.617971837520599365e-01,0.000000000000000000e+00
4.230101863349767233e-01,6.113266967833234089e-01,1.012427747249603271e+00,8.399118784452502817e-02,1.476172170488675855e-02,-9.436388508893427396e-01,-3.198019559493248676e-01,-7.402670979499816895e-01,-5.543605983257293701e-02,6.211027875542640686e-02,9.039232730865478516e-01,-4.743171632289886475e-01,2.328492403030395508e-01,-2.578062415122985840e-01,-1.893146783113479614e-01,-3.859231993556022644e-02,5.496246814727783203e-01,-1.439407765865325928e-01,8.013336360454559326e-02,1.971376687288284302e-01,4.634141325950622559e-01,2.755655348300933838e-01,-4.334019031375646591e-03,-2.041533946990966797e+00,5.284679532051086426e-01,2.435221672058105469e-01,-4.957780241966247559e-01,-4.456805810332298279e-02,-2.134781122207641602e+00,-3.018069863319396973e-01,0.000000000000000000e+00
3.898468522633091182e-01,6.244672851811162717e-01,1.029764056205749512e+00,7.896044147879521802e-02,1.681766277228937886e-02,-9.519617170291014840e-01,-2.953833174222207925e-01,-6.546530723571777344e-01,-5.770519375801086426e-02,1.255344748497009277e-01,6.466906070709228516e-01,-4.450663328170776367e-01,1.789957135915756226e-01,-1.544270515441894531e-01,-2.096817642450332642e-01,-1.397403031587600708e-01,5.107603073120117188e-01,6.601441185921430588e-03,7.114426791667938232e-02,2.192073613405227661e-01,5.127156376838684082e-01,2.779548764228820801e-01,1.373376231640577316e-02,-2.027383327484130859e+00,5.103866457939147949e-01,2.526873350143432617e-01,-5.042282938957214355e-01,-6.184706464409828186e-02,-2.193670988082885742e+00,-2.712661027908325195e-01,0.000000000000000000e+00
3.590395079951079760e-01,6.354940298962009626e-01,1.041492342948913574e+00,7.532245522417931050e-02,1.825866452964944667e-02,-9.600402366181650660e-01,-2.689161448904339169e-01,-5.824511051177978516e-01,-6.707917153835296631e-02,1.885792315006256104e-01,4.565578103065490723e-01,-4.283696413040161133e-01,1.459209918975830078e-01,-1.262568086385726929e-01,-2.301134020090103149e-01,-1.884447634220123291e-01,5.731110572814941406e-01,1.019681990146636963e-01,7.005964219570159912e-02,2.179566174745559692e-01,5.286774635314941406e-01,2.727778255939483643e-01,7.953572086989879608e-03,-1.995922923088073730e+00,4.957118034362792969e-01,2.731835544109344482e-01,-4.996942877769470215e-01,-5.199471488595008850e-02,-2.194371700286865234e+00,-3.037438988685607910e-01,0.000000000000000000e+00
3.273171016853568260e-01,6.466488297527667184e-01,1.044399559497833252e+00,7.021370536574486620e-02,2.096088541176406236e-02,-9.685528795886755304e-01,-2.377729932142251812e-01,-5.337564349174499512e-01,-8.105330169200897217e-02,2.093259841203689575e-01,3.713074028491973877e-01,-3.783401846885681152e-01,1.445291638374328613e-01,-1.620164662599563599e-01,-2.358408868312835693e-01,-1.301254183053970337e-01,7.224359512329101562e-01,1.761541217565536499e-01,7.494096457958221436e-02,1.907355040311813354e-01,5.210083127021789551e-01,2.493682652711868286e-01,-1.995791913941502571e-03,-1.928389549255371094e+00,4.641271829605102539e-01,3.043142557144165039e-01,-4.925764203071594238e-01,-2.137296274304389954e-02,-2.172676563262939453e+00,-3.175256550312042236e-01,0.000000000000000000e+00
2.954965263061753999e-01,6.592181631990932100e-01,1.036544978618621826e+00,6.489999703413254495e-02,2.535554121640958350e-02,-9.762524957369885792e-01,-2.051247217716422599e-01,-5.081390142440795898e-01,-9.230420738458633423e-02,1.865202337503433228e-01,3.854561448097229004e-01,-3.095759451389312744e-01,1.585246324539184570e-01,-2.253962755203247070e-01,-2.160817831754684448e-01,-3.130156546831130981e-02,9.028796553611755371e-01,1.864490061998367310e-01,8.668160438537597656e-02,1.515907198190689087e-01,4.859993457794189453e-01,2.485014051198959351e-01,-2.232918888330459595e-02,-1.876068472862243652e+00,3.954660594463348389e-01,3.290482163429260254e-01,-4.938887655735015869e-01,4.898164421319961548e-03,-2.106937170028686523e+00,-2.724888920783996582e-01,0.000000000000000000e+00
2.644512289435849151e-01,6.714978589958588984e-01,1.020722687244415283e+00,5.980186783619383800e-02,3.313588994156493883e-02,-9.825334427022501815e-01,-1.730716134227301972e-01,-5.045433640480041504e-01,-1.035830155014991760e-01,1.165219023823738098e-01,4.835141897201538086e-01,-3.501280546188354492e-01,1.862145066261291504e-01,-2.827031314373016357e-01,-1.942362040281295776e-01,3.430747613310813904e-02,1.057239055633544922e+00,1.341634094715118408e-01,8.037606626749038696e-02,1.054980829358100891e-01,4.447187185287475586e-01,2.583249509334564209e-01,-3.277107328176498413e-02,-1.845440149307250977e+00,3.477005660533905029e-01,3.443592190742492676e-01,-4.790928065776824951e-01,4.335224255919456482e-02,-2.012529611587524414e+00,-2.841321825981140137e-01,0.000000000000000000e+00
2.373782592130428137e-01,6.815371684018962650e-01,1.002954006195068359e+00,6.596373673141091298e-02,3.741983872543185041e-02,-9.869646943037203579e-01,-1.419479950691646675e-01,-5.456762909889221191e-01,-1.218231320381164551e-01,4.107217118144035339e-02,6.138282418251037598e-01,-4.642846882343292236e-01,1.942856162786483765e-01,-3.796968758106231689e-01,-1.724080741405487061e-01,9.688713401556015015e-02,1.172103404998779297e+00,3.699875250458717346e-02,7.831620424985885620e-02,5.106698349118232727e-02,3.712196946144104004e-01,2.390813082456588745e-01,-3.856685757637023926e-02,-1.814241766929626465e+00,4.099089205265045166e-01,3.423699736595153809e-01,-4.796991646289825439e-01,7.311689853668212891e-02,-1.902603983879089355e+00,-2.810539901256561279e-01,0.000000000000000000e+00
2.139338778737904512e-01,6.879778492618370267e-01,9.913853406906127930e-01,8.052940397267932537e-02,3.485178135667709592e-02,-9.913228300646546032e-01,-9.787448607617461882e-02,-5.949285626411437988e-01,-1.688728034496307373e-01,-2.795717120170593262e-02,7.175118327140808105e-01,-5.025289058685302734e-01,1.986808627843856812e-01,-5.108187794685363770e-01,-1.742739677429199219e-01,1.278768926858901978e-01,1.233175516128540039e+00,-4.340286180377006531e-02,7.226950675249099731e-02,-2.295229956507682800e-02,2.561414539813995361e-01,2.410887032747268677e-01,-3.435489907860755920e-02,-1.826894879341125488e+00,4.073245823383331299e-01,3.359399735927581787e-01,-4.490231573581695557e-01,5.043510347604751587e-02,-1.785648226737976074e+00,-2.907920181751251221e-01,0.000000000000000000e+00
1.863436540687324061e-01,6.933173855076335546e-01,9.911131262779235840e-01,8.602937385772280177e-02,3.679121548589225910e-02,-9.939636605302892836e-01,-5.728520613515253324e-02,-5.627890825271606445e-01,-1.974838674068450928e-01,-8.755007386207580566e-02,7.263250946998596191e-01,-5.284737348556518555e-01,1.920813322067260742e-01,-5.977371931076049805e-01,-1.565465480089187622e-01,1.614728420972824097e-01,1.204378008842468262e+00,-8.604326844215393066e-02,8.699534833431243896e-02,-7.600775361061096191e-02,1.672942191362380981e-01,2.490322440862655640e-01,-3.418947383761405945e-02,-1.890105128288269043e+00,4.345357120037078857e-01,3.619622588157653809e-01,-4.086517691612243652e-01,2.736978419125080109e-02,-1.740307807922363281e+00,-3.469365835189819336e-01,0.000000000000000000e+00
1.587379803978959947e-01,6.972821995112676863e-01,9.974588155746459961e-01,9.044004389210799633e-02,4.044892345850305271e-02,-9.949109460297851371e-01,-1.834918314148720198e-02,-5.041679143905639648e-01,-2.082885205745697021e-01,-1.461200565099716187e-01,6.835988163948059082e-01,-5.125967860221862793e-01,1.469004452228546143e-01,-6.633198261260986328e-01,-1.423400938510894775e-01,1.802291572093963623e-01,1.112839579582214355e+00,-1.154082193970680237e-01,1.043028384447097778e-01,-1.225339546799659729e-01,9.724573045969009399e-02,2.573903501033782959e-01,-1.190379913896322250e-02,-1.986007690429687500e+00,4.720617532730102539e-01,4.061579406261444092e-01,-4.090117812156677246e-01,-7.031390559859573841e-04,-1.794054985046386719e+00,-3.300412595272064209e-01,0.000000000000000000e+00
1.288342886707352364e-01,6.988421403042087698e-01,1.008909046649932861e+00,9.014709916235442988e-02,4.455906527251016214e-02,-9.946216887316317035e-01,2.481303123945105549e-02,-4.156756699085235596e-01,-2.066210955381393433e-01,-1.965036094188690186e-01,6.102289557456970215e-01,-4.686468541622161865e-01,1.044874936342239380e-01,-6.797693967819213867e-01,-1.447080820798873901e-01,1.689696460962295532e-01,9.605835080146789551e-01,-1.260968148708343506e-01,1.139919534325599670e-01,-1.786574274301528931e-01,6.704994291067123413e-02,2.559505701065063477e-01,1.849285513162612915e-02,-2.092042922973632812e+00,4.948205649852752686e-01,4.684121608734130859e-01,-4.039537906646728516e-01,-1.454878784716129303e-02,-1.881257772445678711e+00,-3.528297841548919678e-01,0.000000000000000000e+00
9.718536537639127504e-02,6.990512542067224278e-01,1.022121906280517578e+00,8.746625175275600517e-02,4.899738180689693079e-02,-9.925364550826936139e-01,6.942835668711211383e-02,-3.276423215866088867e-01,-1.915604621171951294e-01,-2.269305288791656494e-01,5.462865829467773438e-01,-4.074230194091796875e-01,6.608802825212478638e-02,-6.615895628929138184e-01,-1.341733783483505249e-01,1.706041693687438965e-01,7.747778892517089844e-01,-1.179763898253440857e-01,1.196878701448440552e-01,-2.316937595605850220e-01,6.565936654806137085e-02,2.566004395484924316e-01,5.173651874065399170e-02,-2.181583881378173828e+00,5.359518527984619141e-01,5.299602150917053223e-01,-3.935466408729553223e-01,-2.969213202595710754e-02,-1.960731863975524902e+00,-3.892283141613006592e-01,0.000000000000000000e+00
6.508261703045632729e-02,6.976506688544530377e-01,1.034774124622344971e+00,7.957383464578757226e-02,5.500955702297381095e-02,-9.893569136029305433e-01,1.086961406029881005e-01,-2.571324110031127930e-01,-1.648215949535369873e-01,-2.249577343463897705e-01,5.319180488586425781e-01,-3.325018584728240967e-01,3.031803108751773834e-02,-6.194626092910766602e-01,-1.001241877675056458e-01,2.267682105302810669e-01,5.909064412117004395e-01,-1.085312440991401672e-01,1.341592520475387573e-01,-2.614569962024688721e-01,5.019086599349975586e-02,2.700738906860351562e-01,7.826061546802520752e-02,-2.194799900054931641e+00,5.508705973625183105e-01,5.864564776420593262e-01,-3.966156840324401855e-01,-3.883802518248558044e-02,-2.014956235885620117e+00,-3.990546166896820068e-01,0.000000000000000000e+00
3.291912199264612759e-02,6.950869999440647540e-01,1.044343650341033936e+00,7.125937835065135340e-02,5.939448916273121909e-02,-9.854517178987546311e-01,1.424054329882480929e-01,-2.423209398984909058e-01,-1.457169353961944580e-01,-2.149725258350372314e-01,6.205059885978698730e-01,-2.820793986320495605e-01,5.112541466951370239e-02,-5.731534957885742188e-01,-6.667872518301010132e-02,3.300694823265075684e-01,4.427055716514587402e-01,-7.719016820192337036e-02,1.580257713794708252e-01,-2.668749988079071045e-01,6.330492347478866577e-02,2.766048908233642578e-01,8.644490689039230347e-02,-2.194799900054931641e+00,5.130478143692016602e-01,6.227235198020935059e-01,-3.904200494289398193e-01,-4.426538571715354919e-02,-2.030126094818115234e+00,-3.548710942268371582e-01,0.000000000000000000e+00
1.260681766746644082e-03,6.931580578015695826e-01,1.044764339923858643e+00,6.629306983634640493e-02,6.291488477446302574e-02,-9.814779712759440500e-01,1.683684592361246735e-01,-2.863578498363494873e-01,-1.243399009108543396e-01,-1.746633797883987427e-01,7.825298309326171875e-01,-2.489182054996490479e-01,6.329150497913360596e-02,-5.483916997909545898e-01,-3.211633488535881042e-02,4.384284317493438721e-01,3.756529688835144043e-01,-5.578722804784774780e-02,1.924401223659515381e-01,-2.486507892608642578e-01,1.107650548219680786e-01,2.717587649822235107e-01,7.926747202873229980e-02,-2.194799900054931641e+00,4.930801093578338623e-01,6.188608407974243164e-01,-3.916284739971160889e-01,-2.740974910557270050e-02,-2.017151355743408203e+00,-3.794739842414855957e-01,0.000000000000000000e+00
-2.960622414477977540e-02,6.909613717899253382e-01,1.035481929779052734e+00,6.094100272598913792e-02,6.414110657997032505e-02,-9.763880476163074862e-01,1.970748413812965782e-01,-3.634494245052337646e-01,-1.161015406250953674e-01,-1.633963435888290405e-01,9.954739212989807129e-01,-2.380177378654479980e-01,1.029142662882804871e-01,-5.215714573860168457e-01,-7.158436812460422516e-03,5.139809250831604004e-01,3.913543522357940674e-01,-2.391925267875194550e-02,2.029711306095123291e-01,-2.296332716941833496e-01,1.841858029365539551e-01,2.662284970283508301e-01,6.691794842481613159e-02,-2.194799900054931641e+00,5.360916256904602051e-01,5.835185050964355469e-01,-4.266501069068908691e-01,-1.491484418511390686e-02,-1.988566040992736816e+00,-3.723745644092559814e-01,0.000000000000000000e+00
-5.801827427067351300e-02,6.890258148549004424e-01,1.016665935516357422e+00,5.845593420538721524e-02,6.280436240996579988e-02,-9.709287542299973595e-01,2.234633527624576010e-01,-4.483963847160339355e-01,-1.148134320974349976e-01,-1.581060588359832764e-01,1.190667748451232910e+00,-2.891295254230499268e-01,1.512007564306259155e-01,-5.373300313949584961e-01,-5.315609741955995560e-04,4.643907248973846436e-01,5.335363149642944336e-01,-9.097085893154144287e-02,1.918781101703643799e-01,-1.981427073478698730e-01,2.452999800443649292e-01,2.677814662456512451e-01,5.445845797657966614e-02,-2.170631408691406250e+00,5.376241803169250488e-01,5.384491682052612305e-01,-4.537636935710906982e-01,-1.348667545244097710e-03,-1.939200639724731445e+00,-3.523040413856506348e-01,0.000000000000000000e+00
-8.319229152832016694e-02,6.867807105347318863e-01,9.953672289848327637e-01,6.216297011748565804e-02,6.600257123239398893e-02,-9.641928841899741753e-01,2.492218044519871334e-01,-5.509150624275207520e-01,-1.123233065009117126e-01,-1.651815176010131836e-01,1.343308687210083008e+00,-3.915538191795349121e-01,1.774276047945022583e-01,-5.799918770790100098e-01,1.140863541513681412e-02,4.025194942951202393e-01,6.966284513473510742e-01,-2.231559753417968750e-01,1.914962977170944214e-01,-1.496455669403076172e-01,2.611180245876312256e-01,2.947528362274169922e-01,1.197792124003171921e-02,-2.080720186233520508e+00,4.972872138023376465e-01,4.780139625072479248e-01,-4.546371996402740479e-01,1.229408755898475647e-02,-1.866057276725769043e+00,-3.427306711673736572e-01,0.000000000000000000e+00
-1.043331911659042405e-01,6.813180034234586069e-01,9.796472191810607910e-01,8.298595098106591184e-02,7.169947166398447924e-02,-9.605213456416512585e-01,2.556780441681008043e-01,-7.117719650268554688e-01,-1.123110353946685791e-01,-1.490295380353927612e-01,1.455252051353454590e+00,-4.416363537311553955e-01,2.494067251682281494e-01,-6.637429594993591309e-01,3.003376722335815430e-02,3.848024904727935791e-01,8.381417989730834961e-01,-2.880778610706329346e-01,9.421992301940917969e-02,-5.180589482188224792e-02,2.316877543926239014e-01,2.843038141727447510e-01,-1.190623454749584198e-02,-1.935135841369628906e+00,4.452043175697326660e-01,3.620923757553100586e-01,-4.705477058887481689e-01,4.572767019271850586e-02,-1.784884810447692871e+00,-2.897907495498657227e-01,0.000000000000000000e+00
-1.302679105898847389e-01,6.729369307469119654e-01,9.763666987419128418e-01,8.697186568946943530e-02,7.974377576717490979e-02,-9.542533022897992101e-01,2.747316142599912081e-01,-8.078175187110900879e-01,-7.162217050790786743e-02,-1.298813074827194214e-01,1.472600221633911133e+00,-4.656428098678588867e-01,2.617999315261840820e-01,-6.345877051353454590e-01,2.165033854544162750e-02,3.215225934982299805e-01,8.619958758354187012e-01,-3.390316367149353027e-01,1.728522777557373047e-02,2.070406265556812286e-02,2.796970903873443604e-01,2.770515084266662598e-01,-7.805444300174713135e-03,-1.881533026695251465e+00,4.558593332767486572e-01,2.827142775058746338e-01,-4.515021145343780518e-01,8.909368515014648438e-02,-1.799428462982177734e+00,-3.799823522567749023e-01,0.000000000000000000e+00
-1.560107883912062732e-01,6.541692104232910143e-01,9.849022030830383301e-01,8.572070060230904676e-02,8.287650085709143133e-02,-9.472796181926925740e-01,2.973966577664257094e-01,-8.275850415229797363e-01,-2.902729995548725128e-02,-5.625213682651519775e-02,1.381808996200561523e+00,-5.082275271415710449e-01,2.617999911308288574e-01,-5.219494700431823730e-01,-1.656074076890945435e-02,2.375357002019882202e-01,7.671534419059753418e-01,-3.322830200195312500e-01,7.433295249938964844e-02,9.801204502582550049e-02,3.374594151973724365e-01,2.956124544143676758e-01,-1.516020763665437698e-02,-1.932652354240417480e+00,4.654592275619506836e-01,2.299974560737609863e-01,-4.401021301746368408e-01,8.352040499448776245e-02,-1.890500068664550781e+00,-3.668323755264282227e-01,0.000000000000000000e+00
-1.808459656764487555e-01,6.294241007397128884e-01,9.950804114341735840e-01,8.407236270343221296e-02,8.209179140533934271e-02,-9.390006706937464864e-01,3.232189908560746949e-01,-8.219323158264160156e-01,-2.441621571779251099e-02,-8.959979750216007233e-03,1.248071551322937012e+00,-5.432873368263244629e-01,2.617999911308288574e-01,-3.851623237133026123e-01,-6.207223981618881226e-02,1.406073868274688721e-01,6.437403559684753418e-01,-3.097467124462127686e-01,1.272879838943481445e-01,1.688252687454223633e-01,4.008248448371887207e-01,3.136985301971435547e-01,-2.720772475004196167e-02,-1.987266778945922852e+00,5.081272721290588379e-01,2.098191529512405396e-01,-4.619569480419158936e-01,3.229833766818046570e-02,-2.015734672546386719e+00,-3.166093528270721436e-01,0.000000000000000000e+00
-2.023963620719522460e-01,5.998995691351970416e-01,1.010979175567626953e+00,8.239396725313101466e-02,7.691236097095142943e-02,-9.293634877416974138e-01,3.515383770554106335e-01,-7.705345153808593750e-01,-5.242082849144935608e-02,3.782815858721733093e-02,1.038129687309265137e+00,-5.243871808052062988e-01,2.418303787708282471e-01,-2.571757435798645020e-01,-1.066571548581123352e-01,4.706257581710815430e-02,5.475444793701171875e-01,-2.127011269330978394e-01,1.134454235434532166e-01,2.199412733316421509e-01,4.624176621437072754e-01,3.050597012042999268e-01,-2.940727397799491882e-02,-2.012513637542724609e+00,5.497151613235473633e-01,2.211852818727493286e-01,-4.823918640613555908e-01,-6.883925292640924454e-03,-2.123155832290649414e+00,-3.273843228816986084e-01,0.000000000000000000e+00
-2.239128923569408958e-01,5.696646916580330178e-01,1.028541028499603271e+00,7.603154071279379089e-02,7.723387015597631133e-02,-9.205465639780625597e-01,3.752974256050145563e-01,-6.925411224365234375e-01,-6.858701258897781372e-02,6.791892647743225098e-02,7.972679138183593750e-01,-4.983310997486114502e-01,1.913088709115982056e-01,-1.574514806270599365e-01,-1.213234663009643555e-01,-3.891597688198089600e-02,5.047664046287536621e-01,-5.800250917673110962e-02,1.007919386029243469e-01,2.603431046009063721e-01,5.127398371696472168e-01,2.915910482406616211e-01,-1.761817559599876404e-02,-2.010501146316528320e+00,5.200402140617370605e-01,2.417132109403610229e-01,-4.888652861118316650e-01,-2.100745588541030884e-02,-2.190667152404785156e+00,-3.057438433170318604e-01,0.000000000000000000e+00
-2.449249638979577870e-01,5.402511647138850126e-01,1.042047381401062012e+00,7.214340476314083650e-02,7.971476761743392925e-02,-9.058885972279920873e-01,4.096422028858610065e-01,-6.131094098091125488e-01,-9.232535213232040405e-02,1.015021279454231262e-01,5.740122795104980469e-01,-4.748239815235137939e-01,1.441199332475662231e-01,-1.025775000452995300e-01,-1.229698956012725830e-01,-9.759192168712615967e-02,5.214338898658752441e-01,8.256732672452926636e-02,1.154808998107910156e-01,2.603688836097717285e-01,5.259335637092590332e-01,2.884268760681152344e-01,-2.240210305899381638e-03,-1.978276491165161133e+00,4.773797690868377686e-01,2.558699250221252441e-01,-4.984440803527832031e-01,-2.447569929063320160e-02,-2.194534540176391602e+00,-2.752398848533630371e-01,0.000000000000000000e+00
-2.653875004254100944e-01,5.103218527068585919e-01,1.047619581222534180e+00,6.879528168733395344e-02,8.058702747508891817e-02,-8.895174461696745416e-01,4.444453320489144543e-01,-5.412752628326416016e-01,-1.219063252210617065e-01,1.299892514944076538e-01,4.207787215709686279e-01,-4.081201851367950439e-01,1.196667551994323730e-01,-1.150903850793838501e-01,-1.148691549897193909e-01,-5.850045755505561829e-02,6.277887821197509766e-01,1.925252079963684082e-01,1.564985364675521851e-01,2.402114272117614746e-01,5.164062380790710449e-01,2.741702795028686523e-01,-3.123394562862813473e-04,-1.927180171012878418e+00,4.532188177108764648e-01,2.793107330799102783e-01,-4.957295358180999756e-01,-8.289723657071590424e-03,-2.172363996505737305e+00,-2.597174346446990967e-01,0.000000000000000000e+00
-2.856785656056229361e-01,4.819312476572449877e-01,1.043359398841857910e+00,6.605188008245707620e-02,8.143463729508042259e-02,-8.722856875849523961e-01,4.776224745765615953e-01,-5.060855150222778320e-01,-1.447407454252243042e-01,1.212683022022247314e-01,3.988373577594757080e-01,-3.288449347019195557e-01,1.501441448926925659e-01,-1.811514049768447876e-01,-1.009307205677032471e-01,1.097352243959903717e-02,8.130329251289367676e-01,2.145916819572448730e-01,1.722205728292465210e-01,2.090573757886886597e-01,4.925688207149505615e-01,2.512317001819610596e-01,7.573340553790330887e-03,-1.861756682395935059e+00,4.382382631301879883e-01,2.904878258705139160e-01,-4.865801334381103516e-01,2.068729326128959656e-02,-2.099714279174804688e+00,-2.708965539932250977e-01,0.000000000000000000e+00
-3.067146060627354842e-01,4.542863193836577662e-01,1.029364883899688721e+00,6.187191919052820177e-02,8.514477850046518748e-02,-8.543950481719648771e-01,5.088529590844621531e-01,-4.930945336818695068e-01,-1.602019369602203369e-01,6.191640347242355347e-02,4.784499406814575195e-01,-4.024436175823211670e-01,1.798633038997650146e-01,-2.598860263824462891e-01,-1.145149990916252136e-01,2.821506559848785400e-02,1.007385015487670898e+00,1.472496241331100464e-01,1.338389515876770020e-01,1.729586422443389893e-01,4.657337665557861328e-01,2.393357455730438232e-01,1.367390807718038559e-02,-1.824267625808715820e+00,4.333632588386535645e-01,3.014170825481414795e-01,-4.682267308235168457e-01,4.482353106141090393e-02,-2.016384840011596680e+00,-2.664978206157684326e-01,0.000000000000000000e+00
-3.273856926031454284e-01,4.280796557251348999e-01,1.012674868106842041e+00,5.846241500655807721e-02,9.402378323248886116e-02,-8.353185163933944946e-01,5.385022287684513298e-01,-5.072016119956970215e-01,-1.631423383951187134e-01,-1.128422934561967850e-02,5.915302038192749023e-01,-5.193291902542114258e-01,1.849845200777053833e-01,-3.479461371898651123e-01,-1.215874552726745605e-01,4.937693104147911072e-02,1.153910636901855469e+00,4.526949673891067505e-02,9.026960283517837524e-02,1.257271468639373779e-01,4.260256886482238770e-01,2.383040338754653931e-01,2.366995066404342651e-02,-1.814750909805297852e+00,4.094723165035247803e-01,2.993493974208831787e-01,-4.455210268497467041e-01,6.880943477153778076e-02,-1.908465504646301270e+00,-2.640941739082336426e-01,0.000000000000000000e+00
-3.468273831142787977e-01,4.050020024308666478e-01,1.003037035465240479e+00,5.970799313310110046e-02,1.065967805402524143e-01,-8.118371991279916822e-01,5.709574800687774454e-01,-5.330064892768859863e-01,-1.615024358034133911e-01,-7.367683947086334229e-02,6.936703324317932129e-01,-5.733432769775390625e-01,1.535610854625701904e-01,-4.715429544448852539e-01,-1.169720441102981567e-01,7.546442747116088867e-02,1.245880484580993652e+00,-4.870016872882843018e-02,5.673773586750030518e-02,6.134893000125885010e-02,3.545635044574737549e-01,2.345952391624450684e-01,3.348084166646003723e-02,-1.796334743499755859e+00,4.276931583881378174e-01,2.914698123931884766e-01,-3.734952807426452637e-01,6.280854344367980957e-02,-1.788364768028259277e+00,-2.935763895511627197e-01,0.000000000000000000e+00
-3.628396019362457037e-01,3.779517348575416325e-01,9.990364313125610352e-01,6.583391596617309272e-02,1.109781372501689595e-01,-7.929651120796227248e-01,5.954461181211890830e-01,-5.123188495635986328e-01,-1.740255355834960938e-01,-1.202067583799362183e-01,7.203744649887084961e-01,-6.093694567680358887e-01,1.570097357034683228e-01,-6.139131188392639160e-01,-1.214118823409080505e-01,1.319929808378219604e-01,1.275782108306884766e+00,-9.061198681592941284e-02,6.914285570383071899e-02,8.697366341948509216e-03,2.765904068946838379e-01,2.288483381271362305e-01,2.356199175119400024e-02,-1.820504784584045410e+00,4.746475219726562500e-01,3.088775575160980225e-01,-3.391265571117401123e-01,4.890130460262298584e-02,-1.752354979515075684e+00,-3.197755813598632812e-01,0.000000000000000000e+00
-3.785361838093599385e-01,3.464921295406308555e-01,1.003537714481353760e+00,6.687489593944616340e-02,1.176971771979779119e-01,-7.694433697377945913e-01,6.242051133555891473e-01,-4.509958326816558838e-01,-1.666098982095718384e-01,-1.760913431644439697e-01,6.796009540557861328e-01,-5.999697446823120117e-01,1.154473572969436646e-01,-7.068198323249816895e-01,-1.208208128809928894e-01,1.474294066429138184e-01,1.200128674507141113e+00,-1.193016022443771362e-01,8.935362845659255981e-02,-5.472888052463531494e-02,2.123842835426330566e-01,2.841162085533142090e-01,-3.054722584784030914e-02,-1.954108595848083496e+00,5.303469896316528320e-01,3.467859327793121338e-01,-3.608738780021667480e-01,3.610428795218467712e-02,-1.815843462944030762e+00,-3.182417750358581543e-01,0.000000000000000000e+00
-3.902633904791317776e-01,3.108181750687677991e-01,1.011645197868347168e+00,6.854091994186857495e-02,1.185493680407848222e-01,-7.438153747593226894e-01,6.542070604191774219e-01,-3.676178455352783203e-01,-1.651758104562759399e-01,-2.346798181533813477e-01,6.179199218750000000e-01,-5.534461736679077148e-01,1.084144935011863708e-01,-7.641248106956481934e-01,-1.337063014507293701e-01,1.641967147588729858e-01,1.067690134048461914e+00,-1.556655317544937134e-01,1.174699291586875916e-01,-1.265290826559066772e-01,1.697456091642379761e-01,2.704008221626281738e-01,3.327366709709167480e-02,-2.047816276550292969e+00,5.406278967857360840e-01,4.082667827606201172e-01,-3.650659620761871338e-01,1.694534672424197197e-03,-1.904449939727783203e+00,-3.761987686157226562e-01,0.000000000000000000e+00
-4.033902598332719247e-01,2.724209757289527412e-01,1.025832116603851318e+00,6.374475115990212160e-02,1.145688080636071415e-01,-7.197530291892384469e-01,6.817376122023499629e-01,-2.639044523239135742e-01,-1.391400843858718872e-01,-2.577714323997497559e-01,5.424959659576416016e-01,-4.620875418186187744e-01,6.953399628400802612e-02,-7.593444585800170898e-01,-1.370117366313934326e-01,1.782978922128677368e-01,8.668889403343200684e-01,-1.575694382190704346e-01,1.206141114234924316e-01,-1.922609508037567139e-01,1.654508113861083984e-01,2.699683010578155518e-01,5.009442567825317383e-02,-2.128011703491210938e+00,5.756372809410095215e-01,4.935390651226043701e-01,-3.694355487823486328e-01,-1.498472597450017929e-02,-1.989458203315734863e+00,-4.460146725177764893e-01,0.000000000000000000e+00
-4.149499737732199600e-01,2.329929858917742791e-01,1.040997803211212158e+00,5.658633797262845738e-02,1.112424251586241891e-01,-6.979508842938636493e-01,7.051862678137523766e-01,-1.935013234615325928e-01,-1.010152772068977356e-01,-2.427282482385635376e-01,5.299550890922546387e-01,-3.507660925388336182e-01,5.601660534739494324e-02,-7.234848737716674805e-01,-1.280292421579360962e-01,2.075274586677551270e-01,6.349953413009643555e-01,-1.091734170913696289e-01,1.225913986563682556e-01,-2.370041757822036743e-01,1.704114377498626709e-01,2.817510068416595459e-01,5.516102537512779236e-02,-2.177202224731445312e+00,5.606868267059326172e-01,5.564755201339721680e-01,-3.701649904251098633e-01,-2.886211685836315155e-02,-2.023362874984741211e+00,-4.617550373077392578e-01,0.000000000000000000e+00
-4.262969178319784835e-01,1.918073950618113810e-01,1.052208602428436279e+00,4.414615093776928789e-02,1.084886139573904978e-01,-6.784699287560286285e-01,7.252309244459819171e-01,-1.544633805751800537e-01,-5.038469657301902771e-02,-1.917490065097808838e-01,5.875270962715148926e-01,-2.726520895957946777e-01,2.583093009889125824e-02,-6.704753041267395020e-01,-9.707827866077423096e-02,2.853839993476867676e-01,4.367700219154357910e-01,-9.097243845462799072e-02,1.317072510719299316e-01,-2.655014693737030029e-01,1.873277127742767334e-01,2.940063476562500000e-01,6.111092865467071533e-02,-2.193365335464477539e+00,5.130745768547058105e-01,5.876999497413635254e-01,-3.581637442111968994e-01,-1.302570383995771408e-02,-2.028256893157958984e+00,-4.469192624092102051e-01,0.000000000000000000e+00
-4.381666914728544748e-01,1.509521546726899921e-01,1.054482281208038330e+00,3.165398300861581998e-02,1.012148540433578520e-01,-6.621808651467495643e-01,7.418019146067058589e-01,-1.818855106830596924e-01,-2.090736292302608490e-02,-1.721264719963073730e-01,7.673728466033935547e-01,-2.400038391351699829e-01,4.963855445384979248e-02,-6.192020773887634277e-01,-7.445732504129409790e-02,3.701217472553253174e-01,3.234147131443023682e-01,-4.287560284137725830e-02,1.579645276069641113e-01,-2.766524553298950195e-01,2.116220295429229736e-01,3.039805293083190918e-01,5.730232968926429749e-02,-2.178245782852172852e+00,4.635038375854492188e-01,5.821123719215393066e-01,-3.482041954994201660e-01,7.697037421166896820e-03,-2.006538391113281250e+00,-4.191782474517822266e-01,0.000000000000000000e+00
-4.491573487359504790e-01,1.121180352935206570e-01,1.044741809368133545e+00,2.156551644217722524e-02,8.870900202630598030e-02,-6.480105527001197574e-01,7.561401755292230797e-01,-2.527317702770233154e-01,-2.201625332236289978e-02,-1.831248402595520020e-01,1.018002510070800781e+00,-2.506634891033172607e-01,1.195164844393730164e-01,-5.859138369560241699e-01,-6.168948858976364136e-02,4.281447827816009521e-01,3.381083607673645020e-01,3.046992234885692596e-02,1.650757789611816406e-01,-2.639451026916503906e-01,2.305074185132980347e-01,3.087360858917236328e-01,2.726226858794689178e-02,-2.133182764053344727e+00,4.721927642822265625e-01,5.607098937034606934e-01,-3.733901083469390869e-01,6.143669597804546356e-04,-1.982807397842407227e+00,-4.073469936847686768e-01,0.000000000000000000e+00
-4.610717522700797377e-01,7.529047959906713661e-02,1.023923456668853760e+00,1.684368332260812937e-02,7.820286023481282101e-02,-6.380692621676889997e-01,7.658121307866589955e-01,-3.319486677646636963e-01,-4.197518527507781982e-02,-1.998669952154159546e-01,1.241927385330200195e+00,-3.148846924304962158e-01,1.462044566869735718e-01,-6.000009179115295410e-01,-5.448568239808082581e-02,3.844105005264282227e-01,5.051754117012023926e-01,-6.513830740004777908e-04,1.619078963994979858e-01,-2.264697253704071045e-01,2.444244623184204102e-01,3.191077709197998047e-01,-7.416573353111743927e-03,-2.082248687744140625e+00,4.491219222545623779e-01,5.184928774833679199e-01,-4.074467718601226807e-01,-4.008323885500431061e-03,-1.945724248886108398e+00,-4.140995442867279053e-01,0.000000000000000000e+00
-4.705130702864560588e-01,4.500113522711562258e-02,1.001757264137268066e+00,1.872466210563216230e-02,8.128088464598554053e-02,-6.369416731918098318e-01,7.663863971730016100e-01,-4.505095481872558594e-01,-7.248236984014511108e-02,-2.138811647891998291e-01,1.416592836380004883e+00,-3.808143734931945801e-01,1.478694826364517212e-01,-6.686193346977233887e-01,-1.208432763814926147e-02,3.793080151081085205e-01,7.044019699096679688e-01,-1.239782199263572693e-01,1.790442466735839844e-01,-1.494274735450744629e-01,2.323241680860519409e-01,3.384962379932403564e-01,-4.132703691720962524e-02,-2.021100521087646484e+00,3.586287498474121094e-01,4.374578297138214111e-01,-4.202243685722351074e-01,2.598973806016147137e-04,-1.875074744224548340e+00,-4.502087235450744629e-01,0.000000000000000000e+00
-4.735827360977624134e-01,1.450168893881638096e-02,9.875549674034118652e-01,2.383219730750450738e-02,8.672360626582457932e-02,-6.340183996502180008e-01,7.680701214034582058e-01,-5.842747092247009277e-01,-1.052619218826293945e-01,-2.138682007789611816e-01,1.520886182785034180e+00,-4.073135852813720703e-01,1.795971244573593140e-01,-7.067668437957763672e-01,-5.411282181739807129e-04,3.468324244022369385e-01,8.401052951812744141e-01,-2.078023701906204224e-01,1.583435982465744019e-01,-7.032883912324905396e-02,2.264699488878250122e-01,3.271511495113372803e-01,-6.140981614589691162e-02,-1.942412376403808594e+00,3.654956519603729248e-01,3.355845808982849121e-01,-4.432712793350219727e-01,1.314945798367261887e-02,-1.784343600273132324e+00,-3.752873539924621582e-01,0.000000000000000000e+00
-4.770463437871007017e-01,-2.001308614663439150e-02,9.876649379730224609e-01,1.980246596274507637e-02,8.395678790632850330e-02,-6.230486930904074461e-01,7.774120182661066192e-01,-6.618821024894714355e-01,-7.682682573795318604e-02,-1.762971878051757812e-01,1.508182764053344727e+00,-4.133589863777160645e-01,1.811532229185104370e-01,-6.391908526420593262e-01,-1.523306034505367279e-02,2.885144948959350586e-01,8.534886240959167480e-01,-2.829011976718902588e-01,9.901972115039825439e-02,-7.272730581462383270e-03,2.645799815654754639e-01,3.143810927867889404e-01,-7.068798691034317017e-02,-1.911825299263000488e+00,4.076611399650573730e-01,2.714070379734039307e-01,-4.377178549766540527e-01,3.154803439974784851e-02,-1.760046243667602539e+00,-3.473200500011444092e-01,0.000000000000000000e+00
-4.736423818309690170e-01,-5.372399842172731477e-02,9.933909773826599121e-01,1.981045744463478739e-02,8.448241277757438661e-02,-6.123855756590729227e-01,7.857825236233113575e-01,-7.261377573013305664e-01,-3.522026166319847107e-02,-9.888415783643722534e-02,1.425467967987060547e+00,-4.379627704620361328e-01,2.200453877449035645e-01,-5.547395348548889160e-01,-3.822215273976325989e-02,2.304503321647644043e-01,8.108026385307312012e-01,-3.020355701446533203e-01,9.398397803306579590e-02,6.784214824438095093e-02,2.940019965171813965e-01,3.299633860588073730e-01,-7.337285578250885010e-02,-1.921886205673217773e+00,4.189564585685729980e-01,2.216230332851409912e-01,-4.292779862880706787e-01,4.423266276717185974e-02,-1.818762183189392090e+00,-3.554179370403289795e-01,0.000000000000000000e+00
-4.619598202051438673e-01,-8.925843546208801771e-02,1.003880083560943604e+00,2.146912401068421655e-02,8.241354762375531495e-02,-5.963082055141284421e-01,7.982252864441222728e-01,-7.437857985496520996e-01,-3.161026537418365479e-02,-2.376666106283664703e-02,1.277799725532531738e+00,-4.644030332565307617e-01,2.617999315261840820e-01,-4.271768629550933838e-01,-8.380556851625442505e-02,1.437993347644805908e-01,7.059538960456848145e-01,-2.941793501377105713e-01,1.289263069629669189e-01,1.246458142995834351e-01,3.411434888839721680e-01,3.367086648941040039e-01,-5.756057053804397583e-02,-1.952720999717712402e+00,4.427787959575653076e-01,1.979880779981613159e-01,-4.276260733604431152e-01,-9.995928034186363220e-03,-1.917165279388427734e+00,-3.237693309783935547e-01,0.000000000000000000e+00
-4.486511138813778499e-01,-1.246567272963976375e-01,1.021366536617279053e+00,1.797826150358794103e-02,7.485915277560946379e-02,-5.811273297316217334e-01,8.101628947304495565e-01,-6.934528350830078125e-01,-4.486036673188209534e-02,4.004722833633422852e-02,1.044811487197875977e+00,-4.483183920383453369e-01,2.363348156213760376e-01,-2.652791142463684082e-01,-1.144888326525688171e-01,5.002114176750183105e-02,5.685705542564392090e-01,-2.244564443826675415e-01,1.003134399652481079e-01,1.751067638397216797e-01,4.090619981288909912e-01,3.278743326663970947e-01,-3.846816718578338623e-02,-1.970008254051208496e+00,4.905259907245635986e-01,2.057832032442092896e-01,-4.200223386287689209e-01,-5.214790999889373779e-02,-2.037820339202880859e+00,-2.771443128585815430e-01,0.000000000000000000e+00
-4.340370260155271831e-01,-1.590874162986336271e-01,1.038389861583709717e+00,9.978980532963793032e-03,6.917094197842316161e-02,-5.681057122918170554e-01,8.199827439615712255e-01,-6.058467030525207520e-01,-6.720829010009765625e-02,7.220218330621719360e-02,7.540581226348876953e-01,-4.091396927833557129e-01,1.472200006246566772e-01,-1.390128582715988159e-01,-1.202345937490463257e-01,-3.746748343110084534e-02,4.926522076129913330e-01,-9.583301097154617310e-02,1.017163172364234924e-01,2.157979160547256470e-01,4.743468165397644043e-01,3.347732722759246826e-01,-9.732923470437526703e-03,-1.983523011207580566e+00,5.153975486755371094e-01,2.149343043565750122e-01,-4.195151031017303467e-01,-4.518810287117958069e-02,-2.131254434585571289e+00,-2.521454393863677979e-01,0.000000000000000000e+00
-4.193599048208644930e-01,-1.937897001509740480e-01,1.051581978797912598e+00,1.281105188317283039e-03,6.829962520625398881e-02,-5.533824547464287757e-01,8.301213036327874661e-01,-5.148617029190063477e-01,-8.758968859910964966e-02,1.051062792539596558e-01,4.770526885986328125e-01,-3.751568496227264404e-01,7.308592647314071655e-02,-8.153100311756134033e-02,-1.167922690510749817e-01,-1.141455844044685364e-01,5.177611112594604492e-01,3.293153643608093262e-02,1.080571413040161133e-01,2.386729717254638672e-01,5.119926333427429199e-01,3.551484644412994385e-01,2.538410201668739319e-02,-1.984675168991088867e+00,4.778122305870056152e-01,2.178729921579360962e-01,-3.984066545963287354e-01,-4.491082578897476196e-02,-2.180004835128784180e+00,-2.619074285030364990e-01,0.000000000000000000e+00
-4.041421077642703974e-01,-2.269233057051444624e-01,1.057103633880615234e+00,-5.677424307910122238e-03,6.760576353330664812e-02,-5.329082959510887951e-01,8.434488577838098466e-01,-4.337090253829956055e-01,-1.189043894410133362e-01,1.442535966634750366e-01,2.792026102542877197e-01,-3.142650723457336426e-01,1.932127028703689575e-02,-1.025236546993255615e-01,-1.148606538772583008e-01,-1.074560955166816711e-01,6.476950645446777344e-01,1.411537677049636841e-01,1.423351317644119263e-01,2.271048873662948608e-01,5.361101627349853516e-01,3.544448912143707275e-01,5.311287939548492432e-02,-1.966559648513793945e+00,4.546753168106079102e-01,2.236119508743286133e-01,-3.921794891357421875e-01,-2.588424645364284515e-02,-2.183084487915039062e+00,-2.663631439208984375e-01,0.000000000000000000e+00
-3.893671032318589131e-01,-2.584580785699444050e-01,1.054069280624389648e+00,-9.574527670221025591e-03,6.212488416198556213e-02,-5.080369354399412174e-01,8.590385901788959444e-01,-3.923421502113342285e-01,-1.557028293609619141e-01,1.334296017885208130e-01,2.393264025449752808e-01,-2.727020084857940674e-01,5.563896149396896362e-02,-1.645670384168624878e-01,-1.008074432611465454e-01,-2.332625165581703186e-02,8.325884342193603516e-01,2.109057605266571045e-01,1.909135580062866211e-01,1.945908516645431519e-01,5.399197936058044434e-01,3.416720628738403320e-01,5.691618099808692932e-02,-1.939480662345886230e+00,4.448623955249786377e-01,2.418290674686431885e-01,-4.034919738769531250e-01,4.388310946524143219e-03,-2.151125907897949219e+00,-2.595016360282897949e-01,0.000000000000000000e+00
-3.750491443250214552e-01,-2.909372173115102878e-01,1.041412413120269775e+00,-1.775448633950938229e-02,5.681436156997200781e-02,-4.835724652349476238e-01,8.732780641930794063e-01,-3.676098585128784180e-01,-1.733930855989456177e-01,6.978005915880203247e-02,2.988290190696716309e-01,-2.670649588108062744e-01,9.938739240169525146e-02,-2.293177247047424316e-01,-8.179184049367904663e-02,4.321992769837379456e-02,1.015572786331176758e+00,1.552756726741790771e-01,2.047211527824401855e-01,1.633042991161346436e-01,5.251480937004089355e-01,3.531006872653961182e-01,6.114805117249488831e-02,-1.916150927543640137e+00,4.180725812911987305e-01,2.649670541286468506e-01,-4.095970690250396729e-01,2.195232175290584564e-02,-2.097279548645019531e+00,-2.526090443134307861e-01,0.000000000000000000e+00
-3.633205444359816627e-01,-3.192020335016417243e-01,1.023196518421173096e+00,-2.341064143944649248e-02,5.501789276153142699e-02,-4.610861112564945130e-01,8.853386760725174831e-01,-3.854979574680328369e-01,-1.900381147861480713e-01,-1.903048530220985413e-02,4.193166494369506836e-01,-3.424910902976989746e-01,1.502410024404525757e-01,-3.112654983997344971e-01,-9.084434062242507935e-02,8.228122442960739136e-02,1.164820432662963867e+00,6.101858615875244141e-02,1.814176440238952637e-01,1.373539716005325317e-01,4.889836609363555908e-01,3.684795498847961426e-01,5.057623982429504395e-02,-1.899724125862121582e+00,3.843886554241180420e-01,2.902309894561767578e-01,-4.103834331035614014e-01,3.503885492682456970e-02,-2.014930725097656250e+00,-2.781847417354583740e-01,0.000000000000000000e+00
-3.522526111139538951e-01,-3.415478150222791554e-01,1.007941961288452148e+00,-1.988696077777018720e-02,6.356964311120370803e-02,-4.375222061626712344e-01,8.967372683123450150e-01,-4.674534201622009277e-01,-2.196179330348968506e-01,-8.328030258417129517e-02,6.051080226898193359e-01,-4.202560186386108398e-01,1.875391751527786255e-01,-4.425633549690246582e-01,-1.139098703861236572e-01,1.249676644802093506e-01,1.264509558677673340e+00,1.368733355775475502e-03,1.757739931344985962e-01,1.045093536376953125e-01,4.130000472068786621e-01,3.568421304225921631e-01,3.128475323319435120e-02,-1.873903512954711914e+00,3.605474829673767090e-01,2.942145168781280518e-01,-4.077060818672180176e-01,4.713970422744750977e-02,-1.892594337463378906e+00,-2.783223092555999756e-01,0.000000000000000000e+00
-3.392260638779605042e-01,-3.653749712403016603e-01,9.993534684181213379e-01,-1.880288682594721469e-02,7.240870494651330258e-02,-4.125946917995650942e-01,9.078375687279093276e-01,-4.912734031677246094e-01,-2.368355691432952881e-01,-1.233380138874053955e-01,7.031608223915100098e-01,-4.774825870990753174e-01,1.966274678707122803e-01,-5.671195387840270996e-01,-1.365463286638259888e-01,1.557548940181732178e-01,1.286323308944702148e+00,-3.145508468151092529e-02,1.527313143014907837e-01,6.984798610210418701e-02,3.389184772968292236e-01,3.475553393363952637e-01,2.430499903857707977e-02,-1.853737354278564453e+00,3.765786588191986084e-01,3.072135150432586670e-01,-3.774284422397613525e-01,2.183822356164455414e-02,-1.771678328514099121e+00,-2.032627761363983154e-01,0.000000000000000000e+00
-3.235937045320808059e-01,-3.902657057502452731e-01,9.977698922157287598e-01,-1.899100693134938081e-02,8.360027476678710823e-02,-3.895106616595159776e-01,9.170233258582997093e-01,-4.700553715229034424e-01,-2.392942309379577637e-01,-1.686583161354064941e-01,7.137764692306518555e-01,-5.158752799034118652e-01,1.891623735427856445e-01,-6.673827767372131348e-01,-1.348147094249725342e-01,1.857318282127380371e-01,1.221465229988098145e+00,-6.919374316930770874e-02,1.305776238441467285e-01,3.813572973012924194e-02,2.650008201599121094e-01,3.302623033523559570e-01,-1.611055573448538780e-03,-1.894596457481384277e+00,3.917416036128997803e-01,3.295305073261260986e-01,-3.433511853218078613e-01,3.291098400950431824e-02,-1.760962605476379395e+00,-3.381509482860565186e-01,0.000000000000000000e+00
-3.056706056037292174e-01,-4.145838512557998290e-01,1.004235565662384033e+00,-2.006091938380409265e-02,9.083266807982214031e-02,-3.588945279685210599e-01,9.287312333055403046e-01,-4.165143668651580811e-01,-2.383875101804733276e-01,-2.250957936048507690e-01,6.804912686347961426e-01,-4.988000988960266113e-01,1.537480354309082031e-01,-7.067115306854248047e-01,-1.336484998464584351e-01,1.874470114707946777e-01,1.071565508842468262e+00,-8.925428241491317749e-02,1.246144250035285950e-01,-9.284970350563526154e-03,2.135142236948013306e-01,3.269406855106353760e-01,3.720158012583851814e-03,-1.976516246795654297e+00,3.931005001068115234e-01,3.692850470542907715e-01,-3.426951467990875244e-01,2.637045271694660187e-02,-1.814586162567138672e+00,-3.702527880668640137e-01,0.000000000000000000e+00
-2.826805004865891591e-01,-4.393058317662839607e-01,1.016292512416839600e+00,-2.247070962864761504e-02,9.145173992691342513e-02,-3.189445241943668630e-01,9.430832608839763154e-01,-3.215534985065460205e-01,-2.268429994583129883e-01,-2.759057581424713135e-01,6.021202206611633301e-01,-4.430289864540100098e-01,1.142292171716690063e-01,-6.776232123374938965e-01,-1.312261670827865601e-01,1.853314787149429321e-01,8.581526279449462891e-01,-1.073030605912208557e-01,1.257737427949905396e-01,-8.488688617944717407e-02,2.090619355440139771e-01,3.240770399570465088e-01,3.010239452123641968e-02,-2.062957763671875000e+00,4.165976345539093018e-01,4.326303899288177490e-01,-3.459741473197937012e-01,9.078468196094036102e-03,-1.897048354148864746e+00,-3.937284648418426514e-01,0.000000000000000000e+00
-2.576884947886610155e-01,-4.636158295212322034e-01,1.030759036540985107e+00,-2.841657434427186449e-02,8.899999595627194893e-02,-2.773599978039606451e-01,9.562128061475160257e-01,-2.245532572269439697e-01,-1.943566948175430298e-01,-2.975371479988098145e-01,5.313425660133361816e-01,-3.694075047969818115e-01,5.210170149803161621e-02,-6.167321801185607910e-01,-1.160037517547607422e-01,1.955863833427429199e-01,6.234030723571777344e-01,-1.016879305243492126e-01,1.384379863739013672e-01,-1.543543338775634766e-01,2.315128594636917114e-01,3.214035034179687500e-01,7.485003024339675903e-02,-2.130385875701904297e+00,5.205852389335632324e-01,4.903988242149353027e-01,-3.461640775203704834e-01,-5.213419906795024872e-03,-1.948339462280273438e+00,-4.636326134204864502e-01,0.000000000000000000e+00
-2.310675703541757442e-01,-4.871530657763691874e-01,1.044602751731872559e+00,-3.562889891997667730e-02,8.523591462866662860e-02,-2.397122663199092729e-01,9.664385390675072074e-01,-1.706562787294387817e-01,-1.539836376905441284e-01,-2.767772376537322998e-01,5.395489931106567383e-01,-2.980532050132751465e-01,2.611195854842662811e-02,-5.494416356086730957e-01,-8.937981724739074707e-02,2.692827880382537842e-01,4.191923141479492188e-01,-8.154147118330001831e-02,1.601169705390930176e-01,-2.004204839468002319e-01,2.349099367856979370e-01,3.080317378044128418e-01,6.427780538797378540e-02,-2.166577339172363281e+00,5.701946020126342773e-01,5.417281389236450195e-01,-3.229048550128936768e-01,-1.525894366204738617e-02,-1.965429663658142090e+00,-4.522176384925842285e-01,0.000000000000000000e+00
-2.058650147918219542e-01,-5.098439447999714158e-01,1.052296817302703857e+00,-3.911466709366927252e-02,8.225369443022147176e-02,-2.080533580103007818e-01,9.738676361761740008e-01,-1.803044825792312622e-01,-1.318650841712951660e-01,-2.509930729866027832e-01,6.460298299789428711e-01,-2.261422276496887207e-01,1.336399652063846588e-02,-5.066689252853393555e-01,-6.865502148866653442e-02,3.525976240634918213e-01,3.067138195037841797e-01,-4.789892956614494324e-02,2.020200341939926147e-01,-2.230911552906036377e-01,2.229487597942352295e-01,2.837247848510742188e-01,1.173946075141429901e-02,-2.169561862945556641e+00,5.073379278182983398e-01,5.754745602607727051e-01,-2.988551855087280273e-01,3.794180927798151970e-03,-1.967516422271728516e+00,-4.241953492164611816e-01,0.000000000000000000e+00
-1.811726892743810435e-01,-5.312667971587553550e-01,1.049505710601806641e+00,-3.982763057583656868e-02,7.687160975536772023e-02,-1.818643854569406138e-01,9.795049059390681379e-01,-2.503381967544555664e-01,-1.344074755907058716e-01,-2.437593340873718262e-01,8.522678613662719727e-01,-2.057740092277526855e-01,4.277849942445755005e-02,-4.891786277294158936e-01,-5.113529041409492493e-02,4.092041850090026855e-01,3.094264268875122070e-01,-4.192034527659416199e-02,2.103800624608993530e-01,-2.248368114233016968e-01,2.311718016862869263e-01,2.741699516773223877e-01,1.389450300484895706e-02,-2.145748853683471680e+00,4.906567931175231934e-01,5.673969984054565430e-01,-3.174746930599212646e-01,-4.035526944790035486e-04,-1.961743235588073730e+00,-4.573474824428558350e-01,0.000000000000000000e+00
-1.584908690375261830e-01,-5.511654982122843327e-01,1.035393536090850830e+00,-3.556142865819754417e-02,7.047274342952893067e-02,-1.577383211350444903e-01,9.843208822689892834e-01,-3.475126922130584717e-01,-1.395573914051055908e-01,-2.228495478630065918e-01,1.085270404815673828e+00,-2.246607393026351929e-01,8.176389336585998535e-02,-4.808565676212310791e-01,-4.671346023678779602e-02,4.316482841968536377e-01,3.895078301429748535e-01,1.047372724860906601e-02,2.238450944423675537e-01,-2.139680385589599609e-01,2.414588928222656250e-01,2.571058273315429688e-01,3.530579619109630585e-03,-2.098089456558227539e+00,4.905291497707366943e-01,5.482884049415588379e-01,-3.522405028343200684e-01,1.277600042521953583e-02,-1.947932243347167969e+00,-4.621226191520690918e-01,0.000000000000000000e+00
-1.369116269668038954e-01,-5.706599604289841476e-01,1.014607191085815430e+00,-3.450216166954088448e-02,6.918421160053862817e-02,-1.381357042816544756e-01,9.873913473937029339e-01,-4.564796984195709229e-01,-1.068459898233413696e-01,-1.851425468921661377e-01,1.289489030838012695e+00,-3.217576444149017334e-01,1.467794179916381836e-01,-5.130022168159484863e-01,-4.492122307419776917e-02,3.741368055343627930e-01,5.414269566535949707e-01,-8.054140955209732056e-02,1.880322992801666260e-01,-1.772768944501876831e-01,2.493381202220916748e-01,2.616236209869384766e-01,-6.136876530945301056e-03,-2.026430845260620117e+00,4.761102199554443359e-01,5.094497799873352051e-01,-3.755534589290618896e-01,-3.062259405851364136e-03,-1.909323096275329590e+00,-4.749014973640441895e-01,0.000000000000000000e+00
-1.180225469283645301e-01,-5.854910396210777357e-01,9.949503540992736816e-01,-2.959860284185055965e-02,8.130006092171675192e-02,-1.216250792556484855e-01,9.887980394903667092e-01,-6.001500487327575684e-01,-8.158965408802032471e-02,-1.505607068538665771e-01,1.445687413215637207e+00,-4.123883247375488281e-01,2.243390381336212158e-01,-5.848541259765625000e-01,-3.718175739049911499e-02,3.437944054603576660e-01,7.085166573524475098e-01,-1.943422704935073853e-01,1.785328984260559082e-01,-1.179094463586807251e-01,2.249755710363388062e-01,2.539051473140716553e-01,-2.677868865430355072e-02,-1.943743586540222168e+00,3.943323791027069092e-01,4.401772916316986084e-01,-3.898763358592987061e-01,2.266837470233440399e-02,-1.837230205535888672e+00,-4.733181595802307129e-01,0.000000000000000000e+00
-9.498951852354643732e-02,-6.022297015676043586e-01,9.855486750602722168e-01,-3.412926732882068381e-02,8.905309183954365770e-02,-1.062669759547985870e-01,9.897535399112438181e-01,-7.209469676017761230e-01,-1.868805661797523499e-02,-1.246568635106086731e-01,1.527468085289001465e+00,-4.722983837127685547e-01,2.617999911308288574e-01,-5.840499997138977051e-01,-2.831538394093513489e-02,2.864107787609100342e-01,7.804393172264099121e-01,-2.573346197605133057e-01,1.503880769014358521e-01,-4.578609392046928406e-02,2.473626881837844849e-01,2.683955132961273193e-01,-4.364371672272682190e-02,-1.905810236930847168e+00,4.224050641059875488e-01,3.714714348316192627e-01,-4.048807322978973389e-01,3.225809335708618164e-02,-1.792892098426818848e+00,-3.974166810512542725e-01,0.000000000000000000e+00
-6.896412911786019284e-02,-6.150998823371206514e-01,9.868315458297729492e-01,-3.957755102221080512e-02,9.219772913999904618e-02,-9.116648272763722138e-02,9.907683223759140567e-01,-7.961717247962951660e-01,3.748952969908714294e-02,-9.489228576421737671e-02,1.504939556121826172e+00,-5.085073709487915039e-01,2.617999911308288574e-01,-5.206705331802368164e-01,-3.286311030387878418e-02,2.196606397628784180e-01,7.584055066108703613e-01,-2.895906567573547363e-01,1.393662989139556885e-01,3.306979686021804810e-02,2.895037531852722168e-01,2.641567587852478027e-01,-4.532603919506072998e-02,-1.923134565353393555e+00,4.788208305835723877e-01,3.251148760318756104e-01,-3.935922980308532715e-01,4.206727817654609680e-02,-1.842408180236816406e+00,-3.921930193901062012e-01,0.000000000000000000e+00
-3.490619808964707388e-02,-6.189870102361885174e-01,9.962652325630187988e-01,-4.031586340719430644e-02,9.132158425129927037e-02,-7.640242978769562487e-02,9.920673707617349013e-01,-8.011671304702758789e-01,5.901815742254257202e-02,-3.145392239093780518e-02,1.377232670783996582e+00,-5.252636671066284180e-01,2.617999911308288574e-01,-4.112047553062438965e-01,-6.279470771551132202e-02,1.503661870956420898e-01,6.724092364311218262e-01,-2.845537960529327393e-01,1.171017214655876160e-01,1.170705631375312805e-01,3.526687026023864746e-01,3.027989268302917480e-01,-3.689172863960266113e-02,-1.987506866455078125e+00,5.170691609382629395e-01,3.031686544418334961e-01,-3.850360512733459473e-01,2.419107221066951752e-02,-1.945075988769531250e+00,-4.372575283050537109e-01,0.000000000000000000e+00
-3.707903876490718786e-04,-6.125629022914870214e-01,1.011444151401519775e+00,-3.139192168467830335e-02,8.880685087219539198e-02,-4.439965798198480806e-02,9.945635026795369704e-01,-7.577458024024963379e-01,1.136143784970045090e-02,3.741286695003509521e-02,1.159063935279846191e+00,-5.075659751892089844e-01,2.617999911308288574e-01,-2.753306329250335693e-01,-1.255457997322082520e-01,4.451888427138328552e-02,5.530939102172851562e-01,-2.160110324621200562e-01,1.118640825152397156e-01,1.531393229961395264e-01,4.283463656902313232e-01,3.166715204715728760e-01,-2.107673138380050659e-02,-2.048825263977050781e+00,5.611624717712402344e-01,3.001585304737091064e-01,-3.999446928501129150e-01,-8.578300476074218750e-03,-2.053233385086059570e+00,-4.541769325733184814e-01,0.000000000000000000e+00
3.329820176167135742e-02,-6.070513009598638154e-01,1.028490364551544189e+00,-2.728549626503967013e-02,8.507035800132957404e-02,-1.771712466357034180e-02,9.958436821995466648e-01,-6.871584057807922363e-01,-3.348413109779357910e-02,6.976842880249023438e-02,8.993860483169555664e-01,-4.735816717147827148e-01,2.181555777788162231e-01,-1.678998023271560669e-01,-1.578609645366668701e-01,-5.773842707276344299e-02,4.907734990119934082e-01,-9.730637818574905396e-02,9.288739413022994995e-02,1.809540092945098877e-01,5.036318898200988770e-01,3.245899677276611328e-01,-6.675119977444410324e-03,-2.077829122543334961e+00,5.467975735664367676e-01,3.099702000617980957e-01,-4.171775579452514648e-01,-2.752951718866825104e-02,-2.140780210494995117e+00,-4.317548871040344238e-01,0.000000000000000000e+00
6.740964615182205855e-02,-6.022534491518009014e-01,1.043640196323394775e+00,-2.954774177159710802e-02,8.237998780364506890e-02,6.955926000552725696e-03,9.961385865727445665e-01,-5.969511270523071289e-01,-5.505914613604545593e-02,1.151358336210250854e-01,6.210510134696960449e-01,-4.481874704360961914e-01,1.404564529657363892e-01,-1.084897220134735107e-01,-1.643576771020889282e-01,-1.276494562625885010e-01,4.973375201225280762e-01,4.597681760787963867e-02,9.677341580390930176e-02,2.010388970375061035e-01,5.483784079551696777e-01,3.248886168003082275e-01,2.340563200414180756e-02,-2.080674648284912109e+00,5.264296531677246094e-01,3.152801096439361572e-01,-4.207843542098999023e-01,-3.824716433882713318e-02,-2.186513423919677734e+00,-4.060235619544982910e-01,0.000000000000000000e+00
9.976396493378862640e-02,-5.953109452222345999e-01,1.052328050136566162e+00,-2.854744319831913069e-02,8.142307978891372144e-02,3.769869045108936723e-02,9.955571979061774712e-01,-5.168869495391845703e-01,-9.354772418737411499e-02,1.626704931259155273e-01,4.056548178195953369e-01,-4.009113311767578125e-01,1.074718460440635681e-01,-1.243998557329177856e-01,-1.857799589633941650e-01,-1.500219553709030151e-01,6.090482473373413086e-01,1.530338227748870850e-01,1.046452894806861877e-01,1.958285123109817505e-01,5.575637221336364746e-01,3.160491585731506348e-01,3.096359595656394958e-02,-2.048104524612426758e+00,4.872053861618041992e-01,3.310457170009613037e-01,-4.025406837463378906e-01,-3.726983070373535156e-02,-2.178404092788696289e+00,-4.162339866161346436e-01,0.000000000000000000e+00
1.310065671636374274e-01,-5.890827410932745201e-01,1.051901578903198242e+00,-2.733253283757007199e-02,7.833391622504891350e-02,7.120272242393434203e-02,9.940054841583875200e-01,-4.749743342399597168e-01,-1.286668181419372559e-01,1.569409519433975220e-01,3.352583050727844238e-01,-3.056937456130981445e-01,1.299787908792495728e-01,-1.936850696802139282e-01,-1.938208639621734619e-01,-9.119153022766113281e-02,7.912441492080688477e-01,2.019979804754257202e-01,1.114837303757667542e-01,1.751392483711242676e-01,5.360211730003356934e-01,2.997137308120727539e-01,2.134358696639537811e-02,-1.995754718780517578e+00,4.422185420989990234e-01,3.380553126335144043e-01,-3.897196948528289795e-01,-2.618949674069881439e-02,-2.128702402114868164e+00,-4.770295023918151855e-01,0.000000000000000000e+00
1.620108016006843732e-01,-5.840947617935590142e-01,1.040886461734771729e+00,-2.843376009516446548e-02,7.204706021075145406e-02,9.930336655149780978e-02,9.920380959385470820e-01,-4.578769505023956299e-01,-1.511373370885848999e-01,9.012386202812194824e-02,3.938223123550415039e-01,-2.850489020347595215e-01,1.697240769863128662e-01,-2.858569025993347168e-01,-2.007642239332199097e-01,-2.307699620723724365e-02,1.000300407409667969e+00,1.571099907159805298e-01,8.631603419780731201e-02,1.594235748052597046e-01,5.011059641838073730e-01,2.997207343578338623e-01,-1.576424343511462212e-03,-1.943875551223754883e+00,4.159607887268066406e-01,3.495114147663116455e-01,-3.843359649181365967e-01,-1.109962631016969681e-02,-2.066482782363891602e+00,-5.015292763710021973e-01,0.000000000000000000e+00
1.920737837295103667e-01,-5.805902984076319884e-01,1.023365676403045654e+00,-3.447488360480827768e-02,6.432282741318032238e-02,1.265985505210076856e-01,9.892658203334375733e-01,-4.650022983551025391e-01,-1.637554466724395752e-01,-9.519751183688640594e-03,5.115270614624023438e-01,-3.891361951828002930e-01,1.842520236968994141e-01,-3.715970814228057861e-01,-2.067839056253433228e-01,2.115034870803356171e-02,1.168675899505615234e+00,5.837495252490043640e-02,4.101007431745529175e-02,1.364680528640747070e-01,4.647942185401916504e-01,2.945250272750854492e-01,-2.382895536720752716e-02,-1.905897378921508789e+00,4.021243155002593994e-01,3.467554450035095215e-01,-3.749898970127105713e-01,5.976801738142967224e-03,-1.980590224266052246e+00,-4.650909006595611572e-01,0.000000000000000000e+00
2.162303057762347547e-01,-5.778644167837750922e-01,1.006455123424530029e+00,-4.144558582731721480e-02,7.286446085679809670e-02,1.526627822707227466e-01,9.847167657092269488e-01,-5.253276228904724121e-01,-1.787724941968917847e-01,-6.896489858627319336e-02,6.531792879104614258e-01,-4.631827473640441895e-01,1.741582155227661133e-01,-5.117384195327758789e-01,-1.751722395420074463e-01,9.592684358358383179e-02,1.282256484031677246e+00,5.669532809406518936e-03,5.919430777430534363e-02,1.004597395658493042e-01,3.844159543514251709e-01,2.814292609691619873e-01,-3.707249090075492859e-02,-1.867819786071777344e+00,3.783693611621856689e-01,3.050792813301086426e-01,-3.837074637413024902e-01,7.181644439697265625e-02,-1.866640806198120117e+00,-4.717425107955932617e-01,0.000000000000000000e+00
2.402005839211427407e-01,-5.731393473978896314e-01,9.969660043716430664e-01,-4.451675919387185903e-02,8.292132265388099666e-02,1.780470987229174351e-01,9.795108692794366467e-01,-5.603094696998596191e-01,-2.053126394748687744e-01,-1.137582287192344666e-01,7.516264915466308594e-01,-5.202679038047790527e-01,2.134711742401123047e-01,-6.595821380615234375e-01,-1.587111502885818481e-01,1.532507091760635376e-01,1.320624828338623047e+00,-4.373807087540626526e-02,6.884624809026718140e-02,6.951150298118591309e-02,2.991180121898651123e-01,2.849116623401641846e-01,-4.401759430766105652e-02,-1.870816588401794434e+00,4.272180795669555664e-01,2.899343073368072510e-01,-3.756156265735626221e-01,1.037704721093177795e-01,-1.802341341972351074e+00,-4.953590333461761475e-01,0.000000000000000000e+00
2.689997877296766982e-01,-5.656623360628326713e-01,9.989241361618041992e-01,-5.001019179975306483e-02,8.540426275719426030e-02,2.087187278440701399e-01,9.729550787504041010e-01,-5.170603990554809570e-01,-2.082126885652542114e-01,-1.527652740478515625e-01,7.472394108772277832e-01,-5.432550311088562012e-01,2.048206627368927002e-01,-7.356423139572143555e-01,-1.364465951919555664e-01,1.836536079645156860e-01,1.240175247192382812e+00,-7.246244698762893677e-02,8.782882243394851685e-02,2.754369191825389862e-02,2.433260381221771240e-01,2.871630787849426270e-01,-6.384319812059402466e-02,-1.923305749893188477e+00,4.656611084938049316e-01,3.091963529586791992e-01,-3.533844947814941406e-01,1.077858805656433105e-01,-1.838818907737731934e+00,-5.081156492233276367e-01,0.000000000000000000e+00
3.048976408765676216e-01,-5.580094307298529843e-01,1.011353313922882080e+00,-5.831985444278139225e-02,7.554506252718895531e-02,2.534447603848031805e-01,9.626305062374793664e-01,-4.096165001392364502e-01,-1.807174682617187500e-01,-2.143940180540084839e-01,6.709423065185546875e-01,-5.022220015525817871e-01,1.145765706896781921e-01,-7.135546803474426270e-01,-1.311828345060348511e-01,1.531314849853515625e-01,1.057667374610900879e+00,-9.653011709451675415e-02,6.592079997062683105e-02,-4.220518097281455994e-02,2.413225620985031128e-01,3.320138752460479736e-01,-3.634770959615707397e-02,-2.013375043869018555e+00,4.488109052181243896e-01,3.712573349475860596e-01,-3.317284882068634033e-01,7.991082221269607544e-02,-1.911241650581359863e+00,-4.851664900779724121e-01,0.000000000000000000e+00
3.350098757035380181e-01,-5.423708182172427561e-01,1.020229578018188477e+00,-5.741436116809134349e-02,7.499419763887878176e-02,2.969206851105649081e-01,9.502197473246036807e-01,-3.301158249378204346e-01,-1.859578937292098999e-01,-2.729240953922271729e-01,6.194148063659667969e-01,-4.563553929328918457e-01,1.081017851829528809e-01,-7.007989287376403809e-01,-1.496638357639312744e-01,1.501972675323486328e-01,8.541096448898315430e-01,-1.005806252360343933e-01,1.058986112475395203e-01,-1.093756034970283508e-01,2.288623154163360596e-01,3.419448137283325195e-01,-8.963502943515777588e-03,-2.092606782913208008e+00,4.339281320571899414e-01,4.116495847702026367e-01,-3.333056569099426270e-01,3.546596970409154892e-03,-1.974328041076660156e+00,-4.088932871818542480e-01,0.000000000000000000e+00
3.667939651544513957e-01,-5.276924166419170170e-01,1.033178329467773438e+00,-5.828768112180741229e-02,6.871290123430406904e-02,3.390862209805791117e-01,9.364302527014584099e-01,-2.477120608091354370e-01,-1.600958406925201416e-01,-2.880700230598449707e-01,5.737618207931518555e-01,-3.847384750843048096e-01,8.237937092781066895e-02,-6.482664346694946289e-01,-1.390509009361267090e-01,1.777858734130859375e-01,6.318355202674865723e-01,-8.094780147075653076e-02,1.320592910051345825e-01,-1.679057627916336060e-01,2.341628670692443848e-01,3.552837967872619629e-01,1.367677841335535049e-02,-2.164634227752685547e+00,4.159067571163177490e-01,4.646805226802825928e-01,-3.379270434379577637e-01,6.281847599893808365e-03,-2.018890619277954102e+00,-4.225023984909057617e-01,0.000000000000000000e+00
3.981442244827243515e-01,-5.126597407585234967e-01,1.044576942920684814e+00,-6.004315977913696895e-02,6.019067220065196788e-02,3.744380276249778539e-01,9.233461243824480080e-01,-1.931685209274291992e-01,-1.241410076618194580e-01,-2.704196870326995850e-01,5.822401046752929688e-01,-3.037885725498199463e-01,5.677935853600502014e-02,-5.885133147239685059e-01,-1.044024676084518433e-01,2.871640920639038086e-01,4.475235342979431152e-01,-5.510184168815612793e-02,1.730367392301559448e-01,-2.015195190906524658e-01,2.405548840761184692e-01,3.666597902774810791e-01,2.545634470880031586e-02,-2.194290637969970703e+00,3.966403603553771973e-01,5.060849189758300781e-01,-3.326233029365539551e-01,1.139271259307861328e-02,-2.030155420303344727e+00,-4.386277794837951660e-01,0.000000000000000000e+00
4.281640083301654909e-01,-4.984041901523759699e-01,1.049233198165893555e+00,-6.023761029370486991e-02,5.412630944751587597e-02,4.028380611770230324e-01,9.116815614011465341e-01,-1.893006712198257446e-01,-9.686598926782608032e-02,-2.363998144865036011e-01,6.704418659210205078e-01,-2.650191187858581543e-01,4.740200191736221313e-02,-5.492228269577026367e-01,-7.461100816726684570e-02,3.957409858703613281e-01,3.561888337135314941e-01,-3.784991800785064697e-02,2.209301739931106567e-01,-2.140306383371353149e-01,2.448711395263671875e-01,3.668656349182128906e-01,3.391441702842712402e-02,-2.194111347198486328e+00,3.620327413082122803e-01,5.168910622596740723e-01,-3.364649116992950439e-01,1.615470089018344879e-02,-2.016174793243408203e+00,-4.161534309387207031e-01,0.000000000000000000e+00
4.566735542462239672e-01,-4.848459795536468331e-01,1.045304775238037109e+00,-5.871441329557802735e-02,4.951903202174002400e-02,4.284903799529081736e-01,9.002757785405527402e-01,-2.523130774497985840e-01,-9.451881796121597290e-02,-2.304543703794479370e-01,8.616996407508850098e-01,-2.341711968183517456e-01,7.479237020015716553e-02,-5.260273814201354980e-01,-5.334979295730590820e-02,4.482565522193908691e-01,3.511363863945007324e-01,-4.313984885811805725e-02,2.252138406038284302e-01,-2.113957703113555908e-01,2.574791908264160156e-01,3.688947856426239014e-01,3.361954540014266968e-02,-2.182336807250976562e+00,3.631956577301025391e-01,5.067960023880004883e-01,-3.556450307369232178e-01,2.018910087645053864e-02,-1.979685068130493164e+00,-3.873791098594665527e-01,0.000000000000000000e+00
4.830969515248892954e-01,-4.724167578790981481e-01,1.031393766403198242e+00,-5.486992454089111709e-02,4.723280087475355965e-02,4.539222422573769844e-01,8.880951254716118459e-01,-3.542951941490173340e-01,-1.050452366471290588e-01,-2.303262799978256226e-01,1.094588041305541992e+00,-2.213886380195617676e-01,1.103907153010368347e-01,-5.109958052635192871e-01,-4.890369251370429993e-02,4.460827708244323730e-01,4.174272716045379639e-01,2.307824790477752686e-03,2.093233764171600342e-01,-1.974445581436157227e-01,2.606399953365325928e-01,3.749295175075531006e-01,2.498178556561470032e-02,-2.152647733688354492e+00,3.699208498001098633e-01,4.846168458461761475e-01,-3.977530896663665771e-01,2.986931800842285156e-02,-1.940271496772766113e+00,-3.634276688098907471e-01,0.000000000000000000e+00
5.078489004793483863e-01,-4.611713475828296827e-01,1.011760056018829346e+00,-5.411160934055366661e-02,4.803962204554305948e-02,4.769277625134271670e-01,8.759589247174965898e-01,-4.683926403522491455e-01,-9.198756515979766846e-02,-2.124281823635101318e-01,1.296242713928222656e+00,-2.896838784217834473e-01,1.617194265127182007e-01,-5.416514277458190918e-01,-4.735232517123222351e-02,3.862801492214202881e-01,5.634884238243103027e-01,-1.226538941264152527e-01,1.582350134849548340e-01,-1.682080924510955811e-01,2.617065608501434326e-01,3.777109086513519287e-01,8.754367008805274963e-03,-2.108453989028930664e+00,3.535040318965911865e-01,4.552479982376098633e-01,-4.210113286972045898e-01,3.636892884969711304e-02,-1.888015270233154297e+00,-3.660499155521392822e-01,0.000000000000000000e+00
5.265197497533263826e-01,-4.509013255325098890e-01,9.934973120689392090e-01,-6.086983578379676074e-02,6.470358859192655576e-02,4.945812351716799560e-01,8.645794992544270086e-01,-6.330456137657165527e-01,-9.381191432476043701e-02,-1.941821575164794922e-01,1.451906204223632812e+00,-3.691751062870025635e-01,2.265713363885879517e-01,-6.195284128189086914e-01,-3.636226058006286621e-02,3.557038009166717529e-01,7.147507071495056152e-01,-2.224299758672714233e-01,1.734027564525604248e-01,-1.141799837350845337e-01,2.270020991563796997e-01,3.570679128170013428e-01,-2.640702575445175171e-02,-2.027573108673095703e+00,3.575134873390197754e-01,3.849095404148101807e-01,-4.261817038059234619e-01,4.601777344942092896e-02,-1.821849226951599121e+00,-3.924396932125091553e-01,0.000000000000000000e+00
5.503981895688425663e-01,-4.383360591766961023e-01,9.851455092430114746e-01,-7.198534973816007876e-02,7.059499482159364847e-02,5.046425976222693732e-01,8.574207279942924753e-01,-7.656195163726806641e-01,-5.427119508385658264e-02,-1.755661964416503906e-01,1.528605699539184570e+00,-4.212380945682525635e-01,2.617999911308288574e-01,-6.387471556663513184e-01,-1.424798741936683655e-02,3.057609200477600098e-01,7.975870966911315918e-01,-2.731318175792694092e-01,9.270038455724716187e-02,-3.355989232659339905e-02,2.226199656724929810e-01,3.464186191558837891e-01,-5.239343270659446716e-02,-1.952217102050781250e+00,4.170352816581726074e-01,3.194552659988403320e-01,-4.373431205749511719e-01,6.161062419414520264e-02,-1.779220700263977051e+00,-3.709261417388916016e-01,0.000000000000000000e+00
5.741458546158271226e-01,-4.116430362648290653e-01,9.886564612388610840e-01,-7.609113533823862185e-02,7.155786031344502085e-02,5.343807861505852630e-01,8.387650369104460157e-01,-8.104231357574462891e-01,-3.704185038805007935e-02,-1.304488778114318848e-01,1.474097967147827148e+00,-4.584611654281616211e-01,2.617999911308288574e-01,-5.376703143119812012e-01,-4.320569708943367004e-02,2.047226130962371826e-01,7.409315705299377441e-01,-3.093306124210357666e-01,1.453598290681838989e-01,7.215803954750299454e-03,2.510984838008880615e-01,3.457680344581604004e-01,-8.087658882141113281e-02,-1.958576440811157227e+00,4.432337284088134766e-01,2.847492098808288574e-01,-4.227107763290405273e-01,4.909602180123329163e-02,-1.816293358802795410e+00,-3.046677410602569580e-01,0.000000000000000000e+00
5.871484881821734669e-01,-3.887587735336199835e-01,9.981905817985534668e-01,-7.673234320165808753e-02,7.096563357700981511e-02,5.457072811555279124e-01,8.314322519914886245e-01,-8.198536634445190430e-01,-3.109335713088512421e-02,-5.408241227269172668e-02,1.341169953346252441e+00,-4.853816628456115723e-01,2.617999911308288574e-01,-4.465351104736328125e-01,-6.248761713504791260e-02,1.459718644618988037e-01,6.611064076423645020e-01,-2.890485525131225586e-01,1.220251098275184631e-01,9.192583709955215454e-02,2.934199571609497070e-01,3.575737774372100830e-01,-8.259278535842895508e-02,-1.993403077125549316e+00,4.860894381999969482e-01,2.603776454925537109e-01,-4.100762307643890381e-01,3.675654157996177673e-02,-1.922076225280761719e+00,-3.961674571037292480e-01,0.000000000000000000e+00
5.954397534498898636e-01,-3.568992879850078070e-01,1.012186646461486816e+00,-7.139697893864974110e-02,7.152965967477536990e-02,5.668252084603769836e-01,8.176155344898328181e-01,-7.664545774459838867e-01,-6.700149923563003540e-02,2.777297236025333405e-02,1.125439286231994629e+00,-4.825963079929351807e-01,2.617999911308288574e-01,-3.139269649982452393e-01,-1.039563789963722229e-01,5.843733996152877808e-02,5.405177474021911621e-01,-2.265432178974151611e-01,1.309782862663269043e-01,1.459316760301589966e-01,3.558252751827239990e-01,3.537292182445526123e-01,-8.399380743503570557e-02,-2.023941993713378906e+00,5.378612875938415527e-01,2.595765590667724609e-01,-4.154432415962219238e-01,-5.180533509701490402e-03,-2.053469419479370117e+00,-3.918317556381225586e-01,0.000000000000000000e+00
6.053219385566027677e-01,-3.254650109398796176e-01,1.028053224086761475e+00,-6.864717683285816163e-02,6.719197776910559861e-02,5.821351873368562080e-01,8.073979359031318026e-01,-6.747416257858276367e-01,-8.608767390251159668e-02,9.300932288169860840e-02,8.500578999519348145e-01,-4.671974480152130127e-01,1.908226609230041504e-01,-1.994404196739196777e-01,-1.189301088452339172e-01,-3.164749592542648315e-02,4.599760770797729492e-01,-1.224537193775177002e-01,1.433804333209991455e-01,1.951712667942047119e-01,4.227746725082397461e-01,3.402574062347412109e-01,-5.462018400430679321e-02,-2.033847093582153320e+00,5.636075735092163086e-01,2.596303820610046387e-01,-4.145976006984710693e-01,-3.369445726275444031e-02,-2.159324407577514648e+00,-3.906242847442626953e-01,0.000000000000000000e+00
6.153712246251326068e-01,-2.925444582035102159e-01,1.042730867862701416e+00,-6.951520057299276356e-02,5.657764546636054326e-02,6.012794043555882428e-01,7.939960231767968502e-01,-5.690874457359313965e-01,-1.021360903978347778e-01,1.302803903818130493e-01,5.817316174507141113e-01,-4.480507969856262207e-01,1.223499998450279236e-01,-1.012145653367042542e-01,-1.072366610169410706e-01,-9.388995170593261719e-02,4.171192944049835205e-01,1.074682548642158508e-02,1.505546867847442627e-01,2.224689573049545288e-01,4.824296832084655762e-01,3.471190333366394043e-01,-2.423428371548652649e-02,-2.029037237167358398e+00,5.539763569831848145e-01,2.571295797824859619e-01,-4.020815491676330566e-01,-3.968575969338417053e-02,-2.194692850112915039e+00,-3.889776468276977539e-01,0.000000000000000000e+00
6.236592054718752554e-01,-2.615028649008884210e-01,1.052146732807159424e+00,-6.968546579516075867e-02,5.157432374354965071e-02,6.238245330027014646e-01,7.767412548662963045e-01,-4.841353297233581543e-01,-1.256379634141921997e-01,1.743750870227813721e-01,3.869899809360504150e-01,-4.146052598953247070e-01,9.697625786066055298e-02,-8.759710192680358887e-02,-1.042905822396278381e-01,-1.003305912017822266e-01,4.877882301807403564e-01,1.161924824118614197e-01,1.731253415346145630e-01,2.170435339212417603e-01,5.112388134002685547e-01,3.284126520156860352e-01,-1.440110732801258564e-03,-1.999134302139282227e+00,5.380157232284545898e-01,2.550978958606719971e-01,-4.030321538448333740e-01,-3.541683033108711243e-02,-2.194799900054931641e+00,-3.997543156147003174e-01,0.000000000000000000e+00
6.314820849983242557e-01,-2.311540755340268927e-01,1.053992390632629395e+00,-6.852307723846746967e-02,4.481144372588628799e-02,6.493809004859879552e-01,7.560429673510496995e-01,-4.271059930324554443e-01,-1.450982838869094849e-01,1.905413866043090820e-01,3.160035312175750732e-01,-3.778048157691955566e-01,1.023913919925689697e-01,-1.234804466366767883e-01,-9.889703989028930664e-02,-6.566585600376129150e-02,6.381138563156127930e-01,1.965483427047729492e-01,1.901510059833526611e-01,1.869513839483261108e-01,5.193909406661987305e-01,3.132210671901702881e-01,4.713032394647598267e-03,-1.946128010749816895e+00,4.946090281009674072e-01,2.858367562294006348e-01,-3.980102241039276123e-01,-2.722025290131568909e-02,-2.193865299224853516e+00,-3.936497271060943604e-01,0.000000000000000000e+00
6.396051992637297179e-01,-2.018491768980349987e-01,1.045759201049804688e+00,-6.710280066237253593e-02,3.904604858600188577e-02,6.712659450840902098e-01,7.371395059304912678e-01,-3.958462774753570557e-01,-1.613742709159851074e-01,1.490987241268157959e-01,3.351974785327911377e-01,-3.548947572708129883e-01,1.253316551446914673e-01,-1.968732029199600220e-01,-9.387426078319549561e-02,-1.291687693446874619e-02,8.352620601654052734e-01,1.989060491323471069e-01,2.092182785272598267e-01,1.628516465425491333e-01,5.043387413024902344e-01,3.111149668693542480e-01,-3.508024674374610186e-04,-1.907814979553222656e+00,4.293323457241058350e-01,3.105322122573852539e-01,-3.846522867679595947e-01,-2.500380389392375946e-02,-2.136620759963989258e+00,-3.817649185657501221e-01,0.000000000000000000e+00
6.487186999431951984e-01,-1.728994844504436468e-01,1.028715491294860840e+00,-6.838009457737040386e-02,3.163426021815587963e-02,6.907881834684452826e-01,7.191210759158749299e-01,-3.840198814868927002e-01,-1.707568019628524780e-01,5.721607804298400879e-02,4.017341732978820801e-01,-4.138317704200744629e-01,1.341174542903900146e-01,-2.755489051342010498e-01,-1.210488229990005493e-01,-7.321239449083805084e-03,1.017621159553527832e+00,1.212141588330268860e-01,1.654636710882186890e-01,1.406099796295166016e-01,4.760220050811767578e-01,3.407107889652252197e-01,-1.244947593659162521e-02,-1.889889597892761230e+00,3.857393860816955566e-01,3.261858522891998291e-01,-3.611359298229217529e-01,-1.390985120087862015e-02,-2.060782194137573242e+00,-4.231191873550415039e-01,0.000000000000000000e+00
6.553110833468531737e-01,-1.491661594772369648e-01,1.009857237339019775e+00,-7.304459172639468645e-02,3.259188750028985115e-02,7.061301390831785652e-01,7.035499151922796068e-01,-4.286646842956542969e-01,-1.826938986778259277e-01,-1.669329032301902771e-02,5.364079475402832031e-01,-5.200838446617126465e-01,1.847985982894897461e-01,-3.965856134891510010e-01,-1.612082421779632568e-01,2.610535547137260437e-02,1.164329409599304199e+00,1.941740699112415314e-02,1.021716147661209106e-01,1.125328466296195984e-01,4.202687442302703857e-01,3.251259922981262207e-01,-3.526425361633300781e-02,-1.865358591079711914e+00,3.572001457214355469e-01,3.221845030784606934e-01,-3.719657957553863525e-01,-4.374741110950708389e-03,-1.972629427909851074e+00,-3.906479775905609131e-01,0.000000000000000000e+00
6.643262485025246411e-01,-1.256380714865051595e-01,9.993469715118408203e-01,-8.350452639801052290e-02,3.069765645582965552e-02,7.272423146079010081e-01,6.805903788644875885e-01,-4.869195222854614258e-01,-1.803857982158660889e-01,-7.048343122005462646e-02,6.880447864532470703e-01,-5.600169897079467773e-01,1.644545942544937134e-01,-5.136737823486328125e-01,-1.676517874002456665e-01,4.771860688924789429e-02,1.223014831542968750e+00,-4.685134068131446838e-02,7.046925276517868042e-02,5.918705463409423828e-02,3.425328731536865234e-01,3.384188115596771240e-01,-6.091532111167907715e-02,-1.840493559837341309e+00,2.991726398468017578e-01,3.133227229118347168e-01,-3.396762013435363770e-01,1.631498709321022034e-02,-1.849070906639099121e+00,-3.590019345283508301e-01,0.000000000000000000e+00
6.681858420859019265e-01,-9.891986277052637611e-02,9.938159584999084473e-01,-8.931718124532746217e-02,3.323479074345052353e-02,7.467207175495027549e-01,6.582750639367893619e-01,-4.811412394046783447e-01,-1.886761635541915894e-01,-1.057404950261116028e-01,7.367107272148132324e-01,-5.999323129653930664e-01,1.777122020721435547e-01,-6.254145503044128418e-01,-1.568771302700042725e-01,1.076834648847579956e-01,1.213444709777832031e+00,-7.479680329561233521e-02,9.142662584781646729e-02,2.172175096347928047e-03,2.645154297351837158e-01,3.474885821342468262e-01,-8.305517584085464478e-02,-1.847738504409790039e+00,2.874382138252258301e-01,3.292019367218017578e-01,-3.144699037075042725e-01,2.388430759310722351e-02,-1.800266623497009277e+00,-3.964879810810089111e-01,0.000000000000000000e+00
6.661796030898415877e-01,-6.923187105504217953e-02,9.928176403045654297e-01,-9.495754374665235642e-02,4.213781793207409254e-02,7.657069083540437582e-01,6.347443577413020011e-01,-4.388641417026519775e-01,-2.059531062841415405e-01,-1.426369249820709229e-01,7.043842077255249023e-01,-6.170846223831176758e-01,1.667844206094741821e-01,-7.182365655899047852e-01,-1.594742536544799805e-01,1.569710820913314819e-01,1.135912775993347168e+00,-9.955953806638717651e-02,1.495865732431411743e-01,-6.366803497076034546e-02,1.890284419059753418e-01,3.280774950981140137e-01,-1.057421490550041199e-01,-1.897813081741333008e+00,3.323048949241638184e-01,3.486092090606689453e-01,-3.368241190910339355e-01,1.413253415375947952e-02,-1.849599242210388184e+00,-3.550406694412231445e-01,0.000000000000000000e+00
6.652995983845003680e-01,-3.435278724413593637e-02,1.002366542816162109e+00,-9.484056062622051031e-02,3.958925897733596433e-02,7.846263727962964341e-01,6.113913752632244014e-01,-3.397134840488433838e-01,-1.916836500167846680e-01,-1.855725049972534180e-01,6.167964339256286621e-01,-5.646110177040100098e-01,1.133848428726196289e-01,-7.323045730590820312e-01,-1.645844876766204834e-01,1.472371965646743774e-01,9.826831221580505371e-01,-1.405685693025588989e-01,1.411814391613006592e-01,-1.401067972183227539e-01,1.653069257736206055e-01,3.482574522495269775e-01,-8.508842438459396362e-02,-1.980625867843627930e+00,2.971966862678527832e-01,3.923317492008209229e-01,-3.468254506587982178e-01,1.380613166838884354e-02,-1.925612092018127441e+00,-3.515178859233856201e-01,0.000000000000000000e+00
6.622850761005906195e-01,3.610086579745876070e-03,1.015919685363769531e+00,-9.005890864711367516e-02,3.394807344320081161e-02,8.018728524812651637e-01,5.896921652322888452e-01,-2.210827320814132690e-01,-1.647353917360305786e-01,-2.129929214715957642e-01,5.189534425735473633e-01,-4.923319220542907715e-01,8.063881099224090576e-02,-6.975069642066955566e-01,-1.585558652877807617e-01,1.342127472162246704e-01,7.850000262260437012e-01,-1.564706414937973022e-01,1.417912095785140991e-01,-2.103848457336425781e-01,1.767787039279937744e-01,3.664442002773284912e-01,-5.640602484345436096e-02,-2.082341670989990234e+00,3.467150628566741943e-01,4.480211138725280762e-01,-3.454751074314117432e-01,1.975178532302379608e-02,-1.992890119552612305e+00,-3.992496430873870850e-01,0.000000000000000000e+00
6.585321898033424937e-01,4.079846284288655978e-02,1.029637038707733154e+00,-8.665348830524127743e-02,2.723530029889000004e-02,8.154541963650046021e-01,5.716501246504431810e-01,-1.304306685924530029e-01,-1.243030726909637451e-01,-1.842517256736755371e-01,4.629310071468353271e-01,-4.087400138378143311e-01,3.628076985478401184e-02,-6.533579230308532715e-01,-1.297618299722671509e-01,1.575037091970443726e-01,5.845215320587158203e-01,-1.010439842939376831e-01,1.469467878341674805e-01,-2.587639987468719482e-01,1.924939453601837158e-01,3.828413486480712891e-01,-3.331085294485092163e-02,-2.161651134490966797e+00,3.900333046913146973e-01,4.985126554965972900e-01,-3.433044850826263428e-01,2.308710664510726929e-02,-2.032993078231811523e+00,-4.391401112079620361e-01,0.000000000000000000e+00
6.544912024641559301e-01,7.761536733201243599e-02,1.041621863842010498e+00,-8.486874815354790436e-02,1.967410220285045058e-02,8.257182749744002015e-01,5.573145930824550121e-01,-8.971767872571945190e-02,-8.025049418210983276e-02,-1.145801395177841187e-01,4.940530657768249512e-01,-3.045576810836791992e-01,-2.398094628006219864e-03,-6.091312766075134277e-01,-8.585877716541290283e-02,2.289846539497375488e-01,4.198693931102752686e-01,-3.060109913349151611e-02,1.601423174142837524e-01,-2.812859714031219482e-01,2.087751775979995728e-01,4.008094966411590576e-01,-3.102372586727142334e-02,-2.193933725357055664e+00,3.984198272228240967e-01,5.292564034461975098e-01,-3.320495784282684326e-01,1.658770442008972168e-02,-2.025985956192016602e+00,-4.272365272045135498e-01,0.000000000000000000e+00
6.505775920800574985e-01,1.141362005081572872e-01,1.046603560447692871e+00,-7.955585458356115303e-02,1.441840797382867162e-02,8.331140548859882200e-01,5.471598916810388458e-01,-1.364877969026565552e-01,-5.775146931409835815e-02,-9.814407676458358765e-02,6.755427718162536621e-01,-2.406269013881683350e-01,1.602847874164581299e-02,-5.699650645256042480e-01,-4.416341707110404968e-02,3.206173777580261230e-01,3.339484035968780518e-01,-9.042949415743350983e-03,1.903664469718933105e-01,-2.816798388957977295e-01,2.265805155038833618e-01,4.030819833278656006e-01,-3.941927105188369751e-02,-2.191878557205200195e+00,3.672275245189666748e-01,5.286598205566406250e-01,-3.347716331481933594e-01,1.705649308860301971e-02,-1.985649943351745605e+00,-3.920591771602630615e-01,0.000000000000000000e+00
6.460964265850657196e-01,1.487068759924387862e-01,1.040511667728424072e+00,-6.871831785816252813e-02,1.201448755680100712e-02,8.405337480339438727e-01,5.372489770074047044e-01,-2.398626208305358887e-01,-7.137935608625411987e-02,-1.362813711166381836e-01,9.448168873786926270e-01,-2.006419599056243896e-01,6.204526126384735107e-02,-5.410943031311035156e-01,-2.023498900234699249e-02,3.923542499542236328e-01,3.689568340778350830e-01,3.625483438372612000e-02,1.928169727325439453e-01,-2.705323696136474609e-01,2.391110062599182129e-01,3.960909247398376465e-01,-6.189141422510147095e-02,-2.134580850601196289e+00,3.677621781826019287e-01,5.080127716064453125e-01,-3.536810278892517090e-01,1.486381050199270248e-02,-1.931104898452758789e+00,-3.605916500091552734e-01,0.000000000000000000e+00
6.408914480466144648e-01,1.814154617541919035e-01,1.024694144725799561e+00,-6.084705965876528733e-02,1.377703834910528821e-02,8.443918096465745649e-01,5.320811031666063950e-01,-3.542965948581695557e-01,-8.380241692066192627e-02,-1.508110314607620239e-01,1.186481356620788574e+00,-2.281166911125183105e-01,1.051441729068756104e-01,-5.515661835670471191e-01,-5.747616756707429886e-03,4.046741127967834473e-01,5.008791685104370117e-01,-1.810719445347785950e-02,1.703697293996810913e-01,-2.325486689805984497e-01,2.430967837572097778e-01,3.767118155956268311e-01,-8.956289291381835938e-02,-2.054357528686523438e+00,3.976826369762420654e-01,4.719375073909759521e-01,-3.847753405570983887e-01,3.318555280566215515e-02,-1.874430418014526367e+00,-3.596585094928741455e-01,0.000000000000000000e+00
6.382756658959158891e-01,2.126776683113719979e-01,1.008577346801757812e+00,-5.836132687305952554e-02,1.277823601342238484e-02,8.436259414591038563e-01,5.335971730690126646e-01,-4.648896455764770508e-01,-4.066483303904533386e-02,-1.206660643219947815e-01,1.358454585075378418e+00,-3.169825971126556396e-01,1.283581703901290894e-01,-5.746775269508361816e-01,2.632208354771137238e-02,3.980741500854492188e-01,6.496622562408447266e-01,-1.381454616785049438e-01,1.519346535205841064e-01,-1.622061133384704590e-01,2.474614679813385010e-01,3.715214133262634277e-01,-1.143844202160835266e-01,-1.962377667427062988e+00,3.940599858760833740e-01,4.332143366336822510e-01,-3.958417475223541260e-01,5.202341824769973755e-02,-1.821369290351867676e+00,-3.659523129463195801e-01,0.000000000000000000e+00
6.302142465281568295e-01,2.395177875317649474e-01,9.939058423042297363e-01,-6.709491143125817514e-02,2.015072411537875002e-02,8.433981848574725326e-01,5.327022836038701747e-01,-6.254090666770935059e-01,-1.300659775733947754e-02,-9.771092981100082397e-02,1.487524151802062988e+00,-3.774465322494506836e-01,2.024879604578018188e-01,-6.162239313125610352e-01,3.528403863310813904e-02,3.677116632461547852e-01,7.667767405509948730e-01,-2.356223464012145996e-01,1.556601524353027344e-01,-8.419795334339141846e-02,2.339465469121932983e-01,3.534707129001617432e-01,-1.305242478847503662e-01,-1.898414492607116699e+00,3.539130985736846924e-01,3.472400307655334473e-01,-4.066983461380004883e-01,5.775379016995429993e-02,-1.768841624259948730e+00,-3.408945202827453613e-01,0.000000000000000000e+00
6.175147355587025100e-01,2.690994614276127073e-01,9.903687834739685059e-01,-6.908411245614619334e-02,2.417378440271410189e-02,8.479018441149815954e-01,5.250766385016678583e-01,-7.357657551765441895e-01,6.539471913129091263e-03,-6.279219686985015869e-02,1.504257678985595703e+00,-4.268574416637420654e-01,2.487137913703918457e-01,-5.815069079399108887e-01,1.352206990122795105e-02,3.317205607891082764e-01,7.897211909294128418e-01,-2.897014915943145752e-01,1.252609491348266602e-01,-1.536033302545547485e-02,2.589189112186431885e-01,3.285346329212188721e-01,-1.334797292947769165e-01,-1.883695960044860840e+00,4.467723667621612549e-01,2.809035480022430420e-01,-4.362666308879852295e-01,7.334851473569869995e-02,-1.797030329704284668e+00,-2.503538131713867188e-01,0.000000000000000000e+00
6.041419188931271833e-01,3.023281213585747862e-01,9.964279532432556152e-01,-7.150773482603793585e-02,1.819975311786767302e-02,8.559964379977775817e-01,5.116888810416097000e-01,-7.856013178825378418e-01,3.275921568274497986e-02,-3.447379171848297119e-02,1.405733823776245117e+00,-4.672814309597015381e-01,2.617999315261840820e-01,-4.830133914947509766e-01,-1.539107062853872776e-03,2.622806131839752197e-01,7.315603494644165039e-01,-3.076149821281433105e-01,1.186926513910293579e-01,5.047034099698066711e-02,3.056749701499938965e-01,3.276387155055999756e-01,-1.224807351827621460e-01,-1.913602828979492188e+00,4.999126195907592773e-01,2.438118010759353638e-01,-3.985507488250732422e-01,7.464855909347534180e-02,-1.879475951194763184e+00,-3.048487305641174316e-01,0.000000000000000000e+00
5.829772595068716257e-01,3.346306628697159891e-01,1.006367921829223633e+00,-6.960441891201696318e-02,1.649432751993827259e-02,8.657187282257116090e-01,4.953930213747889111e-01,-7.706248760223388672e-01,9.074893780052661896e-03,4.059343191329389811e-04,1.204520225524902344e+00,-4.892411231994628906e-01,2.617999911308288574e-01,-3.539995551109313965e-01,-3.814917430281639099e-02,1.860644072294235229e-01,6.261823177337646484e-01,-2.829503715038299561e-01,1.270405054092407227e-01,1.097600460052490234e-01,3.628139793872833252e-01,3.344434201717376709e-01,-8.718709647655487061e-02,-1.974653840065002441e+00,5.013291835784912109e-01,2.293174415826797485e-01,-3.909004032611846924e-01,4.994798451662063599e-02,-2.004800796508789062e+00,-3.643891811370849609e-01,0.000000000000000000e+00
5.569196596769054874e-01,3.651830095834444068e-01,1.020588278770446777e+00,-6.355422097197929721e-02,1.428713809803063180e-02,8.808170601699123470e-01,4.689542037291548060e-01,-6.862622499465942383e-01,-3.586199507117271423e-02,6.391681730747222900e-02,9.046609401702880859e-01,-4.464703500270843506e-01,2.024538666009902954e-01,-1.983193606138229370e-01,-7.789842039346694946e-02,6.885892897844314575e-02,5.032138824462890625e-01,-2.011617124080657959e-01,1.396874040365219116e-01,1.447260379791259766e-01,4.347058832645416260e-01,3.469753861427307129e-01,-4.862868785858154297e-02,-2.030655145645141602e+00,5.043045878410339355e-01,2.464202344417572021e-01,-4.048770666122436523e-01,1.249136403203010559e-02,-2.123204946517944336e+00,-3.641990423202514648e-01,0.000000000000000000e+00
5.326213637525535338e-01,3.957482790590695076e-01,1.034729421138763428e+00,-5.951442120235841959e-02,4.387148881579618770e-03,8.920541546561616686e-01,4.479711729054896563e-01,-5.845565795898437500e-01,-6.477561593055725098e-02,1.133898645639419556e-01,6.046449542045593262e-01,-3.897787928581237793e-01,1.183261126279830933e-01,-7.948470860719680786e-02,-7.794973999261856079e-02,-4.022797942161560059e-02,4.461115896701812744e-01,-7.124913483858108521e-02,1.464671939611434937e-01,1.823342144489288330e-01,4.997887611389160156e-01,3.583535254001617432e-01,-5.518924910575151443e-03,-2.060139656066894531e+00,5.020774006843566895e-01,2.615090310573577881e-01,-3.950669169425964355e-01,-3.312373533844947815e-03,-2.193640708923339844e+00,-3.515861332416534424e-01,0.000000000000000000e+00
5.080527053857909481e-01,4.238772522270076726e-01,1.044081151485443115e+00,-5.923919424891738172e-02,-1.873741613739522910e-03,9.029976416131940686e-01,4.255378551881296989e-01,-5.013364553451538086e-01,-1.052960008382797241e-01,1.479911357164382935e-01,3.837325870990753174e-01,-3.474582433700561523e-01,9.604898840188980103e-02,-5.235169082880020142e-02,-7.218265533447265625e-02,-6.791397184133529663e-02,5.058703422546386719e-01,5.043385550379753113e-02,1.746886670589447021e-01,1.984480470418930054e-01,5.368809700012207031e-01,3.537257909774780273e-01,2.838065102696418762e-02,-2.051041126251220703e+00,5.127748250961303711e-01,2.639954984188079834e-01,-3.953187167644500732e-01,9.989849291741847992e-03,-2.194692373275756836e+00,-3.487970232963562012e-01,0.000000000000000000e+00
4.836098245802465945e-01,4.492743173289865943e-01,1.046085298061370850e+00,-5.682180425105742144e-02,-7.457467394296390419e-03,9.142038836693742176e-01,4.011819136321463919e-01,-4.431216716766357422e-01,-1.412121355533599854e-01,1.496167331933975220e-01,3.028100728988647461e-01,-2.987665235996246338e-01,1.146644651889801025e-01,-9.834210574626922607e-02,-6.516070663928985596e-02,-1.783080957829952240e-02,6.738650798797607422e-01,1.613801568746566772e-01,2.222668379545211792e-01,1.915450841188430786e-01,5.571601986885070801e-01,3.407596945762634277e-01,5.556246638298034668e-02,-2.020752906799316406e+00,4.777896404266357422e-01,2.853874862194061279e-01,-4.058305025100708008e-01,3.221568465232849121e-02,-2.189390659332275391e+00,-3.642473220825195312e-01,0.000000000000000000e+00
4.605163899875889255e-01,4.755101523289578802e-01,1.038328230381011963e+00,-5.327467347772750494e-02,-1.534214566163046370e-02,9.238161478058559695e-01,3.788009408455683680e-01,-4.079383015632629395e-01,-1.635750532150268555e-01,9.417331218719482422e-02,3.342163562774658203e-01,-2.760015428066253662e-01,1.287989467382431030e-01,-1.754335761070251465e-01,-4.401263594627380371e-02,5.229411646723747253e-02,8.864402770996093750e-01,2.104168683290481567e-01,2.617447376251220703e-01,1.885633915662765503e-01,5.536017417907714844e-01,3.339784741401672363e-01,5.653560906648635864e-02,-1.983314871788024902e+00,4.530283808708190918e-01,3.125965297222137451e-01,-4.028377830982208252e-01,4.310574382543563843e-02,-2.142225265502929688e+00,-3.542702496051788330e-01,0.000000000000000000e+00
4.383491354522606187e-01,5.010285151312927621e-01,1.023574173450469971e+00,-4.865158905673730438e-02,-2.291200451340908578e-02,9.332284544412617899e-01,3.552361394236314696e-01,-3.951565027236938477e-01,-1.772550046443939209e-01,1.096429768949747086e-02,4.270466268062591553e-01,-3.548800051212310791e-01,1.690475791692733765e-01,-2.581820189952850342e-01,-6.057125702500343323e-02,8.016064763069152832e-02,1.082578659057617188e+00,1.425966471433639526e-01,2.408235073089599609e-01,1.754342168569564819e-01,5.396236777305603027e-01,3.256031274795532227e-01,4.722964763641357422e-02,-1.941738605499267578e+00,4.528771638870239258e-01,3.438812792301177979e-01,-4.028165936470031738e-01,5.903928354382514954e-02,-2.072370052337646484e+00,-3.673695027828216553e-01,0.000000000000000000e+00
4.203462901946036223e-01,5.217396582029986130e-01,1.005668163299560547e+00,-5.624533144827302544e-02,-2.551019829449787182e-02,9.410036442840641335e-01,3.327128400247876261e-01,-4.545475244522094727e-01,-1.933237612247467041e-01,-6.167273968458175659e-02,5.889034867286682129e-01,-4.623840749263763428e-01,2.033312618732452393e-01,-4.019903242588043213e-01,-1.032241433858871460e-01,1.043106317520141602e-01,1.248539090156555176e+00,4.841126501560211182e-02,1.648896932601928711e-01,1.577459275722503662e-01,4.780679941177368164e-01,3.034498691558837891e-01,2.275342680513858795e-02,-1.892151951789855957e+00,4.535086452960968018e-01,3.496073782444000244e-01,-4.040867388248443604e-01,6.500113755464553833e-02,-1.958280086517333984e+00,-3.663806319236755371e-01,0.000000000000000000e+00
4.030711309854135282e-01,5.404917124458696875e-01,9.922896623611450195e-01,-7.479961803801153664e-02,-2.415973057302732777e-02,9.489626932744484877e-01,3.054359692853993447e-01,-5.319691300392150879e-01,-2.204389721155166626e-01,-1.225980892777442932e-01,7.360492348670959473e-01,-5.207684040069580078e-01,2.228651493787765503e-01,-5.795619487762451172e-01,-1.342925727367401123e-01,1.402734369039535522e-01,1.332795619964599609e+00,-1.387353800237178802e-02,1.293266862630844116e-01,1.138704940676689148e-01,3.716688752174377441e-01,2.831887304782867432e-01,1.049482915550470352e-02,-1.851057052612304688e+00,4.494715332984924316e-01,3.275093436241149902e-01,-4.097698330879211426e-01,8.505157381296157837e-02,-1.837234377861022949e+00,-3.254314064979553223e-01,0.000000000000000000e+00
3.808079039731186444e-01,5.607427083689674463e-01,9.920703768730163574e-01,-8.361247197663806974e-02,-2.658147100632091836e-02,9.592916935594175687e-01,2.684433396398585026e-01,-5.002009272575378418e-01,-2.318153828382492065e-01,-1.770276427268981934e-01,7.457762360572814941e-01,-5.514353513717651367e-01,2.195643484592437744e-01,-6.775121092796325684e-01,-1.480198204517364502e-01,1.582111269235610962e-01,1.277786731719970703e+00,-4.296477884054183960e-02,1.242961287498474121e-01,5.083039402961730957e-02,2.905789613723754883e-01,2.761395871639251709e-01,-1.244963984936475754e-02,-1.882016301155090332e+00,5.098659396171569824e-01,3.593264520168304443e-01,-3.741447925567626953e-01,8.271052688360214233e-02,-1.785609602928161621e+00,-3.616614043712615967e-01,0.000000000000000000e+00
3.546679439407780521e-01,5.810569859271917936e-01,9.992766976356506348e-01,-8.880289562821956639e-02,-3.060148234475685777e-02,9.708226057934353781e-01,2.206378550629767565e-01,-4.350551068782806396e-01,-2.340771853923797607e-01,-2.493815571069717407e-01,7.087238430976867676e-01,-5.262166857719421387e-01,1.639330536127090454e-01,-7.127826809883117676e-01,-1.608588695526123047e-01,1.489364504814147949e-01,1.126112580299377441e+00,-6.959315389394760132e-02,1.043407022953033447e-01,-3.211984783411026001e-02,2.260260432958602905e-01,2.960038483142852783e-01,-1.081375777721405029e-02,-1.977393269538879395e+00,4.970229864120483398e-01,4.161994159221649170e-01,-3.566030263900756836e-01,6.626469641923904419e-02,-1.832453250885009766e+00,-4.444825947284698486e-01,0.000000000000000000e+00
3.234617863820803407e-01,6.001726964975024892e-01,1.011274576187133789e+00,-8.783117076717532334e-02,-3.226863626633352800e-02,9.812683947470774992e-01,1.683946496349342792e-01,-3.288773894309997559e-01,-2.253908962011337280e-01,-3.167385756969451904e-01,6.230809688568115234e-01,-4.762457609176635742e-01,1.129690557718276978e-01,-6.893163919448852539e-01,-1.794573515653610229e-01,1.283148378133773804e-01,9.108104109764099121e-01,-9.965332597494125366e-02,1.020392030477523804e-01,-1.260099560022354126e-01,1.992584019899368286e-01,3.086633384227752686e-01,1.912489347159862518e-02,-2.093459129333496094e+00,4.725590646266937256e-01,4.901956021785736084e-01,-3.591397702693939209e-01,4.657373577356338501e-02,-1.904075980186462402e+00,-5.009865164756774902e-01,0.000000000000000000e+00
2.887191279141378963e-01,6.183005955538364296e-01,1.026088833808898926e+00,-8.078134153665234019e-02,-3.541368242536591104e-02,9.889576096051710952e-01,1.190927888691840630e-01,-2.006876319646835327e-01,-1.884760111570358276e-01,-3.428353667259216309e-01,5.181037783622741699e-01,-3.877175450325012207e-01,5.612624436616897583e-02,-6.200441718101501465e-01,-1.844142526388168335e-01,1.050124093890190125e-01,6.655449867248535156e-01,-1.053071096539497375e-01,1.191198378801345825e-01,-2.081021815538406372e-01,1.969794631004333496e-01,3.171880245208740234e-01,4.766751825809478760e-02,-2.193441867828369141e+00,4.694598615169525146e-01,5.633633732795715332e-01,-3.620617985725402832e-01,2.372763864696025848e-02,-1.960748910903930664e+00,-5.020676851272583008e-01,0.000000000000000000e+00
2.545636833425245493e-01,6.348056532118846462e-01,1.040539801120758057e+00,-7.297087459120359110e-02,-4.128114903525727242e-02,9.931907846442149523e-01,8.088994680139389992e-02,-1.203940659761428833e-01,-1.406170725822448730e-01,-3.126156628131866455e-01,4.950131177902221680e-01,-3.026742041110992432e-01,1.259866822510957718e-02,-5.533798336982727051e-01,-1.594117283821105957e-01,1.275001466274261475e-01,4.450713992118835449e-01,-8.111324161291122437e-02,1.457094699144363403e-01,-2.529112994670867920e-01,1.635086089372634888e-01,3.337252736091613770e-01,5.432813987135887146e-02,-2.194799900054931641e+00,4.467708468437194824e-01,6.050678491592407227e-01,-3.580757081508636475e-01,1.102786604315042496e-02,-1.968306422233581543e+00,-4.476495087146759033e-01,0.000000000000000000e+00
2.204898759554782262e-01,6.512094728411007560e-01,1.050257027149200439e+00,-6.729146554795875645e-02,-4.709870692035043882e-02,9.951125064872617942e-01,5.481486936478324745e-02,-9.364852309226989746e-02,-9.326478838920593262e-02,-2.367893606424331665e-01,5.568572282791137695e-01,-2.372238934040069580e-01,-2.411885745823383331e-02,-5.104242563247680664e-01,-1.121700406074523926e-01,2.162135541439056396e-01,3.051334917545318604e-01,-5.863643437623977661e-02,1.799153685569763184e-01,-2.599648535251617432e-01,1.656981855630874634e-01,3.521952331066131592e-01,5.828579887747764587e-02,-2.194799900054931641e+00,4.069211483001708984e-01,6.076068878173828125e-01,-3.432008624076843262e-01,9.387237019836902618e-03,-1.949983716011047363e+00,-4.229280650615692139e-01,0.000000000000000000e+00
1.877104692083670368e-01,6.657473276377443572e-01,1.051279366016387939e+00,-6.026331560903801232e-02,-4.567422284124913329e-02,9.965361911632895087e-01,3.460950536221502755e-02,-1.382219344377517700e-01,-8.408389985561370850e-02,-2.007168084383010864e-01,7.344815135002136230e-01,-2.141807079315185547e-01,1.021835394203662872e-02,-4.907504618167877197e-01,-8.393128216266632080e-02,2.777791619300842285e-01,2.717729210853576660e-01,-3.045907430350780487e-02,1.837971508502960205e-01,-2.446739673614501953e-01,2.138037830591201782e-01,3.528850972652435303e-01,4.455540329217910767e-02,-2.194678544998168945e+00,4.284950196743011475e-01,5.902411341667175293e-01,-3.405218422412872314e-01,4.448350053280591965e-03,-1.918259859085083008e+00,-4.108324646949768066e-01,0.000000000000000000e+00
1.568915436298214672e-01,6.792584443507626579e-01,1.041623651981353760e+00,-5.321654853983810024e-02,-3.953496990218335894e-02,9.977462276900851412e-01,1.036582107434552875e-02,-2.323015332221984863e-01,-8.884882181882858276e-02,-1.866821199655532837e-01,9.795430302619934082e-01,-2.140764892101287842e-01,6.369847804307937622e-02,-4.832954704761505127e-01,-7.270266860723495483e-02,3.375212550163269043e-01,3.289747536182403564e-01,3.458656370639801025e-02,1.699382811784744263e-01,-2.299211323261260986e-01,2.543663382530212402e-01,3.432521224021911621e-01,2.361237630248069763e-02,-2.169068336486816406e+00,3.968584537506103516e-01,5.607508420944213867e-01,-3.612839579582214355e-01,4.274684004485607147e-03,-1.893517732620239258e+00,-3.940187096595764160e-01,0.000000000000000000e+00
1.282467227195457360e-01,6.934902712474509956e-01,1.022660553455352783e+00,-5.029342280494717571e-02,-3.360992411074726488e-02,9.981013254139564639e-01,-1.160555172045307955e-02,-3.401902019977569580e-01,-6.389136612415313721e-02,-1.506250351667404175e-01,1.201114296913146973e+00,-2.617274224758148193e-01,1.107743233442306519e-01,-5.109715461730957031e-01,-6.758406013250350952e-02,3.303602933883666992e-01,4.776014089584350586e-01,-1.237205881625413895e-02,1.416179984807968140e-01,-1.977038830518722534e-01,2.771119475364685059e-01,3.529468476772308350e-01,-3.183024469763040543e-03,-2.103159666061401367e+00,3.897825479507446289e-01,5.183464288711547852e-01,-3.956483900547027588e-01,1.003904920071363449e-02,-1.859760046005249023e+00,-3.623953759670257568e-01,0.000000000000000000e+00
1.036636293016473948e-01,7.045778745146163979e-01,1.002924025058746338e+00,-6.020842499636371026e-02,-3.002677735290852287e-02,9.973543639438062769e-01,-2.752473294151674965e-02,-4.818735420703887939e-01,-3.580700233578681946e-02,-1.213826909661293030e-01,1.373485565185546875e+00,-3.666789829730987549e-01,1.757772564888000488e-01,-5.872033238410949707e-01,-5.119474604725837708e-02,3.173520565032958984e-01,6.659790873527526855e-01,-1.442266702651977539e-01,1.305284798145294189e-01,-1.382170915603637695e-01,2.708755433559417725e-01,3.656963706016540527e-01,-3.875776752829551697e-02,-2.009142160415649414e+00,3.553506135940551758e-01,4.445635676383972168e-01,-4.196045994758605957e-01,2.727564424276351929e-02,-1.796478986740112305e+00,-3.803917765617370605e-01,0.000000000000000000e+00
7.825476442168376179e-02,7.103429498807787290e-01,9.906684756278991699e-01,-7.436294203291911320e-02,-2.665790997508923205e-02,9.959674926313377696e-01,-4.252366764067939259e-02,-6.290677785873413086e-01,-3.784072026610374451e-02,-1.059207320213317871e-01,1.468123435974121094e+00,-4.325202405452728271e-01,2.333161830902099609e-01,-6.247839331626892090e-01,-5.923122167587280273e-02,2.799197137355804443e-01,7.679128050804138184e-01,-2.181472778320312500e-01,1.596079915761947632e-01,-6.607156246900558472e-02,2.681979835033416748e-01,3.507011830806732178e-01,-6.972796469926834106e-02,-1.913002490997314453e+00,3.806925117969512939e-01,3.570529818534851074e-01,-4.350204765796661377e-01,4.417579993605613708e-02,-1.722817301750183105e+00,-3.377135992050170898e-01,0.000000000000000000e+00
4.927735636463768942e-02,7.136514706786423190e-01,9.896876811981201172e-01,-7.972587825451973864e-02,-2.627994652447318558e-02,9.943036906949074272e-01,-6.567586632624228260e-02,-7.247846722602844238e-01,-4.556179791688919067e-02,-9.135414659976959229e-02,1.455386042594909668e+00,-4.603610336780548096e-01,2.617998123168945312e-01,-5.804305672645568848e-01,-8.607591688632965088e-02,2.163961082696914673e-01,7.764156460762023926e-01,-2.775218486785888672e-01,1.193242594599723816e-01,-4.066566936671733856e-03,3.108844459056854248e-01,3.422257006168365479e-01,-8.558440953493118286e-02,-1.905230283737182617e+00,4.182563722133636475e-01,3.074978291988372803e-01,-4.533963501453399658e-01,6.910108774900436401e-02,-1.759151220321655273e+00,-2.883209288120269775e-01,0.000000000000000000e+00
1.937126434089935650e-02,7.165208327414919198e-01,9.960448145866394043e-01,-8.348238771037196082e-02,-3.074310156223114890e-02,9.925528364709120810e-01,-8.321309669791433772e-02,-7.860024571418762207e-01,-4.484166577458381653e-02,-7.800523191690444946e-02,1.361707448959350586e+00,-4.933273196220397949e-01,2.617999911308288574e-01,-5.038240551948547363e-01,-9.488169103860855103e-02,1.465752869844436646e-01,7.308264374732971191e-01,-2.879737317562103271e-01,1.067335009574890137e-01,8.078805357217788696e-02,3.525484204292297363e-01,3.750564754009246826e-01,-8.683201670646667480e-02,-1.944071054458618164e+00,4.483168423175811768e-01,2.708239555358886719e-01,-4.518783092498779297e-01,6.723986566066741943e-02,-1.864312887191772461e+00,-3.065471053123474121e-01,0.000000000000000000e+00
-1.214538998590873262e-02,7.089442737267425132e-01,1.007516622543334961e+00,-8.340559178712486643e-02,-2.958386921421242433e-02,9.902572908252664785e-01,-1.075118593847180781e-01,-7.743853330612182617e-01,-6.724203377962112427e-02,-1.916400715708732605e-02,1.166046738624572754e+00,-4.882967174053192139e-01,2.609370350837707520e-01,-3.846486210823059082e-01,-1.286529153585433960e-01,6.045799329876899719e-02,6.345544457435607910e-01,-2.625165283679962158e-01,1.095290556550025940e-01,1.443524658679962158e-01,4.236395657062530518e-01,3.871206045150756836e-01,-6.776144355535507202e-02,-1.983242630958557129e+00,4.831532835960388184e-01,2.578519284725189209e-01,-4.534325599670410156e-01,3.329509496688842773e-02,-1.989334225654602051e+00,-3.396106660366058350e-01,0.000000000000000000e+00
-4.429629780345600842e-02,7.003550626599871487e-01,1.022009313106536865e+00,-7.897207858267275837e-02,-3.046785449973912069e-02,9.875549143476544112e-01,-1.325534299605709843e-01,-7.083168625831604004e-01,-8.981362730264663696e-02,4.334590211510658264e-02,9.050812721252441406e-01,-4.637021422386169434e-01,2.124111205339431763e-01,-2.533273994922637939e-01,-1.443124711513519287e-01,-3.507653623819351196e-02,5.367643237113952637e-01,-1.789401173591613770e-01,1.038473621010780334e-01,1.951559484004974365e-01,5.032898783683776855e-01,3.848729729652404785e-01,-3.642499446868896484e-02,-2.011374950408935547e+00,5.056973099708557129e-01,2.582545578479766846e-01,-4.580846726894378662e-01,1.776925101876258850e-02,-2.115189075469970703e+00,-3.739750981330871582e-01,0.000000000000000000e+00
-7.727964515839051696e-02,6.909208087898330852e-01,1.036456525325775146e+00,-7.172708155500615024e-02,-3.739917368397260855e-02,9.841813175361147081e-01,-1.576187228480008251e-01,-6.105995774269104004e-01,-1.149084120988845825e-01,8.538552373647689819e-02,6.204299330711364746e-01,-4.238402545452117920e-01,1.467266082763671875e-01,-1.483344137668609619e-01,-1.320383846759796143e-01,-1.092085018754005432e-01,4.860953390598297119e-01,-5.139122903347015381e-02,9.570566564798355103e-02,2.324934452772140503e-01,5.785539746284484863e-01,3.812073469161987305e-01,-1.430752570740878582e-03,-2.000993728637695312e+00,5.167114734649658203e-01,2.557820081710815430e-01,-4.335913658142089844e-01,1.113024819642305374e-02,-2.189967393875122070e+00,-3.447535037994384766e-01,0.000000000000000000e+00
-1.091410626867543449e-01,6.800667801600431828e-01,1.045330107212066650e+00,-6.544344825615799888e-02,-4.550239981515724619e-02,9.793825051419203787e-01,-1.856248779483542222e-01,-5.141084194183349609e-01,-1.435042172670364380e-01,1.332719624042510986e-01,3.796365261077880859e-01,-3.848057091236114502e-01,7.741045951843261719e-02,-1.033862158656120300e-01,-1.168920695781707764e-01,-1.401626765727996826e-01,5.229020118713378906e-01,6.713842600584030151e-02,1.212482228875160217e-01,2.478505671024322510e-01,6.222310066223144531e-01,3.700395226478576660e-01,2.163628861308097839e-02,-1.979541301727294922e+00,5.168005824089050293e-01,2.344629168510437012e-01,-4.261786341667175293e-01,2.108754590153694153e-02,-2.194799900054931641e+00,-3.012903332710266113e-01,0.000000000000000000e+00
-1.395564852794467237e-01,6.687326728229536776e-01,1.047218084335327148e+00,-5.925904456373558976e-02,-5.237458578614331839e-02,9.726640402517239270e-01,-2.183344526232994798e-01,-4.520590901374816895e-01,-1.769007295370101929e-01,1.380223482847213745e-01,2.700701653957366943e-01,-3.338829874992370605e-01,6.047862023115158081e-02,-1.290121376514434814e-01,-1.041455119848251343e-01,-1.073659956455230713e-01,6.588094830513000488e-01,1.565929353237152100e-01,1.537292897701263428e-01,2.356077283620834351e-01,6.397256255149841309e-01,3.557437956333160400e-01,4.541729390621185303e-02,-1.944513082504272461e+00,4.773471951484680176e-01,2.409533560276031494e-01,-4.155037105083465576e-01,4.451556503772735596e-02,-2.194314479827880859e+00,-3.301205039024353027e-01,0.000000000000000000e+00
-1.696334385774924680e-01,6.579675694813028608e-01,1.040865123271942139e+00,-5.061900243957236090e-02,-5.551084082936531827e-02,9.653842320392329590e-01,-2.497789976608521534e-01,-4.078329205513000488e-01,-2.025678455829620361e-01,8.728274703025817871e-02,2.730937004089355469e-01,-2.841417491436004639e-01,9.391699731349945068e-02,-1.850835382938385010e-01,-7.680074125528335571e-02,-1.411831099539995193e-02,8.361583352088928223e-01,2.048814743757247925e-01,2.006596028804779053e-01,2.157992720603942871e-01,6.417828798294067383e-01,3.472243845462799072e-01,6.571630388498306274e-02,-1.910089135169982910e+00,4.060451090335845947e-01,2.542560994625091553e-01,-4.012113511562347412e-01,6.901767849922180176e-02,-2.150987386703491211e+00,-3.710397183895111084e-01,0.000000000000000000e+00
-1.997525837740102561e-01,6.483763035460422541e-01,1.026128649711608887e+00,-4.323093694881337268e-02,-6.051104126819352447e-02,9.570014316976979130e-01,-2.803885869712303691e-01,-3.897776603698730469e-01,-2.094614505767822266e-01,2.128895930945873260e-02,3.425403237342834473e-01,-3.231755793094635010e-01,1.195496246218681335e-01,-2.417382150888442993e-01,-8.492758870124816895e-02,8.648316375911235809e-03,9.974901080131530762e-01,1.315090954303741455e-01,2.023331075906753540e-01,1.904626041650772095e-01,6.289963722229003906e-01,3.368842601776123047e-01,6.163353472948074341e-02,-1.890599489212036133e+00,3.746243715286254883e-01,2.633172273635864258e-01,-4.046476483345031738e-01,7.983192801475524902e-02,-2.079592466354370117e+00,-3.372786045074462891e-01,0.000000000000000000e+00
-2.239389773742596346e-01,6.407062648163127649e-01,1.011362373828887939e+00,-4.265213079848922256e-02,-6.521360671671959375e-02,9.488339101756395610e-01,-3.060101177055295496e-01,-4.294488131999969482e-01,-2.174917012453079224e-01,-4.592909291386604309e-02,4.827738106250762939e-01,-4.207339882850646973e-01,1.758203804492950439e-01,-3.418324589729309082e-01,-1.353245526552200317e-01,2.674046531319618225e-02,1.131374120712280273e+00,3.494657948613166809e-02,1.112513542175292969e-01,1.698115766048431396e-01,5.817618966102600098e-01,3.219693899154663086e-01,3.994188457727432251e-02,-1.867599725723266602e+00,3.624047338962554932e-01,2.661256492137908936e-01,-4.056187570095062256e-01,9.828768670558929443e-02,-1.979346156120300293e+00,-3.160297274589538574e-01,0.000000000000000000e+00
-2.463677967840625094e-01,6.342648441351569355e-01,1.003370046615600586e+00,-4.551671808010551018e-02,-7.839676284777347126e-02,9.364205306777926285e-01,-3.389672044244508298e-01,-4.826688766479492188e-01,-2.158351093530654907e-01,-9.888457506895065308e-02,6.195381283760070801e-01,-4.572232365608215332e-01,1.489599794149398804e-01,-4.614426791667938232e-01,-1.656746864318847656e-01,4.143001884222030640e-02,1.203539848327636719e+00,-3.082517534494400024e-02,3.054085001349449158e-02,1.333893686532974243e-01,4.999381303787231445e-01,3.330874145030975342e-01,7.787844631820917130e-03,-1.837193369865417480e+00,3.778945207595825195e-01,2.713125348091125488e-01,-3.554241657257080078e-01,9.310227632522583008e-02,-1.855035662651062012e+00,-2.599841058254241943e-01,0.000000000000000000e+00
-2.700326827537690710e-01,6.223508569406918101e-01,1.000998198986053467e+00,-5.011325965935221199e-02,-8.405527064807900850e-02,9.217947489496401969e-01,-3.751237309094991867e-01,-4.710022807121276855e-01,-2.312081158161163330e-01,-1.634716540575027466e-01,6.597161293029785156e-01,-4.887658953666687012e-01,1.562481522560119629e-01,-5.615520477294921875e-01,-1.868518441915512085e-01,6.740081310272216797e-02,1.194103479385375977e+00,-9.211213886737823486e-02,-5.959101021289825439e-03,8.240899443626403809e-02,4.219124913215637207e-01,3.416638970375061035e-01,-2.950938604772090912e-02,-1.845100641250610352e+00,4.392761290073394775e-01,2.975628972053527832e-01,-3.273307383060455322e-01,6.774913519620895386e-02,-1.789047360420227051e+00,-2.337340414524078369e-01,0.000000000000000000e+00
-2.933056954142203576e-01,6.066380426108793911e-01,1.004930734634399414e+00,-5.555964827090680708e-02,-8.864985670933187012e-02,9.033355091142555304e-01,-4.159799110085928286e-01,-4.197353124618530273e-01,-2.398836463689804077e-01,-2.360105514526367188e-01,6.283580660820007324e-01,-4.776267111301422119e-01,1.108022481203079224e-01,-6.245781183242797852e-01,-1.761912256479263306e-01,9.714736789464950562e-02,1.105640769004821777e+00,-1.174406632781028748e-01,2.141508273780345917e-02,7.410171441733837128e-03,3.431642949581146240e-01,3.417041897773742676e-01,-4.630326479673385620e-02,-1.911936879158020020e+00,4.809367358684539795e-01,3.294162154197692871e-01,-3.300282657146453857e-01,7.170312851667404175e-02,-1.814535856246948242e+00,-2.620355188846588135e-01,0.000000000000000000e+00
-3.141753549427905856e-01,5.849611276436991192e-01,1.011039495468139648e+00,-6.414031977231456072e-02,-8.694084884520464351e-02,8.820935469182642485e-01,-4.585174834908004593e-01,-3.480345606803894043e-01,-2.565535306930541992e-01,-3.051294386386871338e-01,5.655158758163452148e-01,-4.437087774276733398e-01,9.681896120309829712e-02,-6.760482788085937500e-01,-1.716697514057159424e-01,1.458699852228164673e-01,9.899685382843017578e-01,-1.453883796930313110e-01,6.917876750230789185e-02,-8.067822456359863281e-02,2.856568396091461182e-01,3.345481455326080322e-01,-3.329804539680480957e-02,-2.018006324768066406e+00,4.893112778663635254e-01,3.775476217269897461e-01,-3.565995395183563232e-01,6.853993982076644897e-02,-1.893629431724548340e+00,-3.476571440696716309e-01,0.000000000000000000e+00
-3.377890631443036251e-01,5.608767641981872165e-01,1.023620665073394775e+00,-5.960738796309369286e-02,-8.665223976970454212e-02,8.569236361432466254e-01,-5.045990789350964789e-01,-2.377125024795532227e-01,-2.288362234830856323e-01,-3.491247594356536865e-01,4.756674170494079590e-01,-3.721855580806732178e-01,3.344401717185974121e-02,-6.419077515602111816e-01,-1.539053469896316528e-01,1.566430777311325073e-01,8.087086081504821777e-01,-1.585945338010787964e-01,1.283368468284606934e-01,-1.751812547445297241e-01,2.567369043827056885e-01,3.288362026214599609e-01,2.348231384530663490e-03,-2.118073463439941406e+00,5.017874240875244141e-01,4.459402859210968018e-01,-3.573657274246215820e-01,6.068756058812141418e-02,-1.965790867805480957e+00,-3.853941857814788818e-01,0.000000000000000000e+00
-3.611027711824580932e-01,5.358221522059581909e-01,1.037149250507354736e+00,-5.289460049581352213e-02,-8.411125994222823365e-02,8.345891477110330969e-01,-5.418379939726364336e-01,-1.486059725284576416e-01,-1.934075206518173218e-01,-3.482767045497894287e-01,4.266847968101501465e-01,-2.887845039367675781e-01,-1.059794332832098007e-02,-6.049738526344299316e-01,-1.236506402492523193e-01,2.108367979526519775e-01,6.332425475120544434e-01,-1.401764601469039917e-01,1.477787941694259644e-01,-2.425467520952224731e-01,2.395339459180831909e-01,3.218200802803039551e-01,2.984799444675445557e-02,-2.193577051162719727e+00,5.404251813888549805e-01,5.169401168823242188e-01,-3.592544794082641602e-01,4.854104295372962952e-02,-2.012341737747192383e+00,-4.108624458312988281e-01,0.000000000000000000e+00
-3.831028138078121925e-01,5.094876726596512251e-01,1.048910260200500488e+00,-4.153232338235147980e-02,-8.297679400703643349e-02,8.170896716870424958e-01,-5.689941881892458531e-01,-9.806739538908004761e-02,-1.529920548200607300e-01,-3.051062226295471191e-01,4.543688893318176270e-01,-2.229214459657669067e-01,-4.393671825528144836e-02,-5.598291158676147461e-01,-7.938680797815322876e-02,3.021321892738342285e-01,4.810961186885833740e-01,-1.203352585434913635e-01,1.457732617855072021e-01,-2.726086080074310303e-01,1.955483555793762207e-01,3.263396620750427246e-01,3.676795959472656250e-02,-2.194799900054931641e+00,5.431669354438781738e-01,5.773420929908752441e-01,-3.449660539627075195e-01,4.021076858043670654e-02,-2.020537137985229492e+00,-4.090659916400909424e-01,0.000000000000000000e+00
-4.040395057168044701e-01,4.827161670546033512e-01,1.055080711841583252e+00,-3.288801497127029350e-02,-8.077089567902116796e-02,8.047207544886647579e-01,-5.872128644517697893e-01,-1.124234497547149658e-01,-1.305308192968368530e-01,-2.573668062686920166e-01,5.856993198394775391e-01,-1.809555739164352417e-01,-3.601948916912078857e-02,-5.211178064346313477e-01,-4.031470417976379395e-02,3.942650854587554932e-01,3.744645118713378906e-01,-9.045887738466262817e-02,1.607769131660461426e-01,-2.722221910953521729e-01,1.774184554815292358e-01,3.220881223678588867e-01,4.504284262657165527e-02,-2.194799900054931641e+00,5.036826133728027344e-01,5.998476743698120117e-01,-3.256164193153381348e-01,4.062013328075408936e-02,-1.993301510810852051e+00,-4.142089486122131348e-01,0.000000000000000000e+00
-4.239848656185604137e-01,4.573546581627810359e-01,1.051327824592590332e+00,-2.673063179328186850e-02,-7.392409351698031594e-02,7.922781030669709956e-01,-6.050752921101860693e-01,-1.976816505193710327e-01,-1.415787935256958008e-01,-2.494063228368759155e-01,8.293904662132263184e-01,-1.663046628236770630e-01,4.562154877930879593e-03,-4.888262450695037842e-01,-1.808780431747436523e-02,4.433277845382690430e-01,3.552775681018829346e-01,-3.222947195172309875e-02,1.677843183279037476e-01,-2.634166479110717773e-01,1.979581415653228760e-01,3.029786646366119385e-01,4.466813430190086365e-02,-2.194557189941406250e+00,4.871813356876373291e-01,5.900642275810241699e-01,-3.301849067211151123e-01,5.614113062620162964e-02,-1.948807239532470703e+00,-4.214279055595397949e-01,0.000000000000000000e+00
-4.431178365543620989e-01,4.345044492121722945e-01,1.036476969718933105e+00,-2.585000210242791030e-02,-6.618410143998526562e-02,7.813164415172623167e-01,-6.200774631630218137e-01,-3.163751661777496338e-01,-1.634593755006790161e-01,-2.402509003877639771e-01,1.091381669044494629e+00,-1.745518296957015991e-01,4.363162070512771606e-02,-4.983930587768554688e-01,-9.358929237350821495e-04,4.328166842460632324e-01,4.796940684318542480e-01,-3.303920850157737732e-02,1.361968964338302612e-01,-2.416348159313201904e-01,2.176031917333602905e-01,2.866746783256530762e-01,3.079161234200000763e-02,-2.156603336334228516e+00,4.981607198715209961e-01,5.471027493476867676e-01,-3.606258630752563477e-01,5.488252267241477966e-02,-1.901705622673034668e+00,-3.956341445446014404e-01,0.000000000000000000e+00
-4.610379739507973196e-01,4.130709658420206876e-01,1.017801463603973389e+00,-2.647063659693622145e-02,-6.395681497324538778e-02,7.719664745236171077e-01,-6.318833701152520854e-01,-4.364403188228607178e-01,-1.565699726343154907e-01,-2.111871838569641113e-01,1.295323491096496582e+00,-2.724114656448364258e-01,7.864693552255630493e-02,-5.345560908317565918e-01,1.637119613587856293e-02,4.003135263919830322e-01,6.433899998664855957e-01,-1.687070429325103760e-01,1.218208745121955872e-01,-1.999583542346954346e-01,2.292499542236328125e-01,2.833579182624816895e-01,-4.166973289102315903e-03,-2.076496839523315430e+00,4.719824790954589844e-01,4.894401431083679199e-01,-3.789068460464477539e-01,7.143066078424453735e-02,-1.837094426155090332e+00,-4.000392854213714600e-01,0.000000000000000000e+00
-4.738428715337403840e-01,3.933952175668664619e-01,1.000190734863281250e+00,-4.315277502276351762e-02,-7.277309247366813005e-02,7.695883444361206749e-01,-6.329104953527985300e-01,-6.119878292083740234e-01,-1.630143970251083374e-01,-1.830740720033645630e-01,1.449499964714050293e+00,-3.267087936401367188e-01,1.403268426656723022e-01,-6.163703799247741699e-01,3.726754337549209595e-02,3.900828659534454346e-01,7.949416041374206543e-01,-2.458002716302871704e-01,8.373901247978210449e-02,-1.182057186961174011e-01,1.986715644598007202e-01,2.667810618877410889e-01,-4.669993370771408081e-02,-1.948456645011901855e+00,4.511508345603942871e-01,3.807033896446228027e-01,-4.108128845691680908e-01,8.734287321567535400e-02,-1.766072511672973633e+00,-2.934383153915405273e-01,0.000000000000000000e+00
-4.834686229638779920e-01,3.678634615338812752e-01,9.931999444961547852e-01,-4.775036695933223413e-02,-7.308524055364296057e-02,7.579096081561079723e-01,-6.464916673346380316e-01,-7.295085787773132324e-01,-1.631447970867156982e-01,-1.591652929782867432e-01,1.502555727958679199e+00,-3.516783118247985840e-01,1.778596341609954834e-01,-5.862132310867309570e-01,1.113657280802726746e-02,3.350132107734680176e-01,8.232170939445495605e-01,-3.097262084484100342e-01,8.962471038103103638e-02,-6.452260166406631470e-02,2.426603436470031738e-01,2.674978673458099365e-01,-9.863699227571487427e-02,-1.883675575256347656e+00,5.302097201347351074e-01,3.049599826335906982e-01,-4.392136037349700928e-01,1.190361753106117249e-01,-1.751797437667846680e+00,-3.011016249656677246e-01,0.000000000000000000e+00
-4.968660858116794588e-01,3.358150184598597821e-01,1.000002861022949219e+00,-4.128979937147658763e-02,-7.478100508281960990e-02,7.486139353368445049e-01,-6.574801362521527359e-01,-7.748889327049255371e-01,-1.087652668356895447e-01,-1.231719106435775757e-01,1.435141444206237793e+00,-3.801316320896148682e-01,1.707452684640884399e-01,-4.711818099021911621e-01,-9.885211475193500519e-04,2.606410086154937744e-01,7.397571206092834473e-01,-3.381312489509582520e-01,1.070652306079864502e-01,4.490697290748357773e-03,3.190082013607025146e-01,2.861309945583343506e-01,-7.932069152593612671e-02,-1.896238803863525391e+00,5.317658185958862305e-01,2.684051692485809326e-01,-4.161838889122009277e-01,1.110672578215599060e-01,-1.825685501098632812e+00,-2.927342653274536133e-01,0.000000000000000000e+00
-4.999571240097243074e-01,3.032165217564654625e-01,1.006440818309783936e+00,-4.389781393591757341e-02,-7.331116253010108719e-02,7.436527449161075554e-01,-6.630829890435069318e-01,-8.078163862228393555e-01,-9.365895390510559082e-02,-7.099070399999618530e-02,1.313439846038818359e+00,-4.199723601341247559e-01,2.179975360631942749e-01,-3.813678026199340820e-01,-3.198615834116935730e-02,2.074773311614990234e-01,6.652111411094665527e-01,-3.305527567863464355e-01,1.361665874719619751e-01,9.009895473718643188e-02,3.883053362369537354e-01,3.173790872097015381e-01,-5.285662785172462463e-02,-1.967056632041931152e+00,5.319905281066894531e-01,2.377943694591522217e-01,-4.268001616001129150e-01,7.136376947164535522e-02,-1.953253746032714844e+00,-3.436627089977264404e-01,0.000000000000000000e+00
-5.021935943941502334e-01,2.669995123111142954e-01,1.020557165145874023e+00,-4.261751268625771361e-02,-6.976174748011779170e-02,7.389031109564220268e-01,-6.688342386719436927e-01,-7.793562412261962891e-01,-8.618748188018798828e-02,-2.719786949455738068e-02,1.108352541923522949e+00,-4.425857365131378174e-01,2.086874246597290039e-01,-2.554317712783813477e-01,-5.938778817653656006e-02,1.402279585599899292e-01,5.513526797294616699e-01,-2.562286555767059326e-01,1.389799863100051880e-01,1.656492501497268677e-01,4.721584618091583252e-01,3.401459157466888428e-01,-3.772117197513580322e-02,-2.022186756134033203e+00,5.584167838096618652e-01,2.298323214054107666e-01,-4.327882528305053711e-01,2.684071660041809082e-02,-2.079910516738891602e+00,-3.754470944404602051e-01,0.000000000000000000e+00
-5.016691322445623324e-01,2.304112411942334238e-01,1.037776827812194824e+00,-3.618557112442890439e-02,-6.336058024400449684e-02,7.334409335720517564e-01,-6.758257454954634813e-01,-6.928946971893310547e-01,-8.018852025270462036e-02,3.018170595169067383e-02,8.433083295822143555e-01,-4.390716552734375000e-01,1.673655509948730469e-01,-1.343951523303985596e-01,-7.981954514980316162e-02,5.165416747331619263e-02,4.743399322032928467e-01,-1.219095960259437561e-01,1.488733142614364624e-01,2.210181951522827148e-01,5.678623318672180176e-01,3.385556638240814209e-01,-3.315086709335446358e-03,-2.048269510269165039e+00,5.816510915756225586e-01,2.414853274822235107e-01,-4.340956807136535645e-01,2.356224460527300835e-03,-2.174474000930786133e+00,-3.685370981693267822e-01,0.000000000000000000e+00
-5.014899295650956379e-01,1.939096726191267550e-01,1.053171515464782715e+00,-3.015454016176832494e-02,-6.218422736059162764e-02,7.239981392474983402e-01,-6.863312028032519940e-01,-5.990002155303955078e-01,-8.329453319311141968e-02,8.164951950311660767e-02,5.872014164924621582e-01,-4.180432558059692383e-01,1.207432597875595093e-01,-6.485036015510559082e-02,-8.299603313207626343e-02,-2.457507885992527008e-02,4.663144946098327637e-01,1.838862150907516479e-02,1.610380113124847412e-01,2.498217821121215820e-01,6.231411695480346680e-01,3.455094099044799805e-01,3.482912480831146240e-02,-2.045366287231445312e+00,5.618708729743957520e-01,2.441216111183166504e-01,-4.330277144908905029e-01,-7.227977272123098373e-03,-2.194290399551391602e+00,-3.169488012790679932e-01,0.000000000000000000e+00
-4.997061264323694463e-01,1.580519244156130543e-01,1.061626672744750977e+00,-2.692250171668499406e-02,-6.030950305597873595e-02,7.096738440734116082e-01,-7.014278136633329552e-01,-5.172430276870727539e-01,-1.086459085345268250e-01,1.081032529473304749e-01,4.027175009250640869e-01,-3.974477052688598633e-01,9.531687200069427490e-02,-6.665195524692535400e-02,-8.513156324625015259e-02,-2.210017107427120209e-02,5.537938475608825684e-01,1.315883845090866089e-01,1.956116259098052979e-01,2.479261457920074463e-01,6.413979530334472656e-01,3.399636149406433105e-01,4.698374122381210327e-02,-2.021303415298461914e+00,5.182437896728515625e-01,2.680376470088958740e-01,-4.196876585483551025e-01,3.641419811174273491e-03,-2.188160419464111328e+00,-3.090288937091827393e-01,0.000000000000000000e+00
-4.979010288190189315e-01,1.232686042037909463e-01,1.061394870281219482e+00,-2.000949428626060470e-02,-5.678866810508598206e-02,6.930408102272428428e-01,-7.183794976701557422e-01,-4.514361023902893066e-01,-1.291502267122268677e-01,1.076998412609100342e-01,3.243172168731689453e-01,-3.522797822952270508e-01,8.685220032930374146e-02,-1.165291219949722290e-01,-7.689235359430313110e-02,2.218694984912872314e-02,7.241931557655334473e-01,2.053655534982681274e-01,2.256669700145721436e-01,2.311040461063385010e-01,6.316918730735778809e-01,3.403209447860717773e-01,3.934289515018463135e-02,-1.985026121139526367e+00,4.596932530403137207e-01,2.975705862045288086e-01,-3.993927538394927979e-01,1.937692239880561829e-02,-2.130226135253906250e+00,-3.053705692291259766e-01,0.000000000000000000e+00
-4.967565520988787564e-01,8.844282981084226891e-02,1.051074504852294922e+00,-1.111744550885376999e-02,-5.396737288984115172e-02,6.792289427616173825e-01,-7.318551553303851431e-01,-4.042837917804718018e-01,-1.443740874528884888e-01,6.113585457205772400e-02,3.295424580574035645e-01,-2.884435057640075684e-01,9.208218008279800415e-02,-1.957382112741470337e-01,-7.983388751745223999e-02,5.173911526799201965e-02,9.309238791465759277e-01,1.867280155420303345e-01,2.138374894857406616e-01,2.131260037422180176e-01,6.035533547401428223e-01,3.318986296653747559e-01,1.745543070137500763e-02,-1.941715121269226074e+00,4.692661464214324951e-01,3.298228383064270020e-01,-3.796340823173522949e-01,7.095524668693542480e-02,-2.053467750549316406e+00,-3.509616255760192871e-01,0.000000000000000000e+00
-4.956586160832184285e-01,5.570094717246852623e-02,1.033966839313507080e+00,-2.715718303926077659e-03,-5.345300535885125909e-02,6.634804435325837302e-01,-7.462768267486311613e-01,-3.841841220855712891e-01,-1.576462686061859131e-01,-1.045222952961921692e-02,3.860676586627960205e-01,-3.315574526786804199e-01,9.985681623220443726e-02,-2.856080234050750732e-01,-1.131946146488189697e-01,5.169628933072090149e-02,1.112324357032775879e+00,1.000325158238410950e-01,1.519324630498886108e-01,1.795044094324111938e-01,5.636888146400451660e-01,3.152892887592315674e-01,4.273963160812854767e-03,-1.911830186843872070e+00,4.793647825717926025e-01,3.508806228637695312e-01,-3.659679889678955078e-01,9.023715555667877197e-02,-1.966879606246948242e+00,-3.318791091442108154e-01,0.000000000000000000e+00
-4.974483851073610019e-01,2.860762498355695974e-02,1.023018062114715576e+00,4.536114775684181762e-03,-5.973419775948134863e-02,6.430346130186027631e-01,-7.634904948594899432e-01,-4.141388535499572754e-01,-1.542058140039443970e-01,-6.792678683996200562e-02,5.068686604499816895e-01,-4.022875726222991943e-01,8.163134008646011353e-02,-3.927794098854064941e-01,-1.270709633827209473e-01,5.439180508255958557e-02,1.218818902969360352e+00,1.300611533224582672e-02,1.007395982742309570e-01,1.253612190485000610e-01,4.920149147510528564e-01,3.081622719764709473e-01,1.833723741583526134e-03,-1.899163722991943359e+00,4.527870118618011475e-01,3.579998016357421875e-01,-3.334597647190093994e-01,1.045377925038337708e-01,-1.853036522865295410e+00,-2.739905416965484619e-01,0.000000000000000000e+00
-4.961429508501724595e-01,2.216176763077395799e-03,1.014214932918548584e+00,-2.416950504007669975e-04,-6.529978020130366989e-02,6.151023586705441915e-01,-7.857384861689653555e-01,-4.537417292594909668e-01,-1.857207715511322021e-01,-1.285376399755477905e-01,6.296120285987854004e-01,-4.472674131393432617e-01,9.339276701211929321e-02,-5.274897813796997070e-01,-1.451519727706909180e-01,8.354588598012924194e-02,1.272793054580688477e+00,-5.096159875392913818e-02,9.118480980396270752e-02,4.948154836893081665e-02,3.834250867366790771e-01,2.924762964248657227e-01,-1.762321591377258301e-02,-1.901022791862487793e+00,4.973080158233642578e-01,3.716495633125305176e-01,-3.222111165523529053e-01,1.043946444988250732e-01,-1.771569848060607910e+00,-3.284601271152496338e-01,0.000000000000000000e+00
-4.915161306037995059e-01,-2.624382775383741692e-02,1.014473617076873779e+00,-4.662141288523845295e-03,-6.876641817406647927e-02,5.916308236305213297e-01,-8.032573763747123952e-01,-4.132517874240875244e-01,-1.973653584718704224e-01,-1.543109267950057983e-01,6.204604506492614746e-01,-4.706335961818695068e-01,1.046632006764411926e-01,-6.322650313377380371e-01,-1.443257927894592285e-01,1.316716670989990234e-01,1.223556995391845703e+00,-6.693114340305328369e-02,9.321724623441696167e-02,-1.041892822831869125e-02,2.726964950561523438e-01,2.949547469615936279e-01,-3.232817724347114563e-02,-1.962387084960937500e+00,4.847802519798278809e-01,4.080935418605804443e-01,-3.377597928047180176e-01,9.058378636837005615e-02,-1.791578173637390137e+00,-3.471390008926391602e-01,0.000000000000000000e+00
-4.814019507322289115e-01,-5.749369073280351239e-02,1.018553555011749268e+00,-9.276193772166931376e-03,-7.087071120136066715e-02,5.594825439667823197e-01,-8.257545504079114584e-01,-3.452423214912414551e-01,-2.168279439210891724e-01,-2.171157598495483398e-01,5.745648741722106934e-01,-4.511337578296661377e-01,8.540709316730499268e-02,-6.843356490135192871e-01,-1.727209389209747314e-01,1.355312019586563110e-01,1.091806888580322266e+00,-8.791913092136383057e-02,1.130914315581321716e-01,-8.897314965724945068e-02,1.705339848995208740e-01,3.111368417739868164e-01,-2.199188433587551117e-02,-2.075393438339233398e+00,4.593988955020904541e-01,4.472148418426513672e-01,-3.672993481159210205e-01,7.781317085027694702e-02,-1.850695013999938965e+00,-3.964696526527404785e-01,0.000000000000000000e+00
-4.729961408416584745e-01,-9.139224697740536141e-02,1.030818998813629150e+00,-2.507734150975791942e-03,-6.856538945814111274e-02,5.228595315683169931e-01,-8.496531109141198801e-01,-2.404882162809371948e-01,-1.989316642284393311e-01,-2.744653224945068359e-01,4.995121657848358154e-01,-3.888612389564514160e-01,4.296678304672241211e-02,-6.520753502845764160e-01,-1.805373579263687134e-01,1.050864905118942261e-01,8.817511796951293945e-01,-9.896118938922882080e-02,9.904442727565765381e-02,-1.728572547435760498e-01,1.265791356563568115e-01,3.380935192108154297e-01,1.047637779265642166e-02,-2.161260843276977539e+00,4.784171283245086670e-01,5.052174329757690430e-01,-3.810312449932098389e-01,5.732874572277069092e-02,-1.907541871070861816e+00,-4.256492257118225098e-01,0.000000000000000000e+00
-4.620917420987422641e-01,-1.249546770762862136e-01,1.044750988483428955e+00,4.325346647174943722e-03,-6.311918092085447296e-02,4.850471045657431257e-01,-8.721964037581508844e-01,-1.457946151494979858e-01,-1.713279634714126587e-01,-2.951855063438415527e-01,4.502586722373962402e-01,-3.212370276451110840e-01,1.635517738759517670e-02,-5.849557518959045410e-01,-1.734354645013809204e-01,9.850120544433593750e-02,6.451963782310485840e-01,-9.745712578296661377e-02,1.197432652115821838e-01,-2.522031366825103760e-01,1.043083816766738892e-01,3.473877310752868652e-01,3.806125745177268982e-02,-2.194799900054931641e+00,5.191428661346435547e-01,5.605371594429016113e-01,-3.945357203483581543e-01,3.433622047305107117e-02,-1.951761484146118164e+00,-4.383887350559234619e-01,0.000000000000000000e+00
-4.502021088161033413e-01,-1.583047141484148213e-01,1.057321786880493164e+00,1.147676171772738646e-02,-6.005419508849950405e-02,4.539495819278027700e-01,-8.889271931155666717e-01,-9.048546105623245239e-02,-1.356198787689208984e-01,-2.720991671085357666e-01,4.614377319812774658e-01,-2.527984082698822021e-01,-8.987981826066970825e-03,-5.218377113342285156e-01,-1.375755220651626587e-01,1.718964576721191406e-01,4.430410861968994141e-01,-7.067362219095230103e-02,1.581553369760513306e-01,-2.917924821376800537e-01,8.954242616891860962e-02,3.586792647838592529e-01,5.051375925540924072e-02,-2.194799900054931641e+00,5.156278610229492188e-01,5.997204780578613281e-01,-3.937754631042480469e-01,1.581336557865142822e-02,-1.965851902961730957e+00,-4.311360120773315430e-01,0.000000000000000000e+00
-4.386989594314206209e-01,-1.914155725715554202e-01,1.064546883106231689e+00,1.767334678530143796e-02,-5.827123322253036086e-02,4.329587105848243245e-01,-8.993546970583176092e-01,-9.178832173347473145e-02,-1.041446104645729065e-01,-2.184210121631622314e-01,5.616612434387207031e-01,-2.055083960294723511e-01,-2.097547240555286407e-02,-4.775293171405792236e-01,-9.506404399871826172e-02,2.780733108520507812e-01,3.336138129234313965e-01,-4.474859684705734253e-02,1.902052909135818481e-01,-2.877909243106842041e-01,1.149838864803314209e-01,3.732163608074188232e-01,5.528816208243370056e-02,-2.194799900054931641e+00,4.976852536201477051e-01,6.126747131347656250e-01,-3.834901452064514160e-01,3.617066424340009689e-03,-1.952543377876281738e+00,-4.235803186893463135e-01,0.000000000000000000e+00
-4.271246877371812634e-01,-2.219802187943323568e-01,1.063264966011047363e+00,1.916692492076889354e-02,-5.437160651861911581e-02,4.176391155138542421e-01,-9.067821825479763787e-01,-1.739964187145233154e-01,-1.051579117774963379e-01,-1.968657672405242920e-01,7.859659790992736816e-01,-1.772693991661071777e-01,3.322876244783401489e-02,-4.568470120429992676e-01,-6.929460167884826660e-02,3.357626795768737793e-01,3.237680196762084961e-01,-5.140235647559165955e-02,1.819696873426437378e-01,-2.630592286586761475e-01,1.742606312036514282e-01,3.690497279167175293e-01,6.048273667693138123e-02,-2.193559169769287109e+00,4.915149807929992676e-01,5.976286530494689941e-01,-3.991100490093231201e-01,1.309014298021793365e-02,-1.928377509117126465e+00,-3.841781914234161377e-01,0.000000000000000000e+00
-4.165369827357267019e-01,-2.510787649787349363e-01,1.051831126213073730e+00,1.874490432538103435e-02,-4.748571092048879672e-02,4.007047426938616930e-01,-9.147838241917345403e-01,-2.724841535091400146e-01,-1.050553321838378906e-01,-1.706540882587432861e-01,1.023867964744567871e+00,-1.611673831939697266e-01,6.468466669321060181e-02,-4.354380667209625244e-01,-5.891009792685508728e-02,3.558389246463775635e-01,3.701450824737548828e-01,-4.231610149145126343e-02,1.723943352699279785e-01,-2.321573495864868164e-01,2.205335795879364014e-01,3.462051153182983398e-01,3.141438588500022888e-02,-2.138489484786987305e+00,4.986004531383514404e-01,5.721310973167419434e-01,-4.305120408535003662e-01,3.658224642276763916e-02,-1.899342179298400879e+00,-3.699876964092254639e-01,0.000000000000000000e+00
-4.072562209075693551e-01,-2.792381289356686280e-01,1.032701671123504639e+00,1.897330785885520052e-02,-4.512057184138287130e-02,3.867723016082836862e-01,-9.208753087656497138e-01,-3.894025385379791260e-01,-7.062171399593353271e-02,-1.323500573635101318e-01,1.244995594024658203e+00,-2.310925871133804321e-01,1.385515481233596802e-01,-4.438807368278503418e-01,-6.663525849580764771e-02,2.904443442821502686e-01,4.693346619606018066e-01,-5.603960156440734863e-02,1.137640923261642456e-01,-1.826348602771759033e-01,2.638074159622192383e-01,3.526978194713592529e-01,1.238961610943078995e-02,-2.073836326599121094e+00,5.128972530364990234e-01,5.314999818801879883e-01,-4.557749927043914795e-01,4.609891027212142944e-02,-1.861047267913818359e+00,-3.598941862583160400e-01,0.000000000000000000e+00
-3.990593421611494107e-01,-3.020667157427403549e-01,1.012141704559326172e+00,1.363983996707224949e-02,-5.296178201893434606e-02,3.757810717258771027e-01,-9.250932874816479856e-01,-5.319542884826660156e-01,-4.348279908299446106e-02,-1.036604940891265869e-01,1.411420822143554688e+00,-3.246674239635467529e-01,2.190222889184951782e-01,-5.140362381935119629e-01,-5.689075589179992676e-02,2.746796309947967529e-01,6.344088912010192871e-01,-1.644939631223678589e-01,9.884724020957946777e-02,-1.159086152911186218e-01,2.935967445373535156e-01,3.452644348144531250e-01,-9.067563340067863464e-03,-2.003549098968505859e+00,4.478334486484527588e-01,4.791150391101837158e-01,-4.623755514621734619e-01,4.852648451924324036e-02,-1.813614964485168457e+00,-3.564728796482086182e-01,0.000000000000000000e+00
-3.878416851780834840e-01,-3.254241602826384860e-01,9.945316314697265625e-01,9.538138160550742664e-03,-6.935958001892054969e-02,3.753943150482279001e-01,-9.242171718862948193e-01,-6.863765716552734375e-01,-3.460143506526947021e-02,-1.042973548173904419e-01,1.511445641517639160e+00,-3.850994706153869629e-01,2.617999911308288574e-01,-5.893391370773315430e-01,-2.971928380429744720e-02,2.653961181640625000e-01,7.814236283302307129e-01,-2.427016049623489380e-01,1.186402216553688049e-01,-2.023268677294254303e-02,3.170084059238433838e-01,3.375374674797058105e-01,-9.312152862548828125e-03,-1.922383666038513184e+00,4.393363893032073975e-01,3.870289325714111328e-01,-4.790407717227935791e-01,8.031321316957473755e-02,-1.757778763771057129e+00,-3.821815550327301025e-01,0.000000000000000000e+00
-3.730157081962839349e-01,-3.505804589037381236e-01,9.893792867660522461e-01,1.207770993692619706e-02,-7.616249115461917740e-02,3.650399535075329882e-01,-9.277926687611949275e-01,-7.743940353393554688e-01,-2.665827795863151550e-02,-1.021068841218948364e-01,1.499830245971679688e+00,-3.917096555233001709e-01,2.617999911308288574e-01,-5.614688992500305176e-01,-2.725561708211898804e-02,2.213549017906188965e-01,8.109461069107055664e-01,-3.041572570800781250e-01,7.166507840156555176e-02,6.616001576185226440e-02,3.638975918292999268e-01,3.152909278869628906e-01,-4.661790560930967331e-03,-1.888085007667541504e+00,5.393249392509460449e-01,3.312038481235504150e-01,-4.628475606441497803e-01,8.747252076864242554e-02,-1.765202641487121582e+00,-3.578273057937622070e-01,0.000000000000000000e+00
-3.511454906389075425e-01,-3.712593236120336759e-01,9.925262928009033203e-01,1.113496689575945754e-02,-7.859218471033960207e-02,3.520682620886738112e-01,-9.326023910780774084e-01,-8.082062005996704102e-01,-2.699125930666923523e-02,-6.386160850524902344e-02,1.395899891853332520e+00,-4.411699473857879639e-01,2.617999911308288574e-01,-4.927201867103576660e-01,-4.943397641181945801e-02,1.743971109390258789e-01,7.776150107383728027e-01,-3.282914757728576660e-01,6.874532252550125122e-02,1.499611139297485352e-01,4.141737520694732666e-01,3.261429965496063232e-01,1.044529862701892853e-02,-1.911165714263916016e+00,5.442424416542053223e-01,2.932710647583007812e-01,-4.602337479591369629e-01,1.078578680753707886e-01,-1.829113245010375977e+00,-3.926374316215515137e-01,0.000000000000000000e+00
-3.233274968717150810e-01,-3.901885315129131615e-01,1.003245890140533447e+00,1.018693455752523770e-02,-7.574060447119200512e-02,3.304085435236784885e-01,-9.407389550588519667e-01,-7.863358855247497559e-01,-3.519164770841598511e-02,-1.170042902231216431e-02,1.216347575187683105e+00,-4.677477777004241943e-01,2.617999911308288574e-01,-3.684922754764556885e-01,-9.122060239315032959e-02,8.364503085613250732e-02,6.759691238403320312e-01,-3.102085590362548828e-01,1.002683714032173157e-01,2.152496874332427979e-01,4.716499447822570801e-01,3.418114781379699707e-01,3.835562989115715027e-02,-1.936336874961853027e+00,5.349436402320861816e-01,2.820843458175659180e-01,-4.330988526344299316e-01,2.527507394552230835e-02,-1.901892304420471191e+00,-3.782767653465270996e-01,0.000000000000000000e+00
-2.915806512205237899e-01,-4.070207294812321352e-01,1.017275750637054443e+00,9.624857949663485554e-03,-7.127371359014328389e-02,3.029647313876903114e-01,-9.502840582666342018e-01,-7.160087227821350098e-01,-6.370741128921508789e-02,3.730830922722816467e-02,9.758470654487609863e-01,-4.319241940975189209e-01,2.317033559083938599e-01,-2.254722267389297485e-01,-1.226034238934516907e-01,-1.337593607604503632e-02,5.626431703567504883e-01,-2.337209433317184448e-01,1.065396070480346680e-01,2.591477930545806885e-01,5.244628787040710449e-01,3.353900909423828125e-01,6.389638781547546387e-02,-1.958150029182434082e+00,5.377318263053894043e-01,2.881746590137481689e-01,-4.265332818031311035e-01,-1.292293705046176910e-02,-1.996707797050476074e+00,-3.744118511676788330e-01,0.000000000000000000e+00
-2.601678963711079873e-01,-4.241075879588215858e-01,1.032259702682495117e+00,1.638370800274700084e-02,-6.617266307283720117e-02,2.775910772951725169e-01,-9.582775936961246410e-01,-6.144725680351257324e-01,-7.361109554767608643e-02,9.403226524591445923e-02,7.084004878997802734e-01,-4.037003219127655029e-01,1.610788404941558838e-01,-1.062775403261184692e-01,-1.223784983158111572e-01,-9.990669041872024536e-02,4.954788386821746826e-01,-9.987059980630874634e-02,1.116615831851959229e-01,2.932805716991424561e-01,5.711320042610168457e-01,3.365389406681060791e-01,9.280400723218917847e-02,-1.970327973365783691e+00,5.639421343803405762e-01,2.976607978343963623e-01,-4.120248258113861084e-01,-3.650755807757377625e-02,-2.061264991760253906e+00,-3.913220167160034180e-01,0.000000000000000000e+00
-2.286225888453211619e-01,-4.399438496961332601e-01,1.043777704238891602e+00,2.330023798741849214e-02,-6.349032043134911207e-02,2.525666529755522527e-01,-9.652130147930980675e-01,-5.220094919204711914e-01,-8.916283398866653442e-02,1.584043949842453003e-01,4.859584569931030273e-01,-3.921598792076110840e-01,1.130649000406265259e-01,-5.497531965374946594e-02,-1.188151538372039795e-01,-1.444889456033706665e-01,5.215393900871276855e-01,3.412469476461410522e-02,1.256622523069381714e-01,3.079879581928253174e-01,5.974939465522766113e-01,3.235417306423187256e-01,1.241611540317535400e-01,-1.968779802322387695e+00,5.798593759536743164e-01,2.974721789360046387e-01,-4.118989109992980957e-01,-4.045496135950088501e-02,-2.082277297973632812e+00,-3.584688007831573486e-01,0.000000000000000000e+00
-1.977449859095627982e-01,-4.542305807511801685e-01,1.048388242721557617e+00,2.891675459351669697e-02,-6.036374329828718410e-02,2.239115996089419691e-01,-9.723084054760411377e-01,-4.478522539138793945e-01,-1.148966997861862183e-01,2.011173814535140991e-01,3.420596420764923096e-01,-3.576808869838714600e-01,8.761683851480484009e-02,-7.536235451698303223e-02,-1.132869720458984375e-01,-1.117325648665428162e-01,6.455554962158203125e-01,1.548139452934265137e-01,1.608133465051651001e-01,2.990221977233886719e-01,6.045179367065429688e-01,3.133831918239593506e-01,1.400090456008911133e-01,-1.957727193832397461e+00,5.629273056983947754e-01,3.026877045631408691e-01,-4.133605957031250000e-01,-2.661151997745037079e-02,-2.054557800292968750e+00,-3.655740320682525635e-01,0.000000000000000000e+00
-1.682373029364625516e-01,-4.681424223525443296e-01,1.044827640056610107e+00,3.345670824332590970e-02,-5.625179870696186274e-02,1.931175946906871221e-01,-9.789902851594779465e-01,-4.044999182224273682e-01,-1.409012228250503540e-01,1.847283989191055298e-01,3.064309954643249512e-01,-2.888883650302886963e-01,1.052752286195755005e-01,-1.389273256063461304e-01,-1.005383878946304321e-01,-3.998560830950737000e-02,8.243478536605834961e-01,2.243448048830032349e-01,1.951163411140441895e-01,2.761834561824798584e-01,5.951938629150390625e-01,3.076501786708831787e-01,1.352823078632354736e-01,-1.944050550460815430e+00,5.484146475791931152e-01,3.233718574047088623e-01,-4.145611226558685303e-01,-1.272410526871681213e-02,-2.017966508865356445e+00,-3.828378319740295410e-01,0.000000000000000000e+00
-1.393017280806825298e-01,-4.826785298357416099e-01,1.031954646110534668e+00,3.899048583648084126e-02,-5.301405923713194135e-02,1.615363807544963060e-01,-9.846701220358905493e-01,-3.871080875396728516e-01,-1.561777293682098389e-01,1.211256831884384155e-01,3.678439259529113770e-01,-3.052178621292114258e-01,1.429500877857208252e-01,-2.155936211347579956e-01,-1.069323942065238953e-01,1.165578578365966678e-04,1.010962247848510742e+00,1.806330829858779907e-01,1.834847778081893921e-01,2.481762617826461792e-01,5.675579905509948730e-01,3.151527941226959229e-01,1.230321750044822693e-01,-1.920441389083862305e+00,5.222432613372802734e-01,3.485178947448730469e-01,-4.122990369796752930e-01,-5.773442680947482586e-04,-1.969066977500915527e+00,-3.804752230644226074e-01,0.000000000000000000e+00
-1.134825085477476347e-01,-4.947886178822057945e-01,1.013347089290618896e+00,4.288887662237515774e-02,-5.523139581522096969e-02,1.293620762625175002e-01,-9.891286520991208198e-01,-4.229815006256103516e-01,-1.760001927614212036e-01,2.195860631763935089e-02,5.054689645767211914e-01,-4.258150756359100342e-01,1.833570003509521484e-01,-3.159187138080596924e-01,-1.536671668291091919e-01,8.791975677013397217e-03,1.167933702468872070e+00,8.886972069740295410e-02,1.282084882259368896e-01,2.096100598573684692e-01,5.185094475746154785e-01,3.110994994640350342e-01,9.372661262750625610e-02,-1.889528393745422363e+00,4.991426765918731689e-01,3.689333498477935791e-01,-4.216302037239074707e-01,1.332205813378095627e-02,-1.905980229377746582e+00,-3.697154819965362549e-01,0.000000000000000000e+00
-9.337316345073538859e-02,-5.044357906033065664e-01,9.965862035751342773e-01,4.229311973314063555e-02,-7.127971659728717102e-02,9.296216983427146863e-02,-9.922139532403042583e-01,-5.134262442588806152e-01,-2.099540084600448608e-01,-5.196738243103027344e-02,6.772099137306213379e-01,-4.920381009578704834e-01,2.057198137044906616e-01,-4.773945212364196777e-01,-1.912253201007843018e-01,5.040610954165458679e-02,1.281154870986938477e+00,-7.593239657580852509e-03,9.769616276025772095e-02,1.452849954366683960e-01,4.255193471908569336e-01,2.687684595584869385e-01,5.482845753431320190e-02,-1.842984557151794434e+00,4.682314991950988770e-01,3.671190142631530762e-01,-4.248944520950317383e-01,3.274606540799140930e-02,-1.800696253776550293e+00,-3.398384749889373779e-01,0.000000000000000000e+00
-6.919176905617155371e-02,-5.146455007178143415e-01,9.880056381225585938e-01,4.620264269023986042e-02,-8.258089435599766381e-02,5.137501619387613294e-02,-9.941862599165613990e-01,-5.404717922210693359e-01,-2.337803244590759277e-01,-1.156673207879066467e-01,7.730826735496520996e-01,-5.397511720657348633e-01,2.170261442661285400e-01,-6.089375019073486328e-01,-1.904115974903106689e-01,1.003067865967750549e-01,1.306501030921936035e+00,-5.549804121255874634e-02,8.813766390085220337e-02,6.473151594400405884e-02,3.278035223484039307e-01,2.573828697204589844e-01,3.873425722122192383e-02,-1.805622458457946777e+00,4.707088470458984375e-01,3.720775246620178223e-01,-3.975616395473480225e-01,4.246276244521141052e-02,-1.697821855545043945e+00,-3.360705077648162842e-01,0.000000000000000000e+00
-4.145952166628362467e-02,-5.227309942188171910e-01,9.880924820899963379e-01,4.970581331222154176e-02,-9.043564475916990308e-02,7.394479016393507020e-03,-9.946336249896441384e-01,-5.022574663162231445e-01,-2.490545660257339478e-01,-1.877870261669158936e-01,7.678199410438537598e-01,-5.562669634819030762e-01,1.943664252758026123e-01,-6.967162489891052246e-01,-1.935509741306304932e-01,1.192705929279327393e-01,1.239981293678283691e+00,-6.958451122045516968e-02,1.022148281335830688e-01,-1.977434381842613220e-02,2.364663630723953247e-01,2.454403340816497803e-01,1.588864997029304504e-02,-1.839395999908447266e+00,5.078105330467224121e-01,4.040285050868988037e-01,-3.754481077194213867e-01,4.351256787776947021e-02,-1.679290056228637695e+00,-3.579180240631103516e-01,0.000000000000000000e+00
-9.692795546273950263e-03,-5.284651972255394181e-01,9.956078529357910156e-01,5.293415447445725536e-02,-9.349382931664973473e-02,-3.571380401000018301e-02,-9.935700294256660792e-01,-4.274522960186004639e-01,-2.473240196704864502e-01,-2.565709948539733887e-01,7.136153578758239746e-01,-5.324444770812988281e-01,1.522889435291290283e-01,-7.319821715354919434e-01,-1.957407146692276001e-01,1.183765530586242676e-01,1.101602911949157715e+00,-8.121822029352188110e-02,1.070457175374031067e-01,-1.024226546287536621e-01,1.646864563226699829e-01,2.617785036563873291e-01,1.821883767843246460e-02,-1.944447040557861328e+00,4.619232714176177979e-01,4.621563851833343506e-01,-3.742297291755676270e-01,3.225198760628700256e-02,-1.733897566795349121e+00,-3.969492018222808838e-01,0.000000000000000000e+00
2.622425994321819429e-02,-5.315013523259076722e-01,1.008824229240417480e+00,5.620275825931697611e-02,-9.089483241587306694e-02,-7.818231587907686908e-02,-9.911946856636790759e-01,-3.176168203353881836e-01,-2.239794433116912842e-01,-3.117879927158355713e-01,6.196127533912658691e-01,-4.822328984737396240e-01,1.039418727159500122e-01,-7.107501029968261719e-01,-1.871592402458190918e-01,1.101702228188514709e-01,9.073677062988281250e-01,-1.035837680101394653e-01,1.119647622108459473e-01,-1.874682754278182983e-01,1.311685144901275635e-01,2.783517837524414062e-01,3.004342131316661835e-02,-2.036052703857421875e+00,4.820218980312347412e-01,5.204616189002990723e-01,-3.752513825893402100e-01,2.070275507867336273e-02,-1.779237031936645508e+00,-3.992239534854888916e-01,0.000000000000000000e+00
6.434800501624729496e-02,-5.327618398086814144e-01,1.025259137153625488e+00,5.993368230991655971e-02,-8.235938588134858462e-02,-1.180106131879720271e-01,-9.877744582935013007e-01,-2.019360065460205078e-01,-1.791997998952865601e-01,-3.312628567218780518e-01,5.326916575431823730e-01,-3.980332016944885254e-01,5.224717408418655396e-02,-6.440007686614990234e-01,-1.624027639627456665e-01,1.123468056321144104e-01,6.696294546127319336e-01,-1.101913079619407654e-01,1.160784065723419189e-01,-2.600999772548675537e-01,1.294228285551071167e-01,2.997737526893615723e-01,6.101145222783088684e-02,-2.110523700714111328e+00,5.009806156158447266e-01,5.890926718711853027e-01,-3.752526640892028809e-01,3.576090559363365173e-03,-1.831647515296936035e+00,-4.087538719177246094e-01,0.000000000000000000e+00
1.027067937250557977e-01,-5.324128069869898949e-01,1.040192782878875732e+00,6.436890641102516186e-02,-7.447277231617749349e-02,-1.529497183878664179e-01,-9.833192938796959659e-01,-1.323967725038528442e-01,-1.338266432285308838e-01,-3.142411410808563232e-01,5.212751626968383789e-01,-2.988088428974151611e-01,8.277164772152900696e-03,-5.743539929389953613e-01,-1.187204495072364807e-01,1.873364299535751343e-01,4.580116271972656250e-01,-6.559042632579803467e-02,1.448626667261123657e-01,-3.083212077617645264e-01,1.374242603778839111e-01,3.221217095851898193e-01,7.699782401323318481e-02,-2.153820037841796875e+00,4.694987535476684570e-01,6.357707977294921875e-01,-3.705630302429199219e-01,-1.051203347742557526e-02,-1.859017014503479004e+00,-3.967419862747192383e-01,0.000000000000000000e+00
1.409233873252858371e-01,-5.313352095213847992e-01,1.049579143524169922e+00,6.704519266233052721e-02,-6.880515497093046828e-02,-1.742676328982184497e-01,-9.800008086294362819e-01,-1.237283423542976379e-01,-9.945465624332427979e-02,-2.643349766731262207e-01,6.021710038185119629e-01,-2.278486490249633789e-01,-8.984136395156383514e-03,-5.324905514717102051e-01,-6.910057365894317627e-02,3.142198324203491211e-01,3.219095468521118164e-01,-2.174152247607707977e-02,1.928160637617111206e-01,-3.190195858478546143e-01,1.552927643060684204e-01,3.337687551975250244e-01,8.089498430490493774e-02,-2.158898115158081055e+00,4.388785064220428467e-01,6.432687640190124512e-01,-3.581068515777587891e-01,-1.957288943231105804e-02,-1.859731197357177734e+00,-3.927651643753051758e-01,0.000000000000000000e+00
1.767132555403014005e-01,-5.303185228121193306e-01,1.049694061279296875e+00,6.758626761841064756e-02,-6.164267325451703444e-02,-1.898407340007202126e-01,-9.775442562756517795e-01,-1.799983233213424683e-01,-9.380392730236053467e-02,-2.511202991008758545e-01,7.940567135810852051e-01,-1.832788139581680298e-01,1.920664310455322266e-02,-5.074403285980224609e-01,-3.335167467594146729e-02,3.915070295333862305e-01,2.825241982936859131e-01,4.901538137346506119e-03,2.018708586692810059e-01,-3.064748048782348633e-01,1.851758509874343872e-01,3.406563997268676758e-01,7.536897808313369751e-02,-2.119741916656494141e+00,4.514892697334289551e-01,6.263096332550048828e-01,-3.622052669525146484e-01,-1.790873147547245026e-02,-1.850961208343505859e+00,-3.997475802898406982e-01,0.000000000000000000e+00
2.099836549224057547e-01,-5.284467780807781123e-01,1.038948774337768555e+00,6.128118316303068219e-02,-5.561887186173224140e-02,-2.039714127898900053e-01,-9.754726138890130738e-01,-2.697070240974426270e-01,-1.119754537940025330e-01,-2.441519945859909058e-01,1.030006885528564453e+00,-1.918708980083465576e-01,8.004767447710037231e-02,-5.028961896896362305e-01,-2.049849927425384521e-02,4.198851287364959717e-01,3.547811508178710938e-01,6.970146298408508301e-02,1.864896267652511597e-01,-2.844569683074951172e-01,2.141732871532440186e-01,3.197531104087829590e-01,5.689784511923789978e-02,-2.056036710739135742e+00,4.757173657417297363e-01,5.963122248649597168e-01,-3.834404051303863525e-01,-1.616391912102699280e-02,-1.842884898185729980e+00,-4.023571610450744629e-01,0.000000000000000000e+00
2.417741324886431842e-01,-5.275906558753263864e-01,1.019349277019500732e+00,5.680409010177057266e-02,-5.266933908128457187e-02,-2.157558257222528530e-01,-9.733697446167922651e-01,-3.714656829833984375e-01,-9.650032967329025269e-02,-2.056948393583297729e-01,1.242698431015014648e+00,-2.583224475383758545e-01,1.322304308414459229e-01,-5.325810909271240234e-01,-1.243094541132450104e-02,3.831361234188079834e-01,5.109573006629943848e-01,-1.474195253103971481e-02,1.573908179998397827e-01,-2.420115172863006592e-01,2.435767948627471924e-01,3.070551156997680664e-01,3.376838192343711853e-02,-1.991702795028686523e+00,4.691395461559295654e-01,5.569621920585632324e-01,-4.094987809658050537e-01,-1.315568480640649796e-02,-1.830906987190246582e+00,-4.141044020652770996e-01,0.000000000000000000e+00
2.689667393032715847e-01,-5.255897579908171968e-01,9.987861514091491699e-01,5.647607061034765064e-02,-6.071321259842465262e-02,-2.221853764081413996e-01,-9.714720880060148112e-01,-5.017704963684082031e-01,-8.375841379165649414e-02,-1.741004437208175659e-01,1.407740235328674316e+00,-3.370369970798492432e-01,1.644926071166992188e-01,-5.952359437942504883e-01,9.181279689073562622e-03,3.582120835781097412e-01,6.830224394798278809e-01,-1.396747976541519165e-01,1.553499102592468262e-01,-1.706696003675460815e-01,2.447836250066757202e-01,3.090118169784545898e-01,6.267620250582695007e-03,-1.917312383651733398e+00,4.219240844249725342e-01,4.884324967861175537e-01,-4.410133659839630127e-01,2.492842497304081917e-03,-1.796089172363281250e+00,-3.984563648700714111e-01,0.000000000000000000e+00
2.947002962664675429e-01,-5.183954862553143972e-01,9.847713708877563477e-01,5.570196846954245107e-02,-7.299469395777699599e-02,-2.334593472755187027e-01,-9.680215899102238009e-01,-6.444867849349975586e-01,-9.381908923387527466e-02,-1.555691361427307129e-01,1.510872483253479004e+00,-3.842815160751342773e-01,2.049126923084259033e-01,-6.244527101516723633e-01,-1.466568093746900558e-03,3.148221075534820557e-01,7.810940742492675781e-01,-2.286752462387084961e-01,1.904031038284301758e-01,-9.008160233497619629e-02,2.485267370939254761e-01,2.803907692432403564e-01,-1.305707264691591263e-02,-1.825174212455749512e+00,4.358011782169342041e-01,4.129795134067535400e-01,-4.740724563598632812e-01,2.379751391708850861e-02,-1.756954073905944824e+00,-2.991412878036499023e-01,0.000000000000000000e+00
3.218926099194139856e-01,-5.082478950353392921e-01,9.818396568298339844e-01,5.550394190179792214e-02,-7.796914030233291493e-02,-2.449864566389020892e-01,-9.647910455934965990e-01,-7.475087046623229980e-01,-8.631690591573715210e-02,-1.274125128984451294e-01,1.515387773513793945e+00,-4.089746177196502686e-01,2.399222999811172485e-01,-5.987821817398071289e-01,-1.844814047217369080e-02,2.817822694778442383e-01,8.102450966835021973e-01,-2.782799601554870605e-01,1.144504472613334656e-01,-3.652111627161502838e-03,3.029590249061584473e-01,2.485280632972717285e-01,-6.148984655737876892e-03,-1.799876213073730469e+00,5.053920149803161621e-01,3.557451963424682617e-01,-4.721386730670928955e-01,5.592681467533111572e-02,-1.768592715263366699e+00,-3.294168114662170410e-01,0.000000000000000000e+00
3.482739587649666957e-01,-4.949052865282472791e-01,9.858073592185974121e-01,5.764104623409613271e-02,-8.169803979197988453e-02,-2.633502162787860756e-01,-9.595048742289450372e-01,-8.154608011245727539e-01,-7.243793457746505737e-02,-9.217940270900726318e-02,1.432235240936279297e+00,-4.319163560867309570e-01,2.532858848571777344e-01,-5.277638435363769531e-01,-4.544206336140632629e-02,2.185301482677459717e-01,7.687940597534179688e-01,-2.969517111778259277e-01,1.220138967037200928e-01,7.955708354711532593e-02,3.594399988651275635e-01,2.597682774066925049e-01,-1.359082409180700779e-03,-1.852773189544677734e+00,5.269072055816650391e-01,3.124351203441619873e-01,-4.542171657085418701e-01,5.836294218897819519e-02,-1.843299865722656250e+00,-3.801300525665283203e-01,0.000000000000000000e+00
3.761521598803221345e-01,-4.764860224012765211e-01,9.968074560165405273e-01,5.925906837057785120e-02,-7.920985796107969656e-02,-2.866472918353834554e-01,-9.529152592445339076e-01,-8.186374306678771973e-01,-6.192719563841819763e-02,-4.921001940965652466e-02,1.260762929916381836e+00,-4.338436722755432129e-01,2.530731856822967529e-01,-4.071970283985137939e-01,-7.531958818435668945e-02,1.316462010145187378e-01,6.752182245254516602e-01,-2.694481611251831055e-01,1.072183176875114441e-01,1.508689522743225098e-01,4.400164484977722168e-01,2.966555356979370117e-01,1.635226793587207794e-02,-1.916880130767822266e+00,5.511256456375122070e-01,2.989880442619323730e-01,-4.527990520000457764e-01,1.954540237784385681e-02,-1.950313568115234375e+00,-3.815523982048034668e-01,0.000000000000000000e+00
4.025655685239930004e-01,-4.544058634025595622e-01,1.011391222476959229e+00,6.005242081379710134e-02,-7.289483529185233901e-02,-3.128115720261288590e-01,-9.451079145519406532e-01,-7.636043429374694824e-01,-7.204059511423110962e-02,-9.792677126824855804e-03,1.014016628265380859e+00,-4.273089766502380371e-01,2.228858321905136108e-01,-2.748636603355407715e-01,-9.832053631544113159e-02,3.656666725873947144e-02,5.738002657890319824e-01,-1.960867047309875488e-01,9.945337474346160889e-02,2.040978521108627319e-01,5.163217186927795410e-01,3.185112178325653076e-01,4.114633053541183472e-02,-1.956875562667846680e+00,5.794829726219177246e-01,2.966757714748382568e-01,-4.497585892677307129e-01,4.107638262212276459e-03,-2.039717912673950195e+00,-3.812045156955718994e-01,0.000000000000000000e+00
4.275436244655156370e-01,-4.300896097450070954e-01,1.026184141635894775e+00,6.197769676523850330e-02,-6.571284176130239019e-02,-3.421842034612578853e-01,-9.352810050636731765e-01,-6.635509133338928223e-01,-9.045638144016265869e-02,4.111363366246223450e-02,7.178744673728942871e-01,-4.092727303504943848e-01,1.611582040786743164e-01,-1.715544313192367554e-01,-1.018676012754440308e-01,-3.670765087008476257e-02,5.229439139366149902e-01,-5.780680477619171143e-02,1.074275746941566467e-01,2.325289100408554077e-01,5.749624967575073242e-01,3.252022564411163330e-01,7.448403537273406982e-02,-1.955483675003051758e+00,5.886751413345336914e-01,2.912093698978424072e-01,-4.435071349143981934e-01,-8.090768940746784210e-03,-2.091716289520263672e+00,-3.355885148048400879e-01,0.000000000000000000e+00
4.519144966261130492e-01,-4.055370176436010055e-01,1.037514448165893555e+00,6.533632440522611773e-02,-5.831953756677535350e-02,-3.718282675548495453e-01,-9.241610983472372531e-01,-5.588640570640563965e-01,-1.140985041856765747e-01,9.489993751049041748e-02,4.651835262775421143e-01,-3.484102487564086914e-01,1.109400913119316101e-01,-1.230971589684486389e-01,-9.888542443513870239e-02,-8.362634479999542236e-02,5.535209774971008301e-01,7.737863808870315552e-02,1.175874695181846619e-01,2.432295680046081543e-01,6.055210828781127930e-01,3.424169719219207764e-01,9.023471921682357788e-02,-1.931628823280334473e+00,5.694265365600585938e-01,2.893741428852081299e-01,-4.413261413574218750e-01,-1.247284933924674988e-02,-2.113341808319091797e+00,-2.937697172164916992e-01,0.000000000000000000e+00
4.735113870896476285e-01,-3.806807638569790209e-01,1.041721582412719727e+00,6.434703294505192406e-02,-5.293295203540720334e-02,-4.021190500110515265e-01,-9.117882602656141033e-01,-4.910197556018829346e-01,-1.347040981054306030e-01,1.500330865383148193e-01,3.842647075653076172e-01,-2.902620434761047363e-01,1.581801176071166992e-01,-1.442337185144424438e-01,-1.129670664668083191e-01,-9.412860125303268433e-02,6.909896135330200195e-01,1.808421015739440918e-01,1.365373730659484863e-01,2.347267866134643555e-01,6.125223040580749512e-01,3.492627143859863281e-01,8.843261748552322388e-02,-1.898295879364013672e+00,5.240916013717651367e-01,2.935317158699035645e-01,-4.383518993854522705e-01,-2.164502628147602081e-03,-2.094590902328491211e+00,-3.405301272869110107e-01,0.000000000000000000e+00
4.959689541771186705e-01,-3.559850036115431715e-01,1.035661041736602783e+00,6.424160820519621284e-02,-4.534922254400276798e-02,-4.316793951993511125e-01,-8.985929910422110201e-01,-4.402858018875122070e-01,-1.454833894968032837e-01,1.360490918159484863e-01,4.131863713264465332e-01,-3.064189553260803223e-01,1.897242367267608643e-01,-1.961561441421508789e-01,-1.124217584729194641e-01,-6.047076359391212463e-02,8.699207305908203125e-01,2.163434922695159912e-01,1.732208430767059326e-01,2.153720855712890625e-01,6.015316843986511230e-01,3.484436273574829102e-01,8.352327346801757812e-02,-1.864275336265563965e+00,4.765016734600067139e-01,3.068248033523559570e-01,-4.397288262844085693e-01,3.664966905489563942e-03,-2.056789875030517578e+00,-3.524698317050933838e-01,0.000000000000000000e+00
5.194747175162979236e-01,-3.330230533188953679e-01,1.021947562694549561e+00,6.831033717678457184e-02,-3.567519485132217977e-02,-4.624252389166729205e-01,-8.833028227736918758e-01,-4.261128604412078857e-01,-1.520664989948272705e-01,3.740711882710456848e-02,5.044056773185729980e-01,-4.086988270282745361e-01,1.855994164943695068e-01,-2.573858201503753662e-01,-1.219893991947174072e-01,-4.288422688841819763e-02,1.039628028869628906e+00,1.421926170587539673e-01,1.492973268032073975e-01,1.856037974357604980e-01,5.737141370773315430e-01,3.565853834152221680e-01,6.980333477258682251e-02,-1.838926911354064941e+00,4.730225801467895508e-01,3.242042958736419678e-01,-4.424173235893249512e-01,8.938196115195751190e-03,-1.999974846839904785e+00,-3.348509669303894043e-01,0.000000000000000000e+00
5.364363922897608106e-01,-3.132743444748228301e-01,1.005336523056030273e+00,7.609132957794206842e-02,-3.808283570180057143e-02,-4.873945463099749742e-01,-8.690261005374144698e-01,-4.637512564659118652e-01,-1.653773188591003418e-01,-3.693711385130882263e-02,6.266260743141174316e-01,-5.059262514114379883e-01,1.895530670881271362e-01,-3.874730169773101807e-01,-1.460934728384017944e-01,1.062388624995946884e-02,1.197004914283752441e+00,4.926101863384246826e-02,9.028942883014678955e-02,1.509646624326705933e-01,5.029206871986389160e-01,3.376593589782714844e-01,5.178147554397583008e-02,-1.812235832214355469e+00,4.378544688224792480e-01,3.212255239486694336e-01,-4.457794129848480225e-01,2.086330018937587738e-02,-1.903314352035522461e+00,-3.312529623508453369e-01,0.000000000000000000e+00
5.568832630596863842e-01,-2.952390700590918904e-01,1.000103652477264404e+00,8.828801940390172687e-02,-3.684731539576047848e-02,-5.178446304838340009e-01,-8.501084869926442966e-01,-4.673789739608764648e-01,-1.524610817432403564e-01,-8.534304797649383545e-02,6.901478171348571777e-01,-5.475462079048156738e-01,1.549320966005325317e-01,-4.993508458137512207e-01,-1.293041855096817017e-01,4.969024285674095154e-02,1.251042246818542480e+00,1.061789691448211670e-02,6.933181732892990112e-02,9.386416524648666382e-02,4.162498712539672852e-01,3.297206759452819824e-01,4.277462139725685120e-02,-1.788470864295959473e+00,4.685916602611541748e-01,3.220310211181640625e-01,-3.907179534435272217e-01,3.896070644259452820e-02,-1.760467171669006348e+00,-2.991023659706115723e-01,0.000000000000000000e+00
5.732655909797496063e-01,-2.730029167619238417e-01,9.991799592971801758e-01,9.506317498833471991e-02,-4.301411721267302951e-02,-5.546340715309996394e-01,-8.255263927812954705e-01,-4.466384351253509521e-01,-1.698125153779983521e-01,-1.566357910633087158e-01,7.024583220481872559e-01,-5.631289482116699219e-01,1.493920087814331055e-01,-6.085621714591979980e-01,-1.224779486656188965e-01,8.722172677516937256e-02,1.235260009765625000e+00,-3.522781655192375183e-02,8.285275101661682129e-02,1.713745296001434326e-02,3.090725243091583252e-01,3.228107988834381104e-01,1.207984238862991333e-02,-1.834364891052246094e+00,5.159643292427062988e-01,3.453816473484039307e-01,-3.691849410533905029e-01,2.681966871023178101e-02,-1.705568552017211914e+00,-3.178512752056121826e-01,0.000000000000000000e+00
5.892491552605905181e-01,-2.461733468618580445e-01,1.005126416683197021e+00,9.950917148539488444e-02,-4.799804695434679858e-02,-5.970291301838992482e-01,-7.945755659411604110e-01,-3.840228021144866943e-01,-1.734784990549087524e-01,-2.254761457443237305e-01,6.442612409591674805e-01,-5.407766103744506836e-01,1.000857651233673096e-01,-6.713416576385498047e-01,-1.220258027315139771e-01,1.002992391586303711e-01,1.135975837707519531e+00,-5.701472237706184387e-02,1.002031713724136353e-01,-7.650493830442428589e-02,2.063329964876174927e-01,3.430179953575134277e-01,-6.615579593926668167e-03,-1.945311903953552246e+00,5.077734589576721191e-01,3.974665403366088867e-01,-3.678637742996215820e-01,1.225250959396362305e-02,-1.755197644233703613e+00,-3.993819355964660645e-01,0.000000000000000000e+00
6.008907747316217796e-01,-2.140641233514503361e-01,1.014680802822113037e+00,9.544590074299573457e-02,-5.265009120297495238e-02,-6.361464182829121849e-01,-7.638296815609477708e-01,-2.843300700187683105e-01,-1.834847033023834229e-01,-3.006071448326110840e-01,5.484213232994079590e-01,-4.873566031455993652e-01,8.547415584325790405e-02,-6.989610791206359863e-01,-1.616503596305847168e-01,8.778839558362960815e-02,9.902905225753784180e-01,-9.994122385978698730e-02,1.107793673872947693e-01,-1.729216724634170532e-01,1.407128125429153442e-01,3.509767055511474609e-01,8.942577987909317017e-03,-2.052354097366333008e+00,5.076449513435363770e-01,4.573763906955718994e-01,-3.839815855026245117e-01,2.420693403109908104e-03,-1.821941256523132324e+00,-4.617620706558227539e-01,0.000000000000000000e+00
6.152641981891341372e-01,-1.796926525697692401e-01,1.029358208179473877e+00,9.001973540677640773e-02,-4.662386123213133754e-02,-6.711085896770531134e-01,-7.343949371167926010e-01,-1.625747680664062500e-01,-1.477394104003906250e-01,-3.205116093158721924e-01,4.443871378898620605e-01,-3.804143667221069336e-01,3.085983172059059143e-02,-6.573907136917114258e-01,-1.692247241735458374e-01,6.428200751543045044e-02,7.855730056762695312e-01,-1.212072744965553284e-01,1.083939522504806519e-01,-2.588683068752288818e-01,1.250084191560745239e-01,3.663581609725952148e-01,4.051057621836662292e-02,-2.140676975250244141e+00,5.306376218795776367e-01,5.286440849304199219e-01,-3.950106501579284668e-01,-1.731158234179019928e-02,-1.886513471603393555e+00,-4.816882610321044922e-01,0.000000000000000000e+00
6.280162676837839353e-01,-1.449130394562090085e-01,1.043335020542144775e+00,8.650096914736943310e-02,-4.174519125825232324e-02,-6.983855388173351164e-01,-7.092478836867955883e-01,-8.693346381187438965e-02,-1.078426241874694824e-01,-2.880601882934570312e-01,4.135147929191589355e-01,-2.874781191349029541e-01,-1.347880251705646515e-02,-6.107065677642822266e-01,-1.515306830406188965e-01,8.588916808366775513e-02,5.768963098526000977e-01,-1.070794016122817993e-01,1.177582740783691406e-01,-3.102376759052276611e-01,1.143901795148849487e-01,3.712080121040344238e-01,7.057400047779083252e-02,-2.193409681320190430e+00,5.358408093452453613e-01,5.746591091156005859e-01,-3.995612263679504395e-01,-1.682563126087188721e-02,-1.911403417587280273e+00,-4.878010153770446777e-01,0.000000000000000000e+00
6.396641829203399965e-01,-1.095549404234521518e-01,1.052837729454040527e+00,8.461976096672453596e-02,-3.465844647396761069e-02,-7.143703889565065079e-01,-6.937674217805813726e-01,-4.883525520563125610e-02,-6.710572540760040283e-02,-2.142464965581893921e-01,4.534108638763427734e-01,-2.214981317520141602e-01,-4.459674656391143799e-02,-5.633694529533386230e-01,-1.098838821053504944e-01,1.544634550809860229e-01,4.006017446517944336e-01,-8.403242379426956177e-02,1.479025334119796753e-01,-3.131899833679199219e-01,1.201465651392936707e-01,3.719248771667480469e-01,1.060547828674316406e-01,-2.193668842315673828e+00,5.267222523689270020e-01,5.952789783477783203e-01,-3.885704874992370605e-01,-1.668001338839530945e-02,-1.907538175582885742e+00,-4.814456701278686523e-01,0.000000000000000000e+00
6.507739426524900006e-01,-7.509710532552844875e-02,1.054282367229461670e+00,7.797328666664496422e-02,-2.758662606776833212e-02,-7.244932530807186577e-01,-6.843015935018098572e-01,-7.549940049648284912e-02,-5.398713797330856323e-02,-1.664723604917526245e-01,6.156649589538574219e-01,-1.946071684360504150e-01,-2.585692144930362701e-02,-5.253134369850158691e-01,-7.233927398920059204e-02,2.645228505134582520e-01,3.221304714679718018e-01,-5.636551603674888611e-02,1.786341071128845215e-01,-2.902796864509582520e-01,1.581869572401046753e-01,3.533959388732910156e-01,1.037489548325538635e-01,-2.173974275588989258e+00,4.801717102527618408e-01,5.957809686660766602e-01,-3.608016669750213623e-01,4.079629201442003250e-03,-1.891648411750793457e+00,-4.386647641658782959e-01,0.000000000000000000e+00
6.614145999404686949e-01,-4.178283573365057513e-02,1.044393122196197510e+00,6.667709221874225378e-02,-2.555228820194507117e-02,-7.343254352302945875e-01,-6.750314075024483884e-01,-1.678433269262313843e-01,-5.987783521413803101e-02,-1.450438797473907471e-01,8.781426548957824707e-01,-1.986768990755081177e-01,4.311633855104446411e-02,-4.943194687366485596e-01,-4.664827883243560791e-02,3.534549474716186523e-01,3.502283990383148193e-01,2.037009596824645996e-02,1.922829300165176392e-01,-2.575184702873229980e-01,1.937405019998550415e-01,3.320065140724182129e-01,1.001787781715393066e-01,-2.117995738983154297e+00,4.837033152580261230e-01,5.754724740982055664e-01,-3.710859119892120361e-01,1.313570979982614517e-02,-1.870031237602233887e+00,-4.287492036819458008e-01,0.000000000000000000e+00
6.711886348224427312e-01,-1.160896883884702732e-02,1.026862621307373047e+00,5.904285680810540671e-02,-2.393052333764108391e-02,-7.437381131914460042e-01,-6.654283508381290124e-01,-2.755391895771026611e-01,-5.074889585375785828e-02,-1.320459842681884766e-01,1.127635121345520020e+00,-2.522894442081451416e-01,9.706791490316390991e-02,-5.079655647277832031e-01,-4.273175820708274841e-02,3.267126977443695068e-01,4.906835854053497314e-01,-4.316616058349609375e-02,1.513082385063171387e-01,-2.111127525568008423e-01,2.284984737634658813e-01,3.329867422580718994e-01,8.045548945665359497e-02,-2.071497917175292969e+00,4.928028583526611328e-01,5.480003356933593750e-01,-3.982166647911071777e-01,1.186105329543352127e-02,-1.845091938972473145e+00,-4.309053421020507812e-01,0.000000000000000000e+00
6.787484917327482048e-01,1.454536901922142550e-02,1.008341610431671143e+00,5.946844564809380951e-02,-2.760260427952411499e-02,-7.513291244775830435e-01,-6.566628868155534038e-01,-4.045345485210418701e-01,-3.043876960873603821e-02,-1.070754751563072205e-01,1.317850112915039062e+00,-3.435587882995605469e-01,1.516558974981307983e-01,-5.479143261909484863e-01,-3.229440376162528992e-02,3.048328757286071777e-01,6.422331333160400391e-01,-1.678340286016464233e-01,1.499732285737991333e-01,-1.496242880821228027e-01,2.477073967456817627e-01,3.420285880565643311e-01,4.892995953559875488e-02,-2.008180856704711914e+00,4.324003756046295166e-01,4.997415840625762939e-01,-4.224588572978973389e-01,1.306595932692289352e-02,-1.803780317306518555e+00,-4.179948568344116211e-01,0.000000000000000000e+00
6.821457073965664364e-01,3.947207823289381606e-02,9.947313666343688965e-01,6.571287030145112062e-02,-3.807465555145203573e-02,-7.599104202647690709e-01,-6.455759385652511950e-01,-5.632177591323852539e-01,-3.413251787424087524e-02,-9.602024406194686890e-02,1.449469089508056641e+00,-3.833506703376770020e-01,2.152260541915893555e-01,-5.822246670722961426e-01,-4.207401350140571594e-02,2.594556510448455811e-01,7.458876371383666992e-01,-2.485947608947753906e-01,1.798449903726577759e-01,-8.948738127946853638e-02,2.506571710109710693e-01,3.278763592243194580e-01,2.695520035922527313e-02,-1.910655021667480469e+00,4.474578201770782471e-01,4.138393104076385498e-01,-4.598020017147064209e-01,3.608871251344680786e-02,-1.747177004814147949e+00,-3.813202679157257080e-01,0.000000000000000000e+00
6.835403957176934275e-01,6.752245138664890456e-02,9.909514188766479492e-01,6.717513212486493634e-02,-4.442419715561636562e-02,-7.672169863970289549e-01,-6.363113138354110632e-01,-6.769234538078308105e-01,-4.729032143950462341e-02,-7.775032520294189453e-02,1.478517651557922363e+00,-4.090944528579711914e-01,2.564680874347686768e-01,-5.576745271682739258e-01,-5.770586058497428894e-02,2.302440553903579712e-01,7.742072939872741699e-01,-2.930939495563507080e-01,1.326216906309127808e-01,-2.164533734321594238e-02,2.843713164329528809e-01,3.171776831150054932e-01,-6.049134768545627594e-03,-1.854131698608398438e+00,4.867912530899047852e-01,3.458216488361358643e-01,-4.777331352233886719e-01,4.938464611768722534e-02,-1.746261239051818848e+00,-3.603833913803100586e-01,0.000000000000000000e+00
6.852015145755904202e-01,9.912386836904266141e-02,9.971194863319396973e-01,6.894800599303579913e-02,-4.029058385256027025e-02,-7.714453885609735551e-01,-6.312644879845631385e-01,-7.262971401214599609e-01,-3.316401690244674683e-02,-4.449883103370666504e-02,1.399166584014892578e+00,-4.387037754058837891e-01,2.427026331424713135e-01,-4.728586673736572266e-01,-5.591611564159393311e-02,1.833964437246322632e-01,7.262308001518249512e-01,-3.072514235973358154e-01,1.210464909672737122e-01,5.913814902305603027e-02,3.403426408767700195e-01,3.499006927013397217e-01,-7.868874818086624146e-03,-1.881961703300476074e+00,4.726026952266693115e-01,2.951692640781402588e-01,-4.692778587341308594e-01,5.462003126740455627e-02,-1.823398709297180176e+00,-3.216466307640075684e-01,0.000000000000000000e+00
6.794732818707004407e-01,1.300148262894251783e-01,1.006813585758209229e+00,6.751152676284559451e-02,-3.876267093244797207e-02,-7.746376857056825882e-01,-6.275954947104677162e-01,-7.424666285514831543e-01,-3.912061452865600586e-02,-3.141806228086352348e-03,1.253928184509277344e+00,-4.456410408020019531e-01,2.507714629173278809e-01,-3.713580965995788574e-01,-7.168456166982650757e-02,1.375028043985366821e-01,6.421658396720886230e-01,-2.774505913257598877e-01,1.160108447074890137e-01,1.398534178733825684e-01,4.046439230442047119e-01,3.791251480579376221e-01,5.668746307492256165e-03,-1.916992425918579102e+00,4.912248253822326660e-01,2.557623386383056641e-01,-4.493959248065948486e-01,-6.065614987164735794e-03,-1.907294988632202148e+00,-3.159856796264648438e-01,0.000000000000000000e+00
6.678829504563328356e-01,1.624243601462249109e-01,1.017929255962371826e+00,6.400398159364953377e-02,-4.212153571357416665e-02,-7.820796171815472819e-01,-6.184502720174472890e-01,-7.143080830574035645e-01,-9.063813090324401855e-02,-3.064964548684656620e-04,1.026178717613220215e+00,-4.538189470767974854e-01,2.483555823564529419e-01,-2.715041041374206543e-01,-1.044614613056182861e-01,7.482554763555526733e-02,5.636547803878784180e-01,-2.166134566068649292e-01,1.272584795951843262e-01,1.933197379112243652e-01,4.636318981647491455e-01,3.736625909805297852e-01,1.795669086277484894e-02,-1.936834335327148438e+00,5.527641177177429199e-01,2.284969389438629150e-01,-4.491172134876251221e-01,-1.900856941938400269e-02,-1.999755263328552246e+00,-3.491156697273254395e-01,0.000000000000000000e+00
6.590216023396833211e-01,1.949883773237459927e-01,1.033825993537902832e+00,5.826085559958189830e-02,-3.518559406444025928e-02,-7.918324934946737725e-01,-6.069340564848413333e-01,-6.319264173507690430e-01,-8.600021153688430786e-02,7.651115953922271729e-02,7.529777884483337402e-01,-4.079206287860870361e-01,1.721660643815994263e-01,-1.658477187156677246e-01,-1.107921823859214783e-01,5.695770028978586197e-03,5.070233941078186035e-01,-9.271010756492614746e-02,1.235808134078979492e-01,2.306798100471496582e-01,5.307077765464782715e-01,3.693466186523437500e-01,4.667454585433006287e-02,-1.942008256912231445e+00,5.435975193977355957e-01,2.263730466365814209e-01,-4.301417171955108643e-01,-4.466228559613227844e-02,-2.063245058059692383e+00,-3.248592913150787354e-01,0.000000000000000000e+00
6.473975325310550311e-01,2.281460637264203506e-01,1.045040309429168701e+00,5.663997933827445014e-02,-3.093132551585530549e-02,-8.043739847812403365e-01,-5.906078719840610614e-01,-5.496845245361328125e-01,-1.132116913795471191e-01,1.013340353965759277e-01,4.991525411605834961e-01,-3.822258412837982178e-01,1.252806633710861206e-01,-1.083498597145080566e-01,-1.132860034704208374e-01,-4.100058227777481079e-02,5.147176980972290039e-01,2.695086225867271423e-02,1.370452195405960083e-01,2.412606924772262573e-01,5.699182748794555664e-01,3.717492818832397461e-01,6.864473968744277954e-02,-1.929410696029663086e+00,5.323472023010253906e-01,2.284746319055557251e-01,-4.211562275886535645e-01,-5.641265213489532471e-02,-2.091109514236450195e+00,-2.927420139312744141e-01,0.000000000000000000e+00
6.370065473083120766e-01,2.605275646403983902e-01,1.050612330436706543e+00,5.520600234222765995e-02,-2.560352813319389034e-02,-8.164183561619986484e-01,-5.742454391410197756e-01,-4.847860932350158691e-01,-1.310390979051589966e-01,1.141495332121849060e-01,3.342702686786651611e-01,-3.346059918403625488e-01,1.085010915994644165e-01,-1.121197342872619629e-01,-1.149006336927413940e-01,-6.301176548004150391e-02,6.190190315246582031e-01,1.225721612572669983e-01,1.507556587457656860e-01,2.379890680313110352e-01,5.835060477256774902e-01,3.740648329257965088e-01,7.805512100458145142e-02,-1.905515909194946289e+00,5.017617940902709961e-01,2.414370924234390259e-01,-4.088651835918426514e-01,-4.890867322683334351e-02,-2.077898263931274414e+00,-3.012050390243530273e-01,0.000000000000000000e+00
6.257754856938108068e-01,2.922502294053863081e-01,1.047468960285186768e+00,4.929436037932746068e-02,-1.802272888016424532e-02,-8.285161073527728126e-01,-5.575000512426108168e-01,-4.368897378444671631e-01,-1.469036042690277100e-01,9.981895983219146729e-02,2.949505448341369629e-01,-2.395586520433425903e-01,1.267766207456588745e-01,-1.544731408357620239e-01,-1.116605699062347412e-01,-3.656914457678794861e-02,7.896016836166381836e-01,1.908672600984573364e-01,1.659519076347351074e-01,2.192901223897933960e-01,5.847404003143310547e-01,3.541974723339080811e-01,7.229235023260116577e-02,-1.871840953826904297e+00,4.924278855323791504e-01,2.591992020606994629e-01,-3.914295434951782227e-01,-2.415300346910953522e-02,-2.038977146148681641e+00,-3.322977423667907715e-01,0.000000000000000000e+00
6.150803043939836456e-01,3.229830901405442711e-01,1.035259187221527100e+00,4.143288350198871817e-02,-7.588221532429850237e-03,-8.396958113203089047e-01,-5.414209817783327550e-01,-4.082164764404296875e-01,-1.559977233409881592e-01,4.575277492403984070e-02,3.676062822341918945e-01,-2.607575356960296631e-01,1.565456688404083252e-01,-2.124189287424087524e-01,-1.147193610668182373e-01,-8.427596651017665863e-03,9.800209403038024902e-01,1.821723431348800659e-01,1.616672128438949585e-01,1.944647729396820068e-01,5.725808739662170410e-01,3.520967364311218262e-01,5.881712213158607483e-02,-1.845427155494689941e+00,4.669881463050842285e-01,2.867496013641357422e-01,-3.722038269042968750e-01,-7.022134959697723389e-03,-1.969997763633728027e+00,-3.259901702404022217e-01,0.000000000000000000e+00
6.049340265869268540e-01,3.508102866045469947e-01,1.018365204334259033e+00,3.944745385687007527e-02,-2.929743333671581962e-04,-8.510798768762797284e-01,-5.235521518688532883e-01,-4.232923090457916260e-01,-1.638502478599548340e-01,-2.111511863768100739e-02,4.968493580818176270e-01,-3.869515061378479004e-01,1.790890991687774658e-01,-2.979396283626556396e-01,-1.297138780355453491e-01,1.888293959200382233e-02,1.146643161773681641e+00,9.379810839891433716e-02,1.302242577075958252e-01,1.572614312171936035e-01,5.327419042587280273e-01,3.353338539600372314e-01,3.370347991585731506e-02,-1.810931086540222168e+00,4.696416854858398438e-01,3.105478584766387939e-01,-3.862011134624481201e-01,2.972893230617046356e-02,-1.884807229042053223e+00,-3.088788986206054688e-01,0.000000000000000000e+00
5.956696283907294553e-01,3.743965486867673609e-01,1.006494164466857910e+00,4.486456942028049788e-02,1.045167830180465879e-03,-8.674913873402330111e-01,-4.954238295898346078e-01,-4.604354202747344971e-01,-1.814185082912445068e-01,-6.883540004491806030e-02,6.234636306762695312e-01,-4.460544884204864502e-01,1.552022695541381836e-01,-4.111572206020355225e-01,-1.467639505863189697e-01,3.826145082712173462e-02,1.254827022552490234e+00,2.084420062601566315e-02,1.231820955872535706e-01,9.385398775339126587e-02,4.487424790859222412e-01,3.155606091022491455e-01,1.218899991363286972e-02,-1.774867177009582520e+00,4.840206503868103027e-01,3.179797828197479248e-01,-3.689939379692077637e-01,4.021057486534118652e-02,-1.770753860473632812e+00,-2.454378455877304077e-01,0.000000000000000000e+00
5.862747994451243949e-01,3.972713751947578587e-01,9.971981048583984375e-01,5.372550361428424931e-02,-2.997962910804896630e-03,-8.792619023585034332e-01,-4.732896465597811186e-01,-4.954136610031127930e-01,-2.096386253833770752e-01,-1.283454895019531250e-01,7.254798412322998047e-01,-5.059254765510559082e-01,1.993799060583114624e-01,-5.569911003112792969e-01,-1.375381052494049072e-01,1.074244454503059387e-01,1.313621520996093750e+00,-2.793129719793796539e-02,1.300600320100784302e-01,4.260714352130889893e-02,3.351952433586120605e-01,2.994070351123809814e-01,-1.877996325492858887e-02,-1.786021709442138672e+00,4.722840487957000732e-01,3.221829831600189209e-01,-3.625770509243011475e-01,3.497304394841194153e-02,-1.690987467765808105e+00,-2.577569186687469482e-01,0.000000000000000000e+00
5.763345940463405759e-01,4.270166699376465314e-01,9.959122538566589355e-01,6.630635124307154848e-02,6.177123845610778957e-03,-8.965158268001454100e-01,-4.379779483292258746e-01,-4.785534143447875977e-01,-1.737270653247833252e-01,-1.329931914806365967e-01,7.519930005073547363e-01,-5.356624722480773926e-01,1.055949181318283081e-01,-6.333839297294616699e-01,-1.209282651543617249e-01,9.051987528800964355e-02,1.260632872581481934e+00,-5.260090157389640808e-02,1.546736359596252441e-01,-3.399517014622688293e-02,2.342796921730041504e-01,3.364011049270629883e-01,-3.230696916580200195e-02,-1.865444898605346680e+00,4.985063076019287109e-01,3.423153460025787354e-01,-3.359871804714202881e-01,4.220223799347877502e-02,-1.688839912414550781e+00,-3.326604068279266357e-01,0.000000000000000000e+00
5.618108678320501426e-01,4.516384347139815736e-01,1.003683567047119141e+00,6.795057009747898502e-02,6.466562123071066710e-03,-9.110138937578462492e-01,-4.066873356497640035e-01,-4.070420563220977783e-01,-1.775305420160293579e-01,-1.831496059894561768e-01,6.920048594474792480e-01,-5.098666548728942871e-01,6.442609429359436035e-02,-6.772531270980834961e-01,-1.244387552142143250e-01,9.941823780536651611e-02,1.133426904678344727e+00,-7.444543391466140747e-02,1.363780200481414795e-01,-1.088717356324195862e-01,1.623979806900024414e-01,3.515456914901733398e-01,-2.472053468227386475e-02,-1.963885068893432617e+00,4.998596012592315674e-01,3.849344253540039062e-01,-3.446065783500671387e-01,3.487782552838325500e-02,-1.733521699905395508e+00,-3.669402301311492920e-01,0.000000000000000000e+00
5.445197954517209116e-01,4.768862110331071325e-01,1.016545653343200684e+00,6.424120763311219617e-02,6.137316137459861501e-03,-9.270540231285979704e-01,-3.693321523961179409e-01,-3.013566434383392334e-01,-1.762011945247650146e-01,-2.383382618427276611e-01,5.907157659530639648e-01,-4.596922397613525391e-01,3.797953948378562927e-02,-6.631171703338623047e-01,-1.368302255868911743e-01,8.600895106792449951e-02,9.404188990592956543e-01,-1.004023179411888123e-01,1.373910009860992432e-01,-1.998159289360046387e-01,1.280859708786010742e-01,3.646450638771057129e-01,2.075151540338993073e-03,-2.063533306121826172e+00,5.063827037811279297e-01,4.439032375812530518e-01,-3.693255484104156494e-01,2.245684154331684113e-02,-1.795006632804870605e+00,-4.011530280113220215e-01,0.000000000000000000e+00
