-1.048643421381711960e-02,8.007431775331497192e-02,8.012430667877197266e-01,-2.040516398847103119e-02,-2.318787015974521637e-02,-7.237164974212646484e-01,6.894058585166931152e-01,-1.906366646289825439e-01,6.421968340873718262e-02,-3.008432919159531593e-03,6.480343937873840332e-01,-5.694049000740051270e-01,5.359460785984992981e-02,-1.452908515930175781e-01,-1.076641455292701721e-01,-1.400552242994308472e-01,5.897202491760253906e-01,-5.517641305923461914e-01,7.078261580318212509e-03,4.212315008044242859e-02,-2.090642750263214111e-01,1.258939743041992188e+00,-1.656932532787322998e-01,2.141601964831352234e-02,3.569571673870086670e-02,-1.093504950404167175e-01,-1.181232810020446777e+00,4.666891694068908691e-02,-5.431039258837699890e-02,7.199063152074813843e-02,0.000000000000000000e+00
-1.060321275144815445e-02,8.002600073814392090e-02,8.006275296211242676e-01,-1.901083998382091522e-02,-2.094389684498310089e-02,-7.240096926689147949e-01,6.892096400260925293e-01,-2.016825824975967407e-01,6.595420837402343750e-02,-5.404418334364891052e-03,6.577524542808532715e-01,-5.745367407798767090e-01,5.184412375092506409e-02,-1.563249826431274414e-01,-1.063005626201629639e-01,-1.358104348182678223e-01,5.981965065002441406e-01,-5.553358793258666992e-01,6.564657669514417648e-03,4.406899213790893555e-02,-2.192659825086593628e-01,1.259832978248596191e+00,-1.757465153932571411e-01,2.228232845664024353e-02,4.382050409913063049e-02,-1.186023876070976257e-01,-1.181177735328674316e+00,5.012229830026626587e-02,-5.285893008112907410e-02,7.124381512403488159e-02,0.000000000000000000e+00
-1.075272820889949799e-02,8.000583946704864502e-02,8.006550669670104980e-01,-1.887727156281471252e-02,-2.105344459414482117e-02,-7.239278554916381836e-01,6.892958879470825195e-01,-2.013138234615325928e-01,6.574710458517074585e-02,-5.476167891174554825e-03,6.568750739097595215e-01,-5.742593407630920410e-01,5.139097198843955994e-02,-1.561409831047058105e-01,-1.065091639757156372e-01,-1.360097974538803101e-01,5.978652238845825195e-01,-5.555146336555480957e-01,6.368052680045366287e-03,4.478142783045768738e-02,-2.192672640085220337e-01,1.257153987884521484e+00,-1.756529062986373901e-01,2.243432216346263885e-02,4.550447314977645874e-02,-1.204680800437927246e-01,-1.182601094245910645e+00,4.961391165852546692e-02,-5.420548841357231140e-02,7.159275561571121216e-02,0.000000000000000000e+00
-1.097004581242799759e-02,8.006805181503295898e-02,8.006479740142822266e-01,-1.886568218469619751e-02,-2.126725018024444580e-02,-7.238755822181701660e-01,6.893445849418640137e-01,-2.010416686534881592e-01,6.566231697797775269e-02,-5.606681574136018753e-03,6.567142605781555176e-01,-5.739538669586181641e-01,5.122607201337814331e-02,-1.558394283056259155e-01,-1.065687611699104309e-01,-1.361004412174224854e-01,5.978290438652038574e-01,-5.558088421821594238e-01,6.172300782054662704e-03,4.567106813192367554e-02,-2.189369350671768188e-01,1.253360152244567871e+00,-1.743653714656829834e-01,2.325928956270217896e-02,4.605098441243171692e-02,-1.216436624526977539e-01,-1.183183431625366211e+00,4.846799746155738831e-02,-5.515261366963386536e-02,7.087457925081253052e-02,0.000000000000000000e+00
-1.124630123376846313e-02,8.011531084775924683e-02,8.006338477134704590e-01,-1.890332438051700592e-02,-2.137478254735469818e-02,-7.237537503242492676e-01,6.894680857658386230e-01,-2.010588198900222778e-01,6.586833298206329346e-02,-6.025790236890316010e-03,6.568465828895568848e-01,-5.738123059272766113e-01,5.102811008691787720e-02,-1.554936319589614868e-01,-1.063324064016342163e-01,-1.364505589008331299e-01,5.977375507354736328e-01,-5.560621023178100586e-01,5.918595474213361740e-03,4.644071310758590698e-02,-2.172018438577651978e-01,1.249432444572448730e+00,-1.742571145296096802e-01,2.323567494750022888e-02,4.590576514601707458e-02,-1.216528564691543579e-01,-1.182643175125122070e+00,4.909492284059524536e-02,-5.580007284879684448e-02,7.013477385044097900e-02,0.000000000000000000e+00
-1.161896996200084686e-02,8.013127744197845459e-02,8.006062507629394531e-01,-1.904359459877014160e-02,-2.138948440551757812e-02,-7.234633564949035645e-01,6.897685527801513672e-01,-2.012187540531158447e-01,6.637065112590789795e-02,-7.048119790852069855e-03,6.571328639984130859e-01,-5.738270878791809082e-01,5.072363466024398804e-02,-1.547933816909790039e-01,-1.057490110397338867e-01,-1.374141275882720947e-01,5.974628925323486328e-01,-5.563428997993469238e-01,5.511000286787748337e-03,4.663398489356040955e-02,-2.156501710414886475e-01,1.246230363845825195e+00,-1.735202968120574951e-01,2.322424761950969696e-02,4.631423205137252808e-02,-1.215498596429824829e-01,-1.181794166564941406e+00,4.855060204863548279e-02,-5.561872571706771851e-02,6.964290142059326172e-02,0.000000000000000000e+00
-1.206516567617654800e-02,8.013682067394256592e-02,8.005555272102355957e-01,-1.923162117600440979e-02,-2.137706242501735687e-02,-7.230851054191589355e-01,6.901602149009704590e-01,-2.015166878700256348e-01,6.702782958745956421e-02,-8.351563476026058197e-03,6.576533317565917969e-01,-5.739595293998718262e-01,5.034105479717254639e-02,-1.539511233568191528e-01,-1.050056666135787964e-01,-1.387182027101516724e-01,5.971907973289489746e-01,-5.566962361335754395e-01,5.157545674592256546e-03,4.657173529267311096e-02,-2.146026045083999634e-01,1.243623137474060059e+00,-1.729954928159713745e-01,2.330676466226577759e-02,4.709393158555030823e-02,-1.209271624684333801e-01,-1.180755615234375000e+00,4.999584704637527466e-02,-5.561914667487144470e-02,7.020295411348342896e-02,0.000000000000000000e+00
-1.256681047379970551e-02,8.015976846218109131e-02,8.004944920539855957e-01,-1.939784735441207886e-02,-2.130025066435337067e-02,-7.226949334144592285e-01,6.905664801597595215e-01,-2.021431922912597656e-01,6.781352311372756958e-02,-9.814428165555000305e-03,6.584449410438537598e-01,-5.741348266601562500e-01,4.989429935812950134e-02,-1.533384323120117188e-01,-1.041260063648223877e-01,-1.400216817855834961e-01,5.970916748046875000e-01,-5.570303201675415039e-01,4.753789864480495453e-03,4.639752209186553955e-02,-2.133698910474777222e-01,1.241878151893615723e+00,-1.730966418981552124e-01,2.320549637079238892e-02,4.819170758128166199e-02,-1.197725012898445129e-01,-1.180168271064758301e+00,5.377711728215217590e-02,-5.563499778509140015e-02,7.128980755805969238e-02,0.000000000000000000e+00
-1.310425158590078354e-02,8.016368746757507324e-02,8.004462718963623047e-01,-1.960398443043231964e-02,-2.121814899146556854e-02,-7.223628163337707520e-01,6.909105777740478516e-01,-2.026831358671188354e-01,6.877062469720840454e-02,-1.112362090498209000e-02,6.592928171157836914e-01,-5.743483304977416992e-01,4.939163103699684143e-02,-1.526016294956207275e-01,-1.030851453542709351e-01,-1.412146091461181641e-01,5.968277454376220703e-01,-5.572749376296997070e-01,4.363585263490676880e-03,4.606938362121582031e-02,-2.127623856067657471e-01,1.241774439811706543e+00,-1.732614934444427490e-01,2.346770651638507843e-02,4.840954020619392395e-02,-1.197779551148414612e-01,-1.180989861488342285e+00,5.564158409833908081e-02,-5.554864183068275452e-02,7.261657714843750000e-02,0.000000000000000000e+00
-1.365027017891407013e-02,8.011887967586517334e-02,8.004084825515747070e-01,-1.991328410804271698e-02,-2.122201025485992432e-02,-7.221106290817260742e-01,6.911652088165283203e-01,-2.026815861463546753e-01,6.984021514654159546e-02,-1.208729855716228485e-02,6.599418520927429199e-01,-5.744354724884033203e-01,4.865666478872299194e-02,-1.513350307941436768e-01,-1.019490063190460205e-01,-1.423375904560089111e-01,5.961372852325439453e-01,-5.573901534080505371e-01,4.119443241506814957e-03,4.573310911655426025e-02,-2.128817290067672729e-01,1.243074059486389160e+00,-1.735003888607025146e-01,2.376279979944229126e-02,4.856315255165100098e-02,-1.204443275928497314e-01,-1.183148145675659180e+00,5.727235227823257446e-02,-5.587896704673767090e-02,7.416523993015289307e-02,0.000000000000000000e+00
-1.418071705847978592e-02,8.002170175313949585e-02,8.004013299942016602e-01,-2.028573304414749146e-02,-2.129424922168254852e-02,-7.219247221946716309e-01,6.913463473320007324e-01,-2.020739763975143433e-01,7.094833254814147949e-02,-1.269495021551847458e-02,6.601019501686096191e-01,-5.744863748550415039e-01,4.769829288125038147e-02,-1.496561467647552490e-01,-1.008054763078689575e-01,-1.433740258216857910e-01,5.950958132743835449e-01,-5.574539899826049805e-01,3.876237431541085243e-03,4.548892751336097717e-02,-2.136910706758499146e-01,1.245380997657775879e+00,-1.736262142658233643e-01,2.387692965567111969e-02,4.881142079830169678e-02,-1.213207319378852844e-01,-1.186469435691833496e+00,5.906449258327484131e-02,-5.607326328754425049e-02,7.632047683000564575e-02,0.000000000000000000e+00
-1.469613146036863327e-02,7.987951487302780151e-02,8.004165291786193848e-01,-2.069524675607681274e-02,-2.135527133941650391e-02,-7.217551469802856445e-01,6.915093660354614258e-01,-2.011428922414779663e-01,7.215084880590438843e-02,-1.310166437178850174e-02,6.598656773567199707e-01,-5.745118260383605957e-01,4.664842039346694946e-02,-1.476910710334777832e-01,-9.957805275917053223e-02,-1.444438248872756958e-01,5.936598181724548340e-01,-5.573723912239074707e-01,3.579190932214260101e-03,4.511971771717071533e-02,-2.147038727998733521e-01,1.248310089111328125e+00,-1.745730489492416382e-01,2.348929643630981445e-02,4.869009554386138916e-02,-1.226766556501388550e-01,-1.191208124160766602e+00,6.062998995184898376e-02,-5.640615895390510559e-02,8.116850256919860840e-02,0.000000000000000000e+00
-1.516677439212799072e-02,7.975102961063385010e-02,8.004299402236938477e-01,-2.103425748646259308e-02,-2.143658511340618134e-02,-7.216528058052062988e-01,6.916033625602722168e-01,-2.001912742853164673e-01,7.320789992809295654e-02,-1.324145589023828506e-02,6.595184206962585449e-01,-5.745090842247009277e-01,4.566016048192977905e-02,-1.460570245981216431e-01,-9.854750335216522217e-02,-1.452669501304626465e-01,5.925155878067016602e-01,-5.573084950447082520e-01,3.372538601979613304e-03,4.471120238304138184e-02,-2.158305794000625610e-01,1.251227140426635742e+00,-1.757924258708953857e-01,2.268040552735328674e-02,4.830598458647727966e-02,-1.246755495667457581e-01,-1.197714447975158691e+00,6.049919873476028442e-02,-5.759498476982116699e-02,8.781535178422927856e-02,0.000000000000000000e+00
-1.560199167579412460e-02,7.965407520532608032e-02,8.004432320594787598e-01,-2.131125889718532562e-02,-2.154772542417049408e-02,-7.215782403945922852e-01,6.916692256927490234e-01,-1.993291079998016357e-01,7.408834248781204224e-02,-1.333626080304384232e-02,6.591803431510925293e-01,-5.744345188140869141e-01,4.473273083567619324e-02,-1.447196900844573975e-01,-9.769338369369506836e-02,-1.458700001239776611e-01,5.916230082511901855e-01,-5.572239160537719727e-01,3.234523115679621696e-03,4.419998824596405029e-02,-2.172763496637344360e-01,1.254006743431091309e+00,-1.764565408229827881e-01,2.165436744689941406e-02,4.803713038563728333e-02,-1.270983964204788208e-01,-1.205172777175903320e+00,5.902993306517601013e-02,-5.895470455288887024e-02,9.507273882627487183e-02,0.000000000000000000e+00
-1.599853858351707458e-02,7.959381490945816040e-02,8.004665970802307129e-01,-2.155423350632190704e-02,-2.167278900742530823e-02,-7.214851379394531250e-01,6.917549371719360352e-01,-1.986063867807388306e-01,7.483850419521331787e-02,-1.344168931245803833e-02,6.589212417602539062e-01,-5.742680430412292480e-01,4.383592680096626282e-02,-1.435270458459854126e-01,-9.699561446905136108e-02,-1.465063542127609253e-01,5.908795595169067383e-01,-5.570928454399108887e-01,3.216499695554375648e-03,4.343185201287269592e-02,-2.186613678932189941e-01,1.256191134452819824e+00,-1.771957427263259888e-01,2.076974511146545410e-02,4.787861928343772888e-02,-1.295990347862243652e-01,-1.212576866149902344e+00,5.806481093168258667e-02,-5.999028682708740234e-02,1.022416725754737854e-01,0.000000000000000000e+00
-1.637893542647361755e-02,7.958976179361343384e-02,8.004847168922424316e-01,-2.172379195690155029e-02,-2.175543084740638733e-02,-7.214348316192626953e-01,6.917994618415832520e-01,-1.982085257768630981e-01,7.552234083414077759e-02,-1.354304980486631393e-02,6.588271856307983398e-01,-5.740605592727661133e-01,4.311307147145271301e-02,-1.427777260541915894e-01,-9.634581953287124634e-02,-1.469220668077468872e-01,5.903981328010559082e-01,-5.570047497749328613e-01,3.118900815024971962e-03,4.270045831799507141e-02,-2.194865345954895020e-01,1.257467269897460938e+00,-1.781312972307205200e-01,1.986782252788543701e-02,4.716755449771881104e-02,-1.315411478281021118e-01,-1.219151973724365234e+00,5.761601775884628296e-02,-6.083872541785240173e-02,1.095797494053840637e-01,0.000000000000000000e+00
-1.678542606532573700e-02,7.956292480230331421e-02,8.005297183990478516e-01,-2.191824465990066528e-02,-2.178377471864223480e-02,-7.214550375938415527e-01,6.917714476585388184e-01,-1.975520551204681396e-01,7.643337547779083252e-02,-1.336418371647596359e-02,6.583036184310913086e-01,-5.738062262535095215e-01,4.201569035649299622e-02,-1.419145166873931885e-01,-9.548713266849517822e-02,-1.472312659025192261e-01,5.895631313323974609e-01,-5.567079782485961914e-01,2.918980084359645844e-03,4.201423376798629761e-02,-2.200620919466018677e-01,1.258298277854919434e+00,-1.783457249402999878e-01,1.887034624814987183e-02,4.675635695457458496e-02,-1.330963969230651855e-01,-1.224954247474670410e+00,5.580236762762069702e-02,-6.168362870812416077e-02,1.180064976215362549e-01,0.000000000000000000e+00
-1.720414683222770691e-02,7.954011112451553345e-02,8.005656003952026367e-01,-2.211158350110054016e-02,-2.180775441229343414e-02,-7.215777635574340820e-01,6.916365027427673340e-01,-1.968172639608383179e-01,7.744965702295303345e-02,-1.287447102367877960e-02,6.577597856521606445e-01,-5.736969709396362305e-01,4.113396257162094116e-02,-1.411241441965103149e-01,-9.454381465911865234e-02,-1.472799330949783325e-01,5.887057185173034668e-01,-5.564862489700317383e-01,2.664519473910331726e-03,4.138677939772605896e-02,-2.201362997293472290e-01,1.257874011993408203e+00,-1.786609441041946411e-01,1.814751140773296356e-02,4.715886712074279785e-02,-1.339091807603836060e-01,-1.228587031364440918e+00,5.462150275707244873e-02,-6.301487237215042114e-02,1.244152560830116272e-01,0.000000000000000000e+00
-1.762157119810581207e-02,7.958174496889114380e-02,8.005659580230712891e-01,-2.227307111024856567e-02,-2.184714749455451965e-02,-7.218999862670898438e-01,6.912937164306640625e-01,-1.963178664445877075e-01,7.851406931877136230e-02,-1.194912940263748169e-02,6.577367186546325684e-01,-5.737079977989196777e-01,4.059212282299995422e-02,-1.409272551536560059e-01,-9.357532858848571777e-02,-1.465692222118377686e-01,5.884755253791809082e-01,-5.564688444137573242e-01,2.337831305339932442e-03,4.103677719831466675e-02,-2.200015634298324585e-01,1.256532788276672363e+00,-1.789934635162353516e-01,1.808125711977481842e-02,4.716983065009117126e-02,-1.342328041791915894e-01,-1.229475617408752441e+00,5.508335307240486145e-02,-6.476351618766784668e-02,1.269649118185043335e-01,0.000000000000000000e+00
-1.804736070334911346e-02,7.964360713958740234e-02,8.005779981613159180e-01,-2.239917218685150146e-02,-2.182571031153202057e-02,-7.223464846611022949e-01,6.908237338066101074e-01,-1.960287839174270630e-01,7.969181239604949951e-02,-1.083239912986755371e-02,6.579223275184631348e-01,-5.736463069915771484e-01,4.003962129354476929e-02,-1.411569714546203613e-01,-9.251112490892410278e-02,-1.454697996377944946e-01,5.885342955589294434e-01,-5.563335418701171875e-01,1.918198424391448498e-03,4.079689458012580872e-02,-2.199350744485855103e-01,1.254981517791748047e+00,-1.786291152238845825e-01,1.863234676420688629e-02,4.703929275274276733e-02,-1.348336338996887207e-01,-1.228318333625793457e+00,5.489618703722953796e-02,-6.573342531919479370e-02,1.267533749341964722e-01,0.000000000000000000e+00
-1.851454935967922211e-02,7.967441529035568237e-02,8.005996942520141602e-01,-2.252173051238059998e-02,-2.173462137579917908e-02,-7.228329181671142578e-01,6.903136968612670898e-01,-1.957524716854095459e-01,8.105640113353729248e-02,-9.628192521631717682e-03,6.580377817153930664e-01,-5.735808610916137695e-01,3.935459256172180176e-02,-1.413719505071640015e-01,-9.124532341957092285e-02,-1.442957371473312378e-01,5.883837938308715820e-01,-5.561069250106811523e-01,1.369114965200424194e-03,4.067420214414596558e-02,-2.195190340280532837e-01,1.253448963165283203e+00,-1.785375624895095825e-01,1.868502050638198853e-02,4.702758044004440308e-02,-1.345911622047424316e-01,-1.225940108299255371e+00,5.528888851404190063e-02,-6.605103611946105957e-02,1.262937635183334351e-01,0.000000000000000000e+00
-1.897792518138885498e-02,7.967410236597061157e-02,8.005894422531127930e-01,-2.259774692356586456e-02,-2.166461013257503510e-02,-7.233397960662841797e-01,6.897822618484497070e-01,-1.954422295093536377e-01,8.233185857534408569e-02,-8.312754333019256592e-03,6.581694483757019043e-01,-5.737209916114807129e-01,3.886523470282554626e-02,-1.416936814785003662e-01,-9.008935093879699707e-02,-1.430176794528961182e-01,5.884189605712890625e-01,-5.561620593070983887e-01,8.463337435387074947e-04,4.062220826745033264e-02,-2.192098051309585571e-01,1.252416014671325684e+00,-1.786652952432632446e-01,1.827147416770458221e-02,4.762469977140426636e-02,-1.334490478038787842e-01,-1.223741173744201660e+00,5.654341727495193481e-02,-6.662950664758682251e-02,1.259469240903854370e-01,0.000000000000000000e+00
-1.942863315343856812e-02,7.965128868818283081e-02,8.005506396293640137e-01,-2.273092418909072876e-02,-2.172578312456607819e-02,-7.237913608551025391e-01,6.893020868301391602e-01,-1.948958486318588257e-01,8.344698697328567505e-02,-7.041370961815118790e-03,6.584582328796386719e-01,-5.739330649375915527e-01,3.849221020936965942e-02,-1.417546719312667847e-01,-8.914629369974136353e-02,-1.419582366943359375e-01,5.887154340744018555e-01,-5.564316511154174805e-01,4.577922227326780558e-04,4.016544669866561890e-02,-2.190084755420684814e-01,1.252458095550537109e+00,-1.788793057203292847e-01,1.769991777837276459e-02,4.787425324320793152e-02,-1.330678164958953857e-01,-1.222035050392150879e+00,5.710922926664352417e-02,-6.677994132041931152e-02,1.249112039804458618e-01,0.000000000000000000e+00
-1.986276544630527496e-02,7.959942519664764404e-02,8.005408048629760742e-01,-2.292100153863430023e-02,-2.186167798936367035e-02,-7.241557240486145020e-01,6.889086961746215820e-01,-1.941522210836410522e-01,8.444681763648986816e-02,-5.968009587377309799e-03,6.587284803390502930e-01,-5.739374756813049316e-01,3.794709220528602600e-02,-1.415454745292663574e-01,-8.831384778022766113e-02,-1.411603242158889771e-01,5.890493988990783691e-01,-5.564059019088745117e-01,2.327348920516669750e-04,3.925770521163940430e-02,-2.192891836166381836e-01,1.253454923629760742e+00,-1.792192161083221436e-01,1.766436547040939331e-02,4.817283898591995239e-02,-1.333784162998199463e-01,-1.220900654792785645e+00,5.755629017949104309e-02,-6.627321988344192505e-02,1.234547570347785950e-01,0.000000000000000000e+00
-2.028310485184192657e-02,7.945312559604644775e-02,8.005695939064025879e-01,-2.315375395119190216e-02,-2.203895524144172668e-02,-7.244151830673217773e-01,6.886224150657653809e-01,-1.929493695497512817e-01,8.537977933883666992e-02,-5.011229310184717178e-03,6.585100889205932617e-01,-5.737848877906799316e-01,3.728931397199630737e-02,-1.407162100076675415e-01,-8.757066726684570312e-02,-1.408731788396835327e-01,5.888793468475341797e-01,-5.562726259231567383e-01,5.852292815688997507e-05,3.800861909985542297e-02,-2.197851091623306274e-01,1.255089163780212402e+00,-1.798398047685623169e-01,1.741238310933113098e-02,4.804218932986259460e-02,-1.336319744586944580e-01,-1.220415592193603516e+00,5.777788534760475159e-02,-6.542994081974029541e-02,1.217454746365547180e-01,0.000000000000000000e+00
-2.069180272519588470e-02,7.918517291545867920e-02,8.006250858306884766e-01,-2.347083576023578644e-02,-2.232949621975421906e-02,-7.245922684669494629e-01,6.884159445762634277e-01,-1.908229440450668335e-01,8.622665703296661377e-02,-3.899781964719295502e-03,6.573954820632934570e-01,-5.735680460929870605e-01,3.616598621010780334e-02,-1.390314549207687378e-01,-8.694420754909515381e-02,-1.410159915685653687e-01,5.880980491638183594e-01,-5.560346245765686035e-01,6.678980571450665593e-05,3.653584793210029602e-02,-2.203923016786575317e-01,1.257372975349426270e+00,-1.809192746877670288e-01,1.644393056631088257e-02,4.902460426092147827e-02,-1.338146924972534180e-01,-1.220933914184570312e+00,5.823825299739837646e-02,-6.492702662944793701e-02,1.206883639097213745e-01,0.000000000000000000e+00
-2.106620185077190399e-02,7.892262935638427734e-02,8.006770014762878418e-01,-2.375305444002151489e-02,-2.268164604902267456e-02,-7.247650623321533203e-01,6.882128715515136719e-01,-1.886197924613952637e-01,8.687487989664077759e-02,-2.736117457970976830e-03,6.562095284461975098e-01,-5.733309984207153320e-01,3.520604223012924194e-02,-1.373542994260787964e-01,-8.652105927467346191e-02,-1.411221623420715332e-01,5.873855352401733398e-01,-5.558835864067077637e-01,1.640344271436333656e-04,3.498313575983047485e-02,-2.213071882724761963e-01,1.260385990142822266e+00,-1.817317306995391846e-01,1.533516589552164078e-02,4.902007058262825012e-02,-1.342894285917282104e-01,-1.222427010536193848e+00,5.860918760299682617e-02,-6.486830860376358032e-02,1.203278750181198120e-01,0.000000000000000000e+00
-2.141786552965641022e-02,7.876528799533843994e-02,8.007204532623291016e-01,-2.380673587322235107e-02,-2.294855378568172455e-02,-7.249844074249267578e-01,6.879710555076599121e-01,-1.873064339160919189e-01,8.725576102733612061e-02,-1.693171099759638309e-03,6.554970741271972656e-01,-5.728641748428344727e-01,3.453652933239936829e-02,-1.367402076721191406e-01,-8.631530404090881348e-02,-1.407802850008010864e-01,5.873322486877441406e-01,-5.558192729949951172e-01,1.448943949071690440e-04,3.357122465968132019e-02,-2.221919000148773193e-01,1.263107895851135254e+00,-1.823614388704299927e-01,1.435290090739727020e-02,4.876603931188583374e-02,-1.347783952951431274e-01,-1.224552035331726074e+00,5.919915437698364258e-02,-6.512859463691711426e-02,1.202326342463493347e-01,0.000000000000000000e+00
-2.174232527613639832e-02,7.867468148469924927e-02,8.008014559745788574e-01,-2.371754497289657593e-02,-2.314324490725994110e-02,-7.252542376518249512e-01,6.876831650733947754e-01,-1.864183098077774048e-01,8.750625699758529663e-02,-6.280847592279314995e-04,6.547939181327819824e-01,-5.722131133079528809e-01,3.384384885430335999e-02,-1.367458254098892212e-01,-8.621642738580703735e-02,-1.401341110467910767e-01,5.874937176704406738e-01,-5.555489659309387207e-01,2.115097886417061090e-04,3.251753374934196472e-02,-2.229758054018020630e-01,1.264956235885620117e+00,-1.832205951213836670e-01,1.295864768326282501e-02,4.921904951333999634e-02,-1.352537423372268677e-01,-1.226705074310302734e+00,5.972561612725257874e-02,-6.526762992143630981e-02,1.202979460358619690e-01,0.000000000000000000e+00
-2.204150706529617310e-02,7.864193618297576904e-02,8.008562326431274414e-01,-2.355296351015567780e-02,-2.328315377235412598e-02,-7.256256937980651855e-01,6.872921586036682129e-01,-1.858449727296829224e-01,8.775933831930160522e-02,6.406190805137157440e-04,6.542751789093017578e-01,-5.716616511344909668e-01,3.324320912361145020e-02,-1.372953206300735474e-01,-8.612759411334991455e-02,-1.390431076288223267e-01,5.879766941070556641e-01,-5.554172992706298828e-01,2.127438638126477599e-04,3.185454383492469788e-02,-2.241075485944747925e-01,1.266472935676574707e+00,-1.839557588100433350e-01,1.128163468092679977e-02,5.011329054832458496e-02,-1.363492310047149658e-01,-1.228627681732177734e+00,6.050367653369903564e-02,-6.555060297250747681e-02,1.207854971289634705e-01,0.000000000000000000e+00
-2.232423983514308929e-02,7.866525650024414062e-02,8.008607625961303711e-01,-2.335996367037296295e-02,-2.340762875974178314e-02,-7.260023951530456543e-01,6.868965625762939453e-01,-1.855430752038955688e-01,8.796007186174392700e-02,1.793559524230659008e-03,6.539889574050903320e-01,-5.713841915130615234e-01,3.282094374299049377e-02,-1.381115764379501343e-01,-8.605787158012390137e-02,-1.377806216478347778e-01,5.886868834495544434e-01,-5.556396842002868652e-01,1.225030864588916302e-04,3.124439157545566559e-02,-2.250093370676040649e-01,1.267952919006347656e+00,-1.844335049390792847e-01,9.626359678804874420e-03,5.038205534219741821e-02,-1.374824941158294678e-01,-1.230556607246398926e+00,6.088081747293472290e-02,-6.643164157867431641e-02,1.210491135716438293e-01,0.000000000000000000e+00
-2.261386625468730927e-02,7.874462753534317017e-02,8.008406758308410645e-01,-2.315312623977661133e-02,-2.349655888974666595e-02,-7.263057827949523926e-01,6.865797638893127441e-01,-1.855056434869766235e-01,8.812122046947479248e-02,2.617235295474529266e-03,6.537705659866333008e-01,-5.711550712585449219e-01,3.237745165824890137e-02,-1.390300095081329346e-01,-8.595109730958938599e-02,-1.366521418094635010e-01,5.894281268119812012e-01,-5.560011863708496094e-01,-1.795151038095355034e-04,3.043852187693119049e-02,-2.252361625432968140e-01,1.269013285636901855e+00,-1.853000670671463013e-01,7.944519631564617157e-03,5.023896694183349609e-02,-1.385706663131713867e-01,-1.232163310050964355e+00,6.148837879300117493e-02,-6.822786480188369751e-02,1.216406747698783875e-01,0.000000000000000000e+00
-2.291993610560894012e-02,7.888460904359817505e-02,8.008390069007873535e-01,-2.289023436605930328e-02,-2.352274954319000244e-02,-7.265150547027587891e-01,6.863662600517272949e-01,-1.858502775430679321e-01,8.824456483125686646e-02,3.066149074584245682e-03,6.535995006561279297e-01,-5.707680583000183105e-01,3.191195800900459290e-02,-1.401140987873077393e-01,-8.581533282995223999e-02,-1.356883198022842407e-01,5.900999307632446289e-01,-5.563203692436218262e-01,-5.837437929585576057e-04,2.950388751924037933e-02,-2.253056466579437256e-01,1.269077420234680176e+00,-1.855082213878631592e-01,6.395048927515745163e-03,5.038453266024589539e-02,-1.392622143030166626e-01,-1.232873082160949707e+00,6.204448640346527100e-02,-7.031423598527908325e-02,1.216017827391624451e-01,0.000000000000000000e+00
-2.325174026191234589e-02,7.909602671861648560e-02,8.008382916450500488e-01,-2.256392128765583038e-02,-2.347706072032451630e-02,-7.266585826873779297e-01,6.862266063690185547e-01,-1.866638064384460449e-01,8.836349844932556152e-02,3.172823926433920860e-03,6.535470485687255859e-01,-5.702806115150451660e-01,3.142541274428367615e-02,-1.416064351797103882e-01,-8.564324676990509033e-02,-1.347591578960418701e-01,5.910171866416931152e-01,-5.566496253013610840e-01,-1.241593039594590664e-03,2.865052409470081329e-02,-2.257254421710968018e-01,1.268324017524719238e+00,-1.857125461101531982e-01,4.960716702044010162e-03,5.086348205804824829e-02,-1.396214365959167480e-01,-1.232553124427795410e+00,6.325695663690567017e-02,-7.217228412628173828e-02,1.208977028727531433e-01,0.000000000000000000e+00
-2.363238297402858734e-02,7.934197783470153809e-02,8.008530735969543457e-01,-2.229126170277595520e-02,-2.336557768285274506e-02,-7.267332673072814941e-01,6.861602663993835449e-01,-1.875827610492706299e-01,8.867166191339492798e-02,2.891144016757607460e-03,6.533914804458618164e-01,-5.697252154350280762e-01,3.043970093131065369e-02,-1.431804001331329346e-01,-8.529775589704513550e-02,-1.341878175735473633e-01,5.921047329902648926e-01,-5.568272471427917480e-01,-1.883825752884149551e-03,2.760820463299751282e-02,-2.260950058698654175e-01,1.267462849617004395e+00,-1.861743777990341187e-01,3.809384768828749657e-03,5.239534750580787659e-02,-1.406462043523788452e-01,-1.231822133064270020e+00,6.347414851188659668e-02,-7.342468202114105225e-02,1.200436577200889587e-01,0.000000000000000000e+00
-2.406701073050498962e-02,7.974259555339813232e-02,8.007115125656127930e-01,-2.173271588981151581e-02,-2.329640276730060577e-02,-7.268798351287841797e-01,6.860252618789672852e-01,-1.893629282712936401e-01,8.854876458644866943e-02,2.393033821135759354e-03,6.538529992103576660e-01,-5.698150992393493652e-01,2.992381900548934937e-02,-1.474160104990005493e-01,-8.546566963195800781e-02,-1.323836743831634521e-01,5.971837043762207031e-01,-5.592500567436218262e-01,-2.810702193528413773e-03,2.681461721658706665e-02,-2.264195233583450317e-01,1.266360282897949219e+00,-1.858837455511093140e-01,3.149828873574733734e-03,5.232176929712295532e-02,-1.416891813278198242e-01,-1.231278181076049805e+00,6.327702105045318604e-02,-7.524715363979339600e-02,1.196515485644340515e-01,0.000000000000000000e+00
-2.459718659520149231e-02,8.129670470952987671e-02,7.995249032974243164e-01,-1.945033483207225800e-02,-2.366841211915016174e-02,-7.282278537750244141e-01,6.846500635147094727e-01,-1.970848888158798218e-01,8.575118333101272583e-02,3.114365739747881889e-03,6.606492996215820312e-01,-5.731971263885498047e-01,3.513086587190628052e-02,-1.659989655017852783e-01,-8.836644142866134644e-02,-1.212213411927223206e-01,6.208558082580566406e-01,-5.703663229942321777e-01,-6.059592589735984802e-03,2.993717417120933533e-02,-2.268078029155731201e-01,1.261381864547729492e+00,-1.810371577739715576e-01,3.338018897920846939e-03,4.725900292396545410e-02,-1.415139287710189819e-01,-1.233408331871032715e+00,6.336125731468200684e-02,-7.894788682460784912e-02,1.157855764031410217e-01,0.000000000000000000e+00
-2.545319125056266785e-02,8.416725695133209229e-02,7.971835732460021973e-01,-1.536097656935453415e-02,-2.360502630472183228e-02,-7.307044863700866699e-01,6.821127533912658691e-01,-2.142451703548431396e-01,8.168781548738479614e-02,3.146123141050338745e-03,6.767487525939941406e-01,-5.805287361145019531e-01,4.655742645263671875e-02,-1.994246244430541992e-01,-9.151234477758407593e-02,-1.011203825473785400e-01,6.606889963150024414e-01,-5.873315334320068359e-01,-1.043201703578233719e-02,3.615600243210792542e-02,-2.273667752742767334e-01,1.254272460937500000e+00,-1.693914681673049927e-01,3.792345291003584862e-03,3.287195041775703430e-02,-1.393290162086486816e-01,-1.237426519393920898e+00,6.257269531488418579e-02,-8.752054721117019653e-02,1.077777519822120667e-01,0.000000000000000000e+00
-2.670548111200332642e-02,8.738879114389419556e-02,7.944658994674682617e-01,-1.010722853243350983e-02,-2.213280089199542999e-02,-7.332599163055419922e-01,6.795129179954528809e-01,-2.392181158065795898e-01,7.836776971817016602e-02,1.977017236640676856e-04,6.989147663116455078e-01,-5.890297889709472656e-01,6.060949712991714478e-02,-2.376756072044372559e-01,-9.194394201040267944e-02,-7.875718176364898682e-02,7.009913325309753418e-01,-6.041734218597412109e-01,-1.267395075410604477e-02,4.183989390730857849e-02,-2.242962867021560669e-01,1.245914578437805176e+00,-1.512219756841659546e-01,5.763436201959848404e-04,1.052039396017789841e-02,-1.300597637891769409e-01,-1.238690853118896484e+00,6.152642145752906799e-02,-1.074806600809097290e-01,9.656254947185516357e-02,0.000000000000000000e+00
-2.859597094357013702e-02,8.972644805908203125e-02,7.920698523521423340e-01,-5.513307638466358185e-03,-1.984075829386711121e-02,-7.351152896881103516e-01,6.776292920112609863e-01,-2.643130719661712646e-01,7.771059125661849976e-02,-5.193672142922878265e-03,7.220574617385864258e-01,-5.967994332313537598e-01,7.201001048088073730e-02,-2.696679830551147461e-01,-8.863441646099090576e-02,-6.048374623060226440e-02,7.321870326995849609e-01,-6.163556575775146484e-01,-1.433649472892284393e-02,4.505609348416328430e-02,-2.170821428298950195e-01,1.234180927276611328e+00,-1.272095441818237305e-01,-1.251870673149824142e-02,-6.302053574472665787e-03,-1.106686964631080627e-01,-1.233445882797241211e+00,6.590218842029571533e-02,-1.423895657062530518e-01,8.420199900865554810e-02,0.000000000000000000e+00
-3.128745779395103455e-02,9.066198021173477173e-02,7.904084324836730957e-01,-2.667397027835249901e-03,-1.755489595234394073e-02,-7.364045381546020508e-01,6.763083934783935547e-01,-2.833878099918365479e-01,8.062621206045150757e-02,-1.062542479485273361e-02,7.413319349288940430e-01,-6.007428765296936035e-01,7.779096812009811401e-02,-2.886757552623748779e-01,-8.229759335517883301e-02,-4.930993169546127319e-02,7.495823502540588379e-01,-6.241250634193420410e-01,-1.648932509124279022e-02,4.648608341813087463e-02,-2.039427757263183594e-01,1.216816782951354980e+00,-9.673218429088592529e-02,-4.104014486074447632e-02,-4.576569888740777969e-03,-8.337445557117462158e-02,-1.220719695091247559e+00,6.809311360120773315e-02,-1.903506070375442505e-01,7.074765115976333618e-02,0.000000000000000000e+00
-3.495737165212631226e-02,9.008236229419708252e-02,7.896046638488769531e-01,-1.515206880867481232e-03,-1.571390591561794281e-02,-7.380167841911315918e-01,6.745976805686950684e-01,-2.914029955863952637e-01,8.774847537279129028e-02,-1.164734736084938049e-02,7.508497238159179688e-01,-6.026086807250976562e-01,7.740853726863861084e-02,-2.940550148487091064e-01,-7.273701578378677368e-02,-4.198828339576721191e-02,7.526831030845642090e-01,-6.301168799400329590e-01,-1.952931284904479980e-02,4.864323139190673828e-02,-1.812611967325210571e-01,1.192154407501220703e+00,-6.144684180617332458e-02,-8.437557518482208252e-02,1.503761764615774155e-02,-4.823761060833930969e-02,-1.198971390724182129e+00,6.264962255954742432e-02,-2.500023245811462402e-01,5.245994031429290771e-02,0.000000000000000000e+00
-3.932514786720275879e-02,8.804687112569808960e-02,7.893458008766174316e-01,-2.194142434746026993e-03,-1.477534044533967972e-02,-7.398479580879211426e-01,6.726082563400268555e-01,-2.888624072074890137e-01,9.788780659437179565e-02,-9.075472131371498108e-03,7.534270882606506348e-01,-6.045575141906738281e-01,7.342714071273803711e-02,-2.862882912158966064e-01,-6.205561012029647827e-02,-3.932744637131690979e-02,7.442798614501953125e-01,-6.359555721282958984e-01,-2.149358019232749939e-02,5.126966908574104309e-02,-1.520738899707794189e-01,1.157676577568054199e+00,-2.998022921383380890e-02,-1.387011110782623291e-01,4.138679802417755127e-02,-1.204460021108388901e-02,-1.166377663612365723e+00,6.231412664055824280e-02,-3.172040879726409912e-01,3.478501737117767334e-02,0.000000000000000000e+00
-4.382120817899703979e-02,8.565339446067810059e-02,7.886255979537963867e-01,-2.958728233352303505e-03,-1.332832034677267075e-02,-7.417531013488769531e-01,6.705340743064880371e-01,-2.916730344295501709e-01,1.090948805212974548e-01,-8.785360492765903473e-03,7.662964463233947754e-01,-6.083575487136840820e-01,6.961822509765625000e-02,-2.787545919418334961e-01,-5.056456476449966431e-02,-3.702337667346000671e-02,7.361688017845153809e-01,-6.422397494316101074e-01,-2.389950305223464966e-02,5.490694195032119751e-02,-1.263815015554428101e-01,1.113760948181152344e+00,5.736146122217178345e-03,-1.965340822935104370e-01,6.132972985506057739e-02,2.384816855192184448e-02,-1.125754475593566895e+00,6.712758541107177734e-02,-3.895407319068908691e-01,2.136609330773353577e-02,0.000000000000000000e+00
-4.792342707514762878e-02,8.315648138523101807e-02,7.870486974716186523e-01,-3.209055401384830475e-03,-1.046121120452880859e-02,-7.429686188697814941e-01,6.692367792129516602e-01,-3.080405592918395996e-01,1.202635616064071655e-01,-1.565390639007091522e-02,7.971112728118896484e-01,-6.125443577766418457e-01,6.599589437246322632e-02,-2.760035395622253418e-01,-3.854605928063392639e-02,-3.520268201828002930e-02,7.326303720474243164e-01,-6.509075760841369629e-01,-2.815810963511466980e-02,5.797899886965751648e-02,-1.025114208459854126e-01,1.063553214073181152e+00,3.582923486828804016e-02,-2.589040398597717285e-01,8.524841815233230591e-02,5.965569615364074707e-02,-1.079041838645935059e+00,7.698067277669906616e-02,-4.634441435337066650e-01,3.902958007529377937e-03,0.000000000000000000e+00
-5.136171728372573853e-02,8.033938705921173096e-02,7.846505641937255859e-01,-2.057600300759077072e-03,-6.345568224787712097e-03,-7.440466284751892090e-01,6.680943965911865234e-01,-3.371827006340026855e-01,1.300299316644668579e-01,-2.668374218046665192e-02,8.432140946388244629e-01,-6.135060787200927734e-01,6.113040819764137268e-02,-2.810271978378295898e-01,-2.743811346590518951e-02,-3.112818673253059387e-02,7.364853024482727051e-01,-6.629221439361572266e-01,-3.307379409670829773e-02,6.212917342782020569e-02,-7.713016867637634277e-02,1.009016156196594238e+00,6.355597823858261108e-02,-3.310064971446990967e-01,1.095385253429412842e-01,9.544078260660171509e-02,-1.028181076049804688e+00,8.154282718896865845e-02,-5.382321476936340332e-01,-1.429362408816814423e-02,0.000000000000000000e+00
-5.421006307005882263e-02,7.702013105154037476e-02,7.817499637603759766e-01,8.400047663599252701e-04,-1.989496173337101936e-03,-7.450994253158569336e-01,6.669499278068542480e-01,-3.758111000061035156e-01,1.394058763980865479e-01,-3.267599269747734070e-02,9.017995595932006836e-01,-6.038618087768554688e-01,5.747656151652336121e-02,-2.932243347167968750e-01,-1.933117210865020752e-02,-2.470900490880012512e-02,7.485803961753845215e-01,-6.769486069679260254e-01,-3.908641636371612549e-02,6.821501255035400391e-02,-5.014390125870704651e-02,9.487206339836120605e-01,9.023234248161315918e-02,-4.162717461585998535e-01,1.356672942638397217e-01,1.290674954652786255e-01,-9.770206212997436523e-01,8.454680442810058594e-02,-6.114150881767272949e-01,-3.122689761221408844e-02,0.000000000000000000e+00
-5.623243749141693115e-02,7.329293340444564819e-02,7.798355817794799805e-01,5.491743329912424088e-03,3.880132921040058136e-03,-7.481529712677001953e-01,6.634922027587890625e-01,-4.251029193401336670e-01,1.479077786207199097e-01,-3.334230929613113403e-02,9.704272150993347168e-01,-5.862140059471130371e-01,7.013181596994400024e-02,-3.074609339237213135e-01,-9.992859326303005219e-03,-1.220356114208698273e-02,7.514660954475402832e-01,-6.789455413818359375e-01,-4.792479425668716431e-02,8.067911863327026367e-02,-1.687634363770484924e-02,8.860564827919006348e-01,1.101502031087875366e-01,-5.168734192848205566e-01,1.647756993770599365e-01,1.585999876260757446e-01,-9.258425831794738770e-01,8.929303288459777832e-02,-6.836542487144470215e-01,-5.493204668164253235e-02,0.000000000000000000e+00
-5.750923976302146912e-02,6.808143109083175659e-02,7.784677147865295410e-01,1.152222510427236557e-02,8.386054076254367828e-03,-7.521213293075561523e-01,6.588705778121948242e-01,-4.731559157371520996e-01,1.550932973623275757e-01,-1.856782473623752594e-02,1.036560654640197754e+00,-5.675251483917236328e-01,8.962757140398025513e-02,-3.218510448932647705e-01,-5.407338030636310577e-03,3.280044300481677055e-03,7.559164762496948242e-01,-6.795894503593444824e-01,-5.617646500468254089e-02,9.605375677347183228e-02,1.989845745265483856e-02,8.168231248855590820e-01,1.291220039129257202e-01,-6.305822730064392090e-01,1.943569183349609375e-01,1.821729838848114014e-01,-8.747209310531616211e-01,9.120304882526397705e-02,-7.531289458274841309e-01,-7.502114027738571167e-02,0.000000000000000000e+00
-5.817626789212226868e-02,6.119637936353683472e-02,7.774564027786254883e-01,1.782140135765075684e-02,1.251212041825056076e-02,-7.563427686691284180e-01,6.538130044937133789e-01,-5.186414718627929688e-01,1.606841385364532471e-01,3.250333480536937714e-03,1.093268632888793945e+00,-5.604002475738525391e-01,9.941890090703964233e-02,-3.323596715927124023e-01,-3.055561566725373268e-03,1.845965906977653503e-02,7.568264603614807129e-01,-6.802613139152526855e-01,-6.206699460744857788e-02,1.131850481033325195e-01,5.409949272871017456e-02,7.497708797454833984e-01,1.276546418666839600e-01,-7.475728988647460938e-01,2.277419418096542358e-01,2.040531784296035767e-01,-8.270507454872131348e-01,9.865854680538177490e-02,-8.309009075164794922e-01,-9.212053567171096802e-02,0.000000000000000000e+00
-5.862009152770042419e-02,5.259796977043151855e-02,7.766302824020385742e-01,2.385579235851764679e-02,1.696383208036422729e-02,-7.604013085365295410e-01,6.487934589385986328e-01,-5.633507966995239258e-01,1.608416587114334106e-01,2.069736830890178680e-02,1.136397480964660645e+00,-5.476613640785217285e-01,1.005111485719680786e-01,-3.375819325447082520e-01,-7.495193276554346085e-04,3.219231963157653809e-02,7.523401975631713867e-01,-6.806998252868652344e-01,-6.764426827430725098e-02,1.308810412883758545e-01,8.172337710857391357e-02,6.933055520057678223e-01,9.508965909481048584e-02,-8.618329167366027832e-01,2.537358403205871582e-01,2.239028662443161011e-01,-7.866014242172241211e-01,1.163440421223640442e-01,-9.315754175186157227e-01,-1.035316511988639832e-01,0.000000000000000000e+00
-5.891650915145874023e-02,4.227990657091140747e-02,7.759917378425598145e-01,2.856246381998062134e-02,2.145850285887718201e-02,-7.645515203475952148e-01,6.435718536376953125e-01,-6.046992540359497070e-01,1.567189842462539673e-01,3.128216043114662170e-02,1.162898182868957520e+00,-5.258380174636840820e-01,9.196847677230834961e-02,-3.337621092796325684e-01,1.702770474366843700e-03,4.257005453109741211e-02,7.401549220085144043e-01,-6.807000041007995605e-01,-7.189968973398208618e-02,1.495022624731063843e-01,1.031473278999328613e-01,6.530175209045410156e-01,3.855340555310249329e-02,-9.699988365173339844e-01,2.591547667980194092e-01,2.400984019041061401e-01,-7.540921568870544434e-01,1.376006603240966797e-01,-1.061010360717773438e+00,-1.127878949046134949e-01,0.000000000000000000e+00
-5.903774127364158630e-02,3.037865087389945984e-02,7.753509283065795898e-01,3.234180063009262085e-02,2.581167034804821014e-02,-7.677599787712097168e-01,6.394000649452209473e-01,-6.470419764518737793e-01,1.464405804872512817e-01,2.911305986344814301e-02,1.178075432777404785e+00,-5.092076063156127930e-01,7.785248756408691406e-02,-3.217276930809020996e-01,2.814581384882330894e-03,4.847041890025138855e-02,7.208514213562011719e-01,-6.807000041007995605e-01,-7.361454516649246216e-02,1.661463677883148193e-01,1.213739961385726929e-01,6.340059638023376465e-01,-4.349562153220176697e-02,-1.065349221229553223e+00,2.456067204475402832e-01,2.576020956039428711e-01,-7.365770339965820312e-01,1.533761173486709595e-01,-1.234450697898864746e+00,-1.263222247362136841e-01,0.000000000000000000e+00
-5.893404781818389893e-02,1.666845194995403290e-02,7.744752168655395508e-01,3.567300736904144287e-02,2.999021671712398529e-02,-7.694875597953796387e-01,6.369590759277343750e-01,-6.916359663009643555e-01,1.348634958267211914e-01,1.932350546121597290e-02,1.187085032463073730e+00,-5.009286403656005859e-01,6.498391926288604736e-02,-3.031972944736480713e-01,8.163441088981926441e-04,4.764798656105995178e-02,6.973744034767150879e-01,-6.807000041007995605e-01,-7.177152484655380249e-02,1.784411668777465820e-01,1.373798102140426636e-01,6.269019246101379395e-01,-1.304362267255783081e-01,-1.148836731910705566e+00,2.081802189350128174e-01,2.695686817169189453e-01,-7.245206832885742188e-01,1.484434604644775391e-01,-1.444449543952941895e+00,-1.423996239900588989e-01,0.000000000000000000e+00
-5.849850177764892578e-02,7.608657469972968102e-04,7.737744450569152832e-01,3.889865800738334656e-02,3.306779637932777405e-02,-7.704518437385559082e-01,6.354505419731140137e-01,-7.326301932334899902e-01,1.246026754379272461e-01,1.047798153012990952e-02,1.188468217849731445e+00,-4.963445365428924561e-01,5.618491396307945251e-02,-2.780075967311859131e-01,-5.842048209160566330e-03,4.167521372437477112e-02,6.710864901542663574e-01,-6.807000041007995605e-01,-6.700348854064941406e-02,1.905152499675750732e-01,1.557313203811645508e-01,6.198114156723022461e-01,-1.985820829868316650e-01,-1.211188435554504395e+00,1.699276417493820190e-01,2.759637832641601562e-01,-7.077698111534118652e-01,1.136106997728347778e-01,-1.663012385368347168e+00,-1.733257919549942017e-01,0.000000000000000000e+00
-5.797148123383522034e-02,-1.758662611246109009e-02,7.735800743103027344e-01,4.107682406902313232e-02,3.454881533980369568e-02,-7.714656591415405273e-01,6.340029835700988770e-01,-7.630938887596130371e-01,1.129233017563819885e-01,1.726688205963000655e-04,1.179241299629211426e+00,-4.848834574222564697e-01,4.332714527845382690e-02,-2.440834492444992065e-01,-1.515198126435279846e-02,3.337388485670089722e-02,6.426573991775512695e-01,-6.807000041007995605e-01,-6.238147988915443420e-02,2.071875631809234619e-01,1.781639456748962402e-01,6.086620688438415527e-01,-2.418539673089981079e-01,-1.246873736381530762e+00,1.488570272922515869e-01,2.743621170520782471e-01,-6.751320958137512207e-01,6.046582013368606567e-02,-1.855341434478759766e+00,-2.280793488025665283e-01,0.000000000000000000e+00
-5.698087066411972046e-02,-3.751198574900627136e-02,7.731600999832153320e-01,4.334115236997604370e-02,3.468703478574752808e-02,-7.739421725273132324e-01,6.308184266090393066e-01,-7.869975566864013672e-01,9.428852796554565430e-02,-1.619213446974754333e-02,1.166549801826477051e+00,-4.825929105281829834e-01,2.556296810507774353e-02,-2.157448530197143555e-01,-2.732821181416511536e-02,3.014446422457695007e-02,6.308071613311767578e-01,-6.807000041007995605e-01,-5.547295510768890381e-02,2.333433926105499268e-01,2.006795406341552734e-01,5.910508036613464355e-01,-2.632687985897064209e-01,-1.262549757957458496e+00,1.445269137620925903e-01,2.588541805744171143e-01,-6.371221542358398438e-01,1.120505947619676590e-02,-2.001594543457031250e+00,-2.787052094936370850e-01,0.000000000000000000e+00
-5.510347336530685425e-02,-5.900261551141738892e-02,7.722691297531127930e-01,4.592743888497352600e-02,3.351616859436035156e-02,-7.776432037353515625e-01,6.261296868324279785e-01,-8.040052056312561035e-01,6.793721020221710205e-02,-3.824485838413238525e-02,1.154920578002929688e+00,-4.980353713035583496e-01,8.254081010818481445e-03,-1.953694522380828857e-01,-4.359338432550430298e-02,3.184174373745918274e-02,6.387349963188171387e-01,-6.807000041007995605e-01,-4.401196166872978210e-02,2.647971212863922119e-01,2.233934998512268066e-01,5.702498555183410645e-01,-2.665685713291168213e-01,-1.269636511802673340e+00,1.443888396024703979e-01,2.342620790004730225e-01,-6.079792380332946777e-01,-2.187175676226615906e-02,-2.097051858901977539e+00,-3.025014996528625488e-01,0.000000000000000000e+00
-5.230750888586044312e-02,-8.175116032361984253e-02,7.703013420104980469e-01,4.920292273163795471e-02,3.190655633807182312e-02,-7.802044749259948730e-01,6.227696537971496582e-01,-8.131071329116821289e-01,4.148122668266296387e-02,-5.578218773007392883e-02,1.145930767059326172e+00,-4.982460737228393555e-01,-1.018890924751758575e-02,-1.901536434888839722e-01,-6.250921636819839478e-02,4.007549583911895752e-02,6.792852878570556641e-01,-6.806994676589965820e-01,-3.096740320324897766e-02,2.892741560935974121e-01,2.432899475097656250e-01,5.497558712959289551e-01,-2.539494037628173828e-01,-1.272709846496582031e+00,1.383618563413619995e-01,2.101836204528808594e-01,-5.975703597068786621e-01,-3.776387870311737061e-02,-2.143434524536132812e+00,-3.114259243011474609e-01,0.000000000000000000e+00
-4.819932579994201660e-02,-1.064752414822578430e-01,7.665121555328369141e-01,5.401146411895751953e-02,2.931938506662845612e-02,-7.791147232055664062e-01,6.238616704940795898e-01,-8.106104135513305664e-01,2.382792346179485321e-02,-4.784788563847541809e-02,1.141880512237548828e+00,-4.842660129070281982e-01,-1.373111363500356674e-02,-1.945090591907501221e-01,-8.733528852462768555e-02,4.867701604962348938e-02,7.464702129364013672e-01,-6.803475618362426758e-01,-8.544343523681163788e-03,2.966627776622772217e-01,2.542791068553924561e-01,5.216228365898132324e-01,-2.291971296072006226e-01,-1.266810655593872070e+00,1.402920782566070557e-01,1.954655945301055908e-01,-6.095058917999267578e-01,-3.741954267024993896e-02,-2.143165111541748047e+00,-3.065170049667358398e-01,0.000000000000000000e+00
-4.350131377577781677e-02,-1.343185454607009888e-01,7.618887424468994141e-01,5.604960769414901733e-02,2.731581591069698334e-02,-7.754349708557128906e-01,6.283413767814636230e-01,-7.877635955810546875e-01,1.619362831115722656e-02,-2.435514889657497406e-02,1.143506884574890137e+00,-4.873651266098022461e-01,1.079925242811441422e-02,-1.855935007333755493e-01,-1.091803014278411865e-01,4.866283386945724487e-02,8.086778521537780762e-01,-6.609933376312255859e-01,1.358937472105026245e-02,2.900249063968658447e-01,2.535542249679565430e-01,4.990830123424530029e-01,-2.018492370843887329e-01,-1.260660290718078613e+00,1.366357505321502686e-01,1.934272199869155884e-01,-6.321896314620971680e-01,-1.992887258529663086e-02,-2.101473569869995117e+00,-2.856809794902801514e-01,0.000000000000000000e+00
-3.759916126728057861e-02,-1.647243946790695190e-01,7.561832666397094727e-01,5.424799770116806030e-02,2.649273909628391266e-02,-7.716121077537536621e-01,6.332219243049621582e-01,-7.504424452781677246e-01,-1.080104894936084747e-02,-2.028964459896087646e-02,1.164528250694274902e+00,-5.231019854545593262e-01,7.845902442932128906e-02,-1.700629442930221558e-01,-1.250331103801727295e-01,4.615045711398124695e-02,8.717016577720642090e-01,-6.096479892730712891e-01,3.342457860708236694e-02,2.789341807365417480e-01,2.368512153625488281e-01,4.902602434158325195e-01,-1.811086833477020264e-01,-1.264710307121276855e+00,1.166633442044258118e-01,1.997999548912048340e-01,-6.559997200965881348e-01,1.611542887985706329e-02,-2.022272825241088867e+00,-2.487743198871612549e-01,0.000000000000000000e+00
-3.046910092234611511e-02,-1.954024732112884521e-01,7.473527193069458008e-01,5.356319621205329895e-02,2.540280669927597046e-02,-7.658045291900634766e-01,6.403351426124572754e-01,-7.087142467498779297e-01,-2.141838707029819489e-02,8.172303438186645508e-03,1.188395261764526367e+00,-5.973485112190246582e-01,1.338722407817840576e-01,-1.799458414316177368e-01,-1.443819105625152588e-01,4.908686503767967224e-02,9.829821586608886719e-01,-5.173656344413757324e-01,6.041124463081359863e-02,2.589732110500335693e-01,1.997159570455551147e-01,4.816496670246124268e-01,-1.663929075002670288e-01,-1.278608441352844238e+00,1.044767796993255615e-01,2.034485340118408203e-01,-6.816895008087158203e-01,6.569990515708923340e-02,-1.909470081329345703e+00,-2.068190425634384155e-01,0.000000000000000000e+00
-2.273141033947467804e-02,-2.245966047048568726e-01,7.359770536422729492e-01,5.620197579264640808e-02,2.594137936830520630e-02,-7.585247755050659180e-01,6.486975550651550293e-01,-6.911585330963134766e-01,-5.058730393648147583e-02,6.463315337896347046e-03,1.232185602188110352e+00,-6.516118645668029785e-01,1.881981790065765381e-01,-2.301304042339324951e-01,-1.775711029767990112e-01,5.674088373780250549e-02,1.160240292549133301e+00,-3.408751785755157471e-01,7.262702286243438721e-02,2.334964722394943237e-01,1.462256759405136108e-01,4.731976091861724854e-01,-1.431973874568939209e-01,-1.312040567398071289e+00,9.231523424386978149e-02,2.104373872280120850e-01,-7.007051706314086914e-01,1.179372668266296387e-01,-1.771519184112548828e+00,-1.559158861637115479e-01,0.000000000000000000e+00
-1.608169265091419220e-02,-2.506119310855865479e-01,7.251520752906799316e-01,6.448072940111160278e-02,2.724961377680301666e-02,-7.455903291702270508e-01,6.627177000045776367e-01,-6.813311576843261719e-01,-1.002497002482414246e-01,-1.637730933725833893e-02,1.253386139869689941e+00,-6.790680289268493652e-01,2.324738204479217529e-01,-3.241639435291290283e-01,-2.113393098115921021e-01,8.512809872627258301e-02,1.357508778572082520e+00,-1.405083239078521729e-01,6.902046501636505127e-02,1.900922507047653198e-01,8.089157193899154663e-02,4.619734287261962891e-01,-1.117236316204071045e-01,-1.375826954841613770e+00,1.032337769865989685e-01,2.201757431030273438e-01,-7.084739208221435547e-01,1.661671549081802368e-01,-1.611735343933105469e+00,-1.026537716388702393e-01,0.000000000000000000e+00
-1.198458299040794373e-02,-2.741675674915313721e-01,7.172247171401977539e-01,7.843269407749176025e-02,2.982550486922264099e-02,-7.276324629783630371e-01,6.808155179023742676e-01,-6.717171669006347656e-01,-1.570466458797454834e-01,-4.741056263446807861e-02,1.238807082176208496e+00,-6.807000041007995605e-01,2.591645419597625732e-01,-4.641896486282348633e-01,-2.037343382835388184e-01,1.489657312631607056e-01,1.544329524040222168e+00,-1.237860321998596191e-01,8.152293413877487183e-02,1.234825924038887024e-01,-5.442543886601924896e-03,4.414042830467224121e-01,-7.035197317600250244e-02,-1.454337239265441895e+00,1.371320486068725586e-01,2.146061360836029053e-01,-7.136507034301757812e-01,2.220610976219177246e-01,-1.431019663810729980e+00,-4.883504658937454224e-02,0.000000000000000000e+00
-9.705606848001480103e-03,-2.994983494281768799e-01,7.126329541206359863e-01,8.850863575935363770e-02,3.373285755515098572e-02,-7.112590670585632324e-01,6.965190768241882324e-01,-6.498034596443176270e-01,-1.961333155632019043e-01,-8.067836612462997437e-02,1.219689249992370605e+00,-6.807000041007995605e-01,2.617999911308288574e-01,-6.245664954185485840e-01,-1.964839398860931396e-01,1.906750649213790894e-01,1.688405871391296387e+00,-1.486300826072692871e-01,8.875754475593566895e-02,4.838848859071731567e-02,-1.056067571043968201e-01,4.266053140163421631e-01,-3.434112295508384705e-02,-1.540271639823913574e+00,1.495239436626434326e-01,1.975987553596496582e-01,-7.049850821495056152e-01,2.931505739688873291e-01,-1.227972865104675293e+00,1.898314058780670166e-02,0.000000000000000000e+00
-7.344876416027545929e-03,-3.289266526699066162e-01,7.129310965538024902e-01,9.173653274774551392e-02,3.582771867513656616e-02,-6.938253641128540039e-01,7.133772969245910645e-01,-5.987403988838195801e-01,-2.230377495288848877e-01,-1.159557625651359558e-01,1.188295960426330566e+00,-6.807000041007995605e-01,2.559915482997894287e-01,-7.741907238960266113e-01,-2.114639133214950562e-01,1.981662511825561523e-01,1.766643285751342773e+00,-1.810398101806640625e-01,8.238591998815536499e-02,-4.216320067644119263e-02,-2.010881006717681885e-01,4.128085970878601074e-01,-8.321986533701419830e-03,-1.632511019706726074e+00,1.613586694002151489e-01,2.030813992023468018e-01,-6.873870491981506348e-01,3.438592255115509033e-01,-1.053538203239440918e+00,1.274544149637222290e-01,0.000000000000000000e+00
-7.556054741144180298e-03,-3.640191555023193359e-01,7.205653190612792969e-01,8.968271315097808838e-02,3.626314178109169006e-02,-6.754810810089111328e-01,7.310042977333068848e-01,-5.055075287818908691e-01,-2.290698736906051636e-01,-1.576512157917022705e-01,1.112791419029235840e+00,-6.807000041007995605e-01,2.437467575073242188e-01,-8.884562849998474121e-01,-2.190038114786148071e-01,1.825839579105377197e-01,1.766888737678527832e+00,-2.581179440021514893e-01,7.070559263229370117e-02,-1.492653787136077881e-01,-2.804898321628570557e-01,3.938127756118774414e-01,1.170392055064439774e-02,-1.729155659675598145e+00,1.846858114004135132e-01,2.364710718393325806e-01,-6.807996630668640137e-01,3.726085126399993896e-01,-9.583778977394104004e-01,1.958588361740112305e-01,0.000000000000000000e+00
-8.519514463841915131e-03,-4.064606428146362305e-01,7.342594265937805176e-01,8.090998232364654541e-02,3.514514863491058350e-02,-6.633228063583374023e-01,7.431159019470214844e-01,-3.712220489978790283e-01,-2.054853141307830811e-01,-1.872423738241195679e-01,1.001424074172973633e+00,-6.807000041007995605e-01,2.328569293022155762e-01,-9.471903443336486816e-01,-2.234450429677963257e-01,1.441912204027175903e-01,1.692748308181762695e+00,-3.160994350910186768e-01,7.009358704090118408e-02,-2.469677329063415527e-01,-3.260243237018585205e-01,3.830786347389221191e-01,2.035103738307952881e-02,-1.828425049781799316e+00,2.097391337156295776e-01,2.864461839199066162e-01,-6.704545617103576660e-01,3.875829577445983887e-01,-8.977198600769042969e-01,1.716070473194122314e-01,0.000000000000000000e+00
-1.017061714082956314e-02,-4.545624554157257080e-01,7.484475970268249512e-01,5.147576704621315002e-02,3.570436686277389526e-02,-6.617203950881958008e-01,7.471288442611694336e-01,-2.293042838573455811e-01,-1.289977431297302246e-01,-1.801845729351043701e-01,9.433907866477966309e-01,-6.804949045181274414e-01,1.989202797412872314e-01,-9.161040782928466797e-01,-2.019410431385040283e-01,5.867059528827667236e-02,1.554953694343566895e+00,-3.258114159107208252e-01,7.162136584520339966e-02,-3.153252303600311279e-01,-3.049033284187316895e-01,4.033024609088897705e-01,6.388838402926921844e-03,-1.928704738616943359e+00,2.224822491407394409e-01,3.656718432903289795e-01,-6.430656313896179199e-01,3.790310919284820557e-01,-8.490290641784667969e-01,8.406078815460205078e-02,0.000000000000000000e+00
-1.276092045009136200e-02,-5.009711384773254395e-01,7.714086771011352539e-01,3.825722262263298035e-02,3.002698719501495361e-02,-6.440808773040771484e-01,7.634098529815673828e-01,-1.113007068634033203e-01,-8.175608515739440918e-02,-1.757335662841796875e-01,8.421761393547058105e-01,-5.212974548339843750e-01,1.264650821685791016e-01,-8.662850260734558105e-01,-1.974756121635437012e-01,-6.385967135429382324e-03,1.349628567695617676e+00,-3.467728197574615479e-01,7.719758898019790649e-02,-4.143310487270355225e-01,-2.700831890106201172e-01,4.146827459335327148e-01,-1.549488119781017303e-02,-2.012588024139404297e+00,2.355935871601104736e-01,4.319536983966827393e-01,-6.432163119316101074e-01,3.546254932880401611e-01,-8.251501917839050293e-01,2.152299322187900543e-02,0.000000000000000000e+00
-1.557989604771137238e-02,-5.452689528465270996e-01,7.915140390396118164e-01,3.264178708195686340e-02,2.962995879352092743e-02,-6.243702173233032227e-01,7.798836231231689453e-01,-5.051471665501594543e-02,-3.261994570493698120e-02,-1.580985784530639648e-01,8.043506741523742676e-01,-3.015527427196502686e-01,3.879558295011520386e-02,-8.234955668449401855e-01,-1.641774028539657593e-01,-2.491521835327148438e-02,1.112395882606506348e+00,-4.238019585609436035e-01,8.894080668687820435e-02,-4.996124505996704102e-01,-2.336241602897644043e-01,4.413371682167053223e-01,-4.855068400502204895e-02,-2.072430372238159180e+00,2.424545735120773315e-01,4.833464026451110840e-01,-6.520254611968994141e-01,3.467106819152832031e-01,-8.422882556915283203e-01,-5.018859636038541794e-03,0.000000000000000000e+00
-1.695230975747108459e-02,-5.886006951332092285e-01,8.047316074371337891e-01,2.688017673790454865e-02,3.390762209892272949e-02,-6.120374202728271484e-01,7.896441817283630371e-01,-2.368559688329696655e-02,3.829958662390708923e-02,-9.627708792686462402e-02,8.365148305892944336e-01,-9.870599210262298584e-02,-2.142204158008098602e-02,-7.914054393768310547e-01,-1.182867735624313354e-01,-7.664675824344158173e-03,8.955617547035217285e-01,-5.637812614440917969e-01,8.291905373334884644e-02,-5.471745729446411133e-01,-1.840953230857849121e-01,4.812196493148803711e-01,-7.319389283657073975e-02,-2.100389003753662109e+00,2.700892686843872070e-01,5.252155661582946777e-01,-6.585391163825988770e-01,3.553297817707061768e-01,-8.848327398300170898e-01,-3.430895134806632996e-02,0.000000000000000000e+00
-1.765674352645874023e-02,-6.312433481216430664e-01,8.083569407463073730e-01,2.263990044593811035e-02,3.943261131644248962e-02,-6.121167540550231934e-01,7.894590497016906738e-01,-2.888205088675022125e-02,1.085755527019500732e-01,-2.255399152636528015e-02,9.419200420379638672e-01,-7.071997970342636108e-02,-1.225992944091558456e-02,-7.764676213264465332e-01,-9.281812608242034912e-02,-4.784636257681995630e-04,7.682320475578308105e-01,-6.771497726440429688e-01,4.873941466212272644e-02,-5.451783537864685059e-01,-1.338994204998016357e-01,5.198380947113037109e-01,-8.696021139621734619e-02,-2.093563318252563477e+00,3.066252171993255615e-01,5.466713309288024902e-01,-6.641156673431396484e-01,3.697637915611267090e-01,-9.368193745613098145e-01,-6.583757698535919189e-02,0.000000000000000000e+00
-1.821592822670936584e-02,-6.709233522415161133e-01,8.017943501472473145e-01,2.352152764797210693e-02,4.807645455002784729e-02,-6.256105899810791016e-01,7.782973647117614746e-01,-6.185496225953102112e-02,1.805292665958404541e-01,5.850258842110633850e-02,1.087196707725524902e+00,-1.309376209974288940e-01,2.341346070170402527e-02,-7.575544118881225586e-01,-7.747687399387359619e-02,-2.940375357866287231e-02,6.928916573524475098e-01,-6.798486113548278809e-01,1.544593553990125656e-02,-4.964544475078582764e-01,-8.478140830993652344e-02,5.611984729766845703e-01,-8.700852841138839722e-02,-2.069603443145751953e+00,3.245125412940979004e-01,5.410841107368469238e-01,-6.729012131690979004e-01,3.676166534423828125e-01,-1.003086566925048828e+00,-6.774774938821792603e-02,0.000000000000000000e+00
-1.954936794936656952e-02,-7.152525186538696289e-01,7.792536020278930664e-01,2.575477212667465210e-02,4.122673347592353821e-02,-6.248104572296142578e-01,7.792617678642272949e-01,-9.309901297092437744e-02,2.214177399873733521e-01,6.587486714124679565e-02,1.262634634971618652e+00,-1.509753614664077759e-01,5.604595690965652466e-02,-7.820305824279785156e-01,-8.603123575448989868e-02,-5.869771353900432587e-03,8.334294557571411133e-01,-6.786235570907592773e-01,2.468667225912213326e-04,-4.718445539474487305e-01,-1.939392462372779846e-02,5.879935622215270996e-01,-8.995307236909866333e-02,-2.025593519210815430e+00,3.006508648395538330e-01,5.190903544425964355e-01,-6.955853700637817383e-01,3.423382639884948730e-01,-1.069978237152099609e+00,-4.848550260066986084e-02,0.000000000000000000e+00
-2.225028537213802338e-02,-7.558546066284179688e-01,7.504494786262512207e-01,3.416012972593307495e-02,4.125145822763442993e-02,-6.358695030212402344e-01,7.699359655380249023e-01,-1.826294660568237305e-01,2.179028987884521484e-01,2.073551528155803680e-02,1.465544223785400391e+00,-1.123888567090034485e-01,1.058869361877441406e-01,-8.784149885177612305e-01,-4.179001599550247192e-02,7.918348908424377441e-02,1.050571203231811523e+00,-6.411406993865966797e-01,-2.330501005053520203e-02,-4.067478179931640625e-01,3.454356640577316284e-02,6.164296269416809082e-01,-9.635677188634872437e-02,-1.941654086112976074e+00,2.541665434837341309e-01,4.670505523681640625e-01,-7.054388523101806641e-01,3.008227050304412842e-01,-1.155182957649230957e+00,-3.138453140854835510e-02,0.000000000000000000e+00
-2.244680933654308319e-02,-7.940820455551147461e-01,7.275978922843933105e-01,4.252905398607254028e-02,4.870833456516265869e-02,-6.577139496803283691e-01,7.504872679710388184e-01,-3.061198592185974121e-01,1.553058475255966187e-01,-5.158802121877670288e-02,1.646202206611633301e+00,-6.289041042327880859e-02,1.165016070008277893e-01,-9.310308694839477539e-01,8.170180954039096832e-03,1.250390559434890747e-01,1.177276611328125000e+00,-6.021071076393127441e-01,-4.937929660081863403e-02,-3.052434623241424561e-01,8.170243352651596069e-02,6.278343200683593750e-01,-1.181303709745407104e-01,-1.790045619010925293e+00,1.743756830692291260e-01,3.746969103813171387e-01,-7.008230686187744141e-01,2.727802991867065430e-01,-1.235516548156738281e+00,-1.514074858278036118e-02,0.000000000000000000e+00
-2.069817483425140381e-02,-8.332917690277099609e-01,7.116402983665466309e-01,4.633686691522598267e-02,4.812883958220481873e-02,-6.711826324462890625e-01,7.382752895355224609e-01,-4.250304698944091797e-01,5.230453237891197205e-02,-1.321201026439666748e-01,1.789348721504211426e+00,-7.940025627613067627e-02,9.903558343648910522e-02,-9.332336783409118652e-01,3.278085589408874512e-02,1.560564637184143066e-01,1.269825577735900879e+00,-6.338204741477966309e-01,-6.800360977649688721e-02,-2.148760110139846802e-01,1.080827489495277405e-01,6.057999730110168457e-01,-1.621641516685485840e-01,-1.570945978164672852e+00,7.480880618095397949e-02,2.582104504108428955e-01,-6.857478022575378418e-01,2.609106898307800293e-01,-1.302518367767333984e+00,2.242886833846569061e-02,0.000000000000000000e+00
-1.710980758070945740e-02,-8.715960383415222168e-01,7.026690840721130371e-01,4.613342136144638062e-02,4.601564258337020874e-02,-6.830252408981323242e-01,7.274824976921081543e-01,-5.540402531623840332e-01,-3.134516999125480652e-02,-1.837014406919479370e-01,1.893048882484436035e+00,-1.294603943824768066e-01,9.901636093854904175e-02,-9.004945755004882812e-01,4.518895596265792847e-02,1.752672195434570312e-01,1.319753408432006836e+00,-6.783832311630249023e-01,-7.891693711280822754e-02,-1.167664155364036560e-01,1.105467900633811951e-01,5.861571431159973145e-01,-2.409404069185256958e-01,-1.323116064071655273e+00,-1.839272491633892059e-02,1.399383842945098877e-01,-6.565312147140502930e-01,2.567340433597564697e-01,-1.383760213851928711e+00,3.041129373013973236e-02,0.000000000000000000e+00
-1.143828686326742172e-02,-9.081520438194274902e-01,7.034457325935363770e-01,4.241817444562911987e-02,5.093118175864219666e-02,-7.037703990936279297e-01,7.073287367820739746e-01,-7.025764584541320801e-01,-3.188693150877952576e-02,-1.885394454002380371e-01,1.936494469642639160e+00,-1.879378855228424072e-01,1.286219656467437744e-01,-8.403024077415466309e-01,7.526531815528869629e-02,1.939317137002944946e-01,1.292431116104125977e+00,-6.807000041007995605e-01,-8.404110372066497803e-02,1.951650902628898621e-02,1.098269149661064148e-01,5.781726241111755371e-01,-3.229081332683563232e-01,-1.086845993995666504e+00,-8.764511346817016602e-02,5.787392333149909973e-02,-6.256805062294006348e-01,2.180265337228775024e-01,-1.534157872200012207e+00,-1.249884441494941711e-02,0.000000000000000000e+00
-4.489231389015913010e-03,-9.482517242431640625e-01,7.120077610015869141e-01,3.527921810746192932e-02,5.601593106985092163e-02,-7.213131189346313477e-01,6.894381642341613770e-01,-8.327007889747619629e-01,2.951427362859249115e-02,-1.697022467851638794e-01,1.908957719802856445e+00,-2.740315794944763184e-01,1.765637695789337158e-01,-7.419529557228088379e-01,9.311284869909286499e-02,2.046493440866470337e-01,1.219668745994567871e+00,-6.807000041007995605e-01,-8.313595503568649292e-02,1.612574905157089233e-01,1.336105614900588989e-01,5.924407243728637695e-01,-3.574749231338500977e-01,-9.481233358383178711e-01,-1.522424966096878052e-01,-3.123270580545067787e-03,-5.986856818199157715e-01,1.515842676162719727e-01,-1.733045458793640137e+00,-6.791778653860092163e-02,0.000000000000000000e+00
5.056408233940601349e-03,-9.924191236495971680e-01,7.271180748939514160e-01,2.773585729300975800e-02,5.458923429250717163e-02,-7.302419543266296387e-01,6.804391145706176758e-01,-9.091132283210754395e-01,8.667328953742980957e-02,-1.309583038091659546e-01,1.803954124450683594e+00,-3.541174829006195068e-01,2.057361006736755371e-01,-6.069516539573669434e-01,7.435958087444305420e-02,2.018574327230453491e-01,1.109872221946716309e+00,-6.807000041007995605e-01,-7.788454741239547729e-02,2.808249592781066895e-01,1.768694818019866943e-01,6.128686070442199707e-01,-3.571429550647735596e-01,-8.851037025451660156e-01,-1.754459589719772339e-01,-5.072486773133277893e-02,-5.825763344764709473e-01,8.407860249280929565e-02,-1.927960276603698730e+00,-1.038456857204437256e-01,0.000000000000000000e+00
1.635610312223434448e-02,-1.041959166526794434e+00,7.458462119102478027e-01,1.691572926938533783e-02,3.914232924580574036e-02,-7.289273142814636230e-01,6.832618117332458496e-01,-8.965138196945190430e-01,1.056544110178947449e-01,-7.261117547750473022e-02,1.626475930213928223e+00,-4.029071331024169922e-01,2.003937661647796631e-01,-4.237468242645263672e-01,1.758429594337940216e-02,1.739221513271331787e-01,9.815098047256469727e-01,-6.807000041007995605e-01,-7.270383089780807495e-02,3.665389120578765869e-01,2.494718283414840698e-01,6.328820586204528809e-01,-3.254514038562774658e-01,-8.578557372093200684e-01,-1.534177362918853760e-01,-2.911879681050777435e-02,-5.643840432167053223e-01,-6.576934829354286194e-03,-2.107308864593505859e+00,-1.698122322559356689e-01,0.000000000000000000e+00
2.872187830507755280e-02,-1.094802379608154297e+00,7.608588337898254395e-01,1.257118489593267441e-02,1.030939351767301559e-02,-7.178300023078918457e-01,6.960285305976867676e-01,-8.252767324447631836e-01,7.273691892623901367e-02,2.866220427677035332e-03,1.405481219291687012e+00,-4.292509853839874268e-01,1.665118932723999023e-01,-2.563953697681427002e-01,-6.923302263021469116e-02,1.227008029818534851e-01,9.282242655754089355e-01,-6.796668171882629395e-01,-4.385611042380332947e-02,4.124032855033874512e-01,3.375489413738250732e-01,6.364959478378295898e-01,-2.771108448505401611e-01,-8.476036787033081055e-01,-1.208119168877601624e-01,5.823174491524696350e-03,-5.545912384986877441e-01,-5.301022902131080627e-02,-2.194777011871337891e+00,-2.610172927379608154e-01,0.000000000000000000e+00
4.330906271934509277e-02,-1.143450140953063965e+00,7.817181348800659180e-01,3.343601245433092117e-03,2.857979154214262962e-03,-7.210059762001037598e-01,6.929149031639099121e-01,-7.606942057609558105e-01,7.395970076322555542e-02,5.976059660315513611e-02,1.152824044227600098e+00,-4.486297667026519775e-01,1.315723657608032227e-01,-1.164793968200683594e-01,-1.006088629364967346e-01,8.101470768451690674e-02,8.192586302757263184e-01,-5.258716940879821777e-01,3.959555178880691528e-03,4.868405163288116455e-01,3.963243067264556885e-01,6.517069935798645020e-01,-2.110102623701095581e-01,-8.481919169425964355e-01,-9.453486651182174683e-02,-3.456839593127369881e-03,-5.427617430686950684e-01,-5.598633736371994019e-02,-2.194799900054931641e+00,-3.510033786296844482e-01,0.000000000000000000e+00
5.920973792672157288e-02,-1.188810944557189941e+00,7.963256835937500000e-01,6.141312886029481888e-03,-1.487789093516767025e-03,-7.196094989776611328e-01,6.943502426147460938e-01,-7.242898941040039062e-01,3.962625190615653992e-02,8.737009018659591675e-02,9.336674809455871582e-01,-5.317403674125671387e-01,1.242912635207176208e-01,-5.275616422295570374e-02,-1.569550484418869019e-01,1.567566394805908203e-02,8.088464736938476562e-01,-3.492780625820159912e-01,5.333095416426658630e-02,5.270143747329711914e-01,4.352266490459442139e-01,6.364835500717163086e-01,-1.458600312471389771e-01,-8.546045422554016113e-01,-7.735193520784378052e-02,6.319649517536163330e-03,-5.803641676902770996e-01,-5.040422827005386353e-02,-2.194799900054931641e+00,-3.856553137302398682e-01,0.000000000000000000e+00
7.645214349031448364e-02,-1.230587363243103027e+00,8.016593456268310547e-01,1.818861067295074463e-02,-4.414875525981187820e-03,-7.100947499275207520e-01,7.038573622703552246e-01,-7.128187417984008789e-01,-1.036980003118515015e-02,1.146884784102439880e-01,7.932799458503723145e-01,-6.168504953384399414e-01,1.480912268161773682e-01,-5.446005985140800476e-02,-2.383544445037841797e-01,-5.788322910666465759e-02,9.111832380294799805e-01,-1.580932140350341797e-01,8.828366547822952271e-02,5.280169844627380371e-01,4.542219936847686768e-01,6.057358384132385254e-01,-9.997516125440597534e-02,-8.790334463119506836e-01,-7.828362286090850830e-02,4.362281784415245056e-02,-6.522805094718933105e-01,-5.597163364291191101e-02,-2.194799900054931641e+00,-3.689840734004974365e-01,0.000000000000000000e+00
9.339131414890289307e-02,-1.271871447563171387e+00,7.955367565155029297e-01,2.619848027825355530e-02,-3.697872860357165337e-03,-6.960232257843017578e-01,7.175316214561462402e-01,-7.008674144744873047e-01,-5.004062503576278687e-02,1.454379111528396606e-01,7.454968690872192383e-01,-6.531704068183898926e-01,1.648705899715423584e-01,-9.539552778005599976e-02,-2.749228477478027344e-01,-5.180114880204200745e-02,1.079766035079956055e+00,3.941663727164268494e-02,1.296346187591552734e-01,5.001059770584106445e-01,4.578419029712677002e-01,5.776209831237792969e-01,-5.345462262630462646e-02,-9.161198139190673828e-01,-7.900401204824447632e-02,1.068236902356147766e-01,-7.140144705772399902e-01,-6.641978770494461060e-02,-2.194799900054931641e+00,-3.382269144058227539e-01,0.000000000000000000e+00
1.082460954785346985e-01,-1.313622236251831055e+00,7.778141498565673828e-01,2.341316267848014832e-02,8.986837347038090229e-04,-6.821219921112060547e-01,7.308629155158996582e-01,-7.060478329658508301e-01,-8.152405917644500732e-02,1.221901625394821167e-01,8.180490136146545410e-01,-6.266822814941406250e-01,2.066538929939270020e-01,-1.627971231937408447e-01,-2.384920269250869751e-01,2.726526744663715363e-02,1.290496706962585449e+00,8.019771426916122437e-02,1.588761359453201294e-01,4.591527879238128662e-01,4.495055675506591797e-01,5.564443469047546387e-01,1.749550923705101013e-03,-9.638140201568603516e-01,-6.681743264198303223e-02,1.888363808393478394e-01,-7.478629946708679199e-01,-7.424854487180709839e-02,-2.194799661636352539e+00,-3.042825758457183838e-01,0.000000000000000000e+00
1.182697191834449768e-01,-1.352567791938781738e+00,7.538556456565856934e-01,1.199115719646215439e-02,1.018923334777355194e-02,-6.709724068641662598e-01,7.413153052330017090e-01,-7.830367684364318848e-01,-9.498984366655349731e-02,4.215196147561073303e-02,1.018228173255920410e+00,-5.759739279747009277e-01,2.617999911308288574e-01,-2.515706121921539307e-01,-1.647294610738754272e-01,1.003143563866615295e-01,1.510216474533081055e+00,6.703600287437438965e-02,1.626612991094589233e-01,4.248547852039337158e-01,4.205288290977478027e-01,5.540549755096435547e-01,4.420784115791320801e-02,-1.035994291305541992e+00,-4.474080353975296021e-02,2.351494729518890381e-01,-7.580511569976806641e-01,-4.676063358783721924e-02,-2.143055200576782227e+00,-2.572575509548187256e-01,0.000000000000000000e+00
1.251401603221893311e-01,-1.390897393226623535e+00,7.324921488761901855e-01,1.725356793031096458e-03,2.271821349859237671e-02,-6.518203020095825195e-01,7.580311298370361328e-01,-8.409891128540039062e-01,-9.562985599040985107e-02,-2.929554507136344910e-02,1.180119514465332031e+00,-5.320709943771362305e-01,2.617999911308288574e-01,-3.668054640293121338e-01,-1.033475399017333984e-01,1.260584294795989990e-01,1.703920483589172363e+00,8.415683358907699585e-02,1.318388879299163818e-01,3.741903603076934814e-01,3.502980768680572510e-01,5.558609366416931152e-01,5.727467313408851624e-02,-1.106465339660644531e+00,-2.251003682613372803e-02,2.492893338203430176e-01,-7.526304125785827637e-01,1.877024956047534943e-02,-1.998627424240112305e+00,-1.603075861930847168e-01,0.000000000000000000e+00
1.354529559612274170e-01,-1.430043101310729980e+00,7.182040810585021973e-01,-9.306464344263076782e-03,2.963666245341300964e-02,-6.365782618522644043e-01,7.705862522125244141e-01,-8.351259231567382812e-01,-9.535740315914154053e-02,-7.473218441009521484e-02,1.282441616058349609e+00,-6.091567873954772949e-01,2.617999911308288574e-01,-4.989821910858154297e-01,-6.588087230920791626e-02,1.493164598941802979e-01,1.844873070716857910e+00,7.441399246454238892e-02,7.489320635795593262e-02,3.405711650848388672e-01,2.336861193180084229e-01,5.403003096580505371e-01,1.481411326676607132e-02,-1.157371997833251953e+00,5.885875318199396133e-03,2.437514066696166992e-01,-7.185045480728149414e-01,1.259328275918960571e-01,-1.769486904144287109e+00,-2.684533037245273590e-02,0.000000000000000000e+00
1.513101309537887573e-01,-1.467796921730041504e+00,7.116700410842895508e-01,-1.946655660867691040e-02,3.218374773859977722e-02,-6.215854287147521973e-01,7.824428677558898926e-01,-7.846547961235046387e-01,-1.069271415472030640e-01,-9.611754119396209717e-02,1.327064871788024902e+00,-6.763576269149780273e-01,2.617999911308288574e-01,-6.364613175392150879e-01,-2.466616593301296234e-02,1.811067014932632446e-01,1.913765430450439453e+00,2.189782448112964630e-03,2.684465236961841583e-02,2.961439490318298340e-01,9.971074759960174561e-02,4.910221397876739502e-01,-5.048027634620666504e-02,-1.219263672828674316e+00,8.207134157419204712e-02,1.910614669322967529e-01,-6.628587841987609863e-01,2.886613607406616211e-01,-1.459243535995483398e+00,1.525268852710723877e-01,0.000000000000000000e+00
1.685511618852615356e-01,-1.502631306648254395e+00,7.162943482398986816e-01,-2.107986435294151306e-02,3.520042449235916138e-02,-5.872716307640075684e-01,8.083493113517761230e-01,-7.090482711791992188e-01,-1.554664671421051025e-01,-1.394176781177520752e-01,1.284949064254760742e+00,-6.798072457313537598e-01,2.617999911308288574e-01,-7.670273780822753906e-01,-3.509958460927009583e-02,1.694491505622863770e-01,1.889837503433227539e+00,-9.883662313222885132e-02,-8.489659056067466736e-03,1.911552548408508301e-01,-2.695368044078350067e-02,4.462373554706573486e-01,-1.300898641347885132e-01,-1.325906515121459961e+00,1.360685229301452637e-01,1.465940326452255249e-01,-5.959811210632324219e-01,4.272086322307586670e-01,-1.134290933609008789e+00,2.923488616943359375e-01,0.000000000000000000e+00
1.883804053068161011e-01,-1.540119886398315430e+00,7.278969287872314453e-01,-1.893207617104053497e-02,3.322080522775650024e-02,-5.457531213760375977e-01,8.370731472969055176e-01,-5.968859791755676270e-01,-2.105531990528106689e-01,-1.961160600185394287e-01,1.204404473304748535e+00,-6.807000041007995605e-01,2.617999911308288574e-01,-8.478790521621704102e-01,-8.823383599519729614e-02,1.349582225084304810e-01,1.780818819999694824e+00,-1.859838664531707764e-01,-1.982736401259899139e-02,6.313852965831756592e-02,-1.438270062208175659e-01,4.090685844421386719e-01,-2.136356383562088013e-01,-1.459096550941467285e+00,1.528394222259521484e-01,1.668885797262191772e-01,-5.579273104667663574e-01,4.868394434452056885e-01,-8.750791549682617188e-01,3.020835518836975098e-01,0.000000000000000000e+00
2.116933763027191162e-01,-1.580339908599853516e+00,7.431386113166809082e-01,-1.953734643757343292e-02,2.634071931242942810e-02,-5.116803050041198730e-01,8.585497736930847168e-01,-4.552438557147979736e-01,-2.420428991317749023e-01,-2.431587576866149902e-01,1.108025908470153809e+00,-6.806393861770629883e-01,2.617999911308288574e-01,-8.702595233917236328e-01,-1.276985406875610352e-01,1.039649248123168945e-01,1.604617118835449219e+00,-2.688488960266113281e-01,-9.641461074352264404e-03,-4.902612045407295227e-02,-2.380740344524383545e-01,3.855588734149932861e-01,-2.815797030925750732e-01,-1.604902744293212891e+00,1.681578755378723145e-01,2.295540571212768555e-01,-5.510383844375610352e-01,5.234460234642028809e-01,-7.213898897171020508e-01,2.463997602462768555e-01,0.000000000000000000e+00
2.400428503751754761e-01,-1.619574785232543945e+00,7.600307464599609375e-01,-2.390144206583499908e-02,1.058196742087602615e-02,-4.793370366096496582e-01,8.772415518760681152e-01,-2.981868982315063477e-01,-2.707915902137756348e-01,-2.784212529659271240e-01,1.020188450813293457e+00,-6.292389035224914551e-01,2.617999911308288574e-01,-8.289728760719299316e-01,-1.687702983617782593e-01,7.031764090061187744e-02,1.376694798469543457e+00,-3.473706245422363281e-01,1.434837747365236282e-02,-1.544691324234008789e-01,-2.761068344116210938e-01,3.870691955089569092e-01,-3.129602968692779541e-01,-1.774031996726989746e+00,1.815321296453475952e-01,3.181345164775848389e-01,-5.720784664154052734e-01,5.502486228942871094e-01,-6.659610271453857422e-01,1.557364463806152344e-01,0.000000000000000000e+00
2.702265381813049316e-01,-1.655214309692382812e+00,7.789556980133056641e-01,-2.666128240525722504e-02,-3.856928553432226181e-03,-4.478657841682434082e-01,8.936948776245117188e-01,-1.679229438304901123e-01,-2.879220247268676758e-01,-2.910481393337249756e-01,9.392312169075012207e-01,-4.919751882553100586e-01,2.417241483926773071e-01,-7.593364715576171875e-01,-2.012146115303039551e-01,3.369696065783500671e-02,1.119384288787841797e+00,-4.457297921180725098e-01,3.394290804862976074e-02,-2.495762407779693604e-01,-2.572092115879058838e-01,4.112020134925842285e-01,-2.853093743324279785e-01,-1.942661762237548828e+00,2.330349385738372803e-01,4.178135097026824951e-01,-6.127828359603881836e-01,5.371206998825073242e-01,-6.755005717277526855e-01,4.010447114706039429e-02,0.000000000000000000e+00
2.916203737258911133e-01,-1.691699743270874023e+00,7.953011393547058105e-01,-3.396856039762496948e-02,-2.037151483818888664e-03,-4.257177412509918213e-01,9.042158722877502441e-01,-1.332212090492248535e-01,-2.555441260337829590e-01,-2.930392026901245117e-01,9.484198093414306641e-01,-3.264148533344268799e-01,1.528294533491134644e-01,-7.031908035278320312e-01,-1.649075150489807129e-01,4.597291350364685059e-03,8.895611166954040527e-01,-5.629593133926391602e-01,3.271455690264701843e-02,-3.028200566768646240e-01,-2.235363572835922241e-01,4.452247321605682373e-01,-2.420163452625274658e-01,-2.049911022186279297e+00,3.315032422542572021e-01,5.029047131538391113e-01,-6.214644908905029297e-01,4.931737482547760010e-01,-7.024198174476623535e-01,-8.644001930952072144e-02,0.000000000000000000e+00
3.122203052043914795e-01,-1.726625442504882812e+00,8.026629090309143066e-01,-4.027633741497993469e-02,4.740676376968622208e-03,-4.158340096473693848e-01,9.085358977317810059e-01,-1.614560037851333618e-01,-2.279524654150009155e-01,-2.765307426452636719e-01,1.034608721733093262e+00,-1.804910302162170410e-01,6.316532939672470093e-02,-6.743152737617492676e-01,-1.099899411201477051e-01,1.934203435666859150e-03,7.539799809455871582e-01,-6.304023861885070801e-01,3.740818798542022705e-02,-3.062378764152526855e-01,-1.776849478483200073e-01,4.961090683937072754e-01,-1.949045360088348389e-01,-2.118674993515014648e+00,3.832042515277862549e-01,5.772942304611206055e-01,-6.157823204994201660e-01,4.567855894565582275e-01,-7.330064773559570312e-01,-2.193998843431472778e-01,0.000000000000000000e+00
3.305918574333190918e-01,-1.762724280357360840e+00,7.984083294868469238e-01,-3.993750736117362976e-02,1.018171105533838272e-02,-4.045350551605224609e-01,9.135932922363281250e-01,-2.375455796718597412e-01,-1.745488643646240234e-01,-2.188765406608581543e-01,1.181312203407287598e+00,-1.280259788036346436e-01,2.183086425065994263e-02,-6.759785413742065430e-01,-6.568989157676696777e-02,3.331609070301055908e-02,7.535406947135925293e-01,-6.741840839385986328e-01,1.942681334912776947e-02,-2.909242808818817139e-01,-1.411952972412109375e-01,5.446704626083374023e-01,-1.659848839044570923e-01,-2.143055677413940430e+00,3.674456775188446045e-01,6.356163024902343750e-01,-6.215075850486755371e-01,4.655003845691680908e-01,-7.722996473312377930e-01,-3.106633722782135010e-01,0.000000000000000000e+00
3.481588065624237061e-01,-1.798698306083679199e+00,7.825635075569152832e-01,-3.148773312568664551e-02,1.482429075986146927e-02,-3.952523469924926758e-01,9.179130196571350098e-01,-3.622447252273559570e-01,-1.016110926866531372e-01,-1.486738175153732300e-01,1.379058957099914551e+00,-2.034219503402709961e-01,9.130941331386566162e-02,-6.986719369888305664e-01,-2.108940109610557556e-02,1.115507557988166809e-01,8.320999741554260254e-01,-6.780073642730712891e-01,1.935036038048565388e-03,-2.643918395042419434e-01,-1.068589091300964355e-01,5.668260455131530762e-01,-1.508876830339431763e-01,-2.121007680892944336e+00,3.401121795177459717e-01,6.650030016899108887e-01,-6.570525765419006348e-01,5.044370293617248535e-01,-8.407624959945678711e-01,-3.212417364120483398e-01,0.000000000000000000e+00
3.645069003105163574e-01,-1.834046602249145508e+00,7.578186988830566406e-01,-2.301570586860179901e-02,2.294152230024337769e-02,-3.894223868846893311e-01,9.204858541488647461e-01,-5.112953186035156250e-01,-5.556035414338111877e-02,-1.418280303478240967e-01,1.575970649719238281e+00,-2.450211048126220703e-01,1.660526841878890991e-01,-7.456142902374267578e-01,1.483079418540000916e-02,1.681386679410934448e-01,9.408152103424072266e-01,-5.883026123046875000e-01,-4.522442817687988281e-03,-2.259697616100311279e-01,-7.583581656217575073e-02,5.795887708663940430e-01,-1.437122523784637451e-01,-2.056030988693237305e+00,3.177120089530944824e-01,6.421713829040527344e-01,-6.963130831718444824e-01,5.524942874908447266e-01,-9.173641204833984375e-01,-2.590328156948089600e-01,0.000000000000000000e+00
3.835480511188507080e-01,-1.865923404693603516e+00,7.320515513420104980e-01,-1.738312095403671265e-02,3.177822753787040710e-02,-3.800840973854064941e-01,9.242424368858337402e-01,-6.594031453132629395e-01,-9.423325210809707642e-02,-2.088202089071273804e-01,1.728568315505981445e+00,-2.646320164203643799e-01,2.056295424699783325e-01,-8.172431588172912598e-01,1.725709997117519379e-02,1.649842560291290283e-01,1.115134596824645996e+00,-5.365950465202331543e-01,7.194750010967254639e-03,-1.898238211870193481e-01,-5.303439870476722717e-02,5.808135271072387695e-01,-1.627722978591918945e-01,-1.935986399650573730e+00,2.510471343994140625e-01,5.771920680999755859e-01,-7.131322026252746582e-01,5.630328059196472168e-01,-9.793307185173034668e-01,-1.479900032281875610e-01,0.000000000000000000e+00
4.065434336662292480e-01,-1.897657155990600586e+00,7.125604748725891113e-01,-1.614417321979999542e-02,3.448755666613578796e-02,-3.778029084205627441e-01,9.251026511192321777e-01,-7.565399408340454102e-01,-1.740356832742691040e-01,-2.803260684013366699e-01,1.801248908042907715e+00,-2.994217872619628906e-01,1.814788579940795898e-01,-8.322440981864929199e-01,1.162017323076725006e-02,1.493917405605316162e-01,1.234152793884277344e+00,-5.853749513626098633e-01,-6.819715723395347595e-03,-1.416625529527664185e-01,-1.613325066864490509e-02,5.514649152755737305e-01,-1.891461312770843506e-01,-1.766097545623779297e+00,1.358352005481719971e-01,4.948876798152923584e-01,-7.051802277565002441e-01,5.048860311508178711e-01,-1.026464462280273438e+00,-3.447582572698593140e-02,0.000000000000000000e+00
4.309299886226654053e-01,-1.928876757621765137e+00,7.003758549690246582e-01,-1.843301206827163696e-02,3.233271464705467224e-02,-3.776395916938781738e-01,9.252043962478637695e-01,-8.233767151832580566e-01,-2.323561608791351318e-01,-3.312993347644805908e-01,1.809827923774719238e+00,-3.483635485172271729e-01,1.493304371833801270e-01,-7.947203516960144043e-01,9.335773997008800507e-03,1.377751529216766357e-01,1.298376679420471191e+00,-6.636262536048889160e-01,-2.152060531079769135e-02,-8.000519871711730957e-02,2.858966961503028870e-02,5.219943523406982422e-01,-2.064494788646697998e-01,-1.597405314445495605e+00,-9.633302688598632812e-04,4.125506877899169922e-01,-6.705299615859985352e-01,3.869186937808990479e-01,-1.073480010032653809e+00,4.091705754399299622e-02,0.000000000000000000e+00
4.571661353111267090e-01,-1.954880952835083008e+00,7.006989717483520508e-01,-2.664645574986934662e-02,3.157464787364006042e-02,-3.892969787120819092e-01,9.201852679252624512e-01,-8.918794989585876465e-01,-1.982824653387069702e-01,-3.261142671108245850e-01,1.761286258697509766e+00,-3.983201980590820312e-01,1.513861566781997681e-01,-7.186709642410278320e-01,2.397301979362964630e-02,1.274123936891555786e-01,1.273792862892150879e+00,-6.807000041007995605e-01,-2.455824799835681915e-02,1.724023558199405670e-02,6.562220305204391479e-02,5.007563829421997070e-01,-2.517931461334228516e-01,-1.418088912963867188e+00,-8.326148241758346558e-02,3.166769742965698242e-01,-6.162364482879638672e-01,2.794469594955444336e-01,-1.127021431922912598e+00,1.089924499392509460e-01,0.000000000000000000e+00
4.870584905147552490e-01,-1.979220867156982422e+00,7.102302312850952148e-01,-3.466181457042694092e-02,2.765652537345886230e-02,-4.020574390888214111e-01,9.145400524139404297e-01,-9.407253265380859375e-01,-1.101253554224967957e-01,-2.709440588951110840e-01,1.666801810264587402e+00,-4.432846903800964355e-01,1.870937645435333252e-01,-6.084021925926208496e-01,2.933927625417709351e-02,1.210653185844421387e-01,1.197510957717895508e+00,-6.807000041007995605e-01,-2.290281094610691071e-02,1.266221106052398682e-01,1.138720139861106873e-01,4.819011390209197998e-01,-2.861196696758270264e-01,-1.227597594261169434e+00,-8.780056238174438477e-02,2.279000878334045410e-01,-5.591848492622375488e-01,1.997857242822647095e-01,-1.207772254943847656e+00,1.281071454286575317e-01,0.000000000000000000e+00
5.211701989173889160e-01,-2.003278255462646484e+00,7.251886129379272461e-01,-3.919603675603866577e-02,1.689224131405353546e-02,-4.102262556552886963e-01,9.109845161437988281e-01,-9.404438734054565430e-01,-2.103570103645324707e-02,-1.806462854146957397e-01,1.531890869140625000e+00,-4.836278557777404785e-01,2.126622796058654785e-01,-4.681175947189331055e-01,8.740778081119060516e-03,1.101355701684951782e-01,1.094256877899169922e+00,-6.807000041007995605e-01,-2.099178917706012726e-02,2.329995632171630859e-01,1.711390763521194458e-01,4.873465001583099365e-01,-3.081755042076110840e-01,-1.076239228248596191e+00,-1.230595707893371582e-01,1.752324849367141724e-01,-5.221643447875976562e-01,1.484003961086273193e-01,-1.335120558738708496e+00,8.787003904581069946e-02,0.000000000000000000e+00
5.595993399620056152e-01,-2.028245925903320312e+00,7.413842678070068359e-01,-3.755168989300727844e-02,-2.829706529155373573e-03,-4.055406153202056885e-01,9.133009910583496094e-01,-8.848190307617187500e-01,2.505895681679248810e-02,-6.836210191249847412e-02,1.369522690773010254e+00,-4.963906705379486084e-01,2.165175676345825195e-01,-3.120383322238922119e-01,-4.374134913086891174e-02,8.366699516773223877e-02,1.007999897003173828e+00,-6.807000041007995605e-01,-1.385096833109855652e-02,3.125153779983520508e-01,2.426770478487014771e-01,5.097603797912597656e-01,-3.453486263751983643e-01,-9.790605902671813965e-01,-1.528465300798416138e-01,1.533560156822204590e-01,-5.206495523452758789e-01,1.313099265098571777e-01,-1.488107323646545410e+00,3.510969877243041992e-02,0.000000000000000000e+00
6.006948351860046387e-01,-2.051798820495605469e+00,7.592881917953491211e-01,-3.256988152861595154e-02,-2.474329806864261627e-02,-3.979859352111816406e-01,9.164792299270629883e-01,-7.921307682991027832e-01,3.537027910351753235e-02,5.011618882417678833e-02,1.181010007858276367e+00,-5.087335109710693359e-01,1.925829499959945679e-01,-1.639054417610168457e-01,-1.025924086570739746e-01,4.917350038886070251e-02,9.374895691871643066e-01,-6.226659417152404785e-01,1.663219369947910309e-02,3.795055150985717773e-01,3.182716667652130127e-01,5.406022667884826660e-01,-3.672700524330139160e-01,-9.159894585609436035e-01,-1.572508960962295532e-01,1.551806181669235229e-01,-5.410318970680236816e-01,1.155036464333534241e-01,-1.652898311614990234e+00,-8.074573241174221039e-03,0.000000000000000000e+00
6.420270800590515137e-01,-2.071916103363037109e+00,7.789063453674316406e-01,-2.982870861887931824e-02,-3.608861565589904785e-02,-3.941196501255035400e-01,9.178657531738281250e-01,-7.085610628128051758e-01,2.976189553737640381e-02,1.327594369649887085e-01,9.850048422813415527e-01,-5.574764013290405273e-01,1.684500724077224731e-01,-5.195445194840431213e-02,-1.442460566759109497e-01,1.160103175789117813e-02,8.663125634193420410e-01,-4.701110720634460449e-01,7.042837888002395630e-02,4.403570592403411865e-01,3.765014111995697021e-01,5.741251707077026367e-01,-3.584548830986022949e-01,-8.812606930732727051e-01,-1.510960012674331665e-01,1.448355913162231445e-01,-5.557726025581359863e-01,9.359072148799896240e-02,-1.798308491706848145e+00,-5.738462880253791809e-02,0.000000000000000000e+00
6.835473775863647461e-01,-2.089656114578247070e+00,7.928701043128967285e-01,-2.062450349330902100e-02,-4.179428890347480774e-02,-3.847730457782745361e-01,9.218338131904602051e-01,-6.498398780822753906e-01,-3.382796130608767271e-04,1.796609759330749512e-01,8.318787217140197754e-01,-6.220242381095886230e-01,1.915369033813476562e-01,1.052856817841529846e-02,-2.220334857702255249e-01,-6.911948323249816895e-02,8.683251142501831055e-01,-2.911914587020874023e-01,1.192638799548149109e-01,4.759372472763061523e-01,4.163438975811004639e-01,5.971063375473022461e-01,-3.394448161125183105e-01,-8.700250387191772461e-01,-1.515066623687744141e-01,1.399240046739578247e-01,-5.831281542778015137e-01,5.701366066932678223e-02,-1.930394530296325684e+00,-1.171176359057426453e-01,0.000000000000000000e+00
7.233495712280273438e-01,-2.105262041091918945e+00,7.955937385559082031e-01,-5.529289133846759796e-03,-3.777892887592315674e-02,-3.750669956207275391e-01,9.262110590934753418e-01,-6.286997199058532715e-01,-3.531561791896820068e-02,2.151769101619720459e-01,7.463152408599853516e-01,-6.682656407356262207e-01,2.257712632417678833e-01,-1.171897724270820618e-02,-3.289375305175781250e-01,-1.413084864616394043e-01,9.787907004356384277e-01,-9.902977943420410156e-02,1.722686886787414551e-01,5.004673600196838379e-01,4.214086234569549561e-01,6.085426807403564453e-01,-3.274991810321807861e-01,-8.803038597106933594e-01,-1.386719197034835815e-01,1.339845657348632812e-01,-6.315960884094238281e-01,-1.442608307115733624e-03,-2.052735090255737305e+00,-1.709331572055816650e-01,0.000000000000000000e+00
7.616794705390930176e-01,-2.125819206237792969e+00,7.937104105949401855e-01,-1.277829986065626144e-02,-4.079845920205116272e-02,-3.453032970428466797e-01,9.375168681144714355e-01,-5.719193220138549805e-01,-4.260254278779029846e-02,2.158605605363845825e-01,7.108893990516662598e-01,-6.768301129341125488e-01,2.180936932563781738e-01,3.611849620938301086e-02,-3.055127859115600586e-01,-1.318212896585464478e-01,1.015875935554504395e+00,-1.727366447448730469e-02,1.436197161674499512e-01,4.766176044940948486e-01,4.151145517826080322e-01,6.638290882110595703e-01,-3.162134587764739990e-01,-9.025478959083557129e-01,-1.280421614646911621e-01,1.376487761735916138e-01,-6.246428489685058594e-01,-4.806699603796005249e-02,-2.139903306961059570e+00,-2.088750004768371582e-01,0.000000000000000000e+00
7.968047857284545898e-01,-2.146880388259887695e+00,7.782642245292663574e-01,-2.457887120544910431e-02,-4.076454043388366699e-02,-3.242318928241729736e-01,9.447792172431945801e-01,-5.598891377449035645e-01,2.455441094934940338e-02,3.017289638519287109e-01,8.244122862815856934e-01,-6.505607366561889648e-01,2.617999911308288574e-01,7.854715920984745026e-03,-2.363103330135345459e-01,-3.828715905547142029e-02,1.115501642227172852e+00,-7.566309720277786255e-02,1.451024413108825684e-01,4.594341814517974854e-01,3.907278776168823242e-01,7.077106237411499023e-01,-2.883884906768798828e-01,-9.344632625579833984e-01,-1.207896023988723755e-01,1.381406038999557495e-01,-6.218191385269165039e-01,-8.109277486801147461e-02,-2.185832738876342773e+00,-2.405019998550415039e-01,0.000000000000000000e+00
8.282963037490844727e-01,-2.165770292282104492e+00,7.568442821502685547e-01,-4.035225138068199158e-02,-3.321624174714088440e-02,-3.050280511379241943e-01,9.509081244468688965e-01,-6.454043984413146973e-01,6.000620499253273010e-02,2.195555865764617920e-01,1.026498198509216309e+00,-6.089984178543090820e-01,2.617999911308288574e-01,-7.180308550596237183e-02,-1.591767519712448120e-01,4.946146160364151001e-02,1.242912650108337402e+00,-1.308540850877761841e-01,1.382860839366912842e-01,4.371126890182495117e-01,3.375430405139923096e-01,7.428033947944641113e-01,-2.490576505661010742e-01,-9.698075652122497559e-01,-1.208933889865875244e-01,1.213728711009025574e-01,-6.193967461585998535e-01,-8.509258180856704712e-02,-2.182199716567993164e+00,-2.536530792713165283e-01,0.000000000000000000e+00
8.587954640388488770e-01,-2.182170391082763672e+00,7.374132275581359863e-01,-4.934134706854820251e-02,-2.363115549087524414e-02,-2.783790528774261475e-01,9.589119553565979004e-01,-7.053521871566772461e-01,5.859882384538650513e-02,1.440575718879699707e-01,1.165031075477600098e+00,-5.878967046737670898e-01,2.617999911308288574e-01,-1.830204576253890991e-01,-1.026557236909866333e-01,1.143350005149841309e-01,1.373919725418090820e+00,-1.492446064949035645e-01,1.100671887397766113e-01,3.990319073200225830e-01,2.498358041048049927e-01,7.541310191154479980e-01,-2.321487665176391602e-01,-9.913572669029235840e-01,-1.283564269542694092e-01,1.267309486865997314e-01,-6.369057297706604004e-01,-7.033957540988922119e-02,-2.125557899475097656e+00,-2.073749154806137085e-01,0.000000000000000000e+00
8.889822959899902344e-01,-2.197514057159423828e+00,7.228345274925231934e-01,-5.468266084790229797e-02,-1.825500652194023132e-02,-2.533705532550811768e-01,9.656500220298767090e-01,-7.224160432815551758e-01,4.322574287652969360e-02,8.217233419418334961e-02,1.259181737899780273e+00,-6.390854120254516602e-01,2.617999911308288574e-01,-3.117009997367858887e-01,-7.277885824441909790e-02,1.580597013235092163e-01,1.490794777870178223e+00,-1.755543798208236694e-01,5.502663925290107727e-02,3.719951808452606201e-01,1.343047767877578735e-01,7.302238345146179199e-01,-2.425436824560165405e-01,-1.024861931800842285e+00,-1.345857083797454834e-01,1.567283868789672852e-01,-6.652106642723083496e-01,-3.432783856987953186e-02,-2.014595270156860352e+00,-1.242407038807868958e-01,0.000000000000000000e+00
9.190043807029724121e-01,-2.209477424621582031e+00,7.152374386787414551e-01,-5.407458543777465820e-02,-1.406714599579572678e-02,-2.184794247150421143e-01,9.742406010627746582e-01,-7.106134891510009766e-01,-1.760221202857792377e-03,2.719797939062118530e-02,1.303249597549438477e+00,-6.776088476181030273e-01,2.617999911308288574e-01,-4.506224691867828369e-01,-5.772191658616065979e-02,1.873518228530883789e-01,1.572385191917419434e+00,-2.297611534595489502e-01,-1.008129213005304337e-02,3.206350505352020264e-01,2.839292213320732117e-02,6.648668646812438965e-01,-2.431474924087524414e-01,-1.099026203155517578e+00,-9.426902979612350464e-02,1.792927980422973633e-01,-7.041276097297668457e-01,5.587501823902130127e-02,-1.842661857604980469e+00,-3.925231471657752991e-02,0.000000000000000000e+00
9.534864425659179688e-01,-2.213996410369873047e+00,7.139704823493957520e-01,-5.571000277996063232e-02,-5.386579316109418869e-03,-1.565205603837966919e-01,9.860875606536865234e-01,-6.857457756996154785e-01,-8.538068830966949463e-02,-3.410344198346138000e-02,1.309229612350463867e+00,-6.789633035659790039e-01,2.617999911308288574e-01,-5.702555179595947266e-01,-5.303806439042091370e-02,1.842370629310607910e-01,1.590184926986694336e+00,-3.006245791912078857e-01,-5.660564079880714417e-02,2.118029743432998657e-01,-6.226855516433715820e-02,6.059690713882446289e-01,-2.500678896903991699e-01,-1.219369292259216309e+00,-2.106417715549468994e-02,1.917420029640197754e-01,-7.089107036590576172e-01,1.632313132286071777e-01,-1.659810543060302734e+00,3.636857494711875916e-02,0.000000000000000000e+00
9.834735393524169922e-01,-2.219005346298217773e+00,7.243871688842773438e-01,-4.543208330869674683e-02,2.083336701616644859e-03,-9.657032042741775513e-02,9.942865371704101562e-01,-6.113935112953186035e-01,-1.758981496095657349e-01,-1.193517223000526428e-01,1.228754401206970215e+00,-6.798709630966186523e-01,2.617999911308288574e-01,-6.841608285903930664e-01,-6.586900353431701660e-02,1.859416216611862183e-01,1.546033620834350586e+00,-3.645381331443786621e-01,-6.714545935392379761e-02,1.103591695427894592e-01,-1.363658905029296875e-01,5.357683897018432617e-01,-2.660668790340423584e-01,-1.368661642074584961e+00,7.100331783294677734e-02,2.423068583011627197e-01,-7.451398968696594238e-01,2.351064980030059814e-01,-1.508344769477844238e+00,1.068604290485382080e-01,0.000000000000000000e+00
1.022121071815490723e+00,-2.218266010284423828e+00,7.376124858856201172e-01,-3.765655308961868286e-02,-1.344886142760515213e-03,-3.820983693003654480e-02,9.985590577125549316e-01,-4.831216931343078613e-01,-2.496170252561569214e-01,-1.839541494846343994e-01,1.129556536674499512e+00,-6.796110272407531738e-01,2.617999911308288574e-01,-7.285652756690979004e-01,-9.952414035797119141e-02,1.739040762186050415e-01,1.438287734985351562e+00,-3.926572203636169434e-01,-3.497831150889396667e-02,8.300920948386192322e-03,-1.719111353158950806e-01,4.869638979434967041e-01,-2.950502038002014160e-01,-1.541991472244262695e+00,1.446159034967422485e-01,3.007302582263946533e-01,-7.515071034431457520e-01,2.987329363822937012e-01,-1.371015787124633789e+00,1.313397586345672607e-01,0.000000000000000000e+00
1.061566352844238281e+00,-2.214079856872558594e+00,7.552824616432189941e-01,-2.855545841157436371e-02,-1.265758089721202850e-02,1.569864898920059204e-02,9.993887543678283691e-01,-3.229727745056152344e-01,-3.031912147998809814e-01,-2.473317831754684448e-01,9.998196959495544434e-01,-6.516633629798889160e-01,2.617999911308288574e-01,-7.137916088104248047e-01,-1.524086296558380127e-01,1.434940099716186523e-01,1.269490957260131836e+00,-4.273675680160522461e-01,7.240591105073690414e-03,-8.110383898019790649e-02,-1.706664413213729858e-01,4.720012247562408447e-01,-3.169609606266021729e-01,-1.737035751342773438e+00,1.827701926231384277e-01,3.717170357704162598e-01,-7.432875037193298340e-01,3.278442621231079102e-01,-1.249091267585754395e+00,6.541762501001358032e-02,0.000000000000000000e+00
1.101228713989257812e+00,-2.205703258514404297e+00,7.753394246101379395e-01,-1.501396298408508301e-02,-2.808711118996143341e-02,6.347891688346862793e-02,9.974748492240905762e-01,-1.543306410312652588e-01,-3.399549126625061035e-01,-2.952527999877929688e-01,8.580588698387145996e-01,-5.402691364288330078e-01,2.602488696575164795e-01,-6.629504561424255371e-01,-2.061634063720703125e-01,1.159855723381042480e-01,1.066734552383422852e+00,-4.745863974094390869e-01,6.249869987368583679e-02,-1.463873833417892456e-01,-1.340322345495223999e-01,4.790995717048645020e-01,-3.200269937515258789e-01,-1.894651889801025391e+00,2.448775619268417358e-01,4.558950066566467285e-01,-7.397851943969726562e-01,3.244404792785644531e-01,-1.156033635139465332e+00,1.029646303504705429e-02,0.000000000000000000e+00
1.132035493850708008e+00,-2.206762075424194336e+00,7.884218692779541016e-01,-1.688770577311515808e-02,-2.277907542884349823e-02,9.821789711713790894e-02,9.947608709335327148e-01,-1.294659078121185303e-01,-3.263371288776397705e-01,-3.247200250625610352e-01,8.626292943954467773e-01,-4.349409043788909912e-01,2.097880393266677856e-01,-6.796085834503173828e-01,-1.687026917934417725e-01,1.390465050935745239e-01,9.104697108268737793e-01,-5.511991977691650391e-01,9.121522307395935059e-02,-1.660469025373458862e-01,-1.182555109262466431e-01,5.104681849479675293e-01,-3.306027054786682129e-01,-1.973420858383178711e+00,3.116646111011505127e-01,5.008788108825683594e-01,-7.148101925849914551e-01,3.240279555320739746e-01,-1.110111594200134277e+00,-1.674351282417774200e-02,0.000000000000000000e+00
1.159186482429504395e+00,-2.209126949310302734e+00,8.000084757804870605e-01,-3.136001899838447571e-02,-1.708727143704891205e-02,1.265281289815902710e-01,9.913199543952941895e-01,-1.582988351583480835e-01,-2.843260169029235840e-01,-3.266237378120422363e-01,9.331045746803283691e-01,-3.233182132244110107e-01,1.214255690574645996e-01,-6.513153314590454102e-01,-1.095464974641799927e-01,1.605957448482513428e-01,7.417810559272766113e-01,-6.117685437202453613e-01,6.031084060668945312e-02,-1.538740843534469604e-01,-7.120332866907119751e-02,5.853962898254394531e-01,-3.243838250637054443e-01,-2.000940561294555664e+00,3.617518246173858643e-01,5.405500531196594238e-01,-6.567519903182983398e-01,3.244537413120269775e-01,-1.082087755203247070e+00,-5.523273348808288574e-02,0.000000000000000000e+00
1.185819745063781738e+00,-2.216021299362182617e+00,7.946832180023193359e-01,-4.068419337272644043e-02,-8.797479094937443733e-04,1.548534035682678223e-01,9.870989918708801270e-01,-2.742760479450225830e-01,-2.371360510587692261e-01,-2.816159427165985107e-01,1.105360984802246094e+00,-2.534219920635223389e-01,-1.242813188582658768e-02,-7.021695375442504883e-01,-1.056528538465499878e-01,9.846248477697372437e-02,7.604518532752990723e-01,-6.728585958480834961e-01,2.563302218914031982e-02,-1.363447308540344238e-01,-3.829348832368850708e-02,6.540399789810180664e-01,-3.064922988414764404e-01,-1.977412700653076172e+00,3.557251095771789551e-01,5.458605885505676270e-01,-6.313068270683288574e-01,3.411876559257507324e-01,-1.084508419036865234e+00,-1.439612507820129395e-01,0.000000000000000000e+00
1.218609809875488281e+00,-2.216629505157470703e+00,7.848824262619018555e-01,-2.961263433098793030e-02,5.031917244195938110e-04,1.825350224971771240e-01,9.827531576156616211e-01,-3.446216881275177002e-01,-1.856496185064315796e-01,-1.893896460533142090e-01,1.250899672508239746e+00,-2.596130967140197754e-01,3.032665513455867767e-02,-6.984776258468627930e-01,-1.259304136037826538e-01,9.961229562759399414e-02,8.258247971534729004e-01,-6.738108396530151367e-01,1.816679025068879128e-03,-1.094691902399063110e-01,1.310926862061023712e-02,6.524893641471862793e-01,-3.005861937999725342e-01,-1.908990502357482910e+00,3.136448562145233154e-01,5.692484974861145020e-01,-6.564717888832092285e-01,3.712966144084930420e-01,-1.111293077468872070e+00,-1.522939950227737427e-01,0.000000000000000000e+00
1.245871067047119141e+00,-2.226950407028198242e+00,7.592442035675048828e-01,-3.094320744276046753e-02,1.820045709609985352e-02,2.093467712402343750e-01,9.771822690963745117e-01,-5.351163148880004883e-01,-1.150332987308502197e-01,-1.449823677539825439e-01,1.496229767799377441e+00,-3.267298042774200439e-01,1.184875890612602234e-01,-7.885081768035888672e-01,-7.675152271986007690e-02,1.772893816232681274e-01,9.684612751007080078e-01,-6.146344542503356934e-01,3.776609897613525391e-03,-8.004001528024673462e-02,1.798559911549091339e-02,6.488639116287231445e-01,-2.807681858539581299e-01,-1.797755479812622070e+00,2.837761640548706055e-01,5.298739075660705566e-01,-6.951042413711547852e-01,4.253951013088226318e-01,-1.170130372047424316e+00,-1.654042154550552368e-01,0.000000000000000000e+00
1.276974439620971680e+00,-2.227543115615844727e+00,7.396422624588012695e-01,-2.858292683959007263e-02,2.068069204688072205e-02,2.360190302133560181e-01,9.711077809333801270e-01,-6.437545418739318848e-01,-1.282865554094314575e-01,-1.708462238311767578e-01,1.639987230300903320e+00,-3.728877305984497070e-01,2.081155031919479370e-01,-8.192826509475708008e-01,-1.022610813379287720e-01,1.513804495334625244e-01,1.101234436035156250e+00,-5.789684057235717773e-01,3.638597577810287476e-02,-5.583206191658973694e-02,5.282954126596450806e-02,6.037479639053344727e-01,-2.630655467510223389e-01,-1.635370373725891113e+00,2.321555018424987793e-01,4.806483983993530273e-01,-7.131887674331665039e-01,4.589803814888000488e-01,-1.179963588714599609e+00,-1.195681989192962646e-01,0.000000000000000000e+00
1.309623479843139648e+00,-2.229646682739257812e+00,7.201961278915405273e-01,-3.415238112211227417e-02,2.191775850951671600e-02,2.549874484539031982e-01,9.660924673080444336e-01,-7.472398281097412109e-01,-1.558758020401000977e-01,-2.154283970594406128e-01,1.732812881469726562e+00,-3.882077634334564209e-01,1.911624222993850708e-01,-8.304534554481506348e-01,-1.065487191081047058e-01,1.125772073864936829e-01,1.210164189338684082e+00,-5.920426845550537109e-01,1.684307679533958435e-02,-2.067974768579006195e-02,8.970995992422103882e-02,5.583270788192749023e-01,-2.318981587886810303e-01,-1.461715936660766602e+00,1.496297419071197510e-01,4.127133488655090332e-01,-7.052004933357238770e-01,4.466645717620849609e-01,-1.179515123367309570e+00,-5.767234414815902710e-02,0.000000000000000000e+00
1.339072585105895996e+00,-2.229158639907836914e+00,7.055764198303222656e-01,-3.819550573825836182e-02,2.076384052634239197e-02,2.678448557853698730e-01,9.624807238578796387e-01,-8.194306492805480957e-01,-2.368373274803161621e-01,-2.784389853477478027e-01,1.759144306182861328e+00,-4.264491498470306396e-01,1.869957447052001953e-01,-8.176574707031250000e-01,-1.094237789511680603e-01,8.004786074161529541e-02,1.286619544029235840e+00,-6.496529579162597656e-01,8.295024745166301727e-03,3.780956566333770752e-02,1.059189811348915100e-01,5.242992639541625977e-01,-2.231561243534088135e-01,-1.295742273330688477e+00,7.453756034374237061e-02,3.587749302387237549e-01,-6.763218045234680176e-01,3.638264536857604980e-01,-1.197562336921691895e+00,2.901917090639472008e-03,0.000000000000000000e+00
1.367377161979675293e+00,-2.226091623306274414e+00,7.011440396308898926e-01,-4.610789194703102112e-02,1.452050637453794479e-02,2.781441807746887207e-01,9.593221545219421387e-01,-8.743969798088073730e-01,-2.491174787282943726e-01,-2.994518578052520752e-01,1.732576489448547363e+00,-4.640370011329650879e-01,1.767130941152572632e-01,-7.584967613220214844e-01,-1.084708720445632935e-01,2.294978126883506775e-02,1.298578619956970215e+00,-6.804636120796203613e-01,-2.039331477135419846e-03,9.900117665529251099e-02,1.317090839147567749e-01,5.171515345573425293e-01,-2.384381592273712158e-01,-1.125619888305664062e+00,2.232306636869907379e-02,2.962449789047241211e-01,-6.329590082168579102e-01,2.912559211254119873e-01,-1.225888848304748535e+00,7.829937152564525604e-03,0.000000000000000000e+00
1.396101474761962891e+00,-2.219356536865234375e+00,7.059795260429382324e-01,-6.058203801512718201e-02,7.967120036482810974e-03,2.764806747436523438e-01,9.590749740600585938e-01,-9.347866177558898926e-01,-1.604830175638198853e-01,-2.586781978607177734e-01,1.680591464042663574e+00,-4.944889545440673828e-01,1.775776594877243042e-01,-6.707754135131835938e-01,-7.501716911792755127e-02,-2.774672955274581909e-02,1.245406985282897949e+00,-6.807000041007995605e-01,-2.072593010962009430e-02,1.762081235647201538e-01,1.731743663549423218e-01,5.390331149101257324e-01,-2.662837505340576172e-01,-9.879615306854248047e-01,1.556440629065036774e-02,2.334222048521041870e-01,-5.830500721931457520e-01,2.400905936956405640e-01,-1.306036114692687988e+00,1.927937939763069153e-02,0.000000000000000000e+00
1.419024109840393066e+00,-2.207857847213745117e+00,7.149011492729187012e-01,-6.549506634473800659e-02,7.488118950277566910e-03,2.701664566993713379e-01,9.605542421340942383e-01,-9.740272164344787598e-01,-7.541541755199432373e-02,-1.809160411357879639e-01,1.599594831466674805e+00,-5.437629818916320801e-01,2.296744585037231445e-01,-5.945371985435485840e-01,-5.939241126179695129e-02,-4.815471544861793518e-02,1.176060199737548828e+00,-6.807000041007995605e-01,-1.132278889417648315e-02,2.641165554523468018e-01,2.171516269445419312e-01,5.760447382926940918e-01,-3.151837885379791260e-01,-9.250059723854064941e-01,-9.856596589088439941e-03,1.889449656009674072e-01,-5.702266097068786621e-01,2.049152553081512451e-01,-1.443001627922058105e+00,-1.895518600940704346e-02,0.000000000000000000e+00
1.445245623588562012e+00,-2.191136121749877930e+00,7.264843583106994629e-01,-6.329943239688873291e-02,2.674999879673123360e-03,2.781623601913452148e-01,9.584423303604125977e-01,-9.652025103569030762e-01,-5.737806204706430435e-04,-7.853674143552780151e-02,1.504047036170959473e+00,-5.794596076011657715e-01,2.279195487499237061e-01,-4.950830340385437012e-01,-8.441212028264999390e-02,-1.010857671499252319e-01,1.119613051414489746e+00,-6.807000041007995605e-01,4.648925736546516418e-03,3.255377411842346191e-01,2.657522261142730713e-01,6.117667555809020996e-01,-3.694958090782165527e-01,-8.861546516418457031e-01,-5.906742811203002930e-02,1.676059961318969727e-01,-5.835172533988952637e-01,1.738640666007995605e-01,-1.604973435401916504e+00,-8.879944682121276855e-02,0.000000000000000000e+00
1.474928021430969238e+00,-2.172824859619140625e+00,7.484095096588134766e-01,-5.993363261222839355e-02,-1.360811851918697357e-02,2.908278405666351318e-01,9.547994136810302734e-01,-8.881857395172119141e-01,8.025950938463211060e-02,3.396912291646003723e-02,1.372978210449218750e+00,-6.024862527847290039e-01,2.013766616582870483e-01,-3.163892924785614014e-01,-7.632555067539215088e-02,-1.509184688329696655e-01,9.787875413894653320e-01,-6.807000041007995605e-01,-8.675417047925293446e-04,3.789775669574737549e-01,3.241616785526275635e-01,6.613096594810485840e-01,-3.902240395545959473e-01,-8.624937534332275391e-01,-6.620634347200393677e-02,1.771026551723480225e-01,-5.773371458053588867e-01,1.417766511440277100e-01,-1.748253107070922852e+00,-1.185716018080711365e-01,0.000000000000000000e+00
1.499768018722534180e+00,-2.150219917297363281e+00,7.717501521110534668e-01,-6.083122640848159790e-02,-2.832405827939510345e-02,2.950187027454376221e-01,9.531323313713073730e-01,-7.982841134071350098e-01,1.383502185344696045e-01,1.311700493097305298e-01,1.224785447120666504e+00,-6.380858421325683594e-01,1.490199118852615356e-01,-1.741983890533447266e-01,-6.183937937021255493e-02,-1.845351606607437134e-01,8.511202335357666016e-01,-5.733531117439270020e-01,2.466120943427085876e-02,4.390415549278259277e-01,3.740728795528411865e-01,7.043697834014892578e-01,-3.682592213153839111e-01,-8.616159558296203613e-01,-5.063164047896862030e-03,1.842662692070007324e-01,-5.751529335975646973e-01,1.156257539987564087e-01,-1.855019211769104004e+00,-1.619302332401275635e-01,0.000000000000000000e+00
1.519935250282287598e+00,-2.125431537628173828e+00,7.911161184310913086e-01,-5.593724176287651062e-02,-2.976218424737453461e-02,2.976864576339721680e-01,9.525586962699890137e-01,-7.283635735511779785e-01,1.416944861412048340e-01,1.913510411977767944e-01,1.074372172355651855e+00,-6.783992648124694824e-01,1.286304444074630737e-01,-1.183687299489974976e-01,-8.366888016462326050e-02,-2.000846415758132935e-01,8.167620301246643066e-01,-4.215018153190612793e-01,8.654534816741943359e-02,4.802354872226715088e-01,4.069079756736755371e-01,7.122669816017150879e-01,-3.377463221549987793e-01,-8.732196092605590820e-01,5.705026537179946899e-02,1.738743931055068970e-01,-6.078314185142517090e-01,1.092823147773742676e-01,-1.920410037040710449e+00,-1.693283021450042725e-01,0.000000000000000000e+00
1.540603160858154297e+00,-2.101691722869873047e+00,8.136961460113525391e-01,-5.274340510368347168e-02,-3.381951153278350830e-02,3.313729465007781982e-01,9.414172172546386719e-01,-6.370273828506469727e-01,1.035391613841056824e-01,1.785521656274795532e-01,8.864324092864990234e-01,-6.802191138267517090e-01,1.373644024133682251e-01,-1.202305871993303299e-02,-8.977281302213668823e-02,-2.628045678138732910e-01,7.218468785285949707e-01,-2.611410915851593018e-01,9.052949398756027222e-02,4.454636573791503906e-01,4.232898354530334473e-01,7.396534085273742676e-01,-3.332312107086181641e-01,-8.911301493644714355e-01,6.411262601613998413e-02,1.767345517873764038e-01,-6.171225309371948242e-01,1.053120717406272888e-01,-1.960541605949401855e+00,-1.877028644084930420e-01,0.000000000000000000e+00
1.554706811904907227e+00,-2.078267812728881836e+00,8.191643953323364258e-01,-4.044967144727706909e-02,-1.723425276577472687e-02,3.597212731838226318e-01,9.320232868194580078e-01,-5.977444648742675781e-01,4.436281323432922363e-02,1.873879283666610718e-01,7.772040963172912598e-01,-6.807000041007995605e-01,1.934889256954193115e-01,-3.402761742472648621e-02,-1.777795553207397461e-01,-3.180724382400512695e-01,8.136157393455505371e-01,-1.590891629457473755e-01,9.715876728296279907e-02,4.013699889183044434e-01,4.175949990749359131e-01,7.152521610260009766e-01,-3.382211029529571533e-01,-9.356451034545898438e-01,4.541517794132232666e-02,1.779647469520568848e-01,-6.829739809036254883e-01,8.697646856307983398e-02,-1.993034005165100098e+00,-1.792564541101455688e-01,0.000000000000000000e+00
1.572128534317016602e+00,-2.054759502410888672e+00,8.179455995559692383e-01,-3.741087019443511963e-02,-9.005452506244182587e-03,3.874776065349578857e-01,9.210757017135620117e-01,-5.510238409042358398e-01,2.293137460947036743e-02,1.963446885347366333e-01,7.212467789649963379e-01,-6.807000041007995605e-01,2.007379531860351562e-01,-6.914347410202026367e-02,-2.078634798526763916e-01,-2.901995480060577393e-01,9.041274785995483398e-01,-8.465418219566345215e-02,9.400938451290130615e-02,3.505858182907104492e-01,3.946328461170196533e-01,7.111055850982666016e-01,-3.506811261177062988e-01,-9.896048307418823242e-01,5.931966006755828857e-02,1.894395202398300171e-01,-7.150551080703735352e-01,7.119329273700714111e-02,-1.998671054840087891e+00,-1.805113852024078369e-01,0.000000000000000000e+00
1.587400436401367188e+00,-2.035060644149780273e+00,8.048399686813354492e-01,-4.053036496043205261e-02,4.507283680140972137e-03,4.147756695747375488e-01,9.090093970298767090e-01,-5.628845691680908203e-01,2.762336470186710358e-02,2.359600812196731567e-01,7.641324400901794434e-01,-6.807000041007995605e-01,2.262622863054275513e-01,-1.698093861341476440e-01,-2.206534445285797119e-01,-2.153653502464294434e-01,1.029673933982849121e+00,-1.101433336734771729e-01,1.076370552182197571e-01,2.937136292457580566e-01,3.434949219226837158e-01,7.089715003967285156e-01,-3.561042249202728271e-01,-1.054413914680480957e+00,6.273452192544937134e-02,1.910050213336944580e-01,-7.425925135612487793e-01,5.382383242249488831e-02,-1.979430913925170898e+00,-2.065645009279251099e-01,0.000000000000000000e+00
1.602485895156860352e+00,-2.013993024826049805e+00,7.831479907035827637e-01,-5.431227013468742371e-02,9.881219826638698578e-03,4.430473148822784424e-01,8.947969675064086914e-01,-6.565766334533691406e-01,3.430663794279098511e-02,1.780556440353393555e-01,9.347316622734069824e-01,-6.806999444961547852e-01,2.610909640789031982e-01,-2.671588361263275146e-01,-1.887183487415313721e-01,-1.248065084218978882e-01,1.129850625991821289e+00,-2.082334160804748535e-01,8.587592840194702148e-02,2.299046367406845093e-01,2.721988856792449951e-01,7.238258719444274902e-01,-3.571565747261047363e-01,-1.113386392593383789e+00,5.130098015069961548e-02,1.834049075841903687e-01,-7.377008199691772461e-01,6.425540894269943237e-02,-1.929151892662048340e+00,-2.158665508031845093e-01,0.000000000000000000e+00
1.616951465606689453e+00,-1.996191859245300293e+00,7.610332369804382324e-01,-6.813737004995346069e-02,1.366002112627029419e-02,4.745480418205261230e-01,8.774821162223815918e-01,-7.531983852386474609e-01,1.526702847331762314e-02,7.782980799674987793e-02,1.102723360061645508e+00,-6.798196434974670410e-01,2.617999911308288574e-01,-3.715822398662567139e-01,-1.515890657901763916e-01,-4.505600407719612122e-02,1.222924113273620605e+00,-3.226478397846221924e-01,2.631558664143085480e-02,1.611628830432891846e-01,1.820607036352157593e-01,7.435660362243652344e-01,-3.654209375381469727e-01,-1.162034273147583008e+00,5.280304327607154846e-02,1.886011958122253418e-01,-7.222326397895812988e-01,7.641451805830001831e-02,-1.846937298774719238e+00,-2.080670297145843506e-01,0.000000000000000000e+00
1.633512377738952637e+00,-1.974621534347534180e+00,7.397466301918029785e-01,-7.982782274484634399e-02,2.278414368629455566e-02,5.056028366088867188e-01,8.587631583213806152e-01,-8.259662389755249023e-01,-1.664546877145767212e-02,8.353310637176036835e-03,1.227569222450256348e+00,-6.804637908935546875e-01,2.617999911308288574e-01,-5.058747529983520508e-01,-1.428018063306808472e-01,7.658953778445720673e-03,1.332685112953186035e+00,-4.089078903198242188e-01,-3.617708384990692139e-02,9.936191141605377197e-02,6.295111030340194702e-02,7.398673892021179199e-01,-3.935547769069671631e-01,-1.214933991432189941e+00,1.343299075961112976e-02,2.001020610332489014e-01,-7.103546261787414551e-01,9.462822973728179932e-02,-1.741564035415649414e+00,-1.381345093250274658e-01,0.000000000000000000e+00
1.650899887084960938e+00,-1.953187704086303711e+00,7.257640361785888672e-01,-7.733402401208877563e-02,3.577737137675285339e-02,5.340818762779235840e-01,8.411278128623962402e-01,-8.382354378700256348e-01,-6.164135783910751343e-02,-3.323571756482124329e-02,1.272140264511108398e+00,-6.807000041007995605e-01,2.617999911308288574e-01,-6.562166810035705566e-01,-1.508755683898925781e-01,6.198265776038169861e-02,1.434562206268310547e+00,-4.633027613162994385e-01,-7.149127125740051270e-02,3.995728865265846252e-02,-5.038810893893241882e-02,6.751300692558288574e-01,-3.946207761764526367e-01,-1.284015536308288574e+00,1.772474311292171478e-02,2.071050405502319336e-01,-7.362506389617919922e-01,1.452044844627380371e-01,-1.611063838005065918e+00,-4.536423832178115845e-02,0.000000000000000000e+00
1.663967013359069824e+00,-1.930825710296630859e+00,7.183411717414855957e-01,-7.190306484699249268e-02,4.833454638719558716e-02,5.696255564689636230e-01,8.173251748085021973e-01,-8.220632672309875488e-01,-1.316567510366439819e-01,-7.578267902135848999e-02,1.280800104141235352e+00,-6.807000041007995605e-01,2.617999911308288574e-01,-7.926827669143676758e-01,-1.364921331405639648e-01,1.219676360487937927e-01,1.492265582084655762e+00,-5.021711587905883789e-01,-6.291014701128005981e-02,-4.579843580722808838e-02,-1.472007632255554199e-01,5.887691974639892578e-01,-3.639880120754241943e-01,-1.372848868370056152e+00,9.372439235448837280e-02,2.082604616880416870e-01,-7.553141713142395020e-01,2.224738299846649170e-01,-1.461141228675842285e+00,1.510740444064140320e-02,0.000000000000000000e+00
1.675679683685302734e+00,-1.908705353736877441e+00,7.213600873947143555e-01,-6.681763380765914917e-02,5.852129310369491577e-02,6.031096577644348145e-01,7.926975488662719727e-01,-7.675914764404296875e-01,-1.931342482566833496e-01,-1.340165138244628906e-01,1.231078386306762695e+00,-6.807000041007995605e-01,2.617999911308288574e-01,-9.011657834053039551e-01,-1.190731376409530640e-01,1.557565033435821533e-01,1.483358860015869141e+00,-5.003061890602111816e-01,-2.733237110078334808e-02,-1.330139786005020142e-01,-2.338481396436691284e-01,4.905992448329925537e-01,-3.316752016544342041e-01,-1.481144547462463379e+00,1.949899941682815552e-01,2.393941134214401245e-01,-7.618066072463989258e-01,2.765336632728576660e-01,-1.321230292320251465e+00,4.466773197054862976e-02,0.000000000000000000e+00
1.688294053077697754e+00,-1.878541231155395508e+00,7.291702032089233398e-01,-6.050633639097213745e-02,6.457276642322540283e-02,6.258482933044433594e-01,7.749085426330566406e-01,-6.822434663772583008e-01,-2.218635827302932739e-01,-1.615584641695022583e-01,1.163340568542480469e+00,-6.807000041007995605e-01,2.617999911308288574e-01,-9.806702136993408203e-01,-1.326461732387542725e-01,1.513477414846420288e-01,1.438052296638488770e+00,-5.030494332313537598e-01,7.403459167107939720e-04,-2.035509943962097168e-01,-3.167791664600372314e-01,4.107088744640350342e-01,-3.224658370018005371e-01,-1.603451013565063477e+00,2.779689431190490723e-01,2.670999467372894287e-01,-7.582002878189086914e-01,3.166486322879791260e-01,-1.186528921127319336e+00,6.425239890813827515e-02,0.000000000000000000e+00
1.700266361236572266e+00,-1.841505050659179688e+00,7.434054613113403320e-01,-4.798674583435058594e-02,6.834531575441360474e-02,6.373234987258911133e-01,7.660580873489379883e-01,-5.444346666336059570e-01,-2.382897436618804932e-01,-1.679909825325012207e-01,1.038340210914611816e+00,-6.807000041007995605e-01,2.617999911308288574e-01,-1.017159938812255859e+00,-1.676044464111328125e-01,1.294402927160263062e-01,1.346955895423889160e+00,-5.288675427436828613e-01,1.047265529632568359e-02,-2.513368725776672363e-01,-3.860637545585632324e-01,3.598543107509613037e-01,-3.298756182193756104e-01,-1.728499650955200195e+00,3.359180390834808350e-01,2.954577505588531494e-01,-7.596312761306762695e-01,3.486897945404052734e-01,-1.067354321479797363e+00,7.329054921865463257e-02,0.000000000000000000e+00
1.711881756782531738e+00,-1.799073815345764160e+00,7.605481147766113281e-01,-3.593531996011734009e-02,5.147152394056320190e-02,6.399459838867187500e-01,7.658514380455017090e-01,-3.661445379257202148e-01,-2.146067470312118530e-01,-1.571713238954544067e-01,9.142594933509826660e-01,-6.807000041007995605e-01,2.617999911308288574e-01,-9.650343656539916992e-01,-1.892966181039810181e-01,5.265000462532043457e-02,1.209470629692077637e+00,-5.536909103393554688e-01,2.495347335934638977e-02,-2.800517082214355469e-01,-3.893297910690307617e-01,3.555790781974792480e-01,-3.392803966999053955e-01,-1.851904869079589844e+00,3.432148993015289307e-01,3.467103242874145508e-01,-7.522267699241638184e-01,3.843853473663330078e-01,-9.859992861747741699e-01,7.091352343559265137e-02,0.000000000000000000e+00
1.727288246154785156e+00,-1.756286382675170898e+00,7.756655812263488770e-01,-3.593262284994125366e-02,2.226140722632408142e-02,6.417872309684753418e-01,7.657169103622436523e-01,-2.433884441852569580e-01,-1.467241942882537842e-01,-1.388933807611465454e-01,8.990851044654846191e-01,-6.616886854171752930e-01,2.053745687007904053e-01,-8.646867275238037109e-01,-1.428005844354629517e-01,-2.613001316785812378e-02,1.043070673942565918e+00,-5.843283534049987793e-01,4.895589128136634827e-02,-3.117738068103790283e-01,-3.236545026302337646e-01,4.101202785968780518e-01,-3.379002809524536133e-01,-1.967156648635864258e+00,3.701673150062561035e-01,4.095340371131896973e-01,-7.391577363014221191e-01,4.284080266952514648e-01,-9.591948986053466797e-01,5.507695302367210388e-02,0.000000000000000000e+00
1.742505908012390137e+00,-1.717564940452575684e+00,7.974233031272888184e-01,-3.120783902704715729e-02,1.446299348026514053e-02,6.607354283332824707e-01,7.498303651809692383e-01,-1.613479256629943848e-01,-1.149412617087364197e-01,-1.403613984584808350e-01,8.445370793342590332e-01,-4.933565855026245117e-01,1.185420155525207520e-01,-7.880485653877258301e-01,-1.143628805875778198e-01,-3.516455739736557007e-02,8.661334514617919922e-01,-6.201407909393310547e-01,6.735531240701675415e-02,-3.769804835319519043e-01,-2.541485428810119629e-01,4.633620679378509521e-01,-3.287858963012695312e-01,-2.034082889556884766e+00,4.345280528068542480e-01,4.534714519977569580e-01,-7.432733774185180664e-01,4.327732324600219727e-01,-9.567505717277526855e-01,-3.774290598812513053e-05,0.000000000000000000e+00
1.756561875343322754e+00,-1.679528832435607910e+00,8.129321336746215820e-01,-2.825740538537502289e-02,7.029549218714237213e-03,6.735605597496032715e-01,7.385582327842712402e-01,-1.353275775909423828e-01,-8.407296985387802124e-02,-1.261515021324157715e-01,8.756515383720397949e-01,-3.141510784626007080e-01,4.918785020709037781e-02,-7.236624360084533691e-01,-8.771166950464248657e-02,-2.564437314867973328e-02,7.628967165946960449e-01,-6.577159166336059570e-01,4.134724661707878113e-02,-4.001053571701049805e-01,-1.858336627483367920e-01,5.251063704490661621e-01,-3.455734252929687500e-01,-2.040354251861572266e+00,4.723547101020812988e-01,5.066183805465698242e-01,-7.318091988563537598e-01,4.129446446895599365e-01,-9.584243297576904297e-01,-9.774012863636016846e-02,0.000000000000000000e+00
1.769016265869140625e+00,-1.641890525817871094e+00,8.189200162887573242e-01,-2.381672523915767670e-02,6.477237679064273834e-03,6.788178682327270508e-01,7.338917255401611328e-01,-1.551543623208999634e-01,-6.567697972059249878e-02,-9.897718578577041626e-02,9.647554755210876465e-01,-1.639439612627029419e-01,-8.098062244243919849e-04,-6.747016310691833496e-01,-8.345364034175872803e-02,-2.808870002627372742e-02,7.336371541023254395e-01,-6.747974157333374023e-01,9.898226708173751831e-03,-3.813383579254150391e-01,-1.198090165853500366e-01,5.824561715126037598e-01,-3.557297885417938232e-01,-2.021243572235107422e+00,4.843003153800964355e-01,5.485448241233825684e-01,-7.236273288726806641e-01,4.046463370323181152e-01,-9.639084339141845703e-01,-1.670229136943817139e-01,0.000000000000000000e+00
1.780440330505371094e+00,-1.605903863906860352e+00,8.154646754264831543e-01,-1.878377981483936310e-02,1.102339942008256912e-02,6.799616217613220215e-01,7.329241633415222168e-01,-2.122544348239898682e-01,-3.674955293536186218e-02,-5.155501142144203186e-02,1.096174001693725586e+00,-1.184632927179336548e-01,-8.569765836000442505e-03,-6.331188678741455078e-01,-8.247568458318710327e-02,-1.547730434685945511e-02,7.397664785385131836e-01,-6.786219477653503418e-01,-1.500579994171857834e-02,-3.380085229873657227e-01,-5.567318573594093323e-02,6.169220209121704102e-01,-3.554392457008361816e-01,-1.980962991714477539e+00,4.685110449790954590e-01,5.651197433471679688e-01,-7.257146835327148438e-01,4.250922501087188721e-01,-9.827311635017395020e-01,-1.552013009786605835e-01,0.000000000000000000e+00
1.792884826660156250e+00,-1.570206761360168457e+00,8.016293048858642578e-01,-1.117329858243465424e-02,1.872680149972438812e-02,6.813474893569946289e-01,7.316351532936096191e-01,-2.957234978675842285e-01,-2.420958504080772400e-02,-3.405314311385154724e-02,1.254472613334655762e+00,-1.631710678339004517e-01,1.557296141982078552e-02,-6.252564787864685059e-01,-9.453272819519042969e-02,4.052414558827877045e-03,8.005032539367675781e-01,-6.784516572952270508e-01,-3.243396058678627014e-02,-2.834551930427551270e-01,8.834935724735260010e-04,6.286537051200866699e-01,-3.581735789775848389e-01,-1.916175127029418945e+00,4.628908932209014893e-01,5.519025325775146484e-01,-7.289470434188842773e-01,4.482945501804351807e-01,-1.005162715911865234e+00,-1.166207864880561829e-01,0.000000000000000000e+00
1.805305838584899902e+00,-1.538414835929870605e+00,7.786799669265747070e-01,-8.961278013885021210e-03,3.390689939260482788e-02,6.782414317131042480e-01,7.340017557144165039e-01,-4.307889938354492188e-01,-5.058475211262702942e-02,-6.131819263100624084e-02,1.428615093231201172e+00,-1.867602318525314331e-01,5.359944328665733337e-02,-7.124325633049011230e-01,-9.424968063831329346e-02,5.680766329169273376e-02,9.809282422065734863e-01,-6.783959865570068359e-01,-3.958321735262870789e-02,-2.152752876281738281e-01,4.036432877182960510e-02,6.346587538719177246e-01,-3.527667224407196045e-01,-1.817332863807678223e+00,4.468026459217071533e-01,5.025405883789062500e-01,-7.269880175590515137e-01,4.577137529850006104e-01,-1.037181735038757324e+00,-1.227861270308494568e-01,0.000000000000000000e+00
1.816594004631042480e+00,-1.506884932518005371e+00,7.564035654067993164e-01,-9.221156127750873566e-03,4.660097509622573853e-02,6.728644967079162598e-01,7.382389307022094727e-01,-5.674853920936584473e-01,-8.247828483581542969e-02,-9.011954069137573242e-02,1.560778737068176270e+00,-2.062601894140243530e-01,7.704715430736541748e-02,-7.712406516075134277e-01,-8.882477134466171265e-02,9.171605110168457031e-02,1.116570830345153809e+00,-6.598611474037170410e-01,-3.105266764760017395e-02,-1.476039290428161621e-01,8.371500670909881592e-02,6.173392534255981445e-01,-3.478290736675262451e-01,-1.665208697319030762e+00,3.926302492618560791e-01,4.188171327114105225e-01,-7.216613292694091797e-01,4.679747521877288818e-01,-1.065840244293212891e+00,-9.335953742265701294e-02,0.000000000000000000e+00
1.829051136970520020e+00,-1.475894570350646973e+00,7.382320165634155273e-01,-1.809699274599552155e-02,5.303861200809478760e-02,6.597520112991333008e-01,7.493909001350402832e-01,-7.067224383354187012e-01,-8.865867555141448975e-02,-1.186148002743721008e-01,1.645228028297424316e+00,-2.469411194324493408e-01,8.620452880859375000e-02,-7.922591567039489746e-01,-4.507834836840629578e-02,1.215826123952865601e-01,1.190119266510009766e+00,-6.800689101219177246e-01,-5.377442389726638794e-02,-6.679671257734298706e-02,1.226557716727256775e-01,5.988132357597351074e-01,-3.381763994693756104e-01,-1.464231967926025391e+00,3.455034792423248291e-01,3.087680041790008545e-01,-7.018023729324340820e-01,4.660550057888031006e-01,-1.118381023406982422e+00,1.509930472820997238e-02,0.000000000000000000e+00
1.839862585067749023e+00,-1.445328712463378906e+00,7.283285856246948242e-01,-3.343708440661430359e-02,5.193658918142318726e-02,6.432216167449951172e-01,7.631844878196716309e-01,-8.444058299064636230e-01,-7.816491276025772095e-02,-1.564564853906631470e-01,1.680348992347717285e+00,-3.113471567630767822e-01,1.071407198905944824e-01,-7.714696526527404785e-01,1.097135525196790695e-02,1.285053044557571411e-01,1.195814847946166992e+00,-6.807000041007995605e-01,-7.131943851709365845e-02,2.344296686351299286e-02,1.255645453929901123e-01,5.964248180389404297e-01,-3.612608909606933594e-01,-1.201435327529907227e+00,2.931555509567260742e-01,1.893360465764999390e-01,-6.456928253173828125e-01,4.327175617218017578e-01,-1.184997677803039551e+00,-2.028143405914306641e-02,0.000000000000000000e+00
1.849611997604370117e+00,-1.411468029022216797e+00,7.255302071571350098e-01,-4.453921690583229065e-02,4.859293997287750244e-02,6.278449296951293945e-01,7.755421996116638184e-01,-9.522230029106140137e-01,-5.342165753245353699e-02,-1.760841757059097290e-01,1.661380290985107422e+00,-3.651323318481445312e-01,1.271365433931350708e-01,-7.152554392814636230e-01,4.946092516183853149e-02,1.283440887928009033e-01,1.165640950202941895e+00,-6.807000041007995605e-01,-7.580420374870300293e-02,1.102317646145820618e-01,1.228753030300140381e-01,5.964890122413635254e-01,-3.861534893512725830e-01,-9.122382998466491699e-01,1.716484725475311279e-01,8.689074963331222534e-02,-6.003782153129577637e-01,3.816738128662109375e-01,-1.309516191482543945e+00,-6.337384134531021118e-02,0.000000000000000000e+00
1.858977198600769043e+00,-1.373527884483337402e+00,7.296220064163208008e-01,-5.452017113566398621e-02,4.704325273633003235e-02,6.112263202667236328e-01,7.881731390953063965e-01,-1.036366462707519531e+00,-4.089859779924154282e-03,-1.659843176603317261e-01,1.599304556846618652e+00,-4.084857702255249023e-01,1.525144129991531372e-01,-6.342296600341796875e-01,7.716460525989532471e-02,1.328293830156326294e-01,1.097705721855163574e+00,-6.807000041007995605e-01,-7.583314180374145508e-02,2.063625305891036987e-01,1.348416209220886230e-01,6.143221259117126465e-01,-3.942515254020690918e-01,-7.012722492218017578e-01,4.568633064627647400e-02,6.985478103160858154e-03,-5.618656277656555176e-01,3.088867068290710449e-01,-1.490192055702209473e+00,-1.160764172673225403e-01,0.000000000000000000e+00
1.868315339088439941e+00,-1.329899549484252930e+00,7.403039336204528809e-01,-5.934191495180130005e-02,4.313214495778083801e-02,5.981764197349548340e-01,7.979994416236877441e-01,-1.071697950363159180e+00,5.124452337622642517e-02,-1.351452916860580444e-01,1.498328089714050293e+00,-4.560897946357727051e-01,1.618722826242446899e-01,-5.111411809921264648e-01,8.463276177644729614e-02,1.317452341318130493e-01,9.881671667098999023e-01,-6.807000041007995605e-01,-7.676389068365097046e-02,3.034108281135559082e-01,1.663877516984939575e-01,6.399315595626831055e-01,-3.838880360126495361e-01,-6.022179126739501953e-01,1.982804387807846069e-02,-4.220647364854812622e-02,-5.423486232757568359e-01,2.308953106403350830e-01,-1.683562874794006348e+00,-1.816236972808837891e-01,0.000000000000000000e+00
1.878182530403137207e+00,-1.279177069664001465e+00,7.551379799842834473e-01,-5.148128420114517212e-02,3.467561304569244385e-02,5.967386960983276367e-01,8.000313639640808105e-01,-1.038663148880004883e+00,8.528620749711990356e-02,-8.580946177244186401e-02,1.365629315376281738e+00,-4.936850070953369141e-01,1.561902761459350586e-01,-3.353110253810882568e-01,5.778602138161659241e-02,1.073895692825317383e-01,8.502808213233947754e-01,-6.807000041007995605e-01,-7.291511446237564087e-02,3.737779557704925537e-01,2.283286154270172119e-01,6.706948280334472656e-01,-3.589172363281250000e-01,-5.828621387481689453e-01,4.126629233360290527e-02,-4.700937494635581970e-02,-5.468375086784362793e-01,1.624897271394729614e-01,-1.865415453910827637e+00,-2.272777557373046875e-01,0.000000000000000000e+00
1.887135267257690430e+00,-1.223692893981933594e+00,7.667972445487976074e-01,-2.219060249626636505e-02,3.084909543395042419e-02,6.083685755729675293e-01,7.927443385124206543e-01,-9.484215974807739258e-01,5.673284083604812622e-02,-1.623395085334777832e-02,1.218713641166687012e+00,-5.305244326591491699e-01,1.498830616474151611e-01,-1.765994727611541748e-01,-1.547584217041730881e-02,6.034711748361587524e-02,8.096135258674621582e-01,-6.807000041007995605e-01,-4.253038391470909119e-02,4.023263454437255859e-01,3.228978216648101807e-01,6.761670708656311035e-01,-3.325791060924530029e-01,-5.976800918579101562e-01,7.746221870183944702e-02,1.994441822171211243e-02,-5.948190093040466309e-01,9.886736422777175903e-02,-2.039863109588623047e+00,-2.619448304176330566e-01,0.000000000000000000e+00
1.891977429389953613e+00,-1.171736955642700195e+00,7.824134826660156250e-01,-1.149399112910032272e-02,3.263295069336891174e-02,6.047613620758056641e-01,7.956548929214477539e-01,-8.899485468864440918e-01,3.855933248996734619e-02,2.673695422708988190e-02,1.061373114585876465e+00,-5.908386111259460449e-01,1.495267301797866821e-01,-7.964230328798294067e-02,-5.547925084829330444e-02,4.218096658587455750e-02,7.684056162834167480e-01,-5.500844120979309082e-01,1.451155170798301697e-02,4.531529545783996582e-01,3.803221583366394043e-01,6.735009551048278809e-01,-2.995622754096984863e-01,-6.246873736381530762e-01,9.005914628505706787e-02,6.137495860457420349e-02,-6.432380080223083496e-01,5.320445820689201355e-02,-2.165383338928222656e+00,-3.013616502285003662e-01,0.000000000000000000e+00
1.894572973251342773e+00,-1.123109817504882812e+00,7.956303358078002930e-01,-8.781785145401954651e-03,3.905967622995376587e-02,6.000120639801025391e-01,7.989885807037353516e-01,-8.548451066017150879e-01,6.728196982294321060e-03,3.374968841671943665e-02,9.230064749717712402e-01,-6.477134823799133301e-01,1.556232869625091553e-01,-4.044583812355995178e-02,-1.040934994816780090e-01,8.097519166767597198e-03,7.907369732856750488e-01,-3.499300777912139893e-01,6.625393033027648926e-02,4.913139939308166504e-01,4.169794917106628418e-01,6.552579402923583984e-01,-2.663803696632385254e-01,-6.633495092391967773e-01,9.157909452915191650e-02,7.439484447240829468e-02,-6.901376843452453613e-01,3.494363650679588318e-02,-2.194799900054931641e+00,-3.427945077419281006e-01,0.000000000000000000e+00
1.895926117897033691e+00,-1.075118780136108398e+00,8.010178804397583008e-01,-6.078139413148164749e-03,4.799054190516471863e-02,6.014451384544372559e-01,7.974482178688049316e-01,-8.215482831001281738e-01,-3.657845035195350647e-02,3.567266464233398438e-02,8.320141434669494629e-01,-6.756939291954040527e-01,1.709668338298797607e-01,-3.151480481028556824e-02,-1.898860633373260498e-01,-7.144384831190109253e-02,8.910296559333801270e-01,-1.179674044251441956e-01,1.045313030481338501e-01,4.977303147315979004e-01,4.400165975093841553e-01,6.275964379310607910e-01,-2.477484941482543945e-01,-7.175611257553100586e-01,9.316582977771759033e-02,1.066127419471740723e-01,-7.381450533866882324e-01,2.870727516710758209e-02,-2.194799900054931641e+00,-3.513747155666351318e-01,0.000000000000000000e+00
1.897246479988098145e+00,-1.026868224143981934e+00,7.954679131507873535e-01,-7.219630293548107147e-03,5.169564485549926758e-02,6.075121164321899414e-01,7.925935387611389160e-01,-7.917566895484924316e-01,-7.596652209758758545e-02,2.181071043014526367e-02,8.182962536811828613e-01,-6.686530113220214844e-01,1.769295632839202881e-01,-5.376108735799789429e-02,-2.502744495868682861e-01,-9.651438146829605103e-02,1.052765965461730957e+00,5.725643038749694824e-02,1.151138171553611755e-01,4.764554500579833984e-01,4.503197968006134033e-01,6.047149300575256348e-01,-2.348334938287734985e-01,-7.881566882133483887e-01,9.926360100507736206e-02,1.574973165988922119e-01,-7.742718458175659180e-01,2.750093303620815277e-02,-2.194268465042114258e+00,-3.205478787422180176e-01,0.000000000000000000e+00
1.899513602256774902e+00,-9.810307621955871582e-01,7.792043685913085938e-01,-1.311509404331445694e-02,5.190812796354293823e-02,6.196139454841613770e-01,7.830786108970642090e-01,-8.016103506088256836e-01,-1.085654720664024353e-01,-5.446569062769412994e-03,9.033492207527160645e-01,-5.911213159561157227e-01,2.220554500818252563e-01,-1.224434301257133484e-01,-2.398093491792678833e-01,-2.425402589142322540e-02,1.257350683212280273e+00,1.528669893741607666e-02,9.728210419416427612e-02,4.313582479953765869e-01,4.373083710670471191e-01,5.857611298561096191e-01,-2.300412803888320923e-01,-8.666469454765319824e-01,1.145586669445037842e-01,1.917441785335540771e-01,-7.973696589469909668e-01,3.906686231493949890e-02,-2.160138130187988281e+00,-2.755776643753051758e-01,0.000000000000000000e+00
1.901791691780090332e+00,-9.383118152618408203e-01,7.577223777770996094e-01,-2.345524355769157410e-02,5.061983317136764526e-02,6.353231072425842285e-01,7.702285647392272949e-01,-8.615981936454772949e-01,-1.363835185766220093e-01,-5.178776010870933533e-02,1.073658108711242676e+00,-5.405318140983581543e-01,2.304073721170425415e-01,-2.125212848186492920e-01,-1.918946802616119385e-01,5.904663354158401489e-02,1.458899497985839844e+00,-2.827602205798029900e-03,1.010183840990066528e-01,3.730305731296539307e-01,3.930889070034027100e-01,5.702372789382934570e-01,-2.367064803838729858e-01,-9.479246139526367188e-01,1.291852742433547974e-01,2.021338343620300293e-01,-7.893501520156860352e-01,7.435418665409088135e-02,-2.064106464385986328e+00,-2.241135537624359131e-01,0.000000000000000000e+00
1.905586004257202148e+00,-8.944793939590454102e-01,7.385886311531066895e-01,-3.448443487286567688e-02,5.045506730675697327e-02,6.525167226791381836e-01,7.553059458732604980e-01,-8.950768113136291504e-01,-1.631547808647155762e-01,-8.944068104028701782e-02,1.207054495811462402e+00,-5.496889948844909668e-01,2.492581009864807129e-01,-3.173262178897857666e-01,-1.308309584856033325e-01,1.285617947578430176e-01,1.630214095115661621e+00,1.663918234407901764e-02,1.085619330406188965e-01,3.114114999771118164e-01,3.020633459091186523e-01,5.609128475189208984e-01,-2.804310023784637451e-01,-1.013534426689147949e+00,1.167109012603759766e-01,2.122392654418945312e-01,-7.498213648796081543e-01,1.250310391187667847e-01,-1.907355666160583496e+00,-1.535922735929489136e-01,0.000000000000000000e+00
1.912262439727783203e+00,-8.502141833305358887e-01,7.249996662139892578e-01,-4.112869128584861755e-02,4.455727711319923401e-02,6.640141010284423828e-01,7.452572584152221680e-01,-8.761069178581237793e-01,-1.645006090402603149e-01,-1.242553815245628357e-01,1.296184778213500977e+00,-6.305729150772094727e-01,2.617999911308288574e-01,-4.288570582866668701e-01,-7.598713040351867676e-02,1.735734641551971436e-01,1.761068701744079590e+00,-9.701234288513660431e-03,9.436149895191192627e-02,2.602935135364532471e-01,1.811444312334060669e-01,5.488288402557373047e-01,-3.494805991649627686e-01,-1.078295469284057617e+00,9.056439995765686035e-02,2.023795396089553833e-01,-6.993077397346496582e-01,2.112348377704620361e-01,-1.686536550521850586e+00,-7.006906718015670776e-02,0.000000000000000000e+00
1.918364524841308594e+00,-8.070445060729980469e-01,7.197737693786621094e-01,-4.028629884123802185e-02,4.181309044361114502e-02,6.810975670814514160e-01,7.298868298530578613e-01,-8.139224052429199219e-01,-1.812578290700912476e-01,-1.510134786367416382e-01,1.315897703170776367e+00,-6.785694360733032227e-01,2.617999911308288574e-01,-5.500235557556152344e-01,-4.151546210050582886e-02,1.986696124076843262e-01,1.835041165351867676e+00,-8.811187744140625000e-02,7.604710012674331665e-02,1.768386065959930420e-01,6.177900731563568115e-02,5.116022229194641113e-01,-3.956956863403320312e-01,-1.176056385040283203e+00,9.022214263677597046e-02,1.631095707416534424e-01,-6.535732746124267578e-01,3.285693526268005371e-01,-1.433598995208740234e+00,5.918394029140472412e-02,0.000000000000000000e+00
1.922700166702270508e+00,-7.634984850883483887e-01,7.243197560310363770e-01,-3.296397998929023743e-02,4.844098910689353943e-02,7.070472240447998047e-01,7.047347426414489746e-01,-7.165289521217346191e-01,-2.269339263439178467e-01,-1.796739399433135986e-01,1.254934906959533691e+00,-6.807000041007995605e-01,2.617999911308288574e-01,-6.754156351089477539e-01,-5.639593303203582764e-02,2.033620625734329224e-01,1.836163401603698730e+00,-1.613262742757797241e-01,7.230357080698013306e-02,5.694909021258354187e-02,-5.070909112691879272e-02,4.593765139579772949e-01,-4.109451770782470703e-01,-1.300990462303161621e+00,1.223609521985054016e-01,1.722454130649566650e-01,-6.283063292503356934e-01,3.960063755512237549e-01,-1.231829166412353516e+00,1.195315048098564148e-01,0.000000000000000000e+00
1.925938963890075684e+00,-7.153166532516479492e-01,7.358350157737731934e-01,-2.118979580700397491e-02,5.424780771136283875e-02,7.273029685020446777e-01,6.838410496711730957e-01,-5.761484503746032715e-01,-2.558699548244476318e-01,-2.001899927854537964e-01,1.145639777183532715e+00,-6.807000041007995605e-01,2.617999911308288574e-01,-7.748637199401855469e-01,-9.980158507823944092e-02,1.993283927440643311e-01,1.762907862663269043e+00,-2.404926419258117676e-01,7.419794052839279175e-02,-6.088806688785552979e-02,-1.557472497224807739e-01,4.145868718624114990e-01,-4.007399976253509521e-01,-1.441930532455444336e+00,1.567269116640090942e-01,2.115334719419479370e-01,-6.299405097961425781e-01,4.286477565765380859e-01,-1.098997235298156738e+00,1.092824488878250122e-01,0.000000000000000000e+00
1.928365945816040039e+00,-6.618824005126953125e-01,7.500690221786499023e-01,-6.884702015668153763e-03,4.773946851491928101e-02,7.348422408103942871e-01,6.765208244323730469e-01,-4.062552452087402344e-01,-2.487051784992218018e-01,-2.045486569404602051e-01,1.039965271949768066e+00,-6.807000041007995605e-01,2.582600414752960205e-01,-8.145282268524169922e-01,-1.278203427791595459e-01,1.840349137783050537e-01,1.622500658035278320e+00,-3.144511878490447998e-01,7.766212522983551025e-02,-1.502361595630645752e-01,-2.239624559879302979e-01,3.932330012321472168e-01,-3.682109415531158447e-01,-1.599118113517761230e+00,1.859104335308074951e-01,2.692368328571319580e-01,-6.490670442581176758e-01,4.534664154052734375e-01,-1.043500304222106934e+00,1.146456748247146606e-01,0.000000000000000000e+00
1.934719085693359375e+00,-6.056659817695617676e-01,7.641919851303100586e-01,1.996761566260829568e-04,2.305741980671882629e-02,7.338705062866210938e-01,6.788979172706604004e-01,-2.489311099052429199e-01,-1.848369985818862915e-01,-1.934436559677124023e-01,9.888225197792053223e-01,-6.695147752761840820e-01,2.068171948194503784e-01,-7.857714891433715820e-01,-1.261899918317794800e-01,1.136875376105308533e-01,1.421492338180541992e+00,-3.670885860919952393e-01,6.398119777441024780e-02,-2.164054363965988159e-01,-2.204433083534240723e-01,4.236634969711303711e-01,-3.049320578575134277e-01,-1.769660830497741699e+00,2.305213809013366699e-01,3.520085215568542480e-01,-6.647990942001342773e-01,4.702769517898559570e-01,-1.047586679458618164e+00,9.012218564748764038e-02,0.000000000000000000e+00
1.940965652465820312e+00,-5.526313185691833496e-01,7.858733534812927246e-01,9.035897441208362579e-03,1.302240602672100067e-02,7.411307692527770996e-01,6.711735129356384277e-01,-1.132615581154823303e-01,-1.460704058408737183e-01,-1.777071654796600342e-01,8.838763833045959473e-01,-5.170912742614746094e-01,1.340265870094299316e-01,-7.369902729988098145e-01,-1.637455970048904419e-01,1.821402832865715027e-02,1.157654523849487305e+00,-4.424175024032592773e-01,5.467757955193519592e-02,-2.972251176834106445e-01,-1.863603144884109497e-01,4.557863771915435791e-01,-2.256501019001007080e-01,-1.927638411521911621e+00,2.948916256427764893e-01,4.207719564437866211e-01,-6.934918165206909180e-01,4.625097811222076416e-01,-1.063876390457153320e+00,3.516357019543647766e-02,0.000000000000000000e+00
1.946657538414001465e+00,-5.021852850914001465e-01,8.041426539421081543e-01,9.391752071678638458e-03,5.690064281225204468e-03,7.425215244293212891e-01,6.697321534156799316e-01,-4.403775930404663086e-02,-1.056057438254356384e-01,-1.417323797941207886e-01,8.501522541046142578e-01,-3.269963264465332031e-01,6.062471121549606323e-02,-6.934072375297546387e-01,-1.481947153806686401e-01,-4.011629894375801086e-02,8.902100920677185059e-01,-5.450434088706970215e-01,5.651113390922546387e-02,-3.378531038761138916e-01,-1.502614319324493408e-01,4.893116652965545654e-01,-1.665371060371398926e-01,-2.038291215896606445e+00,3.570826053619384766e-01,4.760699868202209473e-01,-7.049949169158935547e-01,4.480539858341217041e-01,-1.083120822906494141e+00,-1.806634664535522461e-02,0.000000000000000000e+00
1.952034115791320801e+00,-4.544534087181091309e-01,8.152689933776855469e-01,1.200075959786772728e-03,2.683352679014205933e-03,7.357925772666931152e-01,6.772006154060363770e-01,-4.883060604333877563e-02,-6.497072428464889526e-02,-9.487759321928024292e-02,9.082849621772766113e-01,-1.446265727281570435e-01,-9.772311896085739136e-03,-6.810672283172607422e-01,-1.008832678198814392e-01,-4.298936948180198669e-02,7.041210532188415527e-01,-6.175147891044616699e-01,4.848106577992439270e-02,-3.265539109706878662e-01,-1.152073144912719727e-01,5.311626791954040527e-01,-1.246510893106460571e-01,-2.101818084716796875e+00,3.984001874923706055e-01,5.209164619445800781e-01,-7.007432579994201660e-01,4.420462250709533691e-01,-1.108793735504150391e+00,-7.445102185010910034e-02,0.000000000000000000e+00
1.957625746726989746e+00,-4.077532887458801270e-01,8.135065436363220215e-01,-4.300218541175127029e-03,1.008637808263301849e-02,7.265458106994628906e-01,6.870304942131042480e-01,-1.202091351151466370e-01,-3.545441105961799622e-02,-4.837623611092567444e-02,1.060267210006713867e+00,-7.214307039976119995e-02,-2.689732052385807037e-02,-7.032730579376220703e-01,-7.820075750350952148e-02,-3.223220631480216980e-02,6.754679083824157715e-01,-6.605517268180847168e-01,1.839299872517585754e-02,-2.853342294692993164e-01,-8.496490865945816040e-02,5.522828698158264160e-01,-9.709318727254867554e-02,-2.104255199432373047e+00,4.208160638809204102e-01,5.461750626564025879e-01,-7.142180800437927246e-01,4.668933153152465820e-01,-1.147649049758911133e+00,-1.173070445656776428e-01,0.000000000000000000e+00
1.962575674057006836e+00,-3.604855537414550781e-01,7.981892228126525879e-01,1.884071272797882557e-03,2.157496474683284760e-02,7.234895229339599609e-01,6.899955272674560547e-01,-2.155476510524749756e-01,-3.326679766178131104e-02,-3.321399539709091187e-02,1.261010527610778809e+00,-1.348596513271331787e-01,-6.444459781050682068e-03,-7.346196770668029785e-01,-7.970801740884780884e-02,1.786960661411285400e-02,7.855240106582641602e-01,-6.674263477325439453e-01,6.113712210208177567e-03,-2.467018961906433105e-01,-4.548162594437599182e-02,5.380716323852539062e-01,-9.805815666913986206e-02,-2.051033258438110352e+00,4.120098650455474854e-01,5.511888861656188965e-01,-7.591108679771423340e-01,5.200262069702148438e-01,-1.202220201492309570e+00,-1.031701639294624329e-01,0.000000000000000000e+00
1.968079686164855957e+00,-3.157506883144378662e-01,7.751132845878601074e-01,3.601083066314458847e-03,3.478708863258361816e-02,7.164835929870605469e-01,6.967267394065856934e-01,-3.454969227313995361e-01,-2.467835508286952972e-02,-2.898190915584564209e-02,1.472576260566711426e+00,-1.582165509462356567e-01,4.073626920580863953e-02,-7.995570302009582520e-01,-5.719896405935287476e-02,9.091449528932571411e-02,9.351235628128051758e-01,-5.726453065872192383e-01,-1.835182867944240570e-02,-1.874237507581710815e-01,-1.169932074844837189e-02,5.319526791572570801e-01,-1.199944317340850830e-01,-1.952354788780212402e+00,3.884616196155548096e-01,5.178031921386718750e-01,-7.952631115913391113e-01,5.715923905372619629e-01,-1.255863189697265625e+00,-6.722264736890792847e-02,0.000000000000000000e+00
1.973528265953063965e+00,-2.706928551197052002e-01,7.523477673530578613e-01,1.423947745934128761e-03,4.739527404308319092e-02,7.050073146820068359e-01,7.076131105422973633e-01,-4.886719584465026855e-01,-3.553934022784233093e-02,-5.049606785178184509e-02,1.648468971252441406e+00,-1.655138432979583740e-01,8.459807187318801880e-02,-8.680402040481567383e-01,-2.570032142102718353e-02,1.478657722473144531e-01,1.104486703872680664e+00,-5.264147520065307617e-01,-3.710635006427764893e-02,-1.200832203030586243e-01,2.363792061805725098e-02,5.360080599784851074e-01,-1.630734503269195557e-01,-1.793132305145263672e+00,3.340167999267578125e-01,4.231266677379608154e-01,-8.021073341369628906e-01,6.085179448127746582e-01,-1.260147452354431152e+00,-8.527291007339954376e-03,0.000000000000000000e+00
1.978833079338073730e+00,-2.242940515279769897e-01,7.343649864196777344e-01,1.976760337129235268e-03,5.180069059133529663e-02,6.978954076766967773e-01,7.143211960792541504e-01,-6.157391667366027832e-01,-5.637565255165100098e-02,-8.852722495794296265e-02,1.768557071685791016e+00,-1.957424879074096680e-01,1.079931631684303284e-01,-8.736308813095092773e-01,-1.727748289704322815e-02,1.614468693733215332e-01,1.223758578300476074e+00,-5.907376408576965332e-01,-5.332319438457489014e-02,-7.762331515550613403e-02,7.676807045936584473e-02,5.265808701515197754e-01,-2.176255881786346436e-01,-1.587269067764282227e+00,2.574796974658966064e-01,3.177310228347778320e-01,-7.729848027229309082e-01,5.803468823432922363e-01,-1.237362265586853027e+00,3.004701063036918640e-02,0.000000000000000000e+00
1.983897447586059570e+00,-1.785031855106353760e-01,7.221813201904296875e-01,3.817415563389658928e-03,5.207853019237518311e-02,6.941834092140197754e-01,7.179015278816223145e-01,-7.364442944526672363e-01,-8.005744963884353638e-02,-1.266172975301742554e-01,1.831907629966735840e+00,-2.319371998310089111e-01,1.319006681442260742e-01,-8.366419076919555664e-01,-1.755419559776782990e-02,1.625597476959228516e-01,1.295357227325439453e+00,-6.704697012901306152e-01,-7.002206146717071533e-02,-4.323010519146919250e-02,1.035504415631294250e-01,5.228816866874694824e-01,-3.062935173511505127e-01,-1.324429750442504883e+00,1.736729443073272705e-01,2.212656587362289429e-01,-7.135403156280517578e-01,4.852660298347473145e-01,-1.232407331466674805e+00,2.098562382161617279e-02,0.000000000000000000e+00
1.987071752548217773e+00,-1.361052989959716797e-01,7.219320535659790039e-01,-3.331598825752735138e-03,4.886444285511970520e-02,6.755877733230590820e-01,7.356509566307067871e-01,-8.506209254264831543e-01,-5.857338011264801025e-02,-1.382011771202087402e-01,1.820872545242309570e+00,-2.810074388980865479e-01,1.541447192430496216e-01,-7.680794596672058105e-01,1.659749634563922882e-02,1.695812344551086426e-01,1.269006729125976562e+00,-6.807000041007995605e-01,-8.321300148963928223e-02,2.712188847362995148e-02,1.035683453083038330e-01,5.199849009513854980e-01,-4.309200346469879150e-01,-1.008122324943542480e+00,7.385871559381484985e-02,1.168657243251800537e-01,-6.454896926879882812e-01,3.907474875450134277e-01,-1.277224779129028320e+00,1.376578304916620255e-02,0.000000000000000000e+00
1.989644050598144531e+00,-9.040727466344833374e-02,7.297580838203430176e-01,-1.059606764465570450e-02,4.221509024500846863e-02,6.568217873573303223e-01,7.527886629104614258e-01,-9.267002940177917480e-01,-1.825469918549060822e-02,-1.367601454257965088e-01,1.743636131286621094e+00,-3.405382037162780762e-01,1.687351465225219727e-01,-6.600286960601806641e-01,4.315043985843658447e-02,1.728687882423400879e-01,1.191933274269104004e+00,-6.807000041007995605e-01,-8.674466609954833984e-02,1.011184304952621460e-01,1.241932064294815063e-01,5.227147340774536133e-01,-5.253072977066040039e-01,-7.263813614845275879e-01,-6.934723258018493652e-02,5.136130005121231079e-02,-5.591861605644226074e-01,2.582385540008544922e-01,-1.373515367507934570e+00,-6.561099737882614136e-02,0.000000000000000000e+00
1.991818308830261230e+00,-4.065848886966705322e-02,7.431204915046691895e-01,-1.156116090714931488e-02,3.539748862385749817e-02,6.454499363899230957e-01,7.628943324089050293e-01,-9.533455967903137207e-01,1.736719533801078796e-02,-1.162666454911231995e-01,1.610106825828552246e+00,-3.792282044887542725e-01,1.682868450880050659e-01,-5.204730033874511719e-01,3.850736096501350403e-02,1.645426601171493530e-01,1.086376547813415527e+00,-6.807000041007995605e-01,-8.531160652637481689e-02,1.743187308311462402e-01,1.608846783638000488e-01,5.316995382308959961e-01,-5.623082518577575684e-01,-5.244833230972290039e-01,-1.862038373947143555e-01,3.899211436510086060e-02,-4.833657443523406982e-01,1.021239534020423889e-01,-1.544938683509826660e+00,-1.903710961341857910e-01,0.000000000000000000e+00
1.993747949600219727e+00,1.408206857740879059e-02,7.581676840782165527e-01,1.274181064218282700e-03,2.915529720485210419e-02,6.438033580780029297e-01,7.646342515945434570e-01,-9.184008240699768066e-01,2.455536834895610809e-02,-7.248153537511825562e-02,1.436565995216369629e+00,-4.171198606491088867e-01,1.572039127349853516e-01,-3.585936427116394043e-01,-2.889756578952074051e-03,1.433234214782714844e-01,9.940790534019470215e-01,-6.807000041007995605e-01,-7.337373495101928711e-02,2.348755896091461182e-01,2.271322607994079590e-01,5.367138385772705078e-01,-4.903710186481475830e-01,-4.029332101345062256e-01,-1.686971634626388550e-01,5.488613620400428772e-02,-4.521147608757019043e-01,-1.632397063076496124e-02,-1.766239523887634277e+00,-2.553426027297973633e-01,0.000000000000000000e+00
1.994617342948913574e+00,7.148088514804840088e-02,7.714136242866516113e-01,2.491296268999576569e-02,2.869372814893722534e-02,6.492148637771606445e-01,7.596552371978759766e-01,-8.465774059295654297e-01,1.521123945713043213e-02,1.090717874467372894e-02,1.240685462951660156e+00,-4.645128548145294189e-01,1.509886831045150757e-01,-2.132264673709869385e-01,-7.168082147836685181e-02,1.079790443181991577e-01,9.555889964103698730e-01,-6.617988944053649902e-01,-3.357594832777976990e-02,2.704270184040069580e-01,3.020804524421691895e-01,5.384187698364257812e-01,-3.717229664325714111e-01,-3.367128372192382812e-01,-7.717962563037872314e-02,7.472819089889526367e-02,-4.735648632049560547e-01,-9.044683724641799927e-02,-1.979288697242736816e+00,-2.756778597831726074e-01,0.000000000000000000e+00
1.993737339973449707e+00,1.262373030185699463e-01,7.909134030342102051e-01,3.084467910230159760e-02,2.431779168546199799e-02,6.418171525001525879e-01,7.658511400222778320e-01,-7.777302861213684082e-01,3.420611843466758728e-02,8.576408028602600098e-02,1.024896860122680664e+00,-5.468015670776367188e-01,1.478045284748077393e-01,-8.577867597341537476e-02,-9.772732108831405640e-02,8.124091476202011108e-02,8.597654104232788086e-01,-5.074183940887451172e-01,1.706139557063579559e-02,3.287360072135925293e-01,3.495519161224365234e-01,5.713499784469604492e-01,-2.929825782775878906e-01,-3.058380782604217529e-01,-5.526465550065040588e-02,7.355629652738571167e-02,-5.050098896026611328e-01,-1.395071744918823242e-01,-2.156668186187744141e+00,-2.743121385574340820e-01,0.000000000000000000e+00
1.992301225662231445e+00,1.799801439046859741e-01,8.059310317039489746e-01,3.721817955374717712e-02,2.244682982563972473e-02,6.367822289466857910e-01,7.698177099227905273e-01,-7.135636210441589355e-01,1.796750351786613464e-02,1.181165054440498352e-01,8.287600874900817871e-01,-6.314647793769836426e-01,1.378022879362106323e-01,8.082945831120014191e-03,-1.342655569314956665e-01,3.971937671303749084e-02,8.139977455139160156e-01,-3.330389559268951416e-01,6.445339322090148926e-02,3.708451092243194580e-01,3.844565451145172119e-01,6.082911491394042969e-01,-2.881521582603454590e-01,-3.003721237182617188e-01,-1.349962949752807617e-01,3.586503490805625916e-02,-5.492318868637084961e-01,-1.510994881391525269e-01,-2.194799900054931641e+00,-3.144361376762390137e-01,0.000000000000000000e+00
1.989762544631958008e+00,2.313665002584457397e-01,8.132195472717285156e-01,4.254815354943275452e-02,2.649675123393535614e-02,6.373760104179382324e-01,7.689209580421447754e-01,-6.680839061737060547e-01,-2.612544782459735870e-02,1.066805273294448853e-01,6.908138394355773926e-01,-6.771680116653442383e-01,1.460583209991455078e-01,5.771414935588836670e-02,-1.952933669090270996e-01,-3.449004143476486206e-02,8.393626213073730469e-01,-1.735579371452331543e-01,9.995564073324203491e-02,3.833786547183990479e-01,4.004054963588714600e-01,6.252490878105163574e-01,-3.171460628509521484e-01,-2.959995865821838379e-01,-2.114149183034896851e-01,2.668002620339393616e-02,-5.930785536766052246e-01,-1.425494998693466187e-01,-2.194799900054931641e+00,-3.963266313076019287e-01,0.000000000000000000e+00
1.986906766891479492e+00,2.819285094738006592e-01,8.078677654266357422e-01,4.218202456831932068e-02,2.551227621734142303e-02,6.388612389564514160e-01,7.677409648895263672e-01,-6.436668038368225098e-01,-5.697221681475639343e-02,6.438332051038742065e-02,6.685946583747863770e-01,-6.778466701507568359e-01,1.440640240907669067e-01,6.895188242197036743e-02,-2.466738820075988770e-01,-9.524979442358016968e-02,9.328868389129638672e-01,-6.683047115802764893e-02,1.040686964988708496e-01,3.778920769691467285e-01,3.999514281749725342e-01,6.264967918395996094e-01,-3.262285292148590088e-01,-2.851355969905853271e-01,-2.459083199501037598e-01,5.493235215544700623e-02,-6.268768310546875000e-01,-1.302079111337661743e-01,-2.194799900054931641e+00,-4.283989965915679932e-01,0.000000000000000000e+00
1.983827233314514160e+00,3.334225714206695557e-01,7.893841266632080078e-01,3.955445066094398499e-02,1.857968978583812714e-02,6.359154582023620605e-01,7.705204486846923828e-01,-6.564924716949462891e-01,-6.886994838714599609e-02,2.411673031747341156e-02,7.954100370407104492e-01,-6.727067232131958008e-01,1.562145650386810303e-01,3.767330199480056763e-02,-2.696690559387207031e-01,-7.866784185171127319e-02,1.083625793457031250e+00,-9.947518259286880493e-02,8.015114814043045044e-02,3.716971576213836670e-01,3.853575289249420166e-01,6.200841665267944336e-01,-3.257798552513122559e-01,-2.912053167819976807e-01,-2.635160684585571289e-01,1.125675663352012634e-01,-6.576528549194335938e-01,-1.208667829632759094e-01,-2.194411277770996094e+00,-4.057565033435821533e-01,0.000000000000000000e+00
1.978649854660034180e+00,3.772076070308685303e-01,7.652382850646972656e-01,3.206488490104675293e-02,2.122058905661106110e-02,6.434047222137451172e-01,7.645599246025085449e-01,-7.358543276786804199e-01,-1.140671670436859131e-01,-2.686498686671257019e-02,9.777950644493103027e-01,-5.736218094825744629e-01,1.880452483892440796e-01,-6.506046652793884277e-02,-2.654429972171783447e-01,-7.935151457786560059e-03,1.266109108924865723e+00,-1.404306590557098389e-01,6.270051747560501099e-02,3.381514251232147217e-01,3.300143480300903320e-01,5.982506275177001953e-01,-3.221428692340850830e-01,-3.194945752620697021e-01,-2.668637931346893311e-01,1.237618848681449890e-01,-6.942934989929199219e-01,-7.979714125394821167e-02,-2.117856025695800781e+00,-3.522504568099975586e-01,0.000000000000000000e+00
1.975048899650573730e+00,4.202655255794525146e-01,7.440775036811828613e-01,2.437774278223514557e-02,2.307533100247383118e-02,6.557720899581909180e-01,7.542123198509216309e-01,-7.868810296058654785e-01,-1.557525098323822021e-01,-6.265646964311599731e-02,1.126797199249267578e+00,-5.083296895027160645e-01,2.097089141607284546e-01,-1.830176711082458496e-01,-2.227247506380081177e-01,7.489720731973648071e-02,1.429869771003723145e+00,-1.298153847455978394e-01,6.417272239923477173e-02,2.927945554256439209e-01,2.466996461153030396e-01,5.678904056549072266e-01,-3.260223567485809326e-01,-3.568585515022277832e-01,-2.655973136425018311e-01,1.172727718949317932e-01,-6.980983018875122070e-01,1.386834075674414635e-03,-1.961500048637390137e+00,-2.770793437957763672e-01,0.000000000000000000e+00
1.972057223320007324e+00,4.628048241138458252e-01,7.282534241676330566e-01,1.837737299501895905e-02,2.380501851439476013e-02,6.650756597518920898e-01,7.461702227592468262e-01,-7.941120862960815430e-01,-1.815995126962661743e-01,-7.698432356119155884e-02,1.232728481292724609e+00,-5.623997449874877930e-01,2.588751018047332764e-01,-3.156155347824096680e-01,-1.636684238910675049e-01,1.551940888166427612e-01,1.568969964981079102e+00,-1.153137236833572388e-01,8.024843037128448486e-02,2.576542198657989502e-01,1.517738848924636841e-01,5.326847434043884277e-01,-3.460321724414825439e-01,-4.252205789089202881e-01,-2.481018453836441040e-01,1.234034225344657898e-01,-6.740522980690002441e-01,7.364131510257720947e-02,-1.779567837715148926e+00,-2.299515902996063232e-01,0.000000000000000000e+00
1.974961876869201660e+00,5.034468173980712891e-01,7.191832661628723145e-01,1.029001642018556595e-02,2.232826501131057739e-02,6.718281507492065430e-01,7.402989268302917480e-01,-7.772473096847534180e-01,-1.771804541349411011e-01,-9.695871174335479736e-02,1.300370931625366211e+00,-6.327654719352722168e-01,2.617999911308288574e-01,-4.635367691516876221e-01,-8.333209902048110962e-02,2.084534317255020142e-01,1.672902226448059082e+00,-1.462664753198623657e-01,8.229051530361175537e-02,2.137034684419631958e-01,6.649757176637649536e-02,5.026424527168273926e-01,-3.749960660934448242e-01,-5.469073057174682617e-01,-2.002431601285934448e-01,1.095223128795623779e-01,-6.545914411544799805e-01,1.634278744459152222e-01,-1.600518226623535156e+00,-1.549948900938034058e-01,0.000000000000000000e+00
1.975535869598388672e+00,5.442872047424316406e-01,7.179640531539916992e-01,6.608863826841115952e-03,2.264988049864768982e-02,6.864334344863891602e-01,7.268097996711730957e-01,-7.211908102035522461e-01,-1.966234892606735229e-01,-1.188099607825279236e-01,1.304708957672119141e+00,-6.788029670715332031e-01,2.617999911308288574e-01,-6.023820638656616211e-01,-3.878081217408180237e-02,2.233390063047409058e-01,1.714345097541809082e+00,-2.207672744989395142e-01,8.481383323669433594e-02,1.306170672178268433e-01,2.298406790941953659e-03,4.861733615398406982e-01,-4.119337201118469238e-01,-7.214697003364562988e-01,-1.368973255157470703e-01,9.856197983026504517e-02,-6.391431689262390137e-01,2.639825642108917236e-01,-1.443123698234558105e+00,-8.392891287803649902e-02,0.000000000000000000e+00
1.975113868713378906e+00,5.852584242820739746e-01,7.263371348381042480e-01,8.285241201519966125e-03,2.804595418274402618e-02,7.117533087730407715e-01,7.018204927444458008e-01,-6.297348141670227051e-01,-2.402576059103012085e-01,-1.532099395990371704e-01,1.235573887825012207e+00,-6.807000041007995605e-01,2.617999911308288574e-01,-7.243598103523254395e-01,-6.865561753511428833e-02,1.970226466655731201e-01,1.682903289794921875e+00,-2.768836021423339844e-01,8.990629017353057861e-02,1.079371292144060135e-02,-5.631077662110328674e-02,4.762472510337829590e-01,-4.371359348297119141e-01,-9.269328713417053223e-01,-8.848821371793746948e-02,1.036183014512062073e-01,-6.314930319786071777e-01,3.356383740901947021e-01,-1.304016709327697754e+00,-8.775744587182998657e-03,0.000000000000000000e+00
1.974536418914794922e+00,6.302787661552429199e-01,7.404290437698364258e-01,1.526234205812215805e-02,3.015989810228347778e-02,7.315604686737060547e-01,6.809381246566772461e-01,-4.965590536594390869e-01,-2.666868865489959717e-01,-1.845124214887619019e-01,1.128241062164306641e+00,-6.807000041007995605e-01,2.617999911308288574e-01,-8.016119003295898438e-01,-1.216452941298484802e-01,1.647106558084487915e-01,1.588616251945495605e+00,-3.205041587352752686e-01,9.161783754825592041e-02,-9.733617305755615234e-02,-1.087289527058601379e-01,4.695847928524017334e-01,-4.411331117153167725e-01,-1.143438339233398438e+00,-4.637151956558227539e-02,1.373876780271530151e-01,-6.368291974067687988e-01,3.690270483493804932e-01,-1.197709441184997559e+00,6.710710376501083374e-02,0.000000000000000000e+00
1.974348545074462891e+00,6.793289184570312500e-01,7.557612657546997070e-01,2.375800162553787231e-02,1.974543556571006775e-02,7.396917939186096191e-01,6.722363829612731934e-01,-3.423678278923034668e-01,-2.529803514480590820e-01,-1.975594907999038696e-01,1.033230304718017578e+00,-6.807000041007995605e-01,2.557425796985626221e-01,-8.144986629486083984e-01,-1.535903811454772949e-01,1.195360422134399414e-01,1.440211176872253418e+00,-3.647319376468658447e-01,8.689891546964645386e-02,-1.733053773641586304e-01,-1.154718697071075439e-01,5.008758306503295898e-01,-4.139480292797088623e-01,-1.408131599426269531e+00,-5.399737041443586349e-03,1.979298442602157593e-01,-6.282671689987182617e-01,3.761223256587982178e-01,-1.106652736663818359e+00,7.842120528221130371e-02,0.000000000000000000e+00
1.977288365364074707e+00,7.281624674797058105e-01,7.725214958190917969e-01,2.614513412117958069e-02,5.229560192674398422e-03,7.476390004158020020e-01,6.635699272155761719e-01,-2.175903469324111938e-01,-2.106081545352935791e-01,-2.063167095184326172e-01,9.684014320373535156e-01,-6.325732469558715820e-01,2.075923830270767212e-01,-7.830466628074645996e-01,-1.579544842243194580e-01,5.669219419360160828e-02,1.236757636070251465e+00,-4.043884277343750000e-01,8.459767699241638184e-02,-2.455801665782928467e-01,-1.043058708310127258e-01,5.644565224647521973e-01,-3.542706072330474854e-01,-1.679383635520935059e+00,4.215189814567565918e-02,2.712890505790710449e-01,-6.222116947174072266e-01,3.569019734859466553e-01,-1.052011370658874512e+00,5.284782499074935913e-02,0.000000000000000000e+00
1.979966163635253906e+00,7.752075791358947754e-01,7.916135191917419434e-01,2.898873016238212585e-02,7.229869370348751545e-04,7.632918953895568848e-01,6.454026699066162109e-01,-1.227323710918426514e-01,-1.798771917819976807e-01,-2.098464518785476685e-01,8.971711397171020508e-01,-5.010523200035095215e-01,1.384098976850509644e-01,-7.347370386123657227e-01,-1.662289202213287354e-01,1.673528924584388733e-02,9.982078075408935547e-01,-4.663603901863098145e-01,9.358771890401840210e-02,-3.297967314720153809e-01,-1.037181690335273743e-01,6.123668551445007324e-01,-2.785476148128509521e-01,-1.904303431510925293e+00,1.025901511311531067e-01,3.532310128211975098e-01,-6.376884579658508301e-01,3.082283437252044678e-01,-1.043989658355712891e+00,2.545907860621809959e-03,0.000000000000000000e+00
1.982500791549682617e+00,8.216874003410339355e-01,8.073492050170898438e-01,2.809199690818786621e-02,-5.988797638565301895e-03,7.775666713714599609e-01,6.281441450119018555e-01,-6.806121021509170532e-02,-1.404805332422256470e-01,-2.027899920940399170e-01,8.808578252792358398e-01,-3.478646576404571533e-01,6.934253126382827759e-02,-6.831678748130798340e-01,-1.604252755641937256e-01,-3.332481952384114265e-03,7.957849502563476562e-01,-5.624070763587951660e-01,8.132248371839523315e-02,-3.966106474399566650e-01,-9.531354159116744995e-02,6.589586734771728516e-01,-1.940904259681701660e-01,-2.082110404968261719e+00,1.444455087184906006e-01,4.431256353855133057e-01,-6.543357372283935547e-01,2.698316574096679688e-01,-1.064119100570678711e+00,-1.098567396402359009e-01,0.000000000000000000e+00
1.985284566879272461e+00,8.659526109695434570e-01,8.156846761703491211e-01,2.303096279501914978e-02,-1.360021252185106277e-02,7.833299636840820312e-01,6.210303902626037598e-01,-6.684599816799163818e-02,-9.749358892440795898e-02,-1.781588494777679443e-01,9.411823153495788574e-01,-2.044237554073333740e-01,1.799840666353702545e-02,-6.497116088867187500e-01,-1.430861055850982666e-01,-1.535761076956987381e-02,6.821660399436950684e-01,-6.334908604621887207e-01,3.520916402339935303e-02,-4.170154631137847900e-01,-9.339451789855957031e-02,6.953542828559875488e-01,-1.331084966659545898e-01,-2.192743062973022461e+00,1.905033439397811890e-01,5.127311348915100098e-01,-6.722099781036376953e-01,2.689468562602996826e-01,-1.105771541595458984e+00,-1.710393279790878296e-01,0.000000000000000000e+00
1.987753391265869141e+00,9.099357128143310547e-01,8.106720447540283203e-01,2.366538345813751221e-02,-1.270637474954128265e-02,7.874552011489868164e-01,6.157863736152648926e-01,-1.027867719531059265e-01,-7.340461760759353638e-02,-1.504327058792114258e-01,1.059601902961730957e+00,-8.322600275278091431e-02,-2.014513127505779266e-02,-6.466032266616821289e-01,-1.530624032020568848e-01,-3.027538582682609558e-02,7.110239863395690918e-01,-6.690900325775146484e-01,2.615320682525634766e-02,-4.151327610015869141e-01,-1.168225929141044617e-01,6.951335668563842773e-01,-1.182817518711090088e-01,-2.194799900054931641e+00,2.404122650623321533e-01,5.428794622421264648e-01,-7.042246460914611816e-01,2.860508859157562256e-01,-1.145568728446960449e+00,-1.560522615909576416e-01,0.000000000000000000e+00
1.989874243736267090e+00,9.537248015403747559e-01,7.950356006622314453e-01,2.675404399633407593e-02,-5.620963405817747116e-03,7.903534770011901855e-01,6.120408773422241211e-01,-1.743892580270767212e-01,-3.367595002055168152e-02,-1.019054129719734192e-01,1.222553968429565430e+00,-8.406390249729156494e-02,9.071391075849533081e-03,-6.641764044761657715e-01,-1.537492722272872925e-01,1.537520904093980789e-02,8.101885318756103516e-01,-6.649973392486572266e-01,2.695761620998382568e-02,-3.966994285583496094e-01,-1.037103608250617981e-01,6.825564503669738770e-01,-9.668411314487457275e-02,-2.194486379623413086e+00,2.628200650215148926e-01,5.388261079788208008e-01,-7.356374859809875488e-01,2.998325824737548828e-01,-1.177790403366088867e+00,-1.452781111001968384e-01,0.000000000000000000e+00
1.993558287620544434e+00,9.948066473007202148e-01,7.716028690338134766e-01,2.131341770291328430e-02,7.836981676518917084e-03,7.843403220176696777e-01,6.199149489402770996e-01,-3.003633916378021240e-01,-8.062849752604961395e-03,-8.572888374328613281e-02,1.415515065193176270e+00,-1.391675770282745361e-01,8.514066040515899658e-02,-7.399284839630126953e-01,-1.206917464733123779e-01,8.306168019771575928e-02,9.500917792320251465e-01,-5.903814435005187988e-01,6.842893548309803009e-03,-3.343733251094818115e-01,-8.927889913320541382e-02,6.764381527900695801e-01,-7.374166697263717651e-02,-2.168261289596557617e+00,2.697071731090545654e-01,4.926449954509735107e-01,-7.481464147567749023e-01,3.056885898113250732e-01,-1.207613825798034668e+00,-1.506893485784530640e-01,0.000000000000000000e+00
1.995804667472839355e+00,1.032572269439697266e+00,7.482229471206665039e-01,1.073962543159723282e-02,2.195115387439727783e-02,7.745295166969299316e-01,6.320655345916748047e-01,-4.464626014232635498e-01,-4.906520619988441467e-02,-1.342632621526718140e-01,1.578853368759155273e+00,-1.254650354385375977e-01,1.057291105389595032e-01,-8.314616084098815918e-01,-8.188474923372268677e-02,1.356447786092758179e-01,1.112340211868286133e+00,-5.451162457466125488e-01,2.655572723597288132e-03,-2.534161210060119629e-01,-7.159104943275451660e-02,6.699637174606323242e-01,-7.973200082778930664e-02,-2.070547342300415039e+00,2.459113448858261108e-01,4.015668332576751709e-01,-7.504438757896423340e-01,3.237550258636474609e-01,-1.222751498222351074e+00,-1.265240162611007690e-01,0.000000000000000000e+00
1.996142148971557617e+00,1.071968436241149902e+00,7.309573888778686523e-01,4.207428079098463058e-03,2.939546667039394379e-02,7.657335996627807617e-01,6.424719691276550293e-01,-5.567868947982788086e-01,-1.504023820161819458e-01,-2.139224708080291748e-01,1.678833961486816406e+00,-1.054896265268325806e-01,5.550595000386238098e-02,-8.607187271118164062e-01,-5.056048184633255005e-02,1.638182848691940308e-01,1.221614956855773926e+00,-5.808512568473815918e-01,-1.432274654507637024e-02,-1.819216310977935791e-01,-1.971824467182159424e-02,6.461800932884216309e-01,-1.199543327093124390e-01,-1.916471362113952637e+00,1.841017007827758789e-01,2.972777187824249268e-01,-7.475584745407104492e-01,3.450968861579895020e-01,-1.248786687850952148e+00,-5.189994722604751587e-02,0.000000000000000000e+00
1.995250821113586426e+00,1.111036181449890137e+00,7.191461920738220215e-01,6.546037620864808559e-04,3.442588075995445251e-02,7.571282386779785156e-01,6.523582339286804199e-01,-6.542500257492065430e-01,-2.485708445310592651e-01,-2.761748433113098145e-01,1.735898137092590332e+00,-1.635473221540451050e-01,2.023082785308361053e-02,-8.550482392311096191e-01,-3.100461699068546295e-02,1.807150691747665405e-01,1.293819189071655273e+00,-6.422644257545471191e-01,-2.525158040225505829e-02,-1.030349060893058777e-01,1.348969619721174240e-02,6.158044934272766113e-01,-2.019926160573959351e-01,-1.701420664787292480e+00,8.645460754632949829e-02,2.067600488662719727e-01,-7.329981327056884766e-01,3.250882625579833984e-01,-1.311805725097656250e+00,3.576434031128883362e-02,0.000000000000000000e+00
1.992241144180297852e+00,1.148547768592834473e+00,7.147271633148193359e-01,-1.840949873439967632e-03,3.701960667967796326e-02,7.462273836135864258e-01,6.646584272384643555e-01,-7.541643977165222168e-01,-2.765430510044097900e-01,-2.878600358963012695e-01,1.745594978332519531e+00,-2.342423200607299805e-01,3.012317605316638947e-02,-8.195357322692871094e-01,-1.870463229715824127e-02,1.882527321577072144e-01,1.314879059791564941e+00,-6.797706484794616699e-01,-2.529734373092651367e-02,-1.455569639801979065e-02,2.088319510221481323e-02,6.038640737533569336e-01,-3.267784118652343750e-01,-1.448657751083374023e+00,-6.064090877771377563e-02,1.183667406439781189e-01,-7.184848189353942871e-01,3.030908405780792236e-01,-1.416307091712951660e+00,1.113772764801979065e-01,0.000000000000000000e+00
1.988501429557800293e+00,1.186045408248901367e+00,7.194415330886840820e-01,-1.036962494254112244e-02,3.425940126180648804e-02,7.307130098342895508e-01,6.817457675933837891e-01,-8.536806702613830566e-01,-2.076368480920791626e-01,-2.566792964935302734e-01,1.706589818000793457e+00,-3.072458207607269287e-01,7.615236937999725342e-02,-7.512844204902648926e-01,9.436674416065216064e-03,1.894068121910095215e-01,1.269207954406738281e+00,-6.807000041007995605e-01,-2.826110087335109711e-02,8.207672834396362305e-02,2.550217509269714355e-02,5.981287956237792969e-01,-4.753884077072143555e-01,-1.173201441764831543e+00,-1.383261382579803467e-01,4.421650618314743042e-02,-6.874412298202514648e-01,2.694064378738403320e-01,-1.564764261245727539e+00,8.347784727811813354e-02,0.000000000000000000e+00
1.983486294746398926e+00,1.225970268249511719e+00,7.302712202072143555e-01,-1.826427318155765533e-02,2.761754766106605530e-02,7.188315987586975098e-01,6.943953037261962891e-01,-9.207805991172790527e-01,-1.025571897625923157e-01,-2.034602761268615723e-01,1.618714809417724609e+00,-3.695742189884185791e-01,1.260487139225006104e-01,-6.481770277023315430e-01,2.654579281806945801e-02,1.799109578132629395e-01,1.184314966201782227e+00,-6.807000041007995605e-01,-3.775525465607643127e-02,1.700450778007507324e-01,5.111238360404968262e-02,6.000356674194335938e-01,-5.864492058753967285e-01,-9.298681616783142090e-01,-1.990880966186523438e-01,-1.189601141959428787e-02,-6.524511575698852539e-01,2.200098186731338501e-01,-1.730139017105102539e+00,1.268960535526275635e-03,0.000000000000000000e+00
1.976976156234741211e+00,1.269851207733154297e+00,7.458007335662841797e-01,-1.971967332065105438e-02,1.817409135401248932e-02,7.165859341621398926e-01,6.969830989837646484e-01,-9.315856099128723145e-01,-1.332128141075372696e-02,-1.360395699739456177e-01,1.481713771820068359e+00,-4.071273505687713623e-01,1.544719785451889038e-01,-5.053037405014038086e-01,1.676241122186183929e-02,1.478883177042007446e-01,1.069711923599243164e+00,-6.807000041007995605e-01,-4.890044406056404114e-02,2.333656102418899536e-01,9.993070363998413086e-02,6.088750958442687988e-01,-6.071631908416748047e-01,-7.499457597732543945e-01,-2.629711329936981201e-01,-5.859713628888130188e-02,-6.206858754158020020e-01,1.762444972991943359e-01,-1.871656894683837891e+00,-5.639225617051124573e-02,0.000000000000000000e+00
1.968809485435485840e+00,1.318333625793457031e+00,7.613336443901062012e-01,-6.279901601374149323e-03,9.042597375810146332e-03,7.267199754714965820e-01,6.868456006050109863e-01,-8.751205801963806152e-01,2.713138796389102936e-02,-4.587235674262046814e-02,1.310079813003540039e+00,-4.325020313262939453e-01,1.630263328552246094e-01,-3.358039855957031250e-01,-2.581671625375747681e-02,9.374969452619552612e-02,9.743930697441101074e-01,-6.807000041007995605e-01,-4.484315961599349976e-02,2.660142779350280762e-01,1.699086725711822510e-01,6.029267907142639160e-01,-5.350067615509033203e-01,-5.996181368827819824e-01,-2.240818887948989868e-01,-6.165947392582893372e-02,-6.014102697372436523e-01,1.259485036134719849e-01,-1.981498003005981445e+00,-1.025861725211143494e-01,0.000000000000000000e+00
1.958019495010375977e+00,1.367563247680664062e+00,7.758145928382873535e-01,1.522472593933343887e-02,5.904290825128555298e-03,7.371951937675476074e-01,6.754824519157409668e-01,-7.805761098861694336e-01,2.409368194639682770e-02,6.494957953691482544e-02,1.116170763969421387e+00,-5.019302368164062500e-01,1.574635505676269531e-01,-1.827655136585235596e-01,-8.140631765127182007e-02,3.920882940292358398e-02,9.155323505401611328e-01,-6.399388313293457031e-01,-5.146069452166557312e-03,2.989939749240875244e-01,2.428773492574691772e-01,5.942408442497253418e-01,-4.101601541042327881e-01,-4.978566169738769531e-01,-1.320700347423553467e-01,-1.923505403101444244e-02,-5.993063449859619141e-01,6.454029679298400879e-02,-2.069558382034301758e+00,-1.613882780075073242e-01,0.000000000000000000e+00
1.945505023002624512e+00,1.413622736930847168e+00,7.920293211936950684e-01,2.299597486853599548e-02,3.753833938390016556e-03,7.384421825408935547e-01,6.739141345024108887e-01,-7.080208063125610352e-01,4.041594918817281723e-03,1.334995776414871216e-01,9.224357604980468750e-01,-5.820874571800231934e-01,1.417105197906494141e-01,-7.081644982099533081e-02,-1.065381243824958801e-01,2.427008002996444702e-03,8.455083966255187988e-01,-5.059453248977661133e-01,4.343350604176521301e-02,3.554796576499938965e-01,2.824110686779022217e-01,6.089902520179748535e-01,-3.022605478763580322e-01,-4.494683146476745605e-01,-1.188055574893951416e-01,1.305810548365116119e-02,-5.898534059524536133e-01,1.429055351763963699e-02,-2.126155138015747070e+00,-2.159443944692611694e-01,0.000000000000000000e+00
1.931764125823974609e+00,1.457586646080017090e+00,8.017067909240722656e-01,2.673909440636634827e-02,6.911040283739566803e-03,7.444269061088562012e-01,6.671325564384460449e-01,-6.575752496719360352e-01,-3.667976334691047668e-02,1.766811162233352661e-01,7.751511931419372559e-01,-6.453284025192260742e-01,1.341348439455032349e-01,-1.139466371387243271e-02,-1.326585710048675537e-01,-2.706987410783767700e-02,8.402886986732482910e-01,-3.701920509338378906e-01,8.587863296270370483e-02,3.875524699687957764e-01,3.103987276554107666e-01,6.304650902748107910e-01,-2.471379339694976807e-01,-4.461049139499664307e-01,-1.614114046096801758e-01,4.072298854589462280e-02,-6.002571582794189453e-01,-1.861832663416862488e-02,-2.159638166427612305e+00,-2.467898130416870117e-01,0.000000000000000000e+00
1.918270349502563477e+00,1.499444723129272461e+00,8.035342097282409668e-01,2.735425345599651337e-02,6.909134332090616226e-03,7.568855881690979004e-01,6.529381275177001953e-01,-6.120895743370056152e-01,-8.085741847753524780e-02,1.894850134849548340e-01,6.905306577682495117e-01,-6.774455308914184570e-01,1.461660116910934448e-01,1.589424349367618561e-02,-1.396951526403427124e-01,-3.642986342310905457e-02,8.889216780662536621e-01,-2.387510687112808228e-01,1.200179457664489746e-01,3.900510668754577637e-01,3.332673609256744385e-01,6.579216122627258301e-01,-2.309031486511230469e-01,-4.562889337539672852e-01,-1.835754364728927612e-01,7.344347983598709106e-02,-6.192325353622436523e-01,-3.640602901577949524e-02,-2.167079210281372070e+00,-2.512980401515960693e-01,0.000000000000000000e+00
1.904466390609741211e+00,1.540036082267761230e+00,7.912166714668273926e-01,2.469671890139579773e-02,8.133456110954284668e-03,7.675279974937438965e-01,6.404878497123718262e-01,-6.111608743667602539e-01,-1.295154839754104614e-01,1.519416868686676025e-01,7.351929545402526855e-01,-6.771986484527587891e-01,1.871641725301742554e-01,-7.246970199048519135e-03,-1.212022230029106140e-01,2.574166469275951385e-02,9.990373253822326660e-01,-1.430618613958358765e-01,1.598476469516754150e-01,3.846763670444488525e-01,3.463713824748992920e-01,6.689974665641784668e-01,-2.171604931354522705e-01,-4.756641387939453125e-01,-1.817521005868911743e-01,9.989011287689208984e-02,-6.520584821701049805e-01,-3.149057179689407349e-02,-2.145043373107910156e+00,-2.577080726623535156e-01,0.000000000000000000e+00
1.893007040023803711e+00,1.576644182205200195e+00,7.700282335281372070e-01,1.662911288440227509e-02,1.204848475754261017e-02,7.736189961433410645e-01,6.333181858062744141e-01,-6.749684214591979980e-01,-1.541760861873626709e-01,1.158640757203102112e-01,8.745471239089965820e-01,-6.010370850563049316e-01,2.617999911308288574e-01,-8.456359058618545532e-02,-1.072740927338600159e-01,1.026683822274208069e-01,1.148293137550354004e+00,-1.427566707134246826e-01,1.789241582155227661e-01,3.817411363124847412e-01,3.427369594573974609e-01,6.702439188957214355e-01,-2.018399089574813843e-01,-5.083017945289611816e-01,-1.607716381549835205e-01,1.134454756975173950e-01,-6.905961632728576660e-01,-1.243310421705245972e-02,-2.094437837600708008e+00,-2.616729736328125000e-01,0.000000000000000000e+00
1.884437561035156250e+00,1.613662958145141602e+00,7.482385635375976562e-01,3.421515692025423050e-03,1.014847122132778168e-02,7.814010977745056152e-01,6.239371895790100098e-01,-7.546539902687072754e-01,-1.379758417606353760e-01,7.854814082384109497e-02,1.060732126235961914e+00,-5.618155598640441895e-01,2.617999911308288574e-01,-1.864884942770004272e-01,-9.699507802724838257e-02,1.512204557657241821e-01,1.295271277427673340e+00,-2.040685266256332397e-01,1.529176384210586548e-01,3.672082126140594482e-01,3.114193677902221680e-01,6.732676625251770020e-01,-1.907044500112533569e-01,-5.355268120765686035e-01,-1.264715641736984253e-01,1.089301183819770813e-01,-7.024238705635070801e-01,3.320477157831192017e-02,-2.002103328704833984e+00,-2.182793766260147095e-01,0.000000000000000000e+00
1.873948812484741211e+00,1.649430036544799805e+00,7.314009666442871094e-01,-7.757289800792932510e-03,8.881268091499805450e-03,7.916368246078491211e-01,6.108781099319458008e-01,-7.867982387542724609e-01,-1.409045606851577759e-01,4.297693446278572083e-02,1.175415873527526855e+00,-5.742596983909606934e-01,2.617999911308288574e-01,-3.151684403419494629e-01,-1.155849024653434753e-01,1.799401342868804932e-01,1.429004430770874023e+00,-2.405347675085067749e-01,9.394474327564239502e-02,3.499490916728973389e-01,2.399530857801437378e-01,6.627249717712402344e-01,-2.089067101478576660e-01,-5.550072193145751953e-01,-8.436982333660125732e-02,1.154928654432296753e-01,-7.246255874633789062e-01,8.658846467733383179e-02,-1.882299661636352539e+00,-1.400050967931747437e-01,0.000000000000000000e+00
1.860037446022033691e+00,1.685076832771301270e+00,7.202129960060119629e-01,-1.217729970812797546e-02,6.134468596428632736e-03,8.025701642036437988e-01,5.964018702507019043e-01,-7.692346572875976562e-01,-1.540836840867996216e-01,1.448075566440820694e-02,1.244151353836059570e+00,-6.377948522567749023e-01,2.617999911308288574e-01,-4.547869563102722168e-01,-1.646389365196228027e-01,1.878937333822250366e-01,1.534842014312744141e+00,-2.737801969051361084e-01,3.766046464443206787e-02,3.306803107261657715e-01,1.532824784517288208e-01,6.278400421142578125e-01,-2.298657000064849854e-01,-6.012700796127319336e-01,-5.092638731002807617e-02,1.164300963282585144e-01,-7.024337649345397949e-01,1.601508259773254395e-01,-1.709504723548889160e+00,-6.787645164877176285e-03,0.000000000000000000e+00
1.843458771705627441e+00,1.719279766082763672e+00,7.171687483787536621e-01,-1.108386833220720291e-02,2.997637959197163582e-03,8.215495347976684570e-01,5.700215697288513184e-01,-7.095138430595397949e-01,-1.926096528768539429e-01,-2.162248641252517700e-02,1.256755113601684570e+00,-6.783148646354675293e-01,2.617999911308288574e-01,-5.688181519508361816e-01,-1.941042840480804443e-01,1.955921053886413574e-01,1.582900762557983398e+00,-3.595850467681884766e-01,-1.543263811618089676e-02,2.680614888668060303e-01,9.811507910490036011e-02,5.868118405342102051e-01,-2.485837787389755249e-01,-7.198335528373718262e-01,3.537180647253990173e-02,1.108783259987831116e-01,-6.733094453811645508e-01,2.573480010032653809e-01,-1.528548479080200195e+00,1.337077915668487549e-01,0.000000000000000000e+00
1.821140408515930176e+00,1.753376603126525879e+00,7.206498980522155762e-01,-9.499293752014636993e-03,-2.661611419171094894e-03,8.508433103561401367e-01,5.253269076347351074e-01,-6.216579079627990723e-01,-2.505904436111450195e-01,-6.808934360742568970e-02,1.231932044029235840e+00,-6.797048449516296387e-01,2.617999911308288574e-01,-6.316942572593688965e-01,-2.164082974195480347e-01,1.752301156520843506e-01,1.559727549552917480e+00,-4.286980926990509033e-01,-3.060961887240409851e-02,1.528287678956985474e-01,6.464872509241104126e-02,5.736523866653442383e-01,-2.912172079086303711e-01,-9.091838002204895020e-01,5.391300097107887268e-02,1.192224472761154175e-01,-6.124802827835083008e-01,3.359050750732421875e-01,-1.347209453582763672e+00,1.918344497680664062e-01,0.000000000000000000e+00
1.801548361778259277e+00,1.787391543388366699e+00,7.303075194358825684e-01,-6.022011861205101013e-03,-1.342269824817776680e-03,8.720555305480957031e-01,4.893680810928344727e-01,-5.131849646568298340e-01,-2.939134836196899414e-01,-1.259622871875762939e-01,1.158596754074096680e+00,-6.807000041007995605e-01,2.617999911308288574e-01,-6.994451284408569336e-01,-2.268153429031372070e-01,1.683951914310455322e-01,1.495874762535095215e+00,-4.484849274158477783e-01,-8.422521874308586121e-03,5.704394355416297913e-02,3.684499859809875488e-02,5.653890967369079590e-01,-3.217669427394866943e-01,-1.147443771362304688e+00,8.738020062446594238e-02,1.662636697292327881e-01,-5.791782140731811523e-01,3.535622358322143555e-01,-1.209526658058166504e+00,2.099766433238983154e-01,0.000000000000000000e+00
1.779817223548889160e+00,1.824130177497863770e+00,7.422264218330383301e-01,1.116187078878283501e-03,-1.493777614086866379e-03,8.869401812553405762e-01,4.618805646896362305e-01,-3.824418783187866211e-01,-3.176371753215789795e-01,-1.708402782678604126e-01,1.070736646652221680e+00,-6.806905865669250488e-01,2.617999911308288574e-01,-7.321324944496154785e-01,-2.288799136877059937e-01,1.617932319641113281e-01,1.384744524955749512e+00,-4.706799387931823730e-01,1.872224919497966766e-02,-2.127558924257755280e-02,2.238228730857372284e-02,5.742689967155456543e-01,-3.260259330272674561e-01,-1.419357776641845703e+00,1.272223293781280518e-01,2.344717383384704590e-01,-5.648396015167236328e-01,3.449206948280334473e-01,-1.130251765251159668e+00,2.091486752033233643e-01,0.000000000000000000e+00
1.755317687988281250e+00,1.859359264373779297e+00,7.548358440399169922e-01,7.912399247288703918e-03,-6.117377895861864090e-03,8.989742398262023926e-01,4.378872513771057129e-01,-2.590612471103668213e-01,-3.215417265892028809e-01,-2.043847739696502686e-01,1.003182649612426758e+00,-6.555147767066955566e-01,2.613806426525115967e-01,-7.375088334083557129e-01,-2.332224398851394653e-01,1.356114894151687622e-01,1.237387537956237793e+00,-4.754594564437866211e-01,4.307607561349868774e-02,-9.167540818452835083e-02,1.315827108919620514e-02,6.089600324630737305e-01,-3.004459738731384277e-01,-1.695922851562500000e+00,1.368424147367477417e-01,3.169545531272888184e-01,-5.651731491088867188e-01,3.318166732788085938e-01,-1.105681896209716797e+00,1.745220869779586792e-01,0.000000000000000000e+00
1.732552766799926758e+00,1.892581701278686523e+00,7.727462053298950195e-01,1.560131832957267761e-02,-5.896606016904115677e-03,9.051654934883117676e-01,4.247319400310516357e-01,-1.400921642780303955e-01,-3.143060505390167236e-01,-2.225719392299652100e-01,8.951873779296875000e-01,-5.634532570838928223e-01,2.564856112003326416e-01,-7.230412364006042480e-01,-2.197324484586715698e-01,1.261913627386093140e-01,1.042324185371398926e+00,-4.557421207427978516e-01,6.682445108890533447e-02,-1.282277256250381470e-01,1.756950281560420990e-02,6.275278925895690918e-01,-2.276976406574249268e-01,-1.941893815994262695e+00,1.654317528009414673e-01,4.080478847026824951e-01,-5.858187675476074219e-01,3.106023073196411133e-01,-1.107918143272399902e+00,1.302302926778793335e-01,0.000000000000000000e+00
1.712821602821350098e+00,1.927150487899780273e+00,7.864139676094055176e-01,9.647106751799583435e-03,-1.161839719861745834e-02,9.149742722511291504e-01,4.032294750213623047e-01,-9.753973037004470825e-02,-2.738207280635833740e-01,-2.272694259881973267e-01,8.848655819892883301e-01,-4.498672783374786377e-01,1.918946355581283569e-01,-7.077023983001708984e-01,-1.727508753538131714e-01,1.192567273974418640e-01,8.654347062110900879e-01,-5.206517577171325684e-01,7.757758349180221558e-02,-1.694494932889938354e-01,1.679859310388565063e-02,6.709606647491455078e-01,-1.461064219474792480e-01,-2.123185634613037109e+00,2.585811614990234375e-01,4.741979539394378662e-01,-5.829594135284423828e-01,2.913788259029388428e-01,-1.118126988410949707e+00,8.653596788644790649e-02,0.000000000000000000e+00
1.697982907295227051e+00,1.962663888931274414e+00,7.957244515419006348e-01,-2.971096429973840714e-03,-2.767450362443923950e-02,9.236130118370056152e-01,3.823143541812896729e-01,-1.241664364933967590e-01,-2.046217471361160278e-01,-2.189252227544784546e-01,9.740880727767944336e-01,-3.069033622741699219e-01,7.581302523612976074e-02,-6.902496814727783203e-01,-9.707675129175186157e-02,1.158943772315979004e-01,7.482831478118896484e-01,-5.768748521804809570e-01,4.957719892263412476e-02,-1.944680511951446533e-01,2.220784872770309448e-02,6.983979344367980957e-01,-9.429231286048889160e-02,-2.194311141967773438e+00,3.042388260364532471e-01,5.076173543930053711e-01,-5.562878251075744629e-01,2.976873815059661865e-01,-1.124081969261169434e+00,4.154320806264877319e-02,0.000000000000000000e+00
1.679429888725280762e+00,1.997367739677429199e+00,7.941079139709472656e-01,-8.746600709855556488e-03,-2.877430990338325500e-02,9.287050962448120117e-01,3.695976436138153076e-01,-1.778667569160461426e-01,-1.838527023792266846e-01,-2.067502737045288086e-01,1.103356719017028809e+00,-1.662714332342147827e-01,1.053480990231037140e-02,-6.985784769058227539e-01,-6.680518388748168945e-02,1.162574589252471924e-01,7.546370625495910645e-01,-6.284214258193969727e-01,2.202340029180049896e-02,-1.809911727905273438e-01,2.737719006836414337e-02,7.081568241119384766e-01,-8.695638179779052734e-02,-2.194435358047485352e+00,3.089246451854705811e-01,5.206463932991027832e-01,-5.611876249313354492e-01,3.190074265003204346e-01,-1.120520949363708496e+00,1.350416895002126694e-02,0.000000000000000000e+00
1.662632465362548828e+00,2.031441450119018555e+00,7.815600037574768066e-01,-1.528357435017824173e-02,-2.230239845812320709e-02,9.349807500839233398e-01,3.536664843559265137e-01,-2.839296758174896240e-01,-1.391119956970214844e-01,-1.624004691839218140e-01,1.286335349082946777e+00,-4.450910910964012146e-02,-1.719945482909679413e-02,-7.240395545959472656e-01,-3.611831739544868469e-02,1.655012965202331543e-01,8.457327485084533691e-01,-6.020353436470031738e-01,5.467209266498684883e-04,-1.611347496509552002e-01,4.869825020432472229e-02,7.093718647956848145e-01,-1.044313535094261169e-01,-2.153476715087890625e+00,2.712410986423492432e-01,5.089395046234130859e-01,-5.964623093605041504e-01,3.578420579433441162e-01,-1.153211116790771484e+00,-2.759335329756140709e-03,0.000000000000000000e+00
1.645733594894409180e+00,2.067277669906616211e+00,7.599766850471496582e-01,-2.480655722320079803e-02,-1.409400720149278641e-02,9.403636455535888672e-01,3.389723300933837891e-01,-4.414331912994384766e-01,-4.808440431952476501e-02,-1.091549769043922424e-01,1.516822099685668945e+00,-1.179763078689575195e-01,9.892788529396057129e-02,-7.786214351654052734e-01,-1.727303303778171539e-02,1.876856833696365356e-01,9.853259921073913574e-01,-5.632826685905456543e-01,-7.392900995910167694e-03,-1.250293403863906860e-01,4.978475719690322876e-02,6.986328363418579102e-01,-1.533763408660888672e-01,-2.038849592208862305e+00,2.627387940883636475e-01,4.781143963336944580e-01,-6.420179605484008789e-01,3.872924149036407471e-01,-1.214032053947448730e+00,-7.711177226155996323e-03,0.000000000000000000e+00
1.626898407936096191e+00,2.100314140319824219e+00,7.382627129554748535e-01,-3.729439899325370789e-02,-7.931409403681755066e-03,9.432583451271057129e-01,3.298633992671966553e-01,-6.085839271545410156e-01,-3.053458407521247864e-02,-1.341210007667541504e-01,1.702863097190856934e+00,-1.825811415910720825e-01,1.875610351562500000e-01,-8.372832536697387695e-01,-6.403605220839381218e-04,1.895619034767150879e-01,1.130590677261352539e+00,-5.541698932647705078e-01,-1.259177923202514648e-02,-7.646730542182922363e-02,5.105406418442726135e-02,6.631922721862792969e-01,-2.246754169464111328e-01,-1.855232715606689453e+00,2.221388369798660278e-01,4.054006040096282959e-01,-6.811631917953491211e-01,4.190418124198913574e-01,-1.264614701271057129e+00,-4.802658804692327976e-04,0.000000000000000000e+00
1.606498837471008301e+00,2.131510019302368164e+00,7.213101983070373535e-01,-4.391107335686683655e-02,-6.617596372961997986e-03,9.446110129356384277e-01,3.251738846302032471e-01,-7.374497056007385254e-01,-8.579684793949127197e-02,-1.923447996377944946e-01,1.807455301284790039e+00,-1.958527415990829468e-01,1.840049326419830322e-01,-8.526909947395324707e-01,4.849825054407119751e-03,1.719068288803100586e-01,1.234716653823852539e+00,-6.009741425514221191e-01,-2.332083694636821747e-02,-2.484378032386302948e-02,6.216206774115562439e-02,6.095011234283447266e-01,-2.974854409694671631e-01,-1.625339746475219727e+00,1.431512534618377686e-01,3.006843924522399902e-01,-6.859202384948730469e-01,4.430220127105712891e-01,-1.283698081970214844e+00,6.016749143600463867e-02,0.000000000000000000e+00
1.582450389862060547e+00,2.160468578338623047e+00,7.105234861373901367e-01,-4.284076392650604248e-02,-7.697973866015672684e-03,9.463375806808471680e-01,3.202351331710815430e-01,-8.162022829055786133e-01,-1.846809685230255127e-01,-2.520849704742431641e-01,1.833779454231262207e+00,-2.395752072334289551e-01,1.585533916950225830e-01,-8.186961412429809570e-01,-2.142048440873622894e-03,1.503624618053436279e-01,1.294407010078430176e+00,-6.628258228302001953e-01,-2.567215263843536377e-02,3.216813877224922180e-02,7.629892230033874512e-02,5.731572508811950684e-01,-3.633663356304168701e-01,-1.391865968704223633e+00,5.105067789554595947e-02,2.074877172708511353e-01,-6.933715939521789551e-01,4.353256225585937500e-01,-1.330992579460144043e+00,9.143353998661041260e-02,0.000000000000000000e+00
1.557138442993164062e+00,2.186837673187255859e+00,7.095152735710144043e-01,-4.470488429069519043e-02,-1.372673735022544861e-02,9.418459534645080566e-01,3.327750563621520996e-01,-8.886259794235229492e-01,-1.920469701290130615e-01,-2.577853798866271973e-01,1.791669845581054688e+00,-3.073078691959381104e-01,1.377826184034347534e-01,-7.554544806480407715e-01,1.994211599230766296e-02,1.397386342287063599e-01,1.278768658638000488e+00,-6.807000041007995605e-01,-3.001527115702629089e-02,1.273885369300842285e-01,9.192220866680145264e-02,5.536344647407531738e-01,-4.288744926452636719e-01,-1.154412150382995605e+00,-2.457724697887897491e-02,1.392871141433715820e-01,-6.760945320129394531e-01,3.714433014392852783e-01,-1.411969661712646484e+00,6.044486910104751587e-02,0.000000000000000000e+00
1.529104828834533691e+00,2.212090015411376953e+00,7.171964645385742188e-01,-4.612389206886291504e-02,-2.266713418066501617e-02,9.367102980613708496e-01,3.463128507137298584e-01,-9.479350447654724121e-01,-1.150870248675346375e-01,-2.178310304880142212e-01,1.697087645530700684e+00,-3.572984635829925537e-01,1.481050848960876465e-01,-6.579278707504272461e-01,4.127324000000953674e-02,1.264272928237915039e-01,1.207051038742065430e+00,-6.807000041007995605e-01,-3.332310542464256287e-02,2.331276834011077881e-01,1.040046662092208862e-01,5.192874670028686523e-01,-4.519158005714416504e-01,-8.823553323745727539e-01,-6.157521530985832214e-02,1.036447510123252869e-01,-6.465539336204528809e-01,2.574205696582794189e-01,-1.540825963020324707e+00,-2.383139356970787048e-02,0.000000000000000000e+00
1.493870377540588379e+00,2.236261844635009766e+00,7.262458801269531250e-01,-4.069143533706665039e-02,-1.962351240217685699e-02,9.359938502311706543e-01,3.491055071353912354e-01,-9.673435688018798828e-01,-3.407043218612670898e-02,-1.180414184927940369e-01,1.570578455924987793e+00,-4.184868335723876953e-01,1.869400590658187866e-01,-5.618225932121276855e-01,3.686875104904174805e-03,1.005472540855407715e-01,1.157730817794799805e+00,-6.807000041007995605e-01,-1.154828537255525589e-02,3.119582831859588623e-01,1.507445275783538818e-01,5.052102804183959961e-01,-4.495755434036254883e-01,-7.160957455635070801e-01,-1.293967366218566895e-01,9.603308141231536865e-02,-6.358752250671386719e-01,1.244289278984069824e-01,-1.707336068153381348e+00,-1.146288514137268066e-01,0.000000000000000000e+00
1.457589864730834961e+00,2.261003732681274414e+00,7.404546737670898438e-01,-3.103610500693321228e-02,-1.771050691604614258e-02,9.394742250442504883e-01,3.407510817050933838e-01,-9.307608604431152344e-01,1.172209437936544418e-02,-3.563492000102996826e-02,1.387607812881469727e+00,-5.108905434608459473e-01,2.113800197839736938e-01,-4.293790459632873535e-01,-3.374261781573295593e-02,6.469044089317321777e-02,1.081813335418701172e+00,-6.807000041007995605e-01,5.647480953484773636e-03,3.671287298202514648e-01,2.139870822429656982e-01,5.248503684997558594e-01,-4.268555939197540283e-01,-6.232820749282836914e-01,-1.788457036018371582e-01,8.391664922237396240e-02,-6.151942014694213867e-01,1.507593132555484772e-02,-1.857692241668701172e+00,-1.806914508342742920e-01,0.000000000000000000e+00
1.418125629425048828e+00,2.284582614898681641e+00,7.546266913414001465e-01,-1.353184692561626434e-02,-5.718931090086698532e-03,9.469381570816040039e-01,3.210799694061279297e-01,-8.640245199203491211e-01,3.495354205369949341e-02,1.291449815034866333e-01,1.226826667785644531e+00,-5.260111689567565918e-01,2.306783199310302734e-01,-2.984939515590667725e-01,-9.784619510173797607e-02,2.212950028479099274e-02,1.040022611618041992e+00,-6.514337658882141113e-01,3.719420731067657471e-02,3.938210904598236084e-01,2.939852476119995117e-01,5.334445834159851074e-01,-3.895041644573211670e-01,-5.715119242668151855e-01,-1.609043926000595093e-01,1.027255654335021973e-01,-6.251429915428161621e-01,-7.847247272729873657e-02,-1.990887284278869629e+00,-2.323955595493316650e-01,0.000000000000000000e+00
1.377662301063537598e+00,2.305361032485961914e+00,7.735952138900756836e-01,-4.124041646718978882e-03,-2.120099030435085297e-03,9.500302672386169434e-01,3.121233284473419189e-01,-7.810140252113342285e-01,2.168766036629676819e-02,2.304705083370208740e-01,1.015346407890319824e+00,-5.783047676086425781e-01,2.072651535272598267e-01,-1.753392964601516724e-01,-1.271802932024002075e-01,-1.863105408847332001e-02,9.559599161148071289e-01,-5.229545235633850098e-01,9.050200879573822021e-02,4.359376430511474609e-01,3.542833924293518066e-01,5.584644079208374023e-01,-3.616376817226409912e-01,-5.561768412590026855e-01,-1.688008308410644531e-01,1.022988259792327881e-01,-6.248586773872375488e-01,-1.324897408485412598e-01,-2.081686019897460938e+00,-2.751798927783966064e-01,0.000000000000000000e+00
1.336562514305114746e+00,2.325232982635498047e+00,7.884585857391357422e-01,3.636668203398585320e-03,3.324040677398443222e-03,9.544717073440551758e-01,2.982607483863830566e-01,-7.010583877563476562e-01,-2.063066698610782623e-02,2.898914515972137451e-01,8.225186467170715332e-01,-6.428675055503845215e-01,1.788261532783508301e-01,-7.970619946718215942e-02,-1.512835025787353516e-01,-4.738265648484230042e-02,9.076675772666931152e-01,-3.761341273784637451e-01,1.400036066770553589e-01,4.613603651523590088e-01,4.022513926029205322e-01,5.857816338539123535e-01,-3.504436016082763672e-01,-5.694264769554138184e-01,-1.791636049747467041e-01,1.091809421777725220e-01,-6.364173293113708496e-01,-1.663343459367752075e-01,-2.139122486114501953e+00,-3.150841891765594482e-01,0.000000000000000000e+00
1.297312140464782715e+00,2.343149423599243164e+00,7.942792177200317383e-01,6.825407035648822784e-03,1.084564719349145889e-02,9.597777724266052246e-01,2.804682850837707520e-01,-6.493679285049438477e-01,-7.931485772132873535e-02,2.873218953609466553e-01,7.043052315711975098e-01,-6.767905354499816895e-01,2.028755098581314087e-01,-3.879444301128387451e-02,-1.747709959745407104e-01,-5.123223736882209778e-02,9.355517625808715820e-01,-2.350116670131683350e-01,1.798738837242126465e-01,4.731056392192840576e-01,4.265781044960021973e-01,6.079793572425842285e-01,-3.544053435325622559e-01,-5.916110277175903320e-01,-1.696188747882843018e-01,1.227595359086990356e-01,-6.631892919540405273e-01,-1.825387030839920044e-01,-2.156884431838989258e+00,-3.415693938732147217e-01,0.000000000000000000e+00
1.258939146995544434e+00,2.362358570098876953e+00,7.885980606079101562e-01,8.988213725388050079e-03,7.704636547714471817e-03,9.638826251029968262e-01,2.660642266273498535e-01,-6.142517328262329102e-01,-1.071725562214851379e-01,2.436000555753707886e-01,6.945143938064575195e-01,-6.772531867027282715e-01,2.048228830099105835e-01,-2.681278996169567108e-02,-1.630116701126098633e-01,-1.897478289902210236e-02,1.009197592735290527e+00,-1.112195551395416260e-01,2.141154557466506958e-01,4.836818575859069824e-01,4.360021054744720459e-01,6.395823955535888672e-01,-3.572927415370941162e-01,-6.235922574996948242e-01,-1.599392145872116089e-01,1.451842933893203735e-01,-6.798514723777770996e-01,-1.792190819978713989e-01,-2.137751579284667969e+00,-3.327279686927795410e-01,0.000000000000000000e+00
1.222508668899536133e+00,2.380786895751953125e+00,7.722719311714172363e-01,9.615874849259853363e-03,6.889117066748440266e-04,9.658625721931457520e-01,2.588754594326019287e-01,-6.284791231155395508e-01,-9.411621093750000000e-02,2.454102486371994019e-01,8.137811422348022461e-01,-6.523594260215759277e-01,2.556915581226348877e-01,-5.449634790420532227e-02,-1.625282913446426392e-01,1.549689844250679016e-02,1.123314380645751953e+00,-8.177781105041503906e-02,2.191016674041748047e-01,5.006873011589050293e-01,4.253830611705780029e-01,6.723625063896179199e-01,-3.692853450775146484e-01,-6.608131527900695801e-01,-1.351965516805648804e-01,1.835915446281433105e-01,-7.267501354217529297e-01,-1.732176393270492554e-01,-2.098847150802612305e+00,-3.269173800945281982e-01,0.000000000000000000e+00
1.191218972206115723e+00,2.403377056121826172e+00,7.535408139228820801e-01,7.439530920237302780e-03,-1.530028693377971649e-02,9.650962948799133301e-01,2.613421380519866943e-01,-6.859133839607238770e-01,-1.908222958445549011e-02,2.187655419111251831e-01,1.006622791290283203e+00,-6.155550479888916016e-01,2.617999911308288574e-01,-1.274053603410720825e-01,-1.554930210113525391e-01,4.920637980103492737e-02,1.257447123527526855e+00,-1.188461929559707642e-01,1.752311587333679199e-01,5.328489542007446289e-01,3.733980357646942139e-01,6.989815235137939453e-01,-3.689073026180267334e-01,-6.801093220710754395e-01,-1.439176797866821289e-01,2.005113363265991211e-01,-7.302778363227844238e-01,-1.274553686380386353e-01,-2.014188051223754883e+00,-2.757356762886047363e-01,0.000000000000000000e+00
1.160636663436889648e+00,2.421898841857910156e+00,7.355164289474487305e-01,1.595932757481932640e-03,-2.773148566484451294e-02,9.685241580009460449e-01,2.473648637533187866e-01,-7.343222498893737793e-01,8.684838190674781799e-03,1.610294729471206665e-01,1.154280304908752441e+00,-6.060765385627746582e-01,2.617999911308288574e-01,-2.362211942672729492e-01,-1.440885215997695923e-01,8.718879520893096924e-02,1.392696499824523926e+00,-1.394371688365936279e-01,1.161283329129219055e-01,5.275483131408691406e-01,2.923743724822998047e-01,6.941635012626647949e-01,-3.498871922492980957e-01,-6.992102861404418945e-01,-1.415399014949798584e-01,2.002665251493453979e-01,-7.283408641815185547e-01,-4.614524915814399719e-02,-1.893243670463562012e+00,-1.746507287025451660e-01,0.000000000000000000e+00
1.129126906394958496e+00,2.438676357269287109e+00,7.222377657890319824e-01,8.318892796523869038e-04,-3.767624124884605408e-02,9.729714393615722656e-01,2.278297245502471924e-01,-7.346381545066833496e-01,1.298411749303340912e-02,1.070095673203468323e-01,1.248328566551208496e+00,-6.673711538314819336e-01,2.617999911308288574e-01,-3.500789105892181396e-01,-1.300776749849319458e-01,1.225113123655319214e-01,1.501638054847717285e+00,-1.676075756549835205e-01,5.264348164200782776e-02,5.098444223403930664e-01,2.017248719930648804e-01,6.592060327529907227e-01,-3.262051343917846680e-01,-7.369535565376281738e-01,-1.192783638834953308e-01,1.818615198135375977e-01,-6.874790191650390625e-01,6.828864663839340210e-02,-1.704752445220947266e+00,-4.805717617273330688e-02,0.000000000000000000e+00
1.101662278175354004e+00,2.450134992599487305e+00,7.197939753532409668e-01,-4.934489261358976364e-03,-3.215321153402328491e-02,9.830162525177001953e-01,1.806126385927200317e-01,-7.014323472976684570e-01,-7.397252321243286133e-02,7.716845255345106125e-03,1.198021888732910156e+00,-6.807000041007995605e-01,2.617999911308288574e-01,-4.835005402565002441e-01,-1.464247405529022217e-01,1.337278187274932861e-01,1.563812851905822754e+00,-2.250655889511108398e-01,1.358091086149215698e-02,4.288439154624938965e-01,1.248677968978881836e-01,5.879212617874145508e-01,-3.162070214748382568e-01,-8.315503597259521484e-01,-2.871990390121936798e-02,1.573382169008255005e-01,-6.831242442131042480e-01,1.987304687500000000e-01,-1.500058054924011230e+00,5.556046217679977417e-02,0.000000000000000000e+00
1.069445490837097168e+00,2.459633350372314453e+00,7.223129272460937500e-01,-7.684413809329271317e-03,-2.626479417085647583e-02,9.918192625045776367e-01,1.246823742985725403e-01,-6.443406939506530762e-01,-1.517519503831863403e-01,-6.553334742784500122e-02,1.166653156280517578e+00,-6.807000041007995605e-01,2.617999911308288574e-01,-5.827869176864624023e-01,-1.486449837684631348e-01,1.471088379621505737e-01,1.562440872192382812e+00,-3.019512593746185303e-01,-1.588540151715278625e-02,3.164077997207641602e-01,6.094977632164955139e-02,5.339125394821166992e-01,-3.507504165172576904e-01,-9.749031662940979004e-01,4.961732774972915649e-02,1.583983004093170166e-01,-6.625591516494750977e-01,3.018397390842437744e-01,-1.305061817169189453e+00,1.091591939330101013e-01,0.000000000000000000e+00
1.031613588333129883e+00,2.467679977416992188e+00,7.272748947143554688e-01,-6.156616378575563431e-03,-2.891889214515686035e-02,9.961946010589599609e-01,8.198823779821395874e-02,-5.723983645439147949e-01,-1.680775731801986694e-01,-7.512063533067703247e-02,1.178188800811767578e+00,-6.807000041007995605e-01,2.617999911308288574e-01,-6.551610231399536133e-01,-1.471519470214843750e-01,1.435705870389938354e-01,1.511596918106079102e+00,-3.557720184326171875e-01,-1.656305976212024689e-02,2.228353470563888550e-01,7.328727748245000839e-03,5.093631744384765625e-01,-3.886344730854034424e-01,-1.164810538291931152e+00,1.188984066247940063e-01,1.869601160287857056e-01,-6.152476668357849121e-01,3.496213853359222412e-01,-1.137010693550109863e+00,1.201016828417778015e-01,0.000000000000000000e+00
9.931716918945312500e-01,2.473772525787353516e+00,7.398922443389892578e-01,-3.969565033912658691e-03,-2.510041557252407074e-02,9.988484382629394531e-01,4.069478809833526611e-02,-4.580080509185791016e-01,-2.061972618103027344e-01,-1.292301863431930542e-01,1.087149024009704590e+00,-6.807000041007995605e-01,2.617999911308288574e-01,-7.062743306159973145e-01,-1.589252650737762451e-01,1.415658742189407349e-01,1.404145359992980957e+00,-3.913868665695190430e-01,-3.192184260115027428e-03,1.321359127759933472e-01,-3.867028281092643738e-02,4.887086153030395508e-01,-4.078205227851867676e-01,-1.378616213798522949e+00,1.655085682868957520e-01,2.374231070280075073e-01,-5.871713161468505859e-01,3.707426190376281738e-01,-1.018096685409545898e+00,1.067828312516212463e-01,0.000000000000000000e+00
9.512433409690856934e-01,2.476270437240600586e+00,7.541544437408447266e-01,1.099161896854639053e-02,-2.430052682757377625e-02,9.995955824851989746e-01,9.866650216281414032e-03,-3.048015832901000977e-01,-2.245095223188400269e-01,-1.664211452007293701e-01,9.882309436798095703e-01,-6.807000041007995605e-01,2.617999911308288574e-01,-6.973683238029479980e-01,-1.731963157653808594e-01,1.269528865814208984e-01,1.251358985900878906e+00,-4.204989671707153320e-01,1.622257009148597717e-02,6.398787349462509155e-02,-3.046807460486888885e-02,5.057195425033569336e-01,-3.954233229160308838e-01,-1.621713280677795410e+00,2.145844846963882446e-01,3.162493705749511719e-01,-5.678217411041259766e-01,3.913581073284149170e-01,-9.489123225212097168e-01,8.735080808401107788e-02,0.000000000000000000e+00
9.107700586318969727e-01,2.479342699050903320e+00,7.658363580703735352e-01,1.954982802271842957e-02,-3.178205713629722595e-02,9.992682337760925293e-01,-8.405805565416812897e-03,-2.064536362886428833e-01,-2.126604020595550537e-01,-1.841411143541336060e-01,9.571182727813720703e-01,-6.594498157501220703e-01,2.617999911308288574e-01,-6.888098120689392090e-01,-1.561227589845657349e-01,1.037878394126892090e-01,1.081050872802734375e+00,-4.336675107479095459e-01,2.113670669496059418e-02,2.888553217053413391e-02,-1.505697239190340042e-02,5.447861552238464355e-01,-3.562466502189636230e-01,-1.824788451194763184e+00,2.924031019210815430e-01,3.953909277915954590e-01,-5.529688596725463867e-01,4.173368215560913086e-01,-9.217499494552612305e-01,2.515642158687114716e-02,0.000000000000000000e+00
8.747527599334716797e-01,2.480428218841552734e+00,7.806815505027770996e-01,1.933210901916027069e-02,-3.183767572045326233e-02,9.985483884811401367e-01,-3.890650719404220581e-02,-1.490548402070999146e-01,-2.092252671718597412e-01,-1.974513679742813110e-01,9.275113344192504883e-01,-5.482838153839111328e-01,2.317065596580505371e-01,-6.805465221405029297e-01,-1.529982537031173706e-01,8.043655008077621460e-02,8.957160711288452148e-01,-4.900882840156555176e-01,4.604866728186607361e-02,-1.480723544955253601e-02,1.897750049829483032e-02,5.656304955482482910e-01,-3.029167652130126953e-01,-1.966106653213500977e+00,4.433483183383941650e-01,4.581700265407562256e-01,-5.484500527381896973e-01,4.510340690612792969e-01,-8.975916504859924316e-01,-2.807181514799594879e-02,0.000000000000000000e+00
8.426604866981506348e-01,2.485892295837402344e+00,7.907311320304870605e-01,1.023759506642818451e-02,-3.945014998316764832e-02,9.971722364425659180e-01,-6.313782930374145508e-02,-1.784119457006454468e-01,-1.761550605297088623e-01,-1.995125412940979004e-01,9.953450560569763184e-01,-4.120829403400421143e-01,1.674529016017913818e-01,-6.953042149543762207e-01,-1.014073416590690613e-01,1.029739975929260254e-01,7.573980093002319336e-01,-5.523947477340698242e-01,6.756506860256195068e-02,-2.598476223647594452e-02,2.959795668721199036e-02,6.020061373710632324e-01,-2.824081778526306152e-01,-2.027031660079956055e+00,5.188266634941101074e-01,4.844861030578613281e-01,-5.339756608009338379e-01,4.999554753303527832e-01,-8.899439573287963867e-01,-2.961122058331966400e-02,0.000000000000000000e+00
8.110890984535217285e-01,2.492809534072875977e+00,7.923985123634338379e-01,2.167577331420034170e-04,-4.589184001088142395e-02,9.956368207931518555e-01,-8.124759793281555176e-02,-2.595313787460327148e-01,-1.505541056394577026e-01,-1.978073269128799438e-01,1.133796572685241699e+00,-2.668646275997161865e-01,1.092451736330986023e-01,-7.276914119720458984e-01,-4.287320747971534729e-02,1.665263622999191284e-01,7.302313446998596191e-01,-6.080641150474548340e-01,2.889070473611354828e-02,-1.014052797108888626e-02,3.629858046770095825e-02,6.504321098327636719e-01,-2.807042002677917480e-01,-2.023362636566162109e+00,4.931252002716064453e-01,4.891457259654998779e-01,-5.263869762420654297e-01,5.473583936691284180e-01,-8.989411592483520508e-01,-2.906627394258975983e-02,0.000000000000000000e+00
7.778486609458923340e-01,2.501368999481201172e+00,7.831173539161682129e-01,-7.265928201377391815e-03,-4.599645733833312988e-02,9.931215047836303711e-01,-1.074302718043327332e-01,-3.604962527751922607e-01,-1.057177931070327759e-01,-1.728384196758270264e-01,1.301397562026977539e+00,-1.619602292776107788e-01,6.341646611690521240e-02,-7.462003231048583984e-01,-3.840084746479988098e-02,1.645554304122924805e-01,7.880975008010864258e-01,-6.465285420417785645e-01,3.787697292864322662e-03,6.933202967047691345e-04,5.116491764783859253e-02,6.737834811210632324e-01,-2.982907295227050781e-01,-1.970849990844726562e+00,4.470503330230712891e-01,4.913743734359741211e-01,-5.403009057044982910e-01,5.680073499679565430e-01,-9.376310110092163086e-01,-4.713416099548339844e-02,0.000000000000000000e+00
7.420088648796081543e-01,2.509023904800415039e+00,7.653853893280029297e-01,-9.941024705767631531e-03,-4.228099435567855835e-02,9.901421070098876953e-01,-1.331620067358016968e-01,-4.772043228149414062e-01,-1.289386488497257233e-02,-1.119668111205101013e-01,1.490247011184692383e+00,-2.172158807516098022e-01,1.418522596359252930e-01,-7.396966218948364258e-01,-4.744499921798706055e-02,1.641780585050582886e-01,8.478311896324157715e-01,-5.876961350440979004e-01,1.048539765179157257e-02,1.934251002967357635e-02,7.056302577257156372e-02,6.664081811904907227e-01,-3.270678222179412842e-01,-1.873117327690124512e+00,3.995792269706726074e-01,4.827942550182342529e-01,-5.655075311660766602e-01,5.568840503692626953e-01,-9.839572310447692871e-01,-6.699380278587341309e-02,0.000000000000000000e+00
7.095806598663330078e-01,2.516501665115356445e+00,7.414813637733459473e-01,-2.163369208574295044e-02,-4.132299497723579407e-02,9.870849251747131348e-01,-1.532570719718933105e-01,-6.400178074836730957e-01,5.477425293065607548e-04,-1.386723816394805908e-01,1.669403791427612305e+00,-2.764471173286437988e-01,2.406927943229675293e-01,-8.197860121726989746e-01,-3.815442323684692383e-02,1.703540384769439697e-01,1.023847103118896484e+00,-5.414727926254272461e-01,2.845725789666175842e-02,5.285370722413063049e-02,6.188264116644859314e-02,6.388090848922729492e-01,-3.614079356193542480e-01,-1.710818886756896973e+00,3.494587838649749756e-01,4.236414432525634766e-01,-5.880449414253234863e-01,5.291596651077270508e-01,-1.016274571418762207e+00,-7.655463367700576782e-02,0.000000000000000000e+00
6.765927076339721680e-01,2.519116163253784180e+00,7.231117486953735352e-01,-2.684085629880428314e-02,-4.227249696850776672e-02,9.844757914543151855e-01,-1.682262271642684937e-01,-7.565187215805053711e-01,-7.185531407594680786e-02,-2.005604803562164307e-01,1.759660124778747559e+00,-2.962190210819244385e-01,2.383092790842056274e-01,-8.555726408958435059e-01,-4.735973477363586426e-02,1.472364068031311035e-01,1.153214573860168457e+00,-5.359169840812683105e-01,3.776148334145545959e-02,8.537913113832473755e-02,8.103583008050918579e-02,5.818568468093872070e-01,-3.773244321346282959e-01,-1.491563677787780762e+00,2.608958184719085693e-01,3.294527530670166016e-01,-6.031795144081115723e-01,5.026665329933166504e-01,-1.021087527275085449e+00,-9.594699367880821228e-03,0.000000000000000000e+00
6.418914794921875000e-01,2.520245552062988281e+00,7.091250419616699219e-01,-2.359233982861042023e-02,-4.369691759347915649e-02,9.825101494789123535e-01,-1.794652789831161499e-01,-8.204637765884399414e-01,-1.663828790187835693e-01,-2.570866048336029053e-01,1.778483271598815918e+00,-3.266467750072479248e-01,1.861886084079742432e-01,-8.363173604011535645e-01,-5.593416839838027954e-02,1.182479709386825562e-01,1.237589359283447266e+00,-6.040987372398376465e-01,2.439222484827041626e-02,1.244393959641456604e-01,1.159362345933914185e-01,5.355176925659179688e-01,-3.860499262809753418e-01,-1.272308588027954102e+00,2.027888149023056030e-01,2.377331256866455078e-01,-6.017275452613830566e-01,4.596904516220092773e-01,-1.028439640998840332e+00,5.463513359427452087e-02,0.000000000000000000e+00
6.089500784873962402e-01,2.518108367919921875e+00,7.004138231277465820e-01,-1.732370257377624512e-02,-4.629081487655639648e-02,9.797509312629699707e-01,-1.940235346555709839e-01,-8.760480880737304688e-01,-2.077400237321853638e-01,-2.713994085788726807e-01,1.753126859664916992e+00,-3.897203803062438965e-01,1.749419420957565308e-01,-7.865249514579772949e-01,-7.120550423860549927e-02,7.670152187347412109e-02,1.286769270896911621e+00,-6.634654998779296875e-01,1.274752430617809296e-02,1.644453108310699463e-01,1.323219388723373413e-01,5.048276782035827637e-01,-4.316285550594329834e-01,-1.026475310325622559e+00,1.810785382986068726e-01,1.625040620565414429e-01,-5.870156288146972656e-01,3.952837586402893066e-01,-1.063867688179016113e+00,3.002535551786422729e-02,0.000000000000000000e+00
5.781776905059814453e-01,2.512855768203735352e+00,6.999619007110595703e-01,-1.109334360808134079e-02,-5.281005799770355225e-02,9.779726862907409668e-01,-2.016370594501495361e-01,-9.325560927391052246e-01,-1.558410376310348511e-01,-2.227491289377212524e-01,1.686942934989929199e+00,-4.443624913692474365e-01,2.091286331415176392e-01,-7.112280726432800293e-01,-7.469665259122848511e-02,2.754786238074302673e-02,1.274698257446289062e+00,-6.806999444961547852e-01,1.057790592312812805e-02,2.160291373729705811e-01,1.461637169122695923e-01,4.884334802627563477e-01,-4.842364490032196045e-01,-7.747336626052856445e-01,1.261831969022750854e-01,9.869544208049774170e-02,-5.838921070098876953e-01,3.515802919864654541e-01,-1.169122815132141113e+00,-1.690012589097023010e-02,0.000000000000000000e+00
5.505853295326232910e-01,2.503343105316162109e+00,7.039047479629516602e-01,-9.553017094731330872e-03,-6.008848920464515686e-02,9.788268804550170898e-01,-1.954381465911865234e-01,-9.818757176399230957e-01,-6.096645444631576538e-02,-1.278395652770996094e-01,1.594464063644409180e+00,-4.963437914848327637e-01,2.533996105194091797e-01,-6.407845020294189453e-01,-5.917435511946678162e-02,6.631468422710895538e-03,1.228196740150451660e+00,-6.807000041007995605e-01,9.601551108062267303e-03,3.001327812671661377e-01,1.583590209484100342e-01,4.972297251224517822e-01,-5.344293713569641113e-01,-5.732932090759277344e-01,3.956693783402442932e-02,3.832059353590011597e-02,-5.923666954040527344e-01,3.131820261478424072e-01,-1.327650070190429688e+00,-8.054468035697937012e-02,0.000000000000000000e+00
5.207887887954711914e-01,2.492370367050170898e+00,7.120928168296813965e-01,-4.903302062302827835e-03,-6.874739378690719604e-02,9.791999459266662598e-01,-1.908328831195831299e-01,-9.934892654418945312e-01,4.727166891098022461e-02,-2.249159291386604309e-02,1.482368230819702148e+00,-5.485655069351196289e-01,2.617999613285064697e-01,-5.430464744567871094e-01,-4.165495559573173523e-02,-2.449775673449039459e-02,1.155686855316162109e+00,-6.807000041007995605e-01,2.816511085256934166e-03,3.869435787200927734e-01,1.789290010929107666e-01,5.177266001701354980e-01,-5.398668050765991211e-01,-4.167634248733520508e-01,-3.827457875013351440e-02,8.618669584393501282e-03,-5.957225561141967773e-01,2.402926981449127197e-01,-1.529165148735046387e+00,-1.703006625175476074e-01,0.000000000000000000e+00
4.906987845897674561e-01,2.475871801376342773e+00,7.234267592430114746e-01,1.253345631994307041e-03,-6.939093768596649170e-02,9.775900840759277344e-01,-1.987483650445938110e-01,-9.566057324409484863e-01,1.119951456785202026e-01,1.044503599405288696e-01,1.346743345260620117e+00,-5.771086812019348145e-01,2.617999911308288574e-01,-4.255412518978118896e-01,-5.373150855302810669e-02,-6.325060129165649414e-02,1.072766780853271484e+00,-6.807000041007995605e-01,5.209627095609903336e-03,4.495173990726470947e-01,2.090311050415039062e-01,5.392817258834838867e-01,-4.996926188468933105e-01,-3.086695969104766846e-01,-6.721699237823486328e-02,1.025015022605657578e-03,-5.981053709983825684e-01,1.467488408088684082e-01,-1.734385371208190918e+00,-2.688407897949218750e-01,0.000000000000000000e+00
4.568696916103363037e-01,2.456474781036376953e+00,7.374027371406555176e-01,1.314666774123907089e-02,-5.863974243402481079e-02,9.728559851646423340e-01,-2.234722077846527100e-01,-8.651034832000732422e-01,1.182315647602081299e-01,2.144971191883087158e-01,1.189865350723266602e+00,-5.974187254905700684e-01,2.226306647062301636e-01,-2.762077450752258301e-01,-9.284413605928421021e-02,-1.275024414062500000e-01,9.960824847221374512e-01,-6.807000041007995605e-01,2.193882502615451813e-02,4.746023714542388916e-01,2.586071193218231201e-01,5.658671855926513672e-01,-4.450701773166656494e-01,-2.622399330139160156e-01,-8.886913210153579712e-02,3.374717012047767639e-02,-6.057237982749938965e-01,4.957894235849380493e-02,-1.926446080207824707e+00,-3.363933861255645752e-01,0.000000000000000000e+00
4.245659112930297852e-01,2.433016300201416016e+00,7.507912516593933105e-01,1.538418140262365341e-02,-4.872706532478332520e-02,9.690412282943725586e-01,-2.415536046028137207e-01,-7.941232323646545410e-01,1.080126538872718811e-01,3.001167476177215576e-01,1.052773475646972656e+00,-6.430608630180358887e-01,2.075683921575546265e-01,-1.620941162109375000e-01,-1.218298599123954773e-01,-1.695174276828765869e-01,9.276320934295654297e-01,-6.270205974578857422e-01,5.792235955595970154e-02,5.033869743347167969e-01,2.915717661380767822e-01,5.836597681045532227e-01,-4.169856011867523193e-01,-2.727367877960205078e-01,-5.012986809015274048e-02,4.302171990275382996e-02,-6.567996740341186523e-01,-3.270528838038444519e-02,-2.077636957168579102e+00,-3.874849081039428711e-01,0.000000000000000000e+00
3.958344459533691406e-01,2.407932758331298828e+00,7.676839232444763184e-01,1.496814005076885223e-02,-4.209826886653900146e-02,9.656440615653991699e-01,-2.559985816478729248e-01,-7.210137844085693359e-01,9.043100476264953613e-02,3.527658879756927490e-01,9.134649038314819336e-01,-6.781543493270874023e-01,2.155755311250686646e-01,-7.338617742061614990e-02,-1.372717618942260742e-01,-1.901747584342956543e-01,8.589162826538085938e-01,-5.002280473709106445e-01,9.467881172895431519e-02,5.250149965286254883e-01,3.105543255805969238e-01,5.904696583747863770e-01,-4.102966785430908203e-01,-2.918419837951660156e-01,-4.989116638898849487e-02,5.538333579897880554e-02,-6.645405292510986328e-01,-6.955011934041976929e-02,-2.152901172637939453e+00,-4.357715547084808350e-01,0.000000000000000000e+00
3.700414896011352539e-01,2.382232427597045898e+00,7.799606919288635254e-01,1.005172077566385269e-02,-3.531891480088233948e-02,9.609763622283935547e-01,-2.741824686527252197e-01,-6.608248949050903320e-01,5.506178364157676697e-02,3.697535693645477295e-01,8.089827895164489746e-01,-6.792633533477783203e-01,2.353884279727935791e-01,-2.903455309569835663e-02,-1.630360484123229980e-01,-1.928365826606750488e-01,8.486188650131225586e-01,-3.572179675102233887e-01,1.191399544477462769e-01,5.186707377433776855e-01,3.141444027423858643e-01,5.804204344749450684e-01,-4.140474796295166016e-01,-3.015136122703552246e-01,-6.743342429399490356e-02,6.938927620649337769e-02,-6.832854747772216797e-01,-5.782785639166831970e-02,-2.156411170959472656e+00,-4.866743385791778564e-01,0.000000000000000000e+00
3.441430926322937012e-01,2.355159997940063477e+00,7.823140621185302734e-01,1.088011916726827621e-02,-3.516741469502449036e-02,9.563032388687133789e-01,-2.900499403476715088e-01,-6.205751299858093262e-01,4.541849717497825623e-02,3.643050789833068848e-01,8.097065687179565430e-01,-6.786383986473083496e-01,2.422307282686233521e-01,-2.049419796094298363e-03,-1.884953379631042480e-01,-1.945873051881790161e-01,8.947114944458007812e-01,-2.168553918600082397e-01,1.328358799219131470e-01,4.998320341110229492e-01,3.067398071289062500e-01,5.699994564056396484e-01,-4.142219722270965576e-01,-3.058658838272094727e-01,-8.349835872650146484e-02,9.068803489208221436e-02,-7.066747546195983887e-01,-1.805183850228786469e-02,-2.115011453628540039e+00,-4.452795386314392090e-01,0.000000000000000000e+00
3.188109397888183594e-01,2.331004619598388672e+00,7.774031162261962891e-01,1.021788548678159714e-02,-4.020663723349571228e-02,9.479615092277526855e-01,-3.156707882881164551e-01,-5.856185555458068848e-01,5.958022177219390869e-02,3.933369219303131104e-01,8.454257249832153320e-01,-6.789450049400329590e-01,2.617999911308288574e-01,-1.185816526412963867e-02,-1.704340279102325439e-01,-1.409187912940979004e-01,9.647914767265319824e-01,-1.114936247467994690e-01,1.411168277263641357e-01,4.530517756938934326e-01,2.818178832530975342e-01,5.596898198127746582e-01,-4.190775156021118164e-01,-3.298860490322113037e-01,-9.969957172870635986e-02,1.129170209169387817e-01,-7.254123091697692871e-01,3.748812153935432434e-02,-2.037075281143188477e+00,-3.612554967403411865e-01,0.000000000000000000e+00
2.902515530586242676e-01,2.309521913528442383e+00,7.647422552108764648e-01,1.626897417008876801e-02,-5.295252054929733276e-02,9.422806501388549805e-01,-3.302098512649536133e-01,-6.021806597709655762e-01,1.164862811565399170e-01,3.562168478965759277e-01,9.716157317161560059e-01,-6.777414083480834961e-01,2.617999911308288574e-01,-4.792663082480430603e-02,-1.214257180690765381e-01,-6.061347201466560364e-02,1.059214353561401367e+00,-1.098180636763572693e-01,1.303926706314086914e-01,4.233061373233795166e-01,2.397397011518478394e-01,5.658587217330932617e-01,-4.273883402347564697e-01,-3.718879818916320801e-01,-1.249760538339614868e-01,1.216078102588653564e-01,-6.806851625442504883e-01,1.236275881528854370e-01,-1.894639968872070312e+00,-2.574728131294250488e-01,0.000000000000000000e+00
2.688955068588256836e-01,2.289445161819458008e+00,7.490986585617065430e-01,8.361732587218284607e-03,-6.307803839445114136e-02,9.303106665611267090e-01,-3.612108826637268066e-01,-6.619474291801452637e-01,1.096790954470634460e-01,2.705166041851043701e-01,1.084547162055969238e+00,-6.783121824264526367e-01,2.617999911308288574e-01,-1.463667750358581543e-01,-9.630889445543289185e-02,1.267442712560296059e-03,1.187171697616577148e+00,-1.657218188047409058e-01,1.121089160442352295e-01,3.585415184497833252e-01,1.726637035608291626e-01,5.651274919509887695e-01,-4.595193564891815186e-01,-4.512179195880889893e-01,-1.127672344446182251e-01,1.166326701641082764e-01,-6.815230846405029297e-01,1.978598833084106445e-01,-1.736893534660339355e+00,-1.572417169809341431e-01,0.000000000000000000e+00
2.487487047910690308e-01,2.269326686859130859e+00,7.365774512290954590e-01,-6.456793285906314850e-03,-6.837210804224014282e-02,9.139265418052673340e-01,-4.000273346900939941e-01,-7.017289996147155762e-01,6.731332838535308838e-02,1.959976255893707275e-01,1.143093705177307129e+00,-6.804687976837158203e-01,2.617999911308288574e-01,-2.748156785964965820e-01,-9.754285961389541626e-02,4.237175360321998596e-02,1.310206174850463867e+00,-1.883499622344970703e-01,8.086476475000381470e-02,2.878037095069885254e-01,8.177527040243148804e-02,5.510110259056091309e-01,-4.924503266811370850e-01,-5.644320249557495117e-01,-9.676982462406158447e-02,1.232509389519691467e-01,-6.731480956077575684e-01,2.575583159923553467e-01,-1.548613548278808594e+00,-6.917863339185714722e-02,0.000000000000000000e+00
2.300915718078613281e-01,2.246540784835815430e+00,7.289783954620361328e-01,-2.318600378930568695e-02,-6.418365985155105591e-02,8.934904336929321289e-01,-4.438667297363281250e-01,-6.985696554183959961e-01,-7.716127671301364899e-03,1.327914893627166748e-01,1.148024916648864746e+00,-6.807000041007995605e-01,2.617999911308288574e-01,-4.135559797286987305e-01,-1.447067707777023315e-01,6.006183847784996033e-02,1.412025928497314453e+00,-2.189467698335647583e-01,3.882493451237678528e-02,2.077311724424362183e-01,-4.084551241248846054e-03,5.161733031272888184e-01,-4.921734631061553955e-01,-7.231470346450805664e-01,-2.906779758632183075e-02,1.333982050418853760e-01,-6.703556776046752930e-01,3.144922256469726562e-01,-1.335363149642944336e+00,-1.229101140052080154e-02,0.000000000000000000e+00
2.132322788238525391e-01,2.219144821166992188e+00,7.256844043731689453e-01,-3.561211377382278442e-02,-5.547581613063812256e-02,8.692979812622070312e-01,-4.898726940155029297e-01,-6.537271142005920410e-01,-9.230795502662658691e-02,7.618943601846694946e-02,1.120492100715637207e+00,-6.807000041007995605e-01,2.617999911308288574e-01,-5.530764460563659668e-01,-2.133561223745346069e-01,6.712462753057479858e-02,1.484412431716918945e+00,-2.801721692085266113e-01,-1.826796797104179859e-03,1.129183620214462280e-01,-7.320805639028549194e-02,4.823564589023590088e-01,-4.736605286598205566e-01,-9.239536523818969727e-01,7.013019919395446777e-02,1.400818824768066406e-01,-6.643329858779907227e-01,3.800250291824340820e-01,-1.111022233963012695e+00,4.831411689519882202e-02,0.000000000000000000e+00
1.974062770605087280e-01,2.185184240341186523e+00,7.258945107460021973e-01,-4.152187332510948181e-02,-5.335797742009162903e-02,8.377178907394409180e-01,-5.419018268585205078e-01,-5.964811444282531738e-01,-1.653882414102554321e-01,8.673166856169700623e-03,1.101168513298034668e+00,-6.807000041007995605e-01,2.617999911308288574e-01,-6.561729907989501953e-01,-2.570469081401824951e-01,6.305924803018569946e-02,1.497063994407653809e+00,-3.764024972915649414e-01,-3.955714404582977295e-02,-6.764003075659275055e-03,-1.172704398632049561e-01,4.860451817512512207e-01,-4.489590227603912354e-01,-1.183115839958190918e+00,1.180876716971397400e-01,1.562837809324264526e-01,-6.316471099853515625e-01,4.105971157550811768e-01,-9.324636459350585938e-01,1.380737572908401489e-01,0.000000000000000000e+00
1.824176907539367676e-01,2.153621912002563477e+00,7.370080351829528809e-01,-4.217262938618659973e-02,-4.484272748231887817e-02,8.196848630905151367e-01,-5.694974064826965332e-01,-4.733863472938537598e-01,-2.024335712194442749e-01,-4.541491344571113586e-02,9.895202517509460449e-01,-6.807000041007995605e-01,2.617999911308288574e-01,-7.420756220817565918e-01,-2.496208846569061279e-01,9.992933273315429688e-02,1.438869953155517578e+00,-4.364616572856903076e-01,-4.771281406283378601e-02,-8.063679188489913940e-02,-1.481012552976608276e-01,4.788123965263366699e-01,-4.013999104499816895e-01,-1.444257020950317383e+00,1.870491206645965576e-01,2.193591147661209106e-01,-6.389522552490234375e-01,4.028267264366149902e-01,-8.767788410186767578e-01,1.571498960256576538e-01,0.000000000000000000e+00
1.688716113567352295e-01,2.113726615905761719e+00,7.472293972969055176e-01,-3.156566619873046875e-02,-3.658432886004447937e-02,8.056035637855529785e-01,-5.904812216758728027e-01,-3.307443857192993164e-01,-2.175216376781463623e-01,-7.427775859832763672e-02,9.006954431533813477e-01,-6.807000041007995605e-01,2.617999911308288574e-01,-7.750742435455322266e-01,-2.334347516298294067e-01,1.121309697628021240e-01,1.340514302253723145e+00,-4.732573628425598145e-01,-2.786037512123584747e-02,-1.533565968275070190e-01,-1.335029453039169312e-01,4.941697120666503906e-01,-3.317936062812805176e-01,-1.707429766654968262e+00,2.840274870395660400e-01,2.942935824394226074e-01,-6.395921111106872559e-01,3.829908668994903564e-01,-8.979470133781433105e-01,1.160019487142562866e-01,0.000000000000000000e+00
1.570617109537124634e-01,2.071196556091308594e+00,7.560512423515319824e-01,-8.247697725892066956e-03,-3.442886099219322205e-02,7.970798015594482422e-01,-6.028353571891784668e-01,-2.052006423473358154e-01,-2.022190093994140625e-01,-8.300596475601196289e-02,8.780004978179931641e-01,-6.807000041007995605e-01,2.617999911308288574e-01,-7.618415355682373047e-01,-1.966996341943740845e-01,8.612494915723800659e-02,1.207838177680969238e+00,-5.045368671417236328e-01,-8.968632668256759644e-03,-2.054357379674911499e-01,-7.328996807336807251e-02,5.340292453765869141e-01,-2.319645434617996216e-01,-1.945348143577575684e+00,4.095325171947479248e-01,3.744648993015289307e-01,-6.309263110160827637e-01,3.770014047622680664e-01,-9.449174404144287109e-01,6.158551201224327087e-02,0.000000000000000000e+00
1.430700123310089111e-01,2.031227350234985352e+00,7.699324488639831543e-01,6.997657008469104767e-03,-3.455080091953277588e-02,7.861362099647521973e-01,-6.170470714569091797e-01,-1.098952293395996094e-01,-1.693805754184722900e-01,-7.910573482513427734e-02,8.488042354583740234e-01,-6.014821529388427734e-01,2.163479477167129517e-01,-7.326933741569519043e-01,-1.729658544063568115e-01,1.337849069386720657e-02,1.031491279602050781e+00,-5.328758955001831055e-01,1.245049573481082916e-02,-2.512619793415069580e-01,-4.018913954496383667e-02,5.564143657684326172e-01,-1.580662727355957031e-01,-2.095206737518310547e+00,5.189793109893798828e-01,4.296095073223114014e-01,-6.238790154457092285e-01,3.799611032009124756e-01,-9.884109497070312500e-01,3.063061274588108063e-02,0.000000000000000000e+00
1.276493519544601440e-01,1.993165969848632812e+00,7.855124473571777344e-01,1.286995876580476761e-02,-3.557081148028373718e-02,7.763394117355346680e-01,-6.291790008544921875e-01,-5.183658003807067871e-02,-1.304233819246292114e-01,-5.607015267014503479e-02,8.270198106765747070e-01,-4.526114463806152344e-01,1.537644118070602417e-01,-7.086434364318847656e-01,-1.245165616273880005e-01,-3.239905834197998047e-02,8.518162965774536133e-01,-5.973228812217712402e-01,3.878384456038475037e-02,-2.754019200801849365e-01,-3.026056662201881409e-02,5.676963329315185547e-01,-1.210950911045074463e-01,-2.145017147064208984e+00,5.982186794281005859e-01,4.641431272029876709e-01,-6.106832027435302734e-01,3.804233074188232422e-01,-1.031527996063232422e+00,-1.661664620041847229e-02,0.000000000000000000e+00
1.124234646558761597e-01,1.956348776817321777e+00,7.946003675460815430e-01,1.588431373238563538e-02,-3.895451873540878296e-02,7.719824314117431641e-01,-6.342502236366271973e-01,-5.151922255754470825e-02,-9.967599809169769287e-02,-3.406139835715293884e-02,8.922895789146423340e-01,-2.894206941127777100e-01,9.112331271171569824e-02,-6.983563303947448730e-01,-5.059052631258964539e-02,-1.274399086833000183e-02,7.286635041236877441e-01,-6.355259418487548828e-01,5.993553996086120605e-02,-2.639749348163604736e-01,-2.537630684673786163e-02,6.017233729362487793e-01,-9.874388575553894043e-02,-2.123819112777709961e+00,5.873366594314575195e-01,4.778110384941101074e-01,-5.960533618927001953e-01,3.931625187397003174e-01,-1.080865621566772461e+00,-7.201815396547317505e-02,0.000000000000000000e+00
9.656084328889846802e-02,1.919449687004089355e+00,7.929229736328125000e-01,1.564901694655418396e-02,-3.825918957591056824e-02,7.683143019676208496e-01,-6.387366652488708496e-01,-9.135089069604873657e-02,-8.215678483247756958e-02,-2.682067453861236572e-02,1.025966525077819824e+00,-1.386544704437255859e-01,2.531148679554462433e-02,-7.019894719123840332e-01,7.619414944201707840e-03,4.282602667808532715e-02,7.268385291099548340e-01,-6.722113490104675293e-01,2.464889548718929291e-02,-2.367794215679168701e-01,-1.102976594120264053e-02,6.329479217529296875e-01,-9.726816415786743164e-02,-2.061571598052978516e+00,5.318449139595031738e-01,4.700384438037872314e-01,-5.918098688125610352e-01,4.205972850322723389e-01,-1.138314247131347656e+00,-7.808035612106323242e-02,0.000000000000000000e+00
8.201280236244201660e-02,1.882045269012451172e+00,7.793306708335876465e-01,1.086346153169870377e-02,-2.904211170971393585e-02,7.603350877761840820e-01,-6.487905383110046387e-01,-1.655007600784301758e-01,-7.848371565341949463e-02,-2.927024289965629578e-02,1.211668729782104492e+00,-1.420821845531463623e-01,2.579152397811412811e-02,-7.055891156196594238e-01,3.454717993736267090e-02,1.208777502179145813e-01,8.090961575508117676e-01,-6.428622603416442871e-01,3.570411121472716331e-03,-2.125550061464309692e-01,7.880874909460544586e-03,6.299327015876770020e-01,-1.277599632740020752e-01,-1.970756649971008301e+00,4.721881151199340820e-01,4.496534764766693115e-01,-6.019341349601745605e-01,4.311988353729248047e-01,-1.202436208724975586e+00,-7.518804073333740234e-02,0.000000000000000000e+00
6.698406487703323364e-02,1.847172856330871582e+00,7.589716911315917969e-01,4.727865569293498993e-03,-2.367857843637466431e-02,7.519704103469848633e-01,-6.587544679641723633e-01,-2.800135314464569092e-01,-5.972393229603767395e-02,-4.174282029271125793e-02,1.412667036056518555e+00,-1.821755915880203247e-01,7.113181054592132568e-02,-7.402556538581848145e-01,4.484698921442031860e-02,1.520255953073501587e-01,9.438319802284240723e-01,-5.649667382240295410e-01,-1.150221377611160278e-02,-1.776718497276306152e-01,1.255053095519542694e-02,6.294568181037902832e-01,-1.881152242422103882e-01,-1.844203829765319824e+00,4.261240363121032715e-01,4.056192934513092041e-01,-6.020653247833251953e-01,4.201768338680267334e-01,-1.255894541740417480e+00,-8.687679469585418701e-02,0.000000000000000000e+00
5.494452640414237976e-02,1.812841057777404785e+00,7.405767440795898438e-01,-2.370911650359630585e-03,-2.139126136898994446e-02,7.468814849853515625e-01,-6.646087765693664551e-01,-4.105393290519714355e-01,-5.815385654568672180e-02,-7.045633345842361450e-02,1.573325753211975098e+00,-2.112367600202560425e-01,1.116669178009033203e-01,-7.828144431114196777e-01,5.050508305430412292e-02,1.651297658681869507e-01,1.091228961944580078e+00,-5.376224517822265625e-01,-2.111757546663284302e-02,-1.327201873064041138e-01,6.008257623761892319e-03,6.169691681861877441e-01,-2.801653146743774414e-01,-1.667461752891540527e+00,3.355661034584045410e-01,3.216965496540069580e-01,-5.936404466629028320e-01,4.020227789878845215e-01,-1.274186730384826660e+00,-6.002480164170265198e-02,0.000000000000000000e+00
4.330336302518844604e-02,1.777364015579223633e+00,7.271650433540344238e-01,-6.365963257849216461e-03,-1.743699237704277039e-02,7.427602410316467285e-01,-6.693001389503479004e-01,-5.295541286468505859e-01,-7.364730536937713623e-02,-1.070039346814155579e-01,1.674688339233398438e+00,-2.414448559284210205e-01,1.255875974893569946e-01,-7.818441987037658691e-01,4.045905917882919312e-02,1.575951278209686279e-01,1.188560962677001953e+00,-5.896086096763610840e-01,-4.006903991103172302e-02,-9.139239042997360229e-02,7.755373138934373856e-03,5.811619162559509277e-01,-3.751342594623565674e-01,-1.457901477813720703e+00,2.128265351057052612e-01,2.238823026418685913e-01,-5.748324990272521973e-01,3.725709021091461182e-01,-1.275331139564514160e+00,-1.914158277213573456e-02,0.000000000000000000e+00
3.305388987064361572e-02,1.742508888244628906e+00,7.193050980567932129e-01,-5.869487300515174866e-03,-1.323807612061500549e-02,7.397634387016296387e-01,-6.727111935615539551e-01,-6.353603005409240723e-01,-8.741275221109390259e-02,-1.368889510631561279e-01,1.717853546142578125e+00,-2.881604433059692383e-01,1.326653659343719482e-01,-7.438505887985229492e-01,3.184424340724945068e-02,1.451455950736999512e-01,1.239694356918334961e+00,-6.502943634986877441e-01,-5.730195343494415283e-02,-4.016710072755813599e-02,6.973748560994863510e-03,5.377846360206604004e-01,-4.755527079105377197e-01,-1.211312294006347656e+00,1.391323208808898926e-01,1.389751136302947998e-01,-5.469729900360107422e-01,3.185987770557403564e-01,-1.288453936576843262e+00,-2.254860475659370422e-02,0.000000000000000000e+00
2.597813121974468231e-02,1.708608269691467285e+00,7.189249396324157715e-01,-3.454421181231737137e-03,-1.227644551545381546e-02,7.431554198265075684e-01,-6.689972877502441406e-01,-7.275392413139343262e-01,-7.313460856676101685e-02,-1.401044726371765137e-01,1.698021531105041504e+00,-3.359839022159576416e-01,1.399785876274108887e-01,-6.822535991668701172e-01,3.376368433237075806e-02,1.349510550498962402e-01,1.234706640243530273e+00,-6.799383163452148438e-01,-6.344261020421981812e-02,2.826449088752269745e-02,7.602586410939693451e-03,4.884892702102661133e-01,-5.611412525177001953e-01,-9.255507588386535645e-01,9.412186592817306519e-02,6.893452256917953491e-02,-5.306355357170104980e-01,2.581278681755065918e-01,-1.347472667694091797e+00,-6.720390170812606812e-02,0.000000000000000000e+00
2.061876468360424042e-02,1.674340009689331055e+00,7.260390520095825195e-01,1.621204544790089130e-03,-1.566784083843231201e-02,7.517269253730773926e-01,-6.592863798141479492e-01,-7.984359860420227051e-01,-2.352887578308582306e-02,-1.216065287590026855e-01,1.620617508888244629e+00,-3.837826550006866455e-01,1.551915556192398071e-01,-5.955535769462585449e-01,4.972836375236511230e-02,1.285681277513504028e-01,1.173044919967651367e+00,-6.807000041007995605e-01,-6.605065613985061646e-02,1.097306832671165466e-01,3.564654663205146790e-02,4.654771387577056885e-01,-5.854297876358032227e-01,-6.912920475006103516e-01,1.504219137132167816e-02,1.994822174310684204e-02,-5.137431025505065918e-01,1.843754947185516357e-01,-1.456472992897033691e+00,-1.446958780288696289e-01,0.000000000000000000e+00
1.663116179406642914e-02,1.637826800346374512e+00,7.374518513679504395e-01,6.474066525697708130e-03,-1.630968414247035980e-02,7.572827935218811035e-01,-6.528513431549072266e-01,-8.328515887260437012e-01,2.179655060172080994e-02,-8.870044350624084473e-02,1.500098705291748047e+00,-4.233886003494262695e-01,1.562604010105133057e-01,-4.882544279098510742e-01,5.071797966957092285e-02,1.175424829125404358e-01,1.087218642234802246e+00,-6.807000041007995605e-01,-6.593990325927734375e-02,1.833296865224838257e-01,9.250743687152862549e-02,4.687444269657135010e-01,-5.552800893783569336e-01,-5.567531585693359375e-01,-1.691303029656410217e-02,-1.346225850284099579e-02,-5.082840323448181152e-01,1.065148413181304932e-01,-1.595573782920837402e+00,-2.142401486635208130e-01,0.000000000000000000e+00
1.341835781931877136e-02,1.598428368568420410e+00,7.507753968238830566e-01,1.015716232359409332e-02,-8.583573624491691589e-03,7.566152811050415039e-01,-6.537250876426696777e-01,-8.222879767417907715e-01,4.710374400019645691e-02,-3.694734349846839905e-02,1.350188612937927246e+00,-4.368838965892791748e-01,1.493996977806091309e-01,-3.666530847549438477e-01,2.690406702458858490e-02,9.646566212177276611e-02,1.006226420402526855e+00,-6.807000041007995605e-01,-6.298044323921203613e-02,2.354684025049209595e-01,1.743860095739364624e-01,4.798888564109802246e-01,-4.909061491489410400e-01,-5.064769387245178223e-01,2.297675050795078278e-02,-1.767606101930141449e-02,-5.254764556884765625e-01,2.752536348998546600e-02,-1.745762467384338379e+00,-2.533404231071472168e-01,0.000000000000000000e+00
1.144670136272907257e-02,1.556618094444274902e+00,7.648268342018127441e-01,1.154101826250553131e-02,6.617361679673194885e-03,7.520097494125366211e-01,-6.590176820755004883e-01,-7.723757028579711914e-01,4.886647313833236694e-02,3.267388418316841125e-02,1.183310985565185547e+00,-4.850865900516510010e-01,1.433796882629394531e-01,-2.429837882518768311e-01,-1.530392188578844070e-02,6.624686717987060547e-02,9.415723681449890137e-01,-6.616505980491638184e-01,-3.736421093344688416e-02,2.669644355773925781e-01,2.656032145023345947e-01,5.028323531150817871e-01,-4.551654160022735596e-01,-5.216889381408691406e-01,5.657684430480003357e-02,7.659326773136854172e-03,-5.557430982589721680e-01,-4.742585495114326477e-02,-1.880123615264892578e+00,-2.814095914363861084e-01,0.000000000000000000e+00
1.159087382256984711e-02,1.515814423561096191e+00,7.817779183387756348e-01,1.280936598777770996e-02,1.279736403375864029e-02,7.541819214820861816e-01,-6.564158797264099121e-01,-7.195084095001220703e-01,4.999596625566482544e-02,8.575536310672760010e-02,1.010194301605224609e+00,-5.536227822303771973e-01,1.304971426725387573e-01,-1.364945620298385620e-01,-3.619565814733505249e-02,4.848702624440193176e-02,8.542400002479553223e-01,-5.638457536697387695e-01,1.840095035731792450e-03,3.077325224876403809e-01,3.257185518741607666e-01,5.257071256637573242e-01,-4.316979646682739258e-01,-5.479125380516052246e-01,7.827483862638473511e-02,2.234475500881671906e-02,-5.744378566741943359e-01,-9.763594716787338257e-02,-1.971174240112304688e+00,-3.075565099716186523e-01,0.000000000000000000e+00
1.358328666538000107e-02,1.476666688919067383e+00,7.943358421325683594e-01,8.499666117131710052e-03,1.863130368292331696e-02,7.553130388259887695e-01,-6.550441384315490723e-01,-6.777052879333496094e-01,2.935167029500007629e-02,1.145856976509094238e-01,8.738288879394531250e-01,-6.193237304687500000e-01,1.282367706298828125e-01,-7.667739689350128174e-02,-6.445880979299545288e-02,3.838203102350234985e-02,8.261308073997497559e-01,-4.524113237857818604e-01,4.161601886153221130e-02,3.358601331710815430e-01,3.555205464363098145e-01,5.282847881317138672e-01,-4.089990258216857910e-01,-5.798414945602416992e-01,8.878136426210403442e-02,3.484463319182395935e-02,-5.992817282676696777e-01,-1.282872706651687622e-01,-2.026424884796142578e+00,-3.366096019744873047e-01,0.000000000000000000e+00
1.699616014957427979e-02,1.440040349960327148e+00,7.992480993270874023e-01,1.058004330843687057e-03,2.306427620351314545e-02,7.539329528808593750e-01,-6.565455198287963867e-01,-6.597165465354919434e-01,-1.079270709306001663e-02,9.863068163394927979e-02,8.148230314254760742e-01,-6.664961576461791992e-01,1.550310999155044556e-01,-7.105360180139541626e-02,-9.360847622156143188e-02,4.050824791193008423e-02,8.766420483589172363e-01,-3.488434255123138428e-01,7.332970201969146729e-02,3.450035154819488525e-01,3.591376245021820068e-01,5.181375145912170410e-01,-3.807055056095123291e-01,-6.210639476776123047e-01,9.687891602516174316e-02,4.247078299522399902e-02,-6.305175423622131348e-01,-1.354932785034179688e-01,-2.046258926391601562e+00,-3.550840318202972412e-01,0.000000000000000000e+00
2.014090865850448608e-02,1.404778599739074707e+00,7.960980534553527832e-01,-5.788894835859537125e-03,2.505890838801860809e-02,7.496795058250427246e-01,-6.613010764122009277e-01,-6.379495263099670410e-01,-6.027071177959442139e-02,5.172572284936904907e-02,7.971980571746826172e-01,-6.779675483703613281e-01,1.718357652425765991e-01,-9.945885092020034790e-02,-1.183817610144615173e-01,4.352881759405136108e-02,9.798290133476257324e-01,-2.487281262874603271e-01,1.081924587488174438e-01,3.340894579887390137e-01,3.449806272983551025e-01,5.038320422172546387e-01,-3.523297011852264404e-01,-6.733776330947875977e-01,1.067943945527076721e-01,4.981994628906250000e-02,-6.575438976287841797e-01,-1.219767183065414429e-01,-2.039808273315429688e+00,-3.501000106334686279e-01,0.000000000000000000e+00
2.224562503397464752e-02,1.368260383605957031e+00,7.831453084945678711e-01,-5.790297873318195343e-03,2.349926717579364777e-02,7.496302127838134766e-01,-6.614142656326293945e-01,-6.315452456474304199e-01,-6.311334669589996338e-02,5.281344056129455566e-02,8.615332245826721191e-01,-6.772011518478393555e-01,1.845982968807220459e-01,-1.436585634946823120e-01,-1.274010539054870605e-01,5.855842679738998413e-02,1.116085648536682129e+00,-1.520714610815048218e-01,1.401487588882446289e-01,3.242397010326385498e-01,3.186836242675781250e-01,4.979510009288787842e-01,-3.377116620540618896e-01,-7.395050525665283203e-01,1.192650794982910156e-01,6.379329413175582886e-02,-6.699690222740173340e-01,-9.532950818538665771e-02,-2.015860557556152344e+00,-3.270547091960906982e-01,0.000000000000000000e+00
2.459259890019893646e-02,1.334943771362304688e+00,7.641546130180358887e-01,-6.999698933213949203e-03,1.528156083077192307e-02,7.451279163360595703e-01,-6.667097210884094238e-01,-6.826947331428527832e-01,-5.966089665889739990e-02,4.862902685999870300e-02,9.936697483062744141e-01,-6.426376104354858398e-01,2.067410051822662354e-01,-2.253351360559463501e-01,-1.419845670461654663e-01,6.275567412376403809e-02,1.273843765258789062e+00,-1.106297746300697327e-01,1.361748725175857544e-01,2.910057604312896729e-01,2.649486660957336426e-01,5.005998015403747559e-01,-3.423341810703277588e-01,-8.156321048736572266e-01,1.220810487866401672e-01,6.134352833032608032e-02,-6.730058789253234863e-01,-4.848513379693031311e-02,-1.963740587234497070e+00,-2.900648713111877441e-01,0.000000000000000000e+00
2.555597200989723206e-02,1.302569270133972168e+00,7.448753118515014648e-01,-5.909799598157405853e-03,6.959192920476198196e-03,7.377130389213562012e-01,-6.750526428222656250e-01,-7.261998653411865234e-01,-5.980848893523216248e-02,2.531867660582065582e-02,1.119187116622924805e+00,-6.161123514175415039e-01,1.999551355838775635e-01,-3.254777491092681885e-01,-1.411709636449813843e-01,8.288659900426864624e-02,1.426668763160705566e+00,-1.712724566459655762e-01,9.506996721029281616e-02,2.426699995994567871e-01,1.888020187616348267e-01,5.089936256408691406e-01,-3.701314926147460938e-01,-8.802937865257263184e-01,1.156312301754951477e-01,5.800868198275566101e-02,-6.634352803230285645e-01,2.293441072106361389e-02,-1.866626381874084473e+00,-2.352222800254821777e-01,0.000000000000000000e+00
2.746716886758804321e-02,1.269286155700683594e+00,7.285409569740295410e-01,-5.141378846019506454e-03,2.226355485618114471e-03,7.316805124282836914e-01,-6.816247105598449707e-01,-7.397044301033020020e-01,-7.790993899106979370e-02,-4.055390600115060806e-03,1.214304685592651367e+00,-6.419379711151123047e-01,2.197471708059310913e-01,-4.328690469264984131e-01,-1.342582553625106812e-01,1.183850094676017761e-01,1.548388361930847168e+00,-2.280827611684799194e-01,5.698816105723381042e-02,1.984065473079681396e-01,8.812911063432693481e-02,5.031093358993530273e-01,-4.164996743202209473e-01,-9.308781623840332031e-01,8.754108846187591553e-02,5.353795737028121948e-02,-6.356977820396423340e-01,1.208275556564331055e-01,-1.707875013351440430e+00,-2.185494452714920044e-01,0.000000000000000000e+00
2.938950061798095703e-02,1.236073851585388184e+00,7.169725894927978516e-01,-5.861212965101003647e-03,3.432051045820116997e-03,7.265916466712951660e-01,-6.870359778404235840e-01,-7.189484238624572754e-01,-9.443420171737670898e-02,-9.301682002842426300e-03,1.270228624343872070e+00,-6.783641576766967773e-01,2.422368824481964111e-01,-5.387365818023681641e-01,-1.263029128313064575e-01,1.584616452455520630e-01,1.627780199050903320e+00,-2.732408940792083740e-01,3.591528907418251038e-02,1.520042717456817627e-01,-1.085934415459632874e-02,4.697910547256469727e-01,-4.411331117153167725e-01,-9.972122907638549805e-01,8.086545765399932861e-02,4.108916223049163818e-02,-6.038639545440673828e-01,2.274708896875381470e-01,-1.512966036796569824e+00,-1.934659928083419800e-01,0.000000000000000000e+00
3.036965243518352509e-02,1.204998850822448730e+00,7.123200297355651855e-01,-1.275061815977096558e-02,7.672502659261226654e-03,7.130431532859802246e-01,-7.009622454643249512e-01,-6.802697181701660156e-01,-1.335137039422988892e-01,-2.039390616118907928e-02,1.268512845039367676e+00,-6.807000041007995605e-01,2.530179619789123535e-01,-6.462848186492919922e-01,-1.243538036942481995e-01,1.864171177148818970e-01,1.658873796463012695e+00,-3.321696519851684570e-01,2.848321571946144104e-02,7.819055765867233276e-02,-9.685223549604415894e-02,4.300143718719482422e-01,-4.434485733509063721e-01,-1.109009385108947754e+00,1.117576807737350464e-01,3.569915518164634705e-02,-6.028901934623718262e-01,3.211251497268676758e-01,-1.352842807769775391e+00,-5.135606601834297180e-02,0.000000000000000000e+00
3.131840750575065613e-02,1.172357439994812012e+00,7.135056257247924805e-01,-2.300333976745605469e-02,1.472753006964921951e-02,6.964555978775024414e-01,-7.170798778533935547e-01,-6.154171824455261230e-01,-1.792271286249160767e-01,-3.057732433080673218e-02,1.225229263305664062e+00,-6.807000041007995605e-01,2.570266127586364746e-01,-7.441018819808959961e-01,-1.486570090055465698e-01,1.941571086645126343e-01,1.642450332641601562e+00,-3.812311887741088867e-01,3.666061535477638245e-02,-1.007468253374099731e-02,-1.707845479249954224e-01,3.943576216697692871e-01,-4.241775274276733398e-01,-1.266189932823181152e+00,1.642753183841705322e-01,5.580679699778556824e-02,-6.114589571952819824e-01,3.799787163734436035e-01,-1.227232336997985840e+00,3.407718241214752197e-02,0.000000000000000000e+00
3.185442462563514709e-02,1.136847138404846191e+00,7.207913994789123535e-01,-3.068367205560207367e-02,2.196777984499931335e-02,6.824945211410522461e-01,-7.299158573150634766e-01,-5.227807164192199707e-01,-2.105694115161895752e-01,-4.105949774384498596e-02,1.149530172348022461e+00,-6.807000041007995605e-01,2.501040995121002197e-01,-8.161450624465942383e-01,-1.823916286230087280e-01,1.814497858285903931e-01,1.575661301612854004e+00,-4.151964783668518066e-01,4.648701101541519165e-02,-1.005448475480079651e-01,-2.269745171070098877e-01,3.723504841327667236e-01,-3.825476765632629395e-01,-1.449195265769958496e+00,2.301755547523498535e-01,9.227222204208374023e-02,-6.104021072387695312e-01,4.000687897205352783e-01,-1.121141910552978516e+00,3.515162318944931030e-02,0.000000000000000000e+00
3.171978145837783813e-02,1.097350597381591797e+00,7.336126565933227539e-01,-3.136672452092170715e-02,3.057184256613254547e-02,6.756326556205749512e-01,-7.359361052513122559e-01,-3.937563896179199219e-01,-2.179381102323532104e-01,-4.491547122597694397e-02,1.040963888168334961e+00,-6.807000041007995605e-01,2.344393581151962280e-01,-8.400579690933227539e-01,-2.031451761722564697e-01,1.536843478679656982e-01,1.457751274108886719e+00,-4.418123364448547363e-01,5.711881443858146667e-02,-1.764141768217086792e-01,-2.498901039361953735e-01,3.738514184951782227e-01,-3.329133987426757812e-01,-1.643395662307739258e+00,2.986120581626892090e-01,1.405191272497177124e-01,-6.130601167678833008e-01,3.982523381710052490e-01,-1.038299798965454102e+00,3.799289092421531677e-02,0.000000000000000000e+00
3.062502667307853699e-02,1.054177999496459961e+00,7.479084730148315430e-01,-1.707310229539871216e-02,3.679284825921058655e-02,6.790846586227416992e-01,-7.329385280609130859e-01,-2.511861622333526611e-01,-1.863492131233215332e-01,-3.308415785431861877e-02,9.547899365425109863e-01,-6.807000041007995605e-01,2.075102180242538452e-01,-7.992068529129028320e-01,-1.999310106039047241e-01,8.775185793638229370e-02,1.293385624885559082e+00,-4.508845508098602295e-01,6.507042050361633301e-02,-2.253137826919555664e-01,-2.178071141242980957e-01,4.153675734996795654e-01,-2.783353030681610107e-01,-1.839415431022644043e+00,3.470936417579650879e-01,2.064487785100936890e-01,-6.050867438316345215e-01,3.873276710510253906e-01,-9.742019772529602051e-01,5.649890378117561340e-02,0.000000000000000000e+00
2.807380072772502899e-02,1.010676264762878418e+00,7.614197731018066406e-01,2.486974000930786133e-03,3.392603620886802673e-02,6.832586526870727539e-01,-7.293836474418640137e-01,-1.487801671028137207e-01,-1.322277337312698364e-01,-1.808092184364795685e-02,9.289947748184204102e-01,-6.549703478813171387e-01,1.509136706590652466e-01,-7.293505072593688965e-01,-1.745130717754364014e-01,-6.737507414072751999e-03,1.097187399864196777e+00,-4.592663049697875977e-01,7.183953374624252319e-02,-2.627952098846435547e-01,-1.713240295648574829e-01,4.779291152954101562e-01,-2.393945753574371338e-01,-1.992910265922546387e+00,3.727690875530242920e-01,2.737196683883666992e-01,-5.796592235565185547e-01,3.675332367420196533e-01,-9.169349074363708496e-01,2.533964253962039948e-02,0.000000000000000000e+00
2.496993169188499451e-02,9.694744348526000977e-01,7.798306941986083984e-01,9.363845922052860260e-03,3.433461859822273254e-02,6.768093109130859375e-01,-7.352976202964782715e-01,-6.192513182759284973e-02,-1.076832413673400879e-01,-2.025583758950233459e-02,8.633725643157958984e-01,-5.233100652694702148e-01,8.093716204166412354e-02,-6.636734604835510254e-01,-1.598439961671829224e-01,-7.198188453912734985e-02,8.972485065460205078e-01,-5.441662669181823730e-01,7.608384639024734497e-02,-3.091759681701660156e-01,-1.250099390745162964e-01,5.140155553817749023e-01,-2.123787999153137207e-01,-2.084377765655517578e+00,4.168315231800079346e-01,3.310895562171936035e-01,-5.674297213554382324e-01,3.366713523864746094e-01,-8.643809556961059570e-01,-4.982872679829597473e-02,0.000000000000000000e+00
2.157449908554553986e-02,9.298566579818725586e-01,7.922797203063964844e-01,1.408856548368930817e-02,3.166693821549415588e-02,6.746037006378173828e-01,-7.373659610748291016e-01,-2.749732695519924164e-02,-9.095168858766555786e-02,-3.978315740823745728e-02,8.688128590583801270e-01,-3.840981125831604004e-01,3.651889786124229431e-02,-6.185778379440307617e-01,-1.361456960439682007e-01,-1.097438856959342957e-01,7.724805474281311035e-01,-6.032993197441101074e-01,6.787386536598205566e-02,-3.214609920978546143e-01,-8.698910474777221680e-02,5.430815219879150391e-01,-2.133619487285614014e-01,-2.105326175689697266e+00,4.762031137943267822e-01,3.838461637496948242e-01,-5.640452504158020020e-01,3.304272592067718506e-01,-8.402478694915771484e-01,-9.849743545055389404e-02,0.000000000000000000e+00
1.837343350052833557e-02,8.918713331222534180e-01,7.945585846900939941e-01,1.333175972104072571e-02,3.005111031234264374e-02,6.780162453651428223e-01,-7.343113422393798828e-01,-4.504855722188949585e-02,-9.301824867725372314e-02,-6.505092978477478027e-02,9.503147602081298828e-01,-2.611586749553680420e-01,6.586848292499780655e-03,-6.040958166122436523e-01,-1.127786636352539062e-01,-1.016839668154716492e-01,7.580096125602722168e-01,-6.277540922164916992e-01,2.877210825681686401e-02,-2.995361387729644775e-01,-5.758367106318473816e-02,5.689084529876708984e-01,-2.287124395370483398e-01,-2.082136154174804688e+00,4.960119426250457764e-01,4.225613772869110107e-01,-5.782358050346374512e-01,3.650215864181518555e-01,-8.432680964469909668e-01,-1.200414672493934631e-01,0.000000000000000000e+00
1.639798842370510101e-02,8.539513945579528809e-01,7.867888212203979492e-01,8.001995272934436798e-03,3.193213045597076416e-02,6.798119544982910156e-01,-7.326472401618957520e-01,-8.598122000694274902e-02,-9.901629388332366943e-02,-7.496099174022674561e-02,1.065991878509521484e+00,-1.650716364383697510e-01,-2.403504215180873871e-02,-6.005885004997253418e-01,-7.588134706020355225e-02,-2.316376939415931702e-02,8.029487729072570801e-01,-6.034652590751647949e-01,1.085572969168424606e-02,-2.742485702037811279e-01,-2.269627526402473450e-02,5.767959356307983398e-01,-2.517885863780975342e-01,-2.035516023635864258e+00,4.641864597797393799e-01,4.418680369853973389e-01,-6.097915768623352051e-01,4.331427812576293945e-01,-8.633070588111877441e-01,-1.414908617734909058e-01,0.000000000000000000e+00
1.275215763598680496e-02,8.180367946624755859e-01,7.710670232772827148e-01,-1.223363913595676422e-03,2.795600891113281250e-02,6.834641695022583008e-01,-7.294474840164184570e-01,-1.717751324176788330e-01,-4.140229523181915283e-02,-2.412110567092895508e-02,1.217332482337951660e+00,-1.856037229299545288e-01,2.532295184209942818e-03,-6.338955760002136230e-01,-4.414368048310279846e-02,3.396573290228843689e-02,8.885244727134704590e-01,-5.309670567512512207e-01,-2.623751759529113770e-02,-2.369344532489776611e-01,1.761361258104443550e-03,5.762290954589843750e-01,-2.827166020870208740e-01,-1.953698635101318359e+00,4.358147680759429932e-01,4.295001626014709473e-01,-6.378549337387084961e-01,5.131745338439941406e-01,-8.959831595420837402e-01,-1.749116182327270508e-01,0.000000000000000000e+00
9.809898212552070618e-03,7.839198112487792969e-01,7.531173229217529297e-01,-1.219361275434494019e-02,2.380164340138435364e-02,6.885412335395812988e-01,-7.247039079666137695e-01,-2.840910553932189941e-01,-6.481703370809555054e-03,-1.725049130618572235e-02,1.362741589546203613e+00,-2.663663327693939209e-01,6.971051543951034546e-02,-6.991043686866760254e-01,-3.034537099301815033e-02,7.339596003293991089e-02,1.035311222076416016e+00,-5.219584703445434570e-01,-3.528825566172599792e-02,-1.892579942941665649e-01,1.183134596794843674e-02,5.515900254249572754e-01,-3.352187573909759521e-01,-1.812374114990234375e+00,4.060798585414886475e-01,3.846100270748138428e-01,-6.579564213752746582e-01,5.917889475822448730e-01,-9.166099429130554199e-01,-1.906834989786148071e-01,0.000000000000000000e+00
8.210152387619018555e-03,7.493088841438293457e-01,7.384389042854309082e-01,-2.029880508780479431e-02,2.088608220219612122e-02,6.922285556793212891e-01,-7.210903763771057129e-01,-3.943689763545989990e-01,8.254372514784336090e-03,-3.702440112829208374e-02,1.462700843811035156e+00,-3.209199011325836182e-01,1.166416779160499573e-01,-7.298245429992675781e-01,-3.054999001324176788e-02,8.507426828145980835e-02,1.144453644752502441e+00,-5.655909776687622070e-01,-3.608756512403488159e-02,-1.485935449600219727e-01,2.136031910777091980e-02,5.080399513244628906e-01,-3.937428891658782959e-01,-1.612320303916931152e+00,3.358786106109619141e-01,3.098860085010528564e-01,-6.585822105407714844e-01,6.449638605117797852e-01,-9.146561026573181152e-01,-1.652594953775405884e-01,0.000000000000000000e+00
5.766099318861961365e-03,7.149029970169067383e-01,7.278705239295959473e-01,-2.245860174298286438e-02,1.989921368658542633e-02,6.934365630149841309e-01,-7.198926210403442383e-01,-4.962966144084930420e-01,8.657295256853103638e-03,-7.576114684343338013e-02,1.519044160842895508e+00,-3.925444483757019043e-01,1.426179707050323486e-01,-7.156077027320861816e-01,-2.975132316350936890e-02,8.561521768569946289e-02,1.209328174591064453e+00,-6.303696036338806152e-01,-5.058320984244346619e-02,-1.119956746697425842e-01,2.219743467867374420e-02,4.795835614204406738e-01,-4.573186337947845459e-01,-1.390049576759338379e+00,2.308150082826614380e-01,2.414513677358627319e-01,-6.353926062583923340e-01,6.081101298332214355e-01,-9.221016168594360352e-01,-1.034560129046440125e-01,0.000000000000000000e+00
4.391928669065237045e-03,6.813984513282775879e-01,7.230079770088195801e-01,-1.986868306994438171e-02,2.119953557848930359e-02,6.938066482543945312e-01,-7.195749878883361816e-01,-5.843645334243774414e-01,3.244771854951977730e-03,-1.097117513418197632e-01,1.530439615249633789e+00,-4.672074615955352783e-01,1.601468622684478760e-01,-6.671518683433532715e-01,-3.216468915343284607e-02,7.548300921916961670e-02,1.234346389770507812e+00,-6.789426207542419434e-01,-5.282670259475708008e-02,-7.575508207082748413e-02,1.071143429726362228e-02,4.582777023315429688e-01,-5.370187163352966309e-01,-1.134203433990478516e+00,1.422772705554962158e-01,1.826661378145217896e-01,-6.114560365676879883e-01,5.170900225639343262e-01,-9.566685557365417480e-01,-7.444392889738082886e-02,0.000000000000000000e+00
4.133374895900487900e-03,6.497473120689392090e-01,7.264810800552368164e-01,-1.576799154281616211e-02,1.777512207627296448e-02,7.014663815498352051e-01,-7.123063206672668457e-01,-6.643977761268615723e-01,3.615373745560646057e-02,-1.027339771389961243e-01,1.494564294815063477e+00,-5.082913637161254883e-01,1.766240000724792480e-01,-5.994507670402526855e-01,-1.698534190654754639e-02,6.969868391752243042e-02,1.196929574012756348e+00,-6.807000041007995605e-01,-5.265085026621818542e-02,-2.567172423005104065e-02,2.160164527595043182e-02,4.468221366405487061e-01,-5.606444478034973145e-01,-8.926187753677368164e-01,7.305902242660522461e-02,1.418650448322296143e-01,-5.864809155464172363e-01,4.010302722454071045e-01,-1.020819425582885742e+00,-1.043013706803321838e-01,0.000000000000000000e+00
4.587701521813869476e-03,6.170520186424255371e-01,7.332333922386169434e-01,-1.384464930742979050e-02,1.653039827942848206e-02,7.074438333511352539e-01,-7.064405679702758789e-01,-7.266862392425537109e-01,8.484778553247451782e-02,-5.491780862212181091e-02,1.427336812019348145e+00,-5.494237542152404785e-01,1.997958123683929443e-01,-5.258013606071472168e-01,-1.249499525874853134e-02,6.575950980186462402e-02,1.154073953628540039e+00,-6.807000041007995605e-01,-4.917200654745101929e-02,2.526787482202053070e-02,4.426428675651550293e-02,4.495699703693389893e-01,-5.224352478981018066e-01,-6.835651397705078125e-01,4.323237761855125427e-02,1.175750419497489929e-01,-5.721480250358581543e-01,2.899466156959533691e-01,-1.088384509086608887e+00,-1.648417115211486816e-01,0.000000000000000000e+00
5.872960668057203293e-03,5.828599333763122559e-01,7.422049045562744141e-01,-1.354891993105411530e-02,2.017553336918354034e-02,7.100797891616821289e-01,-7.037016749382019043e-01,-7.550603151321411133e-01,1.264625042676925659e-01,2.517243288457393646e-02,1.327527284622192383e+00,-5.685136318206787109e-01,2.106255143880844116e-01,-4.440058469772338867e-01,-2.476428262889385223e-02,5.839641392230987549e-02,1.112032294273376465e+00,-6.807000041007995605e-01,-4.044716432690620422e-02,6.864154338836669922e-02,6.823293864727020264e-02,4.600274860858917236e-01,-4.391628801822662354e-01,-5.050244331359863281e-01,4.604303836822509766e-02,1.088906601071357727e-01,-5.930607914924621582e-01,2.203211635351181030e-01,-1.162484526634216309e+00,-1.997913420200347900e-01,0.000000000000000000e+00
7.734143640846014023e-03,5.465086698532104492e-01,7.522149085998535156e-01,-1.246940717101097107e-02,2.927583828568458557e-02,7.093919515609741211e-01,-7.040955424308776855e-01,-7.434647679328918457e-01,1.397656053304672241e-01,1.129413321614265442e-01,1.195090055465698242e+00,-5.196813941001892090e-01,1.904966831207275391e-01,-3.492353260517120361e-01,-4.943860694766044617e-02,4.273166507482528687e-02,1.073474884033203125e+00,-6.780269742012023926e-01,-2.954683825373649597e-02,9.875176846981048584e-02,9.525109827518463135e-02,4.855362176895141602e-01,-3.414698839187622070e-01,-3.665993511676788330e-01,4.080754145979881287e-02,1.159011051058769226e-01,-6.411228775978088379e-01,1.887161731719970703e-01,-1.241400718688964844e+00,-1.826573610305786133e-01,0.000000000000000000e+00
1.072215847671031952e-02,5.106334090232849121e-01,7.653202414512634277e-01,-8.321768604218959808e-03,3.286134451627731323e-02,7.132468819618225098e-01,-7.000926733016967773e-01,-7.211287021636962891e-01,1.362233310937881470e-01,1.744098663330078125e-01,1.036574602127075195e+00,-4.511199593544006348e-01,1.507173329591751099e-01,-2.496750950813293457e-01,-5.711293593049049377e-02,2.903513610363006592e-02,9.994616508483886719e-01,-6.254314780235290527e-01,-1.592490449547767639e-02,1.341817826032638550e-01,1.166446954011917114e-01,5.332241058349609375e-01,-2.556077241897583008e-01,-2.693701088428497314e-01,3.575298935174942017e-02,1.187274232506752014e-01,-6.853696107864379883e-01,1.813084185123443604e-01,-1.297401428222656250e+00,-1.482092142105102539e-01,0.000000000000000000e+00
1.455698721110820770e-02,4.744268357753753662e-01,7.763219475746154785e-01,-5.506372544914484024e-03,3.747987374663352966e-02,7.167980670928955078e-01,-6.962510347366333008e-01,-6.940057873725891113e-01,1.111340895295143127e-01,2.055923044681549072e-01,8.738735318183898926e-01,-4.757058918476104736e-01,1.057127118110656738e-01,-1.574249863624572754e-01,-7.084961235523223877e-02,1.231753360480070114e-02,9.345376491546630859e-01,-5.625011324882507324e-01,1.009941473603248596e-02,1.625136882066726685e-01,1.356586068868637085e-01,5.846330523490905762e-01,-1.960790008306503296e-01,-2.105977833271026611e-01,2.398635074496269226e-02,1.216353401541709900e-01,-7.274793982505798340e-01,1.802445799112319946e-01,-1.317615509033203125e+00,-1.377730965614318848e-01,0.000000000000000000e+00
1.949631795287132263e-02,4.394631385803222656e-01,7.832898497581481934e-01,-7.874548435211181641e-03,4.411628097295761108e-02,7.206919193267822266e-01,-6.918054819107055664e-01,-6.765300631523132324e-01,6.223102286458015442e-02,1.841385364532470703e-01,7.292360663414001465e-01,-5.303738117218017578e-01,9.392137080430984497e-02,-9.311263263225555420e-02,-9.567033499479293823e-02,6.368896458297967911e-03,9.054119586944580078e-01,-5.010200142860412598e-01,3.788316622376441956e-02,1.874761432409286499e-01,1.490230411291122437e-01,6.298620104789733887e-01,-1.667644083499908447e-01,-1.837833225727081299e-01,5.395223852246999741e-03,1.229488998651504517e-01,-7.721522450447082520e-01,1.803013682365417480e-01,-1.296863913536071777e+00,-1.592361330986022949e-01,0.000000000000000000e+00
2.468719519674777985e-02,4.052878618240356445e-01,7.833903431892395020e-01,-1.317135803401470184e-02,4.998105764389038086e-02,7.273321151733398438e-01,-6.843364834785461426e-01,-6.755001544952392578e-01,3.539205528795719147e-03,1.124852970242500305e-01,6.521602272987365723e-01,-5.895740389823913574e-01,1.075569093227386475e-01,-6.929843872785568237e-02,-1.230880692601203918e-01,1.910082064568996429e-02,9.338783621788024902e-01,-4.479013383388519287e-01,5.877766013145446777e-02,2.166566401720046997e-01,1.558273881673812866e-01,6.761083602905273438e-01,-1.621565520763397217e-01,-1.759867668151855469e-01,1.185732148587703705e-02,1.245759502053260803e-01,-8.198315501213073730e-01,1.817464530467987061e-01,-1.249123573303222656e+00,-1.894612610340118408e-01,0.000000000000000000e+00
2.974623441696166992e-02,3.712098896503448486e-01,7.725909352302551270e-01,-1.243689935654401779e-02,4.849757626652717590e-02,7.388389110565185547e-01,-6.720196604728698730e-01,-6.929787397384643555e-01,-2.109682932496070862e-02,3.984614089131355286e-02,6.909111738204956055e-01,-5.631769299507141113e-01,9.026055783033370972e-02,-7.895137369632720947e-02,-1.289903074502944946e-01,5.054029449820518494e-02,1.019638299942016602e+00,-4.049558937549591064e-01,7.625226676464080811e-02,2.534774839878082275e-01,1.557085663080215454e-01,7.369978427886962891e-01,-1.571065634489059448e-01,-1.753282994031906128e-01,2.906301803886890411e-02,1.251474171876907349e-01,-8.602899909019470215e-01,1.940383017063140869e-01,-1.193794012069702148e+00,-1.916536092758178711e-01,0.000000000000000000e+00
3.686199709773063660e-02,3.410099446773529053e-01,7.545427680015563965e-01,-1.844068057835102081e-02,4.342532157897949219e-02,7.460804581642150879e-01,-6.641823053359985352e-01,-7.574560046195983887e-01,-3.563041612505912781e-02,2.254941686987876892e-02,8.122293949127197266e-01,-4.413176178932189941e-01,1.312801241874694824e-01,-1.342959105968475342e-01,-1.421888172626495361e-01,8.796951174736022949e-02,1.152739048004150391e+00,-3.567689955234527588e-01,1.030699908733367920e-01,2.758528292179107666e-01,1.289635896682739258e-01,7.937281727790832520e-01,-1.585442274808883667e-01,-1.626545190811157227e-01,5.364770069718360901e-02,1.143171340227127075e-01,-9.175739884376525879e-01,2.164774388074874878e-01,-1.124254822731018066e+00,-1.799860149621963501e-01,0.000000000000000000e+00
4.355127736926078796e-02,3.133046329021453857e-01,7.370467782020568848e-01,-2.404499985277652740e-02,3.227049484848976135e-02,7.464517354965209961e-01,-6.642215251922607422e-01,-8.526845574378967285e-01,-5.488192662596702576e-02,-2.025391161441802979e-02,9.755869507789611816e-01,-3.726192414760589600e-01,1.315374374389648438e-01,-2.103585451841354370e-01,-1.370555758476257324e-01,1.272740662097930908e-01,1.290854811668395996e+00,-2.660968303680419922e-01,1.396749019622802734e-01,2.718222141265869141e-01,7.965268194675445557e-02,8.571609854698181152e-01,-1.465468555688858032e-01,-1.262480616569519043e-01,3.800700977444648743e-02,9.576529264450073242e-02,-9.487798810005187988e-01,2.267790883779525757e-01,-1.034013986587524414e+00,-1.530562490224838257e-01,0.000000000000000000e+00
4.734774678945541382e-02,2.861940562725067139e-01,7.275642156600952148e-01,-2.574717625975608826e-02,2.432752028107643127e-02,7.455166578292846680e-01,-6.655449867248535156e-01,-8.906970620155334473e-01,-6.544420123100280762e-02,-3.963001072406768799e-02,1.070119261741638184e+00,-3.574270904064178467e-01,1.546493917703628540e-01,-2.841688990592956543e-01,-1.143460720777511597e-01,1.739363670349121094e-01,1.405398726463317871e+00,-1.589178293943405151e-01,1.354176104068756104e-01,2.566563189029693604e-01,2.365288138389587402e-02,9.133221507072448730e-01,-1.064602211117744446e-01,-7.707516103982925415e-02,-1.570517756044864655e-02,8.439756929874420166e-02,-9.455202817916870117e-01,2.183546125888824463e-01,-9.219073057174682617e-01,-9.526909887790679932e-02,0.000000000000000000e+00
5.015026777982711792e-02,2.607000470161437988e-01,7.259091138839721680e-01,-2.398272976279258728e-02,2.255929261445999146e-02,7.469674944877624512e-01,-6.640447974205017090e-01,-8.807141184806823730e-01,-6.183402612805366516e-02,-3.520590439438819885e-02,1.118068695068359375e+00,-3.884728848934173584e-01,1.778084337711334229e-01,-3.593469560146331787e-01,-1.282285600900650024e-01,1.871201395988464355e-01,1.481553554534912109e+00,-1.847815662622451782e-01,9.900223463773727417e-02,2.396729588508605957e-01,-1.934881694614887238e-02,9.472981095314025879e-01,-5.458020418882369995e-02,-4.350076243281364441e-02,-1.589354500174522400e-02,5.959910154342651367e-02,-9.259827733039855957e-01,2.177606374025344849e-01,-7.908448576927185059e-01,-2.470668219029903412e-02,0.000000000000000000e+00
5.136223137378692627e-02,2.379892915487289429e-01,7.309717535972595215e-01,-2.087946608662605286e-02,2.310070395469665527e-02,7.447353601455688477e-01,-6.666330695152282715e-01,-8.400633335113525391e-01,-6.223136186599731445e-02,-3.055288456380367279e-02,1.120163679122924805e+00,-4.201384186744689941e-01,1.902736574411392212e-01,-4.285361766815185547e-01,-1.601488292217254639e-01,1.647745966911315918e-01,1.504372954368591309e+00,-2.521692514419555664e-01,5.720506608486175537e-02,2.067395448684692383e-01,-3.842418268322944641e-02,9.481565952301025391e-01,-4.322421550750732422e-02,-6.034786999225616455e-02,2.591574192047119141e-02,3.257733583450317383e-02,-8.969627022743225098e-01,2.052934169769287109e-01,-6.666342616081237793e-01,1.684758439660072327e-02,0.000000000000000000e+00
5.153519660234451294e-02,2.171847969293594360e-01,7.417147159576416016e-01,-1.643173769116401672e-02,2.398892492055892944e-02,7.413252592086791992e-01,-6.705157756805419922e-01,-7.777464389801025391e-01,-6.206129118800163269e-02,-2.891019731760025024e-02,1.083930969238281250e+00,-4.371849596500396729e-01,1.902084350585937500e-01,-4.797722995281219482e-01,-1.809461712837219238e-01,1.318779885768890381e-01,1.468174815177917480e+00,-3.276347219944000244e-01,3.707762435078620911e-02,1.694308221340179443e-01,-4.072688147425651550e-02,9.265995621681213379e-01,-6.537872552871704102e-02,-1.131849810481071472e-01,6.784401834011077881e-02,2.437752857804298401e-02,-8.695712685585021973e-01,1.754377037286758423e-01,-5.712633132934570312e-01,1.788923144340515137e-02,0.000000000000000000e+00
5.069815367460250854e-02,1.982706785202026367e-01,7.559345364570617676e-01,-1.115780137479305267e-02,2.545715682208538055e-02,7.390977740287780762e-01,-6.730244159698486328e-01,-7.001131772994995117e-01,-5.578073859214782715e-02,-2.186351455748081207e-02,1.018642067909240723e+00,-4.424589276313781738e-01,1.828337460756301880e-01,-5.113489627838134766e-01,-1.825061887502670288e-01,1.057163402438163757e-01,1.378888249397277832e+00,-3.893789052963256836e-01,4.736272618174552917e-02,1.355757713317871094e-01,-4.435263574123382568e-02,8.976857662200927734e-01,-1.044973731040954590e-01,-1.536890566349029541e-01,8.365711569786071777e-02,3.140277415513992310e-02,-8.508249521255493164e-01,1.634476482868194580e-01,-5.059816241264343262e-01,-4.694942384958267212e-03,0.000000000000000000e+00
4.930843785405158997e-02,1.807917803525924683e-01,7.707807421684265137e-01,-5.880955606698989868e-03,2.846442349255084991e-02,7.375463247299194336e-01,-6.746706962585449219e-01,-6.143355965614318848e-01,-4.928662255406379700e-02,-1.086999569088220596e-02,9.375081658363342285e-01,-4.380693435668945312e-01,1.719714403152465820e-01,-5.236568450927734375e-01,-1.787415742874145508e-01,8.859856426715850830e-02,1.249249696731567383e+00,-4.324956536293029785e-01,7.329165190458297729e-02,1.027676090598106384e-01,-4.823417589068412781e-02,8.761994838714599609e-01,-1.374404281377792358e-01,-1.585947871208190918e-01,8.121053874492645264e-02,3.420208394527435303e-02,-8.427739739418029785e-01,1.811840832233428955e-01,-4.503509998321533203e-01,-1.546247955411672592e-02,0.000000000000000000e+00
4.727056622505187988e-02,1.646973490715026855e-01,7.838243246078491211e-01,-5.538002005778253078e-04,3.257637843489646912e-02,7.377634048461914062e-01,-6.742726564407348633e-01,-5.280455946922302246e-01,-4.083000123500823975e-02,6.747301202267408371e-03,8.538850545883178711e-01,-4.301675558090209961e-01,1.587036103010177612e-01,-5.224319696426391602e-01,-1.799465417861938477e-01,7.724754512310028076e-02,1.098425269126892090e+00,-4.646747708320617676e-01,8.901527523994445801e-02,7.579844444990158081e-02,-4.875043034553527832e-02,8.767520189285278320e-01,-1.500224769115447998e-01,-1.339622288942337036e-01,6.741578131914138794e-02,3.327258676290512085e-02,-8.553737998008728027e-01,1.921531260013580322e-01,-3.918635845184326172e-01,-1.078873593360185623e-02,0.000000000000000000e+00
4.409185796976089478e-02,1.498842537403106689e-01,7.933217287063598633e-01,5.631875712424516678e-03,3.553010895848274231e-02,7.403414249420166016e-01,-6.712678074836730957e-01,-4.503766000270843506e-01,-2.596967294812202454e-02,2.900621481239795685e-02,7.821638584136962891e-01,-4.285306632518768311e-01,1.445257365703582764e-01,-5.090995430946350098e-01,-1.751838624477386475e-01,7.780890166759490967e-02,9.457490444183349609e-01,-4.898494780063629150e-01,8.833456039428710938e-02,6.182475388050079346e-02,-5.367199704051017761e-02,9.080505967140197754e-01,-1.503527313470840454e-01,-1.029542684555053711e-01,3.971319273114204407e-02,3.230858221650123596e-02,-8.891870975494384766e-01,1.813986003398895264e-01,-3.296981155872344971e-01,5.896752700209617615e-03,0.000000000000000000e+00
3.946010768413543701e-02,1.364290267229080200e-01,7.984246015548706055e-01,1.292460691183805466e-02,3.613071888685226440e-02,7.419517040252685547e-01,-6.693543195724487305e-01,-3.921949565410614014e-01,-7.010310888290405273e-03,4.403562843799591064e-02,7.377482056617736816e-01,-4.393523037433624268e-01,1.323133260011672974e-01,-4.872340261936187744e-01,-1.657476276159286499e-01,7.388106733560562134e-02,8.252662420272827148e-01,-5.262262821197509766e-01,8.356801420450210571e-02,5.263204872608184814e-02,-6.716003268957138062e-02,9.688258767127990723e-01,-1.477027386426925659e-01,-7.269269227981567383e-02,2.328536286950111389e-02,2.946514822542667389e-02,-9.371882677078247070e-01,1.568849682807922363e-01,-2.705079019069671631e-01,1.559212338179349899e-02,0.000000000000000000e+00
3.404295817017555237e-02,1.249989867210388184e-01,7.988520860671997070e-01,1.800942048430442810e-02,3.458921611309051514e-02,7.404189705848693848e-01,-6.710134148597717285e-01,-3.683006763458251953e-01,8.343782275915145874e-03,4.136067628860473633e-02,7.348442673683166504e-01,-4.600459933280944824e-01,1.263921260833740234e-01,-4.689014256000518799e-01,-1.504527181386947632e-01,7.123181968927383423e-02,7.535091042518615723e-01,-5.600653886795043945e-01,8.250903338193893433e-02,4.124137014150619507e-02,-9.482940286397933960e-02,1.047281980514526367e+00,-1.429367065429687500e-01,-4.273654893040657043e-02,1.688441447913646698e-02,1.524166576564311981e-02,-9.955173730850219727e-01,1.291449069976806641e-01,-2.102654427289962769e-01,1.581217907369136810e-02,0.000000000000000000e+00
2.874132990837097168e-02,1.148606687784194946e-01,7.961573600769042969e-01,1.927881874144077301e-02,3.525219857692718506e-02,7.362221479415893555e-01,-6.755461096763610840e-01,-3.640165627002716064e-01,1.123029459267854691e-02,2.797575667500495911e-02,7.572000026702880859e-01,-4.836763739585876465e-01,1.302046328783035278e-01,-4.446959793567657471e-01,-1.398990750312805176e-01,7.137443870306015015e-02,7.270139455795288086e-01,-5.172886848449707031e-01,8.669456839561462402e-02,2.832365408539772034e-02,-1.274015903472900391e-01,1.123106360435485840e+00,-1.400982141494750977e-01,-2.334403246641159058e-02,-1.483676955103874207e-02,-5.552366375923156738e-03,-1.065323233604431152e+00,1.147247925400733948e-01,-1.545188724994659424e-01,2.076018601655960083e-02,0.000000000000000000e+00
2.221879549324512482e-02,1.055790483951568604e-01,7.938085794448852539e-01,2.000981010496616364e-02,3.615206852555274963e-02,7.347618341445922852e-01,-6.770654916763305664e-01,-3.598005473613739014e-01,1.831116713583469391e-02,2.086819335818290710e-02,7.790837883949279785e-01,-5.029371976852416992e-01,1.293746083974838257e-01,-4.264543056488037109e-01,-1.248426735401153564e-01,7.836934179067611694e-02,7.253577709197998047e-01,-4.984334707260131836e-01,6.904458999633789062e-02,2.633612975478172302e-02,-1.590285450220108032e-01,1.194193005561828613e+00,-1.363251358270645142e-01,-1.113528292626142502e-02,-4.143451154232025146e-02,-2.560837008059024811e-02,-1.129421114921569824e+00,1.109961569309234619e-01,-1.099986135959625244e-01,3.280664607882499695e-02,0.000000000000000000e+00
1.548231858760118484e-02,9.693434834480285645e-02,7.945181131362915039e-01,2.134259603917598724e-02,3.585159778594970703e-02,7.339744567871093750e-01,-6.778942942619323730e-01,-3.477938771247863770e-01,2.917840331792831421e-02,1.689864695072174072e-02,7.828785777091979980e-01,-5.090914964675903320e-01,1.230400353670120239e-01,-4.050229489803314209e-01,-1.133830547332763672e-01,7.626962661743164062e-02,7.157915234565734863e-01,-4.844277799129486084e-01,6.213065609335899353e-02,2.827241271734237671e-02,-1.883499622344970703e-01,1.252740383148193359e+00,-1.364192515611648560e-01,-7.703158073127269745e-03,-6.571982800960540771e-02,-4.024421051144599915e-02,-1.176039338111877441e+00,1.065804511308670044e-01,-8.062828332185745239e-02,5.102914199233055115e-02,0.000000000000000000e+00
9.064316749572753906e-03,8.598753064870834351e-02,7.986966371536254883e-01,2.804482728242874146e-02,4.013245180249214172e-02,7.312753796577453613e-01,-6.803228259086608887e-01,-2.971036136150360107e-01,4.010172560811042786e-02,2.009415067732334137e-02,7.490367889404296875e-01,-5.068463087081909180e-01,1.058582067489624023e-01,-3.394939303398132324e-01,-1.109371408820152283e-01,4.981880635023117065e-02,6.653461456298828125e-01,-4.723975658416748047e-01,6.591140478849411011e-02,2.456805668771266937e-02,-2.000263333320617676e-01,1.289284348487854004e+00,-1.580842137336730957e-01,-1.109239086508750916e-02,-7.951628416776657104e-02,-5.000550299882888794e-02,-1.205119132995605469e+00,1.168314144015312195e-01,-6.692675501108169556e-02,7.394561171531677246e-02,0.000000000000000000e+00
1.726958085782825947e-03,7.316047698259353638e-02,8.046629428863525391e-01,3.966575115919113159e-02,4.612511023879051208e-02,7.276220917701721191e-01,-6.832753419876098633e-01,-2.177040129899978638e-01,5.722342804074287415e-02,2.994571812450885773e-02,6.853830814361572266e-01,-5.005702376365661621e-01,7.334320992231369019e-02,-2.429779171943664551e-01,-1.040868312120437622e-01,6.896703504025936127e-03,5.855467915534973145e-01,-4.582602977752685547e-01,6.102379038929939270e-02,1.765409111976623535e-02,-2.091656327247619629e-01,1.318537235260009766e+00,-2.038824856281280518e-01,-1.089690160006284714e-02,-5.539150908589363098e-02,-5.946337431669235229e-02,-1.220869660377502441e+00,1.319893598556518555e-01,-6.228834763169288635e-02,9.569340199232101440e-02,0.000000000000000000e+00
-5.520767532289028168e-03,6.014585122466087341e-02,8.095795512199401855e-01,4.925911501049995422e-02,4.890231043100357056e-02,7.240378856658935547e-01,-6.862589120864868164e-01,-1.453200131654739380e-01,7.638922333717346191e-02,4.176427796483039856e-02,6.188722848892211914e-01,-4.949047267436981201e-01,3.608528524637222290e-02,-1.604262590408325195e-01,-9.081906825304031372e-02,-3.051389567553997040e-02,5.123069286346435547e-01,-4.382492005825042725e-01,5.798584222793579102e-02,9.256271645426750183e-03,-2.216147631406784058e-01,1.355945587158203125e+00,-2.428474128246307373e-01,-7.558511104434728622e-03,-2.427571639418601990e-02,-7.779347151517868042e-02,-1.237181305885314941e+00,1.422571837902069092e-01,-6.432484090328216553e-02,1.383802443742752075e-01,0.000000000000000000e+00
-1.104068383574485779e-02,5.225835368037223816e-02,8.108313679695129395e-01,5.088727176189422607e-02,4.834624379873275757e-02,7.232611179351806641e-01,-6.869981884956359863e-01,-1.165553927421569824e-01,8.701685070991516113e-02,4.774022102355957031e-02,5.890493988990783691e-01,-4.956235587596893311e-01,2.018540352582931519e-02,-1.348327994346618652e-01,-8.137699961662292480e-02,-4.071978479623794556e-02,4.905948340892791748e-01,-4.326660037040710449e-01,5.686644464731216431e-02,7.911762222647666931e-03,-2.362349480390548706e-01,1.389548420906066895e+00,-2.565631270408630371e-01,-2.807690761983394623e-03,-2.882740087807178497e-02,-9.455342590808868408e-02,-1.259161949157714844e+00,1.482536047697067261e-01,-7.648390531539916992e-02,1.628489643335342407e-01,0.000000000000000000e+00
-1.545734982937574387e-02,4.764237627387046814e-02,8.106502294540405273e-01,5.029229074716567993e-02,4.635558277368545532e-02,7.225968837738037109e-01,-6.878775954246520996e-01,-1.115014031529426575e-01,9.482385963201522827e-02,4.588929563760757446e-02,5.834689736366271973e-01,-5.001491308212280273e-01,1.468999497592449188e-02,-1.289996355772018433e-01,-7.380339503288269043e-02,-4.470128566026687622e-02,4.863841235637664795e-01,-4.360824525356292725e-01,5.546311289072036743e-02,7.317685056477785110e-03,-2.495414167642593384e-01,1.415195822715759277e+00,-2.607078552246093750e-01,-3.649538848549127579e-03,-3.763927891850471497e-02,-1.044637337327003479e-01,-1.275987744331359863e+00,1.526528298854827881e-01,-9.232648462057113647e-02,1.714506745338439941e-01,0.000000000000000000e+00
-1.928516849875450134e-02,4.379028454422950745e-02,8.106600046157836914e-01,4.949928447604179382e-02,4.388806968927383423e-02,7.207551002502441406e-01,-6.900258660316467285e-01,-1.117822900414466858e-01,1.014967933297157288e-01,3.902859240770339966e-02,5.814668536186218262e-01,-5.023539066314697266e-01,8.773861452937126160e-03,-1.224453523755073547e-01,-6.711317598819732666e-02,-5.297296866774559021e-02,4.786902368068695068e-01,-4.393874406814575195e-01,5.331528559327125549e-02,5.391849204897880554e-03,-2.575057446956634521e-01,1.431112170219421387e+00,-2.584593296051025391e-01,-1.220417674630880356e-02,-3.166837990283966064e-02,-1.103762015700340271e-01,-1.285590767860412598e+00,1.585439145565032959e-01,-1.023218631744384766e-01,1.796905100345611572e-01,0.000000000000000000e+00
-2.238516882061958313e-02,4.041673988103866577e-02,8.109700679779052734e-01,4.883135855197906494e-02,4.187192022800445557e-02,7.183226346969604492e-01,-6.927300095558166504e-01,-1.117146685719490051e-01,1.063434630632400513e-01,3.105175495147705078e-02,5.782276988029479980e-01,-5.024960041046142578e-01,3.320736112073063850e-03,-1.147013455629348755e-01,-6.208449229598045349e-02,-6.284630298614501953e-02,4.693852365016937256e-01,-4.399839043617248535e-01,5.113841593265533447e-02,3.162527224048972130e-03,-2.633653581142425537e-01,1.434779644012451172e+00,-2.607991397380828857e-01,-2.369393408298492432e-02,-2.107771672308444977e-02,-1.163989230990409851e-01,-1.288928747177124023e+00,1.668498814105987549e-01,-1.027715131640434265e-01,1.862104535102844238e-01,0.000000000000000000e+00
-2.470916137099266052e-02,3.801494091749191284e-02,8.110959529876708984e-01,4.826453700661659241e-02,4.026573896408081055e-02,7.163043022155761719e-01,-6.949513554573059082e-01,-1.133592352271080017e-01,1.099989935755729675e-01,2.440155670046806335e-02,5.778162479400634766e-01,-5.037533640861511230e-01,8.114285883493721485e-04,-1.110720336437225342e-01,-5.838634446263313293e-02,-7.007975876331329346e-02,4.657149910926818848e-01,-4.409040212631225586e-01,4.935951158404350281e-02,1.528515480458736420e-03,-2.684003710746765137e-01,1.430968165397644043e+00,-2.724810838699340820e-01,-3.523912280797958374e-02,-1.305115129798650742e-02,-1.244488507509231567e-01,-1.288647532463073730e+00,1.745285540819168091e-01,-9.853914380073547363e-02,1.828047633171081543e-01,0.000000000000000000e+00
-2.652902156114578247e-02,3.650594502687454224e-02,8.108157515525817871e-01,4.710580781102180481e-02,3.868460282683372498e-02,7.148675322532653809e-01,-6.965981125831604004e-01,-1.180089488625526428e-01,1.123428195714950562e-01,1.881998032331466675e-02,5.799110531806945801e-01,-5.064713358879089355e-01,8.749814587645232677e-04,-1.134076714515686035e-01,-5.601831525564193726e-02,-7.390476018190383911e-02,4.684073925018310547e-01,-4.451488256454467773e-01,4.655515402555465698e-02,3.776201920118182898e-04,-2.699768543243408203e-01,1.427318930625915527e+00,-2.822759151458740234e-01,-4.332906007766723633e-02,-8.120521903038024902e-03,-1.323833465576171875e-01,-1.289838910102844238e+00,1.787431091070175171e-01,-9.454708546400070190e-02,1.773553341627120972e-01,0.000000000000000000e+00
-2.788874879479408264e-02,3.537151589989662170e-02,8.104419112205505371e-01,4.564059525728225708e-02,3.708505630493164062e-02,7.139443159103393555e-01,-6.977285146713256836e-01,-1.227881088852882385e-01,1.137387901544570923e-01,1.411930471658706665e-02,5.809780359268188477e-01,-5.091097950935363770e-01,1.111541525460779667e-03,-1.174474582076072693e-01,-5.433008074760437012e-02,-7.596469670534133911e-02,4.717322587966918945e-01,-4.505706429481506348e-01,4.278592020273208618e-02,2.521311034797690809e-05,-2.695438563823699951e-01,1.427242040634155273e+00,-2.837725877761840820e-01,-4.777562990784645081e-02,-7.144780363887548447e-03,-1.333298981189727783e-01,-1.293401122093200684e+00,1.809716969728469849e-01,-9.483889490365982056e-02,1.737352609634399414e-01,0.000000000000000000e+00
-2.864761836826801300e-02,3.464095667004585266e-02,8.100654482841491699e-01,4.437532275915145874e-02,3.557112067937850952e-02,7.134798765182495117e-01,-6.983637809753417969e-01,-1.277297735214233398e-01,1.146606653928756714e-01,1.035755593329668045e-02,5.828869342803955078e-01,-5.120188593864440918e-01,1.589373452588915825e-03,-1.220055148005485535e-01,-5.306429788470268250e-02,-7.655656337738037109e-02,4.751834869384765625e-01,-4.556375443935394287e-01,3.933041170239448547e-02,3.779965627472847700e-04,-2.686086297035217285e-01,1.426477074623107910e+00,-2.858102023601531982e-01,-5.006733909249305725e-02,-6.574747152626514435e-03,-1.319926530122756958e-01,-1.295735120773315430e+00,1.856921464204788208e-01,-9.664986282587051392e-02,1.700776368379592896e-01,0.000000000000000000e+00
-2.884897403419017792e-02,3.435213863849639893e-02,8.097122311592102051e-01,4.324667528271675110e-02,3.416216745972633362e-02,7.132943868637084961e-01,-6.986943483352661133e-01,-1.337669044733047485e-01,1.150647625327110291e-01,7.473547011613845825e-03,5.868979096412658691e-01,-5.152979493141174316e-01,3.537448821589350700e-03,-1.277469843626022339e-01,-5.246349796652793884e-02,-7.622626423835754395e-02,4.799128770828247070e-01,-4.595585167407989502e-01,3.623731434345245361e-02,9.547151857987046242e-04,-2.680155336856842041e-01,1.423946380615234375e+00,-2.883456349372863770e-01,-5.034685507416725159e-02,-6.069997325539588928e-03,-1.331399381160736084e-01,-1.297396779060363770e+00,1.867118626832962036e-01,-9.526151418685913086e-02,1.651995629072189331e-01,0.000000000000000000e+00
-2.885884605348110199e-02,3.425998240709304810e-02,8.093385100364685059e-01,4.235270246863365173e-02,3.300232812762260437e-02,7.133553028106689453e-01,-6.987426280975341797e-01,-1.388566046953201294e-01,1.154159158468246460e-01,6.087327841669321060e-03,5.905822515487670898e-01,-5.184779167175292969e-01,6.035722792148590088e-03,-1.334776878356933594e-01,-5.185694992542266846e-02,-7.478913664817810059e-02,4.852635264396667480e-01,-4.643009006977081299e-01,3.150393813848495483e-02,1.746068592183291912e-03,-2.681593596935272217e-01,1.421685576438903809e+00,-2.893095314502716064e-01,-4.875405132770538330e-02,-6.689477711915969849e-03,-1.349098533391952515e-01,-1.299164056777954102e+00,1.865570545196533203e-01,-9.149312973022460938e-02,1.605438888072967529e-01,0.000000000000000000e+00
-2.867190912365913391e-02,3.418845683336257935e-02,8.088886737823486328e-01,4.141984879970550537e-02,3.216571733355522156e-02,7.138909697532653809e-01,-6.982903480529785156e-01,-1.424292773008346558e-01,1.151706129312515259e-01,6.232690997421741486e-03,5.930644869804382324e-01,-5.217238068580627441e-01,8.287935517728328705e-03,-1.399234831333160400e-01,-5.198559165000915527e-02,-7.200668752193450928e-02,4.923831820487976074e-01,-4.708077013492584229e-01,2.881869673728942871e-02,3.698481013998389244e-03,-2.672503590583801270e-01,1.420536160469055176e+00,-2.908706068992614746e-01,-4.785341024398803711e-02,-9.594072587788105011e-03,-1.347156614065170288e-01,-1.302001833915710449e+00,1.912710070610046387e-01,-8.812388777732849121e-02,1.578646004199981689e-01,0.000000000000000000e+00
-2.827716246247291565e-02,3.423343598842620850e-02,8.084580898284912109e-01,4.057032987475395203e-02,3.128341212868690491e-02,7.144970297813415527e-01,-6.977602839469909668e-01,-1.466371566057205200e-01,1.148713827133178711e-01,6.190283689647912979e-03,5.965785980224609375e-01,-5.247905254364013672e-01,1.034689135849475861e-02,-1.466445177793502808e-01,-5.218219757080078125e-02,-6.900095939636230469e-02,4.991955161094665527e-01,-4.743081629276275635e-01,2.674804814159870148e-02,5.297587253153324127e-03,-2.654786407947540283e-01,1.420970082283020020e+00,-2.911159396171569824e-01,-4.718883708119392395e-02,-1.121363323181867599e-02,-1.338813602924346924e-01,-1.305991411209106445e+00,1.950166523456573486e-01,-8.594074845314025879e-02,1.539315730333328247e-01,0.000000000000000000e+00
-2.771819941699504852e-02,3.413483873009681702e-02,8.082506060600280762e-01,4.025793820619583130e-02,3.057451546192169189e-02,7.146318554878234863e-01,-6.976716518402099609e-01,-1.495037525892257690e-01,1.146839484572410583e-01,5.558903329074382782e-03,5.993976593017578125e-01,-5.268514156341552734e-01,1.211381610482931137e-02,-1.497898399829864502e-01,-5.222605913877487183e-02,-6.794845312833786011e-02,5.022782683372497559e-01,-4.756650924682617188e-01,2.545505575835704803e-02,5.259667057543992996e-03,-2.655684053897857666e-01,1.421670675277709961e+00,-2.898869216442108154e-01,-4.648470506072044373e-02,-1.191260945051908493e-02,-1.344377994537353516e-01,-1.310416936874389648e+00,1.952653229236602783e-01,-8.370856940746307373e-02,1.523532867431640625e-01,0.000000000000000000e+00
-2.706042490899562836e-02,3.395490348339080811e-02,8.081803321838378906e-01,4.038565605878829956e-02,3.021359443664550781e-02,7.147560715675354004e-01,-6.975528001785278320e-01,-1.503793001174926758e-01,1.145630329847335815e-01,5.613116547465324402e-03,6.011439561843872070e-01,-5.284174680709838867e-01,1.361795235425233841e-02,-1.506115794181823730e-01,-5.227602645754814148e-02,-6.757352501153945923e-02,5.035351514816284180e-01,-4.763214588165283203e-01,2.367799356579780579e-02,5.021541379392147064e-03,-2.658663988113403320e-01,1.421973228454589844e+00,-2.913363277912139893e-01,-4.591334238648414612e-02,-1.152831874787807465e-02,-1.354246735572814941e-01,-1.314246654510498047e+00,1.967092603445053101e-01,-8.125387877225875854e-02,1.512498259544372559e-01,0.000000000000000000e+00
-2.629939839243888855e-02,3.384976089000701904e-02,8.080985546112060547e-01,4.036109149456024170e-02,2.985125966370105743e-02,7.152578234672546387e-01,-6.970553398132324219e-01,-1.509162187576293945e-01,1.143117621541023254e-01,6.803584750741720200e-03,6.021482348442077637e-01,-5.298277735710144043e-01,1.441274676471948624e-02,-1.522192507982254028e-01,-5.255773663520812988e-02,-6.606317311525344849e-02,5.050972700119018555e-01,-4.769608378410339355e-01,2.326826006174087524e-02,5.520907696336507797e-03,-2.661645412445068359e-01,1.423341274261474609e+00,-2.919701635837554932e-01,-4.600608348846435547e-02,-1.095193717628717422e-02,-1.375344395637512207e-01,-1.318391203880310059e+00,1.973371654748916626e-01,-7.879360765218734741e-02,1.499064117670059204e-01,0.000000000000000000e+00
-2.543427422642707825e-02,3.385508432984352112e-02,8.080094456672668457e-01,4.009167104959487915e-02,2.942025661468505859e-02,7.158402204513549805e-01,-6.964911222457885742e-01,-1.518142670392990112e-01,1.137148961424827576e-01,8.269933983683586121e-03,6.027300953865051270e-01,-5.312148332595825195e-01,1.512074563652276993e-02,-1.545937806367874146e-01,-5.322609096765518188e-02,-6.424817442893981934e-02,5.067635774612426758e-01,-4.777470529079437256e-01,2.409580722451210022e-02,6.168599240481853485e-03,-2.669693529605865479e-01,1.424351572990417480e+00,-2.917108237743377686e-01,-4.650048539042472839e-02,-9.911975823342800140e-03,-1.398687213659286499e-01,-1.322160243988037109e+00,1.984333693981170654e-01,-7.701935619115829468e-02,1.494979113340377808e-01,0.000000000000000000e+00
-2.454449795186519623e-02,3.399080783128738403e-02,8.079242110252380371e-01,3.965118154883384705e-02,2.905780263245105743e-02,7.163960337638854980e-01,-6.959599256515502930e-01,-1.530795395374298096e-01,1.126464679837226868e-01,9.608307853341102600e-03,6.032695174217224121e-01,-5.322299003601074219e-01,1.628055609762668610e-02,-1.580942273139953613e-01,-5.424907058477401733e-02,-6.195317208766937256e-02,5.097726583480834961e-01,-4.786315560340881348e-01,2.393294125795364380e-02,6.597591098397970200e-03,-2.665271162986755371e-01,1.424313902854919434e+00,-2.928883433341979980e-01,-4.649847000837326050e-02,-9.917861782014369965e-03,-1.405624449253082275e-01,-1.325608253479003906e+00,2.010267227888107300e-01,-7.745192945003509521e-02,1.487431228160858154e-01,0.000000000000000000e+00
-2.363557182252407074e-02,3.440328314900398254e-02,8.077642321586608887e-01,3.902389854192733765e-02,2.871275693178176880e-02,7.170535922050476074e-01,-6.953322291374206543e-01,-1.556361466646194458e-01,1.112305074930191040e-01,1.070864964276552200e-02,6.051142811775207520e-01,-5.334724783897399902e-01,1.825733482837677002e-02,-1.633582413196563721e-01,-5.543745309114456177e-02,-5.858381837606430054e-02,5.146825909614562988e-01,-4.801652133464813232e-01,2.280897833406925201e-02,7.085469551384449005e-03,-2.663089334964752197e-01,1.423957228660583496e+00,-2.924849689006805420e-01,-4.659829288721084595e-02,-1.053722575306892395e-02,-1.412029713392257690e-01,-1.329253554344177246e+00,2.014467120170593262e-01,-7.980682700872421265e-02,1.471913307905197144e-01,0.000000000000000000e+00
-2.276458218693733215e-02,3.505540266633033752e-02,8.074789047241210938e-01,3.833447396755218506e-02,2.830015867948532104e-02,7.177223563194274902e-01,-6.946972012519836426e-01,-1.594736129045486450e-01,1.098413392901420593e-01,1.130764372646808624e-02,6.082850098609924316e-01,-5.351276397705078125e-01,2.056195400655269623e-02,-1.695258021354675293e-01,-5.648124217987060547e-02,-5.474976450204849243e-02,5.203458070755004883e-01,-4.822622835636138916e-01,2.172002568840980530e-02,7.697461638599634171e-03,-2.664015591144561768e-01,1.423185586929321289e+00,-2.914511561393737793e-01,-4.754900559782981873e-02,-1.116471085697412491e-02,-1.412430703639984131e-01,-1.331701636314392090e+00,2.018639147281646729e-01,-8.180860430002212524e-02,1.449911147356033325e-01,0.000000000000000000e+00
-2.190833352506160736e-02,3.588059917092323303e-02,8.071811795234680176e-01,3.732248395681381226e-02,2.777522802352905273e-02,7.184941172599792480e-01,-6.939753293991088867e-01,-1.644497364759445190e-01,1.082081794738769531e-01,1.193247269839048386e-02,6.119118332862854004e-01,-5.366049408912658691e-01,2.314342558383941650e-02,-1.770635247230529785e-01,-5.787710472941398621e-02,-5.084316805005073547e-02,5.266100168228149414e-01,-4.838174581527709961e-01,2.207539416849613190e-02,8.649247698485851288e-03,-2.657209634780883789e-01,1.421350479125976562e+00,-2.907637059688568115e-01,-4.901340976357460022e-02,-1.192230544984340668e-02,-1.419358551502227783e-01,-1.332630395889282227e+00,2.033082693815231323e-01,-8.321107923984527588e-02,1.423403024673461914e-01,0.000000000000000000e+00
-2.112632431089878082e-02,3.670998662710189819e-02,8.069924116134643555e-01,3.638080134987831116e-02,2.736538276076316833e-02,7.191818356513977051e-01,-6.933289766311645508e-01,-1.688195616006851196e-01,1.065420508384704590e-01,1.251868531107902527e-02,6.148148775100708008e-01,-5.373837947845458984e-01,2.579067274928092957e-02,-1.837169975042343140e-01,-5.914735421538352966e-02,-4.712929204106330872e-02,5.317061543464660645e-01,-4.846159815788269043e-01,2.176673896610736847e-02,9.437645785510540009e-03,-2.662664949893951416e-01,1.418119907379150391e+00,-2.891065776348114014e-01,-5.004988610744476318e-02,-1.188564486801624298e-02,-1.426030844449996948e-01,-1.331985712051391602e+00,2.045743316411972046e-01,-8.454595506191253662e-02,1.402980536222457886e-01,0.000000000000000000e+00
